"Date","Price","Open","High","Low","Vol.","Change %"    
"12/30/2025","281.50","280.10","282.60","280.10","1.25M","0.43%"
"12/29/2025","280.30","282.90","282.90","280.30","1.24M","-0.74%"
"12/23/2025","282.40","280.90","282.70","280.20","805.92K","0.53%"
"12/22/2025","280.90","281.10","282.10","280.30","1.15M","0.07%"
"12/19/2025","280.70","276.60","281.40","276.20","5.55M","1.78%"
"12/18/2025","275.80","274.20","276.50","274.20","1.12M","0.25%"
"12/17/2025","275.10","276.20","276.20","274.00","1.31M","0.22%"
"12/16/2025","274.50","276.10","278.50","274.40","1.44M","-0.83%"
"12/15/2025","276.80","272.10","277.20","272.10","1.91M","1.88%"
"12/12/2025","271.70","274.10","276.70","271.70","1.03M","-0.69%"
"12/11/2025","273.60","271.10","274.80","270.10","1.27M","0.74%"
"12/10/2025","271.60","271.60","273.50","270.80","1.29M","-0.04%"
"12/09/2025","271.70","271.00","273.80","271.00","1.50M","0.44%"
"12/08/2025","270.50","269.40","270.80","268.90","1.11M","0.19%"
"12/05/2025","270.00","269.20","271.70","269.10","1.06M","0.56%"
"12/04/2025","268.50","270.70","270.70","266.50","1.54M","-1.65%"
"12/03/2025","273.00","274.90","275.20","273.00","1.33M","-0.66%"
"12/02/2025","274.80","272.40","275.70","271.20","1.55M","1.78%"
"12/01/2025","270.00","270.10","271.00","269.20","1.20M","-0.18%"
"11/28/2025","270.50","271.20","271.70","270.00","1.17M","-0.55%"
"11/27/2025","272.00","269.40","272.00","268.70","776.27K","1.15%"
"11/26/2025","268.90","268.80","269.60","267.00","841.69K","0.82%"
"11/25/2025","266.70","265.50","267.70","264.50","978.22K","0.72%"
"11/24/2025","264.80","265.90","267.30","264.10","4.38M","0.08%"
"11/21/2025","264.60","262.50","265.20","261.00","3.71M","-0.34%"
"11/20/2025","265.50","263.50","266.20","263.20","1.44M","1.57%"
"11/19/2025","261.40","261.40","261.90","259.00","1.79M","0.31%"
"11/18/2025","260.60","262.00","264.60","259.80","1.81M","-1.85%"
"11/17/2025","265.50","263.70","266.10","263.50","1.05M","0.68%"
"11/14/2025","263.70","268.20","268.20","263.00","1.47M","-2.01%"
"11/13/2025","269.10","268.40","269.40","266.80","1.08M","0.30%"
"11/12/2025","268.30","264.00","268.70","263.90","1.69M","1.78%"
"11/11/2025","263.60","261.30","263.60","261.20","986.13K","1.00%"
"11/10/2025","261.00","260.10","261.40","259.40","1.30M","0.62%"
"11/07/2025","259.40","262.20","262.80","257.40","1.18M","-0.84%"
"11/06/2025","261.60","262.00","263.20","260.50","1.60M","-0.11%"
"11/05/2025","261.90","261.40","261.90","259.60","883.73K","-0.04%"
"11/04/2025","262.00","261.70","262.00","259.70","932.57K","-0.08%"
"11/03/2025","262.20","259.80","262.70","259.80","1.18M","1.51%"
"10/31/2025","258.30","260.00","260.70","257.90","1.09M","-0.65%"
"10/30/2025","260.00","258.00","261.50","257.90","1.58M","-0.54%"
"10/29/2025","261.40","260.40","262.60","259.40","1.03M","0.62%"
"10/28/2025","259.80","262.00","262.40","259.40","1.52M","-0.84%"
"10/27/2025","262.00","260.60","262.60","259.60","1.35M","1.04%"
"10/24/2025","259.30","261.00","261.00","258.10","1.35M","-0.23%"
"10/23/2025","259.90","259.30","262.80","258.70","2.12M","0.12%"
"10/22/2025","259.60","262.00","265.10","258.60","3.91M","-4.98%"
"10/21/2025","273.20","272.50","274.10","271.50","2.00M","0.81%"
"10/20/2025","271.00","270.00","273.20","270.00","1.32M","0.48%"
"10/17/2025","269.70","271.00","271.60","267.00","3.00M","-1.35%"
"10/16/2025","273.40","273.50","276.00","272.60","1.15M","-0.58%"
"10/15/2025","275.00","273.70","275.90","273.70","1.07M","0.47%"
"10/14/2025","273.70","272.50","275.40","271.70","1.09M","0.37%"
"10/13/2025","272.70","277.00","278.40","272.60","1.20M","-1.27%"
"10/10/2025","276.20","272.70","276.90","272.60","1.46M","2.79%"
"10/09/2025","268.70","268.80","269.80","267.30","741.38K","0.22%"
"10/08/2025","268.10","265.00","268.60","265.00","1.37M","1.17%"
"10/07/2025","265.00","269.00","269.50","265.00","1.06M","-1.52%"
"10/06/2025","269.10","269.50","271.30","268.60","1.06M","-0.26%"
"10/03/2025","269.80","270.00","272.10","269.10","698.17K","0.52%"
"10/02/2025","268.40","271.00","271.60","268.40","1.01M","-0.70%"
"10/01/2025","270.30","271.10","271.80","269.70","1.68M","-0.44%"
"09/30/2025","271.50","273.00","274.10","271.50","1.19M","-0.55%"
"09/29/2025","273.00","273.60","274.70","272.40","1.38M","0.00%"
"09/26/2025","273.00","267.80","273.30","267.20","1.36M","2.40%"
"09/25/2025","266.60","267.40","268.90","266.00","1.68M","-0.30%"
"09/24/2025","267.40","269.10","270.10","267.00","1.28M","-1.07%"
"09/23/2025","270.30","267.30","271.10","267.30","1.10M","1.27%"
"09/22/2025","266.90","269.90","270.40","266.30","1.19M","-1.18%"
"09/19/2025","270.10","265.40","270.60","265.40","4.02M","1.77%"
"09/18/2025","265.40","265.80","267.90","263.40","2.15M","0.00%"
"09/17/2025","265.40","267.50","268.50","265.40","1.44M","-1.04%"
"09/16/2025","268.20","269.70","270.50","267.70","898.90K","-0.67%"
"09/15/2025","270.00","267.60","270.40","267.00","1.06M","0.86%"
"09/12/2025","267.70","266.20","267.70","264.90","1.23M","0.60%"
"09/11/2025","266.10","267.00","267.70","265.20","1.40M","-0.45%"
"09/10/2025","267.30","264.00","267.40","263.20","1.47M","1.40%"
"09/09/2025","263.60","263.80","264.60","262.10","1.68M","0.08%"
"09/08/2025","263.40","263.10","264.50","262.70","1.21M","0.08%"
"09/05/2025","263.20","265.60","267.10","262.70","1.49M","-0.53%"
"09/04/2025","264.60","261.20","265.60","261.20","1.71M","1.26%"
"09/03/2025","261.30","264.90","265.90","260.50","1.69M","-1.66%"
"09/02/2025","265.70","266.70","267.60","264.90","1.71M","0.08%"
"09/01/2025","265.50","265.20","267.20","264.70","610.22K","0.30%"
"08/29/2025","264.70","265.40","265.80","262.70","1.66M","-0.30%"
"08/28/2025","265.50","267.70","269.40","265.40","1.20M","-0.82%"
"08/27/2025","267.70","271.20","271.70","267.40","1.64M","-1.69%"
"08/26/2025","272.30","273.30","273.70","270.20","3.16M","-0.77%"
"08/25/2025","274.40","273.00","275.30","272.60","937.09K","0.51%"
"08/22/2025","273.00","273.90","274.70","272.00","999.48K","-0.22%"
"08/21/2025","273.60","270.90","274.20","270.90","1.38M","0.81%"
"08/20/2025","271.40","268.50","271.80","268.50","1.34M","1.00%"
"08/19/2025","268.70","266.90","270.00","265.90","1.37M","0.75%"
"08/18/2025","266.70","269.10","269.30","265.70","1.05M","-0.89%"
"08/15/2025","269.10","270.00","271.50","268.50","2.45M","-0.07%"
"08/14/2025","269.30","268.00","270.00","267.80","1.41M","0.64%"
"08/13/2025","267.60","265.50","267.70","265.30","1.08M","0.87%"
"08/12/2025","265.30","266.60","267.10","264.50","1.33M","-0.41%"
"08/11/2025","266.40","266.10","267.80","266.00","1.35M","0.26%"
"08/08/2025","265.70","265.60","266.80","264.90","1.19M","0.04%"
"08/07/2025","265.60","262.80","265.80","262.50","1.57M","0.91%"
"08/06/2025","263.20","263.20","265.30","262.80","1.39M","0.23%"
"08/05/2025","262.60","264.90","264.90","262.40","1.32M","-0.45%"
"08/04/2025","263.80","259.80","263.90","259.60","1.63M","2.37%"
"08/01/2025","257.70","260.80","262.60","257.70","1.63M","-1.75%"
"07/31/2025","262.30","260.90","263.50","260.60","1.58M","0.54%"
"07/30/2025","260.90","259.20","260.90","258.80","1.03M","0.19%"
"07/29/2025","260.40","260.00","260.80","258.50","1.63M","0.35%"
"07/28/2025","259.50","260.10","261.30","258.90","1.09M","0.08%"
"07/25/2025","259.30","260.90","261.40","258.00","1.19M","-0.54%"
"07/24/2025","260.70","260.00","262.50","259.80","1.82M","0.85%"
"07/23/2025","258.50","258.30","259.60","257.60","1.20M","0.47%"
"07/22/2025","257.30","258.10","259.90","256.70","1.64M","-0.27%"
"07/21/2025","258.00","259.00","259.00","256.60","1.16M","-0.19%"
"07/18/2025","258.50","258.90","259.10","257.60","2.50M","0.15%"
"07/17/2025","258.10","261.80","261.80","257.90","1.88M","-0.88%"
"07/16/2025","260.40","263.50","263.50","259.80","1.56M","-0.46%"
"07/15/2025","261.60","264.20","264.50","260.70","1.88M","-0.57%"
"07/14/2025","263.10","259.00","264.30","256.80","2.77M","1.43%"
"07/11/2025","259.40","268.20","269.00","258.90","6.62M","-8.82%"
"07/10/2025","284.50","283.10","284.50","279.90","1.44M","0.96%"
"07/09/2025","281.80","283.60","284.50","281.50","1.70M","-0.28%"
"07/08/2025","282.60","281.70","283.00","281.30","1.53M","0.61%"
"07/07/2025","280.90","278.30","281.10","278.30","973.84K","0.97%"
"07/04/2025","278.20","278.40","279.10","277.20","724.36K","-0.29%"
"07/03/2025","279.00","278.40","279.30","275.80","984.29K","0.54%"
"07/02/2025","277.50","275.80","279.10","274.00","1.27M","1.20%"
"07/01/2025","274.20","278.90","279.00","273.40","1.47M","-1.58%"
"06/30/2025","278.60","278.60","279.30","276.70","1.47M","0.65%"
"06/27/2025","276.80","275.40","277.70","274.10","1.12M","0.91%"
"06/26/2025","274.30","274.60","276.20","273.50","1.31M","-0.07%"
"06/25/2025","274.50","272.00","277.20","272.00","1.64M","0.88%"
"06/24/2025","272.10","272.90","274.80","272.10","1.87M","0.70%"
"06/23/2025","270.20","275.00","275.00","270.20","3.45M","-2.42%"
"06/20/2025","276.90","272.30","276.90","272.30","13.00M","1.76%"
"06/19/2025","272.10","281.00","281.40","270.30","2.92M","-3.48%"
"06/18/2025","281.90","279.10","281.90","278.40","1.79M","1.22%"
"06/17/2025","278.50","281.10","281.80","278.20","1.36M","-1.38%"
"06/16/2025","282.40","279.50","283.10","279.00","1.95M","1.44%"
"06/13/2025","278.40","277.20","279.90","276.10","1.35M","-0.57%"
"06/12/2025","280.00","278.20","280.20","276.90","1.37M","0.47%"
"06/11/2025","278.70","277.80","279.70","276.80","1.40M","0.50%"
"06/10/2025","277.30","277.80","278.20","276.00","1.28M","0.00%"
"06/06/2025","277.30","276.90","278.40","276.20","887.65K","0.36%"
"06/05/2025","276.30","275.00","276.90","274.20","1.17M","0.51%"
"06/04/2025","274.90","274.40","276.10","273.20","1.27M","0.18%"
"06/03/2025","274.40","276.90","276.90","272.90","1.21M","-0.40%"
"06/02/2025","275.50","272.80","275.50","271.70","1.44M","0.80%"
"05/30/2025","273.30","273.80","276.80","273.00","4.75M","0.04%"
"05/28/2025","273.20","278.00","278.90","272.70","1.42M","-1.66%"
"05/27/2025","277.80","276.60","278.90","276.20","1.05M","0.62%"
"05/26/2025","276.10","277.70","278.90","275.80","707.39K","0.18%"
"05/23/2025","275.60","276.00","279.50","270.80","1.81M","0.00%"
"05/22/2025","275.60","276.70","276.70","273.20","1.81M","-0.76%"
"05/21/2025","277.70","275.80","278.20","275.00","1.41M","0.25%"
"05/20/2025","277.00","275.10","278.00","274.90","1.78M","0.69%"
"05/19/2025","275.10","274.00","275.10","272.10","1.12M","0.44%"
"05/16/2025","273.90","271.20","274.00","270.70","2.92M","1.18%"
"05/15/2025","270.70","266.80","270.70","265.70","1.41M","1.46%"
"05/14/2025","266.80","265.00","267.40","264.40","1.19M","1.48%"
"05/13/2025","262.90","264.00","264.80","262.00","997.35K","-0.15%"
"05/12/2025","263.30","265.20","267.40","260.90","1.56M","0.00%"
"05/09/2025","263.30","265.80","265.80","261.70","1.17M","-0.53%"
"05/08/2025","264.70","270.80","272.00","263.20","2.00M","-2.50%"
"05/07/2025","271.50","263.30","272.20","262.40","2.46M","3.90%"
"05/06/2025","261.30","263.20","263.30","260.30","1.36M","-0.87%"
"05/05/2025","263.60","262.00","263.60","260.60","1.29M","0.76%"
"05/02/2025","261.60","260.20","261.60","257.40","1.82M","1.08%"
"04/30/2025","258.80","255.00","258.80","254.40","3.27M","-4.11%"
"04/29/2025","269.90","267.90","270.40","267.30","2.21M","0.90%"
"04/28/2025","267.50","264.50","269.10","263.60","1.96M","1.25%"
"04/25/2025","264.20","264.50","265.30","261.50","1.94M","0.27%"
"04/24/2025","263.50","266.10","267.20","261.90","1.76M","-0.75%"
"04/23/2025","265.50","263.00","266.40","260.60","1.86M","2.15%"
"04/22/2025","259.90","257.40","262.90","256.90","1.76M","0.00%"
"04/16/2025","259.90","259.40","260.20","256.90","1.23M","-0.04%"
"04/15/2025","260.00","259.00","261.60","257.70","1.66M","0.81%"
"04/14/2025","257.90","255.00","257.90","254.00","1.82M","3.37%"
"04/11/2025","249.50","248.40","250.90","246.20","2.60M","0.44%"
"04/10/2025","248.40","258.00","259.80","247.00","2.05M","3.85%"
"04/09/2025","239.20","235.40","242.00","235.40","2.68M","-2.01%"
"04/08/2025","244.10","244.50","245.40","235.70","3.23M","1.12%"
"04/07/2025","241.40","233.00","244.40","230.30","4.35M","-2.15%"
"04/04/2025","246.70","261.60","261.90","245.50","4.52M","-6.16%"
"04/03/2025","262.90","269.60","270.20","262.10","2.78M","-3.73%"
"04/02/2025","273.10","273.90","275.80","271.60","1.78M","-0.29%"
"04/01/2025","273.90","277.20","278.50","272.30","1.65M","-0.58%"
"03/31/2025","275.50","274.30","276.20","271.90","2.10M","-0.43%"
"03/28/2025","276.70","278.00","278.70","276.00","1.54M","-1.07%"
"03/27/2025","279.70","278.90","279.80","275.50","1.54M","0.04%"
"03/26/2025","279.60","276.20","279.80","275.90","1.97M","1.56%"
"03/25/2025","275.30","273.90","276.40","273.80","1.78M","0.95%"
"03/24/2025","272.70","273.40","274.50","272.50","1.17M","0.26%"
"03/21/2025","272.00","274.10","274.40","269.70","5.72M","-0.77%"
"03/20/2025","274.10","274.30","275.30","270.50","2.62M","0.00%"
"03/19/2025","274.10","272.70","274.30","272.10","1.50M","0.26%"
"03/18/2025","273.40","271.70","273.40","270.90","1.66M","1.11%"
"03/17/2025","270.40","269.20","270.40","268.10","1.31M","0.45%"
"03/14/2025","269.20","267.10","270.50","266.90","1.52M","1.05%"
"03/13/2025","266.40","261.00","266.80","261.00","1.57M","2.42%"
"03/12/2025","260.10","265.00","265.30","259.50","1.63M","-1.10%"
"03/11/2025","263.00","263.60","265.40","262.20","1.73M","-0.68%"
"03/10/2025","264.80","265.80","266.80","261.60","1.83M","-0.23%"
"03/07/2025","265.40","262.50","265.40","261.50","1.79M","0.99%"
"03/06/2025","262.80","264.10","264.80","261.50","2.06M","0.65%"
"03/05/2025","261.10","258.90","262.40","258.90","3.01M","1.91%"
"03/04/2025","256.20","260.00","261.70","256.10","1.76M","-2.21%"
"03/03/2025","262.00","260.00","263.00","257.70","1.83M","1.16%"
"02/28/2025","259.00","258.00","259.00","257.10","3.81M","0.15%"
"02/27/2025","258.60","257.60","259.60","257.40","2.51M","-0.04%"
"02/26/2025","258.70","254.00","258.70","254.00","1.54M","1.81%"
"02/25/2025","254.10","254.30","256.40","254.00","1.81M","-0.08%"
"02/24/2025","254.30","251.00","254.60","250.70","1.87M","0.67%"
"02/21/2025","252.60","253.70","253.70","249.40","4.05M","1.28%"
"02/20/2025","249.40","249.30","250.00","247.20","1.78M","-0.16%"
"02/19/2025","249.80","248.50","251.60","247.90","2.42M","2.42%"
"02/18/2025","243.90","243.50","244.10","242.70","1.08M","0.45%"
"02/17/2025","242.80","239.80","243.00","239.80","1.02M","1.25%"
"02/14/2025","239.80","238.70","240.00","238.40","1.47M","0.38%"
"02/13/2025","238.90","237.00","239.50","236.80","1.86M","0.72%"
"02/12/2025","237.20","239.40","239.90","236.90","2.69M","-1.66%"
"02/11/2025","241.20","240.30","241.40","240.10","1.51M","0.37%"
"02/10/2025","240.30","240.00","241.20","239.60","979.18K","0.08%"
"02/07/2025","240.10","241.70","242.10","238.40","2.32M","-1.40%"
"02/06/2025","243.50","244.50","249.60","242.70","1.75M","0.21%"
"02/05/2025","243.00","248.90","248.90","242.00","2.00M","1.17%"
"02/04/2025","240.20","239.10","243.30","237.90","2.17M","0.84%"
"02/03/2025","238.20","237.80","239.20","236.60","1.30M","-1.08%"
"01/31/2025","240.80","244.10","244.30","240.70","1.36M","-1.35%"
"01/30/2025","244.10","245.80","246.00","242.90","835.04K","-0.61%"
"01/29/2025","245.60","245.00","245.60","242.00","1.07M","0.53%"
"01/28/2025","244.30","241.70","244.50","241.60","1.16M","1.16%"
"01/27/2025","241.50","241.00","241.50","239.60","1.17M","0.46%"
"01/24/2025","240.40","242.00","242.90","240.10","1.05M","-0.41%"
"01/23/2025","241.40","239.90","241.40","239.80","1.02M","1.22%"
"01/22/2025","238.50","238.60","240.50","238.30","1.07M","-0.04%"
"01/21/2025","238.60","237.30","238.80","237.10","1.69M","0.38%"
"01/20/2025","237.70","238.00","238.60","236.50","2.37M","-0.04%"
"01/17/2025","237.80","236.50","238.60","236.00","1.67M","0.55%"
"01/16/2025","236.50","238.50","238.90","235.90","1.08M","0.34%"
"01/15/2025","235.70","235.00","235.70","233.90","1.18M","0.81%"
"01/14/2025","233.80","232.10","234.70","232.00","1.41M","0.73%"
"01/13/2025","232.10","229.00","232.10","228.90","1.34M","1.18%"
"01/10/2025","229.40","229.10","229.80","227.80","1.17M","0.39%"
"01/09/2025","228.50","228.60","229.10","226.20","958.17K","-0.31%"
"01/08/2025","229.20","231.60","231.70","227.80","1.41M","-0.78%"
"01/07/2025","231.00","230.00","231.60","229.70","1.06M","0.39%"
"01/06/2025","230.10","231.20","231.30","229.70","797.67K","-0.17%"
"01/03/2025","230.50","229.60","231.00","229.60","1.07M","0.44%"
"01/02/2025","229.50","228.30","230.00","227.70","1.14M","1.15%"
"12/30/2024","226.90","227.00","227.70","226.10","875.67K","-0.31%"
"12/27/2024","227.60","225.70","227.60","225.70","682.43K","0.89%"
"12/23/2024","225.60","225.20","226.40","224.40","761.11K","0.62%"
"12/20/2024","224.20","225.50","225.70","223.10","3.71M","-0.71%"
"12/19/2024","225.80","227.80","228.00","225.80","1.17M","-1.31%"
"12/18/2024","228.80","228.20","229.70","228.10","1.04M","-0.13%"
"12/17/2024","229.10","230.50","231.10","228.60","1.23M","-0.17%"
"12/16/2024","229.50","230.20","230.70","229.40","889.67K","0.00%"
"12/13/2024","229.50","228.60","230.60","228.50","1.09M","0.31%"
"12/12/2024","228.80","229.40","229.70","228.20","1.15M","-0.13%"
"12/11/2024","229.10","229.90","229.90","228.00","945.41K","-0.22%"
"12/10/2024","229.60","228.40","229.90","228.40","1.18M","0.66%"
"12/09/2024","228.10","226.80","228.60","226.50","910.48K","0.57%"
"12/06/2024","226.80","230.00","231.70","225.00","2.58M","-2.87%"
"12/05/2024","233.50","232.80","233.50","231.80","867.13K","0.21%"
"12/04/2024","233.00","232.50","233.50","232.30","1.16M","0.43%"
"12/03/2024","232.00","230.50","233.00","230.50","924.67K","0.96%"
"12/02/2024","229.80","230.30","231.70","229.20","935.61K","-0.39%"
"11/29/2024","230.70","231.00","232.60","230.60","1.39M","-0.26%"
"11/28/2024","231.30","231.50","232.30","230.20","852.52K","0.30%"
"11/27/2024","230.60","228.30","230.60","228.10","1.01M","0.92%"
"11/26/2024","228.50","229.60","230.20","227.90","951.04K","-0.82%"
"11/25/2024","230.40","230.90","231.20","229.40","2.79M","-0.04%"
"11/22/2024","230.50","231.20","231.70","229.20","1.17M","-0.04%"
"11/21/2024","230.60","228.60","231.40","228.10","1.22M","0.92%"
"11/20/2024","228.50","230.40","231.50","228.40","957.17K","-0.04%"
"11/19/2024","228.60","230.00","232.30","227.00","1.22M","-0.61%"
"11/18/2024","230.00","229.70","230.40","228.60","737.80K","-0.30%"
"11/15/2024","230.70","227.20","230.70","226.40","3.64M","1.05%"
"11/14/2024","228.30","227.70","228.40","227.00","861.00K","1.15%"
"11/13/2024","225.70","227.80","228.00","225.60","1.07M","-1.31%"
"11/12/2024","228.70","229.10","230.60","228.10","883.87K","-0.65%"
"11/11/2024","230.20","230.00","231.00","229.60","695.74K","0.57%"
"11/08/2024","228.90","230.00","230.10","227.80","889.76K","-0.65%"
"11/07/2024","230.40","233.50","233.80","229.50","1.71M","-0.78%"
"11/06/2024","232.20","230.20","234.20","230.10","1.39M","0.87%"
"11/05/2024","230.20","229.40","230.20","227.80","919.77K","0.13%"
"11/04/2024","229.90","230.90","230.90","229.10","860.96K","-0.52%"
"11/01/2024","231.10","227.60","231.10","227.30","942.01K","1.72%"
"10/31/2024","227.20","229.30","230.50","225.60","1.66M","-0.96%"
"10/30/2024","229.40","229.90","230.40","228.70","865.72K","-0.35%"
"10/29/2024","230.20","229.00","230.30","228.80","1.35M","0.61%"
"10/28/2024","228.80","230.60","230.80","227.80","915.92K","-0.69%"
"10/25/2024","230.40","230.30","231.40","229.60","687.55K","-0.26%"
"10/24/2024","231.00","231.40","231.80","230.20","1.41M","-0.22%"
"10/23/2024","231.50","234.80","236.00","228.80","1.77M","-2.11%"
"10/22/2024","236.50","233.00","237.70","231.40","4.03M","5.67%"
"10/21/2024","223.80","221.60","224.20","221.50","1.70M","0.86%"
"10/18/2024","221.90","221.60","222.80","220.90","3.40M","0.23%"
"10/17/2024","221.40","222.90","222.90","219.70","1.58M","-0.72%"
"10/16/2024","223.00","219.80","223.10","219.80","1.01M","1.04%"
"10/15/2024","220.70","220.80","221.50","219.60","806.61K","-0.09%"
"10/14/2024","220.90","220.00","220.90","219.40","1.18M","0.55%"
"10/11/2024","219.70","218.30","220.00","217.70","1.19M","0.50%"
"10/10/2024","218.60","219.60","221.40","218.20","1.67M","-0.18%"
"10/09/2024","219.00","217.00","219.00","216.10","1.35M","0.92%"
"10/08/2024","217.00","215.90","218.20","215.70","1.17M","-0.09%"
"10/07/2024","217.20","217.30","217.80","215.40","1.21M","0.05%"
"10/04/2024","217.10","216.00","217.10","214.60","1.18M","0.70%"
"10/03/2024","215.60","215.80","215.90","213.00","1.41M","-0.19%"
"10/02/2024","216.00","213.70","216.10","213.70","1.19M","1.31%"
"10/01/2024","213.20","216.20","216.40","213.00","1.41M","-1.48%"
"09/30/2024","216.40","216.40","216.80","214.80","1.42M","0.14%"
"09/27/2024","216.10","216.40","217.30","215.40","1.26M","0.84%"
"09/26/2024","214.30","214.00","214.80","213.30","1.12M","0.61%"
"09/25/2024","213.00","213.10","213.80","212.60","1.49M","-0.70%"
"09/24/2024","214.50","216.60","216.80","214.40","1.62M","-0.28%"
"09/23/2024","215.10","215.20","216.70","214.00","1.45M","-0.83%"
"09/20/2024","216.90","217.80","219.30","216.70","7.37M","-0.41%"
"09/19/2024","217.80","215.30","219.10","214.90","1.87M","1.78%"
"09/18/2024","214.00","213.80","214.80","213.60","714.00K","0.05%"
"09/17/2024","213.90","215.00","216.40","213.40","1.26M","-0.42%"
"09/16/2024","214.80","214.60","215.90","213.50","","-0.32%"
"09/13/2024","215.50","213.20","216.50","213.20","1.37M","0.89%"
"09/12/2024","213.60","214.00","215.00","212.80","1.14M","0.66%"
"09/11/2024","212.20","214.00","214.10","211.60","1.55M","-1.16%"
"09/10/2024","214.70","215.90","218.40","214.70","1.70M","-0.60%"
"09/09/2024","216.00","215.00","217.10","214.70","1.19M","0.19%"
"09/06/2024","215.60","216.50","216.70","214.40","1.54M","-1.10%"
"09/05/2024","218.00","216.10","219.00","215.50","1.21M","0.69%"
"09/04/2024","216.50","215.70","218.50","215.70","1.58M","-1.23%"
"09/03/2024","219.20","223.00","223.70","219.00","1.19M","-1.57%"
"09/02/2024","222.70","224.50","224.90","222.20","950.81K","-0.62%"
"08/30/2024","224.10","224.40","225.40","224.10","3.76M","0.09%"
"08/29/2024","223.90","223.80","224.40","223.20","1.04M","-0.13%"
"08/28/2024","224.20","223.50","224.20","222.40","1.11M","0.54%"
"08/27/2024","223.00","223.20","225.00","222.60","1.03M","-0.58%"
"08/26/2024","224.30","223.40","225.10","223.40","678.46K","0.22%"
"08/23/2024","223.80","222.50","224.30","222.50","860.08K","0.72%"
"08/22/2024","222.20","221.50","222.70","221.00","654.26K","0.32%"
"08/21/2024","221.50","220.80","222.20","220.80","919.93K","0.23%"
"08/20/2024","221.00","222.80","223.30","220.50","837.05K","-0.90%"
"08/19/2024","223.00","221.90","223.20","221.30","764.98K","0.45%"
"08/16/2024","222.00","221.30","222.10","220.60","1.04M","0.63%"
"08/15/2024","220.60","221.00","221.40","218.40","3.51M","-0.09%"
"08/14/2024","220.80","217.10","220.80","217.10","1.48M","1.80%"
"08/13/2024","216.90","215.60","217.20","215.60","1.05M","1.02%"
"08/12/2024","214.70","215.30","215.50","214.40","759.80K","0.14%"
"08/09/2024","214.40","214.50","216.00","213.50","772.44K","0.23%"
"08/08/2024","213.90","213.80","214.50","211.60","1.24M","-0.60%"
"08/07/2024","215.20","211.50","216.20","210.90","1.50M","2.48%"
"08/06/2024","210.00","213.00","214.60","209.30","2.30M","0.10%"
"08/05/2024","209.80","213.70","215.90","208.00","2.36M","-3.98%"
"08/02/2024","218.50","221.50","221.90","218.50","2.14M","-2.28%"
"08/01/2024","223.60","225.00","226.10","223.00","1.13M","-0.84%"
"07/31/2024","225.50","225.00","225.90","224.80","1.43M","0.13%"
"07/30/2024","225.20","224.10","225.40","224.10","1.02M","0.31%"
"07/29/2024","224.50","222.70","224.70","222.70","849.17K","0.90%"
"07/26/2024","222.50","220.60","222.50","220.60","1.36M","0.68%"
"07/25/2024","221.00","220.10","221.00","218.10","1.26M","0.45%"
"07/24/2024","220.00","220.70","221.30","219.80","1.07M","-0.81%"
"07/23/2024","221.80","222.30","222.70","220.80","875.81K","-0.14%"
"07/22/2024","222.10","219.00","222.40","218.50","970.73K","1.51%"
"07/19/2024","218.80","216.30","219.30","216.20","915.51K","0.64%"
"07/18/2024","217.40","217.00","218.60","216.70","1.17M","0.28%"
"07/17/2024","216.80","217.50","217.80","214.90","996.36K","-0.28%"
"07/16/2024","217.40","217.10","218.40","216.90","721.48K","-0.18%"
"07/15/2024","217.80","217.20","218.50","216.10","1.08M","-0.23%"
"07/12/2024","218.30","217.00","219.70","217.00","1.87M","0.60%"
"07/11/2024","217.00","212.80","218.20","212.30","3.12M","5.85%"
"07/10/2024","205.00","205.30","205.90","203.70","1.77M","0.24%"
"07/09/2024","204.50","209.20","209.20","204.30","1.62M","-2.39%"
"07/08/2024","209.50","209.70","211.30","209.30","1.19M","-0.05%"
"07/05/2024","209.60","213.70","215.10","209.60","1.25M","-1.04%"
"07/04/2024","211.80","211.30","212.40","211.30","985.31K","0.28%"
"07/03/2024","211.20","212.40","212.40","209.90","983.36K","-0.61%"
"07/02/2024","212.50","211.80","212.90","210.60","1.46M","0.14%"
"07/01/2024","212.20","210.90","212.50","210.10","1.24M","1.19%"
"06/28/2024","209.70","207.80","211.40","207.80","1.77M","1.06%"
"06/27/2024","207.50","207.20","208.40","206.70","1.12M","0.14%"
"06/26/2024","207.20","209.30","211.00","206.20","2.10M","-1.43%"
"06/25/2024","210.20","210.20","211.50","209.90","1.01M","-0.38%"
"06/24/2024","211.00","208.60","211.50","208.20","1.17M","1.20%"
"06/21/2024","208.50","208.70","210.30","208.50","3.13M","-0.38%"
"06/20/2024","209.30","209.30","210.90","208.20","2.00M","0.00%"
"06/19/2024","209.30","207.50","209.30","206.40","3.92M","0.87%"
"06/18/2024","207.50","209.20","210.50","206.00","1.28M","-0.34%"
"06/17/2024","208.20","207.00","210.40","207.00","2.00M","1.22%"
"06/14/2024","205.70","202.80","206.40","202.80","1.91M","1.38%"
"06/13/2024","202.90","204.00","205.60","202.90","1.24M","-0.78%"
"06/12/2024","204.50","203.20","205.80","203.00","1.16M","0.94%"
"06/11/2024","202.60","202.40","205.40","201.90","1.52M","0.20%"
"06/10/2024","202.20","202.20","203.20","200.10","1.75M","-0.15%"
"06/07/2024","202.50","203.30","203.50","201.70","806.13K","-0.64%"
"06/06/2024","203.80","203.00","203.90","202.30","1.13M","0.44%"
"06/05/2024","202.90","203.80","204.30","202.90","1.02M","-0.20%"
"06/04/2024","203.30","204.40","204.80","201.50","1.56M","-0.83%"
"06/03/2024","205.00","205.40","206.60","204.90","1.48M","-0.10%"
"05/31/2024","205.20","204.00","205.20","203.50","7.25M","0.54%"
"05/30/2024","204.10","203.00","205.00","202.30","987.91K","0.25%"
"05/29/2024","203.60","204.70","205.00","202.50","1.88M","-1.50%"
"05/28/2024","206.70","205.30","206.70","205.30","1.14M","-0.05%"
"05/27/2024","206.80","205.20","206.80","203.60","1.02M","0.68%"
"05/24/2024","205.40","203.40","207.10","203.30","2.10M","1.94%"
"05/23/2024","201.50","201.80","201.80","200.40","880.03K","-0.20%"
"05/22/2024","201.90","201.00","202.10","199.50","969.09K","0.60%"
"05/21/2024","200.70","205.40","205.70","200.70","1.74M","-1.33%"
"05/16/2024","203.40","201.60","203.90","201.50","2.87M","1.19%"
"05/15/2024","201.00","203.80","204.10","200.50","1.29M","-1.28%"
"05/14/2024","203.60","206.30","206.70","202.80","1.48M","-1.40%"
"05/13/2024","206.50","204.10","206.50","204.10","1.44M","1.37%"
"05/10/2024","203.70","204.10","205.10","203.50","1.36M","0.54%"
"05/08/2024","202.60","203.30","203.90","201.70","1.63M","-0.20%"
"05/07/2024","203.00","202.30","203.60","202.00","1.74M","0.40%"
"05/06/2024","202.20","197.00","202.20","196.75","2.32M","2.82%"
"05/03/2024","196.65","195.00","197.75","194.65","1.60M","1.21%"
"05/02/2024","194.30","195.00","195.20","192.60","1.79M","0.10%"
"04/30/2024","194.10","196.75","197.20","193.30","3.27M","-8.10%"
"04/29/2024","211.20","208.00","211.20","206.20","2.18M","1.59%"
"04/26/2024","207.90","208.90","209.00","207.30","2.22M","-0.29%"
"04/25/2024","208.50","207.30","209.40","204.70","2.23M","0.58%"
"04/24/2024","207.30","210.80","211.70","205.70","2.38M","-0.48%"
"04/23/2024","208.30","203.10","208.60","202.40","3.59M","-1.05%"
"04/22/2024","210.50","211.70","213.80","210.50","1.42M","-0.47%"
"04/19/2024","211.50","212.20","212.20","209.60","1.50M","0.09%"
"04/18/2024","211.30","213.00","213.10","208.90","2.79M","-0.47%"
"04/17/2024","212.30","212.00","213.70","212.00","910.86K","0.28%"
"04/16/2024","211.70","215.30","215.40","211.70","1.36M","-2.13%"
"04/15/2024","216.30","215.60","216.40","214.70","960.37K","0.14%"
"04/12/2024","216.00","215.00","217.80","215.00","1.64M","1.03%"
"04/11/2024","213.80","219.10","219.30","213.80","1.32M","-2.37%"
"04/10/2024","219.00","217.30","220.00","217.20","1.44M","0.92%"
"04/09/2024","217.00","217.00","218.10","216.30","1.31M","0.18%"
"04/08/2024","216.60","215.40","217.40","215.20","1.09M","0.51%"
"04/05/2024","215.50","212.30","216.50","212.30","1.25M","1.13%"
"04/04/2024","213.10","217.60","217.80","213.10","1.43M","-2.16%"
"04/03/2024","217.80","215.10","217.80","214.20","2.08M","1.30%"
"04/02/2024","215.00","216.80","217.50","214.80","2.19M","-0.05%"
"03/27/2024","215.10","213.30","215.60","213.30","922.77K","0.80%"
"03/26/2024","213.40","213.50","214.30","213.10","1.48M","-0.14%"
"03/25/2024","213.70","212.60","214.60","212.10","1.10M","0.52%"
"03/22/2024","212.60","212.30","213.80","212.30","1.34M","-0.14%"
"03/21/2024","212.90","213.00","214.00","211.50","1.55M","0.14%"
"03/20/2024","212.60","212.00","212.80","211.50","1.48M","0.24%"
"03/19/2024","212.10","211.20","212.10","210.30","1.53M","0.47%"
"03/18/2024","211.10","208.50","211.10","208.00","1.30M","1.49%"
"03/15/2024","208.00","211.20","212.70","208.00","6.24M","-1.79%"
"03/14/2024","211.80","212.10","213.10","210.90","1.26M","-0.14%"
"03/13/2024","212.10","212.60","212.70","211.30","1.66M","-0.19%"
"03/12/2024","212.50","211.00","212.80","211.00","1.23M","1.24%"
"03/11/2024","209.90","212.00","212.90","209.90","1.03M","-1.22%"
"03/08/2024","212.50","212.00","213.00","211.00","594.11K","0.38%"
"03/07/2024","211.70","213.30","214.20","211.40","1.02M","-0.75%"
"03/06/2024","213.30","213.10","213.80","212.40","924.53K","-0.05%"
"03/05/2024","213.40","212.40","213.70","211.80","796.91K","0.42%"
"03/04/2024","212.50","213.30","213.60","211.30","799.61K","-0.28%"
"03/01/2024","213.10","212.90","214.80","212.40","1.21M","0.38%"
"02/29/2024","212.30","211.10","212.80","210.90","2.70M","0.47%"
"02/28/2024","211.30","209.70","212.00","209.50","1.03M","0.76%"
"02/27/2024","209.70","207.00","209.80","207.00","1.09M","1.30%"
"02/26/2024","207.00","207.00","208.70","206.80","1.07M","-0.14%"
"02/23/2024","207.30","206.30","207.30","205.40","1.13M","0.93%"
"02/22/2024","205.40","205.70","207.60","204.70","1.10M","0.20%"
"02/21/2024","205.00","207.10","207.60","205.00","1.59M","-1.73%"
"02/20/2024","208.60","206.50","208.70","206.50","1.83M","0.87%"
"02/19/2024","206.80","207.10","207.50","205.70","1.14M","0.34%"
"02/16/2024","206.10","204.10","206.60","204.10","1.48M","1.23%"
"02/15/2024","203.60","204.40","204.90","203.10","1.19M","-0.59%"
"02/14/2024","204.80","202.30","205.30","202.10","1.41M","1.54%"
"02/13/2024","201.70","201.90","203.10","201.10","1.41M","-0.05%"
"02/12/2024","201.80","201.20","202.20","200.70","1.16M","0.50%"
"02/09/2024","200.80","200.90","201.40","200.10","1.33M","-0.25%"
"02/08/2024","201.30","203.40","203.70","200.80","1.17M","-0.74%"
"02/07/2024","202.80","205.00","207.10","202.80","1.74M","-1.27%"
"02/06/2024","205.40","206.10","206.60","205.10","1.17M","0.00%"
"02/05/2024","205.40","208.70","208.70","205.40","1.34M","-1.01%"
"02/02/2024","207.50","205.20","208.40","205.20","1.61M","1.12%"
"02/01/2024","205.20","206.00","207.00","204.60","2.07M","0.05%"
"01/31/2024","205.10","207.00","210.50","204.50","3.64M","-2.84%"
"01/30/2024","211.10","210.60","211.70","209.70","2.24M","-0.28%"
"01/29/2024","211.70","214.80","215.20","211.60","1.47M","-1.53%"
"01/26/2024","215.00","214.90","216.60","214.20","1.50M","0.14%"
"01/25/2024","214.70","214.00","215.10","213.20","1.49M","0.19%"
"01/24/2024","214.30","215.50","215.90","214.30","1.22M","-0.23%"
"01/23/2024","214.80","217.00","217.70","214.10","1.48M","-0.83%"
"01/22/2024","216.60","213.20","216.60","213.20","1.74M","1.79%"
"01/19/2024","212.80","211.40","212.80","211.40","1.60M","1.09%"
"01/18/2024","210.50","208.00","210.80","207.40","1.29M","1.35%"
"01/17/2024","207.70","208.70","208.70","206.40","1.42M","-1.19%"
"01/16/2024","210.20","214.60","214.60","209.60","1.75M","-2.69%"
"01/15/2024","216.00","216.90","217.80","215.90","1.03M","-0.28%"
"01/12/2024","216.60","215.70","218.50","215.70","1.41M","0.74%"
"01/11/2024","215.00","215.30","216.60","215.00","1.13M","0.19%"
"01/10/2024","214.60","214.80","215.30","213.60","1.21M","-0.65%"
"01/09/2024","216.00","216.90","217.00","215.30","848.91K","-0.18%"
"01/08/2024","216.40","215.30","217.30","215.30","1.13M","0.42%"
"01/05/2024","215.50","215.00","216.70","214.90","1.55M","-0.55%"
"01/04/2024","216.70","214.20","216.80","214.20","1.89M","1.36%"
"01/03/2024","213.80","214.00","215.70","213.30","1.40M","0.33%"
"01/02/2024","213.10","214.90","216.10","211.90","1.46M","-1.34%"
"12/29/2023","216.00","214.50","216.00","213.90","682.70K","0.93%"
"12/28/2023","214.00","214.20","214.30","213.10","821.76K","-0.14%"
"12/27/2023","214.30","211.40","214.30","211.40","782.22K","1.52%"
"12/22/2023","211.10","210.70","211.50","210.10","695.23K","0.62%"
"12/21/2023","209.80","209.50","210.50","209.20","1.03M","-0.33%"
"12/20/2023","210.50","210.70","212.90","209.80","1.34M","-0.19%"
"12/19/2023","210.90","211.00","211.70","209.90","1.75M","0.00%"
"12/18/2023","210.90","211.60","213.40","210.40","1.74M","0.00%"
"12/15/2023","210.90","210.40","212.30","210.30","2.56M","0.24%"
"12/14/2023","210.40","210.30","212.20","210.00","1.66M","0.43%"
"12/13/2023","209.50","209.50","210.80","209.00","1.30M","-0.24%"
"12/12/2023","210.00","210.50","212.10","209.50","1.58M","-0.05%"
"12/11/2023","210.10","209.70","210.30","208.60","1.56M","0.62%"
"12/08/2023","208.80","208.90","209.70","205.70","2.25M","-1.69%"
"12/07/2023","212.40","213.50","214.90","211.30","2.02M","-0.28%"
"12/06/2023","213.00","209.50","213.50","209.50","1.70M","1.57%"
"12/05/2023","209.70","206.80","210.40","206.30","1.57M","1.21%"
"12/04/2023","207.20","206.50","207.40","206.30","1.26M","0.34%"
"12/01/2023","206.50","206.80","207.20","205.90","1.28M","0.19%"
"11/30/2023","206.10","205.00","206.90","203.60","3.52M","0.63%"
"11/29/2023","204.80","205.70","206.00","204.20","1.21M","-0.44%"
"11/28/2023","205.70","205.50","207.00","205.50","1.02M","-0.10%"
"11/27/2023","205.90","206.70","207.30","205.60","940.21K","-0.58%"
"11/24/2023","207.10","206.60","207.10","205.80","787.52K","0.15%"
"11/23/2023","206.80","204.00","206.90","204.00","955.84K","1.47%"
"11/22/2023","203.80","202.10","204.30","202.10","1.58M","0.34%"
"11/21/2023","203.10","204.30","204.60","202.60","94.02K","-1.07%"
"11/20/2023","205.30","203.80","205.80","203.80","1.40M","0.88%"
"11/17/2023","203.50","202.10","204.30","202.10","2.00K","0.94%"
"11/16/2023","201.60","204.60","204.90","201.30","1.74M","-1.71%"
"11/15/2023","205.10","204.20","205.70","203.50","1.38M","0.54%"
"11/14/2023","204.00","202.90","204.00","201.80","1.34M","0.39%"
"11/13/2023","203.20","200.90","203.20","200.90","1.27M","1.40%"
"11/10/2023","200.40","200.70","201.80","199.90","1.05M","-0.05%"
"11/09/2023","200.50","199.00","201.00","197.95","1.39M","0.78%"
"11/08/2023","198.95","198.90","199.35","197.35","1.43M","0.25%"
"11/07/2023","198.45","199.00","199.40","197.00","1.54M","-0.28%"
"11/06/2023","199.00","198.50","199.95","198.40","1.44M","0.03%"
"11/03/2023","198.95","200.20","200.90","198.70","2.07M","-0.23%"
"11/02/2023","199.40","199.90","200.40","196.70","1.91M","0.08%"
"11/01/2023","199.25","201.70","202.00","198.50","1.71M","-1.02%"
"10/31/2023","201.30","201.00","202.00","200.30","2.11M","0.20%"
"10/30/2023","200.90","200.60","201.80","200.20","1.19M","0.20%"
"10/27/2023","200.50","201.10","202.70","200.10","1.23M","0.05%"
"10/26/2023","200.40","199.85","201.00","196.90","1.94M","0.20%"
"10/25/2023","200.00","203.80","204.40","199.90","2.07M","-1.91%"
"10/24/2023","203.90","205.30","205.70","203.40","1.69M","-1.02%"
"10/23/2023","206.00","207.00","207.50","205.50","1.67M","0.00%"
"10/20/2023","206.00","206.10","208.70","204.20","2.13M","-0.77%"
"10/19/2023","207.60","214.30","217.00","207.30","6.05M","-7.03%"
"10/18/2023","223.30","219.00","224.40","218.90","2.53M","1.68%"
"10/17/2023","219.60","220.40","220.90","219.40","1.41M","-0.23%"
"10/16/2023","220.10","220.00","220.90","219.50","1.29M","0.32%"
"10/13/2023","219.40","219.00","221.20","218.00","1.86M","-0.32%"
"10/12/2023","220.10","218.20","220.30","217.80","1.27M","0.82%"
"10/11/2023","218.30","216.30","218.30","215.60","1.45M","0.60%"
"10/10/2023","217.00","214.90","217.10","214.80","1.45M","1.35%"
"10/09/2023","214.10","212.90","214.80","212.40","1.20M","0.80%"
"10/06/2023","212.40","210.40","213.30","209.90","1.10M","0.95%"
"10/05/2023","210.40","212.50","212.50","209.30","1.76M","-0.80%"
"10/04/2023","212.10","212.00","213.50","210.70","1.39M","-0.33%"
"10/03/2023","212.80","214.80","216.10","212.10","1.28M","-0.98%"
"10/02/2023","214.90","216.50","216.80","214.90","1.96M","-0.32%"
"09/29/2023","215.60","217.70","217.80","215.60","2.63M","-0.92%"
"09/28/2023","217.60","217.00","218.50","216.80","1.34M","0.42%"
"09/27/2023","216.70","215.00","218.20","214.80","1.63M","0.79%"
"09/26/2023","215.00","215.80","216.40","214.20","1.31M","-0.37%"
"09/25/2023","215.80","217.00","218.90","215.20","1.29M","-0.83%"
"09/22/2023","217.60","218.00","218.70","217.00","1.18M","-0.64%"
"09/21/2023","219.00","217.50","219.00","217.00","1.33M","0.69%"
"09/20/2023","217.50","217.50","218.30","216.00","1.80M","0.00%"
"09/19/2023","217.50","217.70","218.60","216.40","1.68M","-0.41%"
"09/18/2023","218.40","219.00","220.30","218.20","1.04M","-0.32%"
"09/15/2023","219.10","218.00","219.40","218.00","4.20M","0.50%"
"09/14/2023","218.00","214.50","218.00","214.10","1.91M","1.96%"
"09/13/2023","213.80","213.80","214.90","213.50","1.57M","0.33%"
"09/12/2023","213.10","211.20","213.70","211.10","2.31M","1.04%"
"09/11/2023","210.90","210.00","211.30","209.50","1.24M","0.62%"
"09/08/2023","209.60","210.00","210.80","208.50","915.80K","-0.24%"
"09/07/2023","210.10","209.70","211.60","209.40","1.19M","-0.05%"
"09/06/2023","210.20","211.00","211.70","209.10","1.02M","-0.47%"
"09/05/2023","211.20","209.50","212.70","208.80","1.37M","0.67%"
"09/04/2023","209.80","210.50","212.40","209.30","1.18M","-0.38%"
"09/01/2023","210.60","211.00","211.70","210.10","808.72K","0.00%"
"08/31/2023","210.60","211.70","211.70","210.10","3.10M","-0.05%"
"08/30/2023","210.70","211.50","212.20","210.70","1.44M","-0.14%"
"08/29/2023","211.00","211.80","212.30","210.70","1.50M","-0.75%"
"08/28/2023","212.60","211.70","213.20","211.40","733.04K","1.09%"
"08/25/2023","210.30","210.40","211.50","209.80","1.13M","-0.14%"
"08/24/2023","210.60","209.70","211.10","209.60","944.40K","0.48%"
"08/23/2023","209.60","209.80","210.40","208.20","1.63M","-0.14%"
"08/22/2023","209.90","210.10","211.20","209.30","1.05M","0.29%"
"08/21/2023","209.30","209.60","211.70","209.30","1.21M","-0.05%"
"08/18/2023","209.40","210.40","210.70","208.80","2.06M","-0.90%"
"08/17/2023","211.30","210.50","211.80","210.20","898.11K","0.14%"
"08/16/2023","211.00","209.70","211.80","208.70","851.63K","0.09%"
"08/15/2023","210.80","212.50","212.70","210.30","1.14M","-0.52%"
"08/14/2023","211.90","211.00","212.80","210.70","1.01M","-0.14%"
"08/11/2023","212.20","211.20","212.80","210.60","1.30M","0.14%"
"08/10/2023","211.90","207.20","212.10","207.10","1.62M","2.27%"
"08/09/2023","207.20","207.40","207.90","206.80","1.23M","0.83%"
"08/08/2023","205.50","206.50","208.00","205.00","2.02M","-1.53%"
"08/07/2023","208.70","208.70","209.20","207.40","1.19M","-0.10%"
"08/04/2023","208.90","208.50","209.20","207.40","2.10M","0.72%"
"08/03/2023","207.40","205.50","207.40","205.10","1.36M","0.44%"
"08/02/2023","206.50","206.30","207.70","203.80","1.26M","-1.05%"
"08/01/2023","208.70","208.10","209.00","207.40","869.50K","-0.19%"
"07/31/2023","209.10","208.40","209.10","208.00","1.37M","0.34%"
"07/28/2023","208.40","208.50","209.40","207.60","883.12K","-0.05%"
"07/27/2023","208.50","206.40","208.60","206.40","1.02M","1.07%"
"07/26/2023","206.30","206.30","207.20","204.50","959.33K","-0.19%"
"07/25/2023","206.70","208.00","209.70","206.10","1.22M","-0.53%"
"07/24/2023","207.80","206.00","207.80","205.70","791.74K","0.29%"
"07/21/2023","207.20","206.00","207.50","205.40","1.77M","1.17%"
"07/20/2023","204.80","203.50","205.20","202.20","1.37M","0.89%"
"07/19/2023","203.00","202.40","204.20","201.80","1.50M","0.74%"
"07/18/2023","201.50","201.10","202.40","200.50","1.41M","0.20%"
"07/17/2023","201.10","199.60","201.60","198.70","1.33M","1.00%"
"07/14/2023","199.10","199.20","199.90","197.75","1.18M","0.45%"
"07/13/2023","198.20","196.25","199.90","195.75","2.22M","0.76%"
"07/12/2023","196.70","196.00","199.00","195.55","2.67M","-1.85%"
"07/11/2023","200.40","197.90","200.40","196.90","1.92M","1.37%"
"07/10/2023","197.70","198.75","199.75","197.65","1.40M","-0.70%"
"07/07/2023","199.10","198.10","199.20","197.10","1.40M","-0.05%"
"07/06/2023","199.20","199.20","200.50","198.95","999.79K","-0.80%"
"07/05/2023","200.80","201.40","201.70","200.50","1.08M","-0.35%"
"07/04/2023","201.50","202.80","203.70","201.20","550.94K","-0.40%"
"07/03/2023","202.30","201.00","202.60","201.00","1.31M","0.80%"
"06/30/2023","200.70","201.20","201.60","200.30","1.52M","-0.15%"
"06/29/2023","201.00","198.45","201.30","197.25","1.71M","1.77%"
"06/28/2023","197.50","194.40","197.60","194.40","1.44M","1.75%"
"06/27/2023","194.10","193.50","194.40","192.65","996.46K","0.57%"
"06/26/2023","193.00","191.45","193.50","188.45","1.35M","1.07%"
"06/23/2023","190.95","192.15","192.70","190.95","1.25M","-1.27%"
"06/22/2023","193.40","195.05","195.05","192.20","1.59M","-1.23%"
"06/21/2023","195.80","194.00","197.35","193.45","1.22M","-0.18%"
"06/20/2023","196.15","194.10","196.55","193.75","920.08K","0.74%"
"06/19/2023","194.70","195.25","195.45","193.95","707.19K","-0.41%"
"06/16/2023","195.50","193.10","196.20","192.90","3.03M","1.45%"
"06/15/2023","192.70","191.10","194.40","190.85","1.23M","-0.10%"
"06/14/2023","192.90","192.00","195.10","191.50","1.55M","-0.21%"
"06/13/2023","193.30","192.70","193.30","191.50","1.28M","0.44%"
"06/12/2023","192.45","194.20","195.00","191.85","1.66M","-0.90%"
"06/09/2023","194.20","195.95","195.95","193.90","1.13M","-0.84%"
"06/08/2023","195.85","194.05","196.10","193.80","1.10M","1.19%"
"06/07/2023","193.55","192.30","194.45","192.25","1.37M","0.73%"
"06/06/2023","192.15","191.15","192.15","190.00","832.67K","0.44%"
"06/05/2023","191.30","191.95","192.60","191.10","944.86K","0.39%"
"06/02/2023","190.55","188.10","190.70","187.85","1.16M","1.74%"
"06/01/2023","187.30","185.80","189.35","185.55","1.50M","0.81%"
"05/31/2023","185.80","184.25","186.80","183.75","2.94M","0.32%"
"05/30/2023","185.20","185.30","187.05","185.05","757.01K","-0.35%"
"05/26/2023","185.85","185.65","186.35","184.05","810.84K","-0.46%"
"05/25/2023","186.70","184.70","187.30","184.25","1.48M","1.11%"
"05/24/2023","184.65","187.10","187.25","184.35","1.21M","-1.78%"
"05/23/2023","188.00","187.95","188.70","186.40","1.32M","0.35%"
"05/22/2023","187.35","186.55","188.70","186.40","1.33M","0.11%"
"05/19/2023","187.15","186.45","187.15","185.25","1.93M","1.57%"
"05/16/2023","184.25","186.55","186.55","184.15","1.56M","-0.81%"
"05/15/2023","185.75","185.00","185.80","183.65","1.38M","0.87%"
"05/12/2023","184.15","183.00","184.85","182.55","1.21M","0.93%"
"05/11/2023","182.45","184.15","185.50","181.20","2.38M","-0.92%"
"05/10/2023","184.15","187.35","187.50","183.30","1.55M","-0.91%"
"05/09/2023","185.85","186.70","187.25","184.85","1.36M","-0.19%"
"05/08/2023","186.20","185.85","187.05","185.55","1.13M","0.43%"
"05/05/2023","185.40","185.15","185.90","183.65","1.23M","1.23%"
"05/04/2023","183.15","186.00","187.10","183.15","1.49M","-2.45%"
"05/03/2023","187.75","186.35","187.75","185.15","1.73M","0.40%"
"05/02/2023","187.00","187.95","189.35","186.55","1.33M","-0.11%"
"04/28/2023","187.20","186.50","187.20","183.65","2.31M","1.68%"
"04/27/2023","184.10","180.85","184.50","179.90","2.51M","-0.59%"
"04/26/2023","185.20","188.15","189.60","184.10","2.87M","-7.38%"
"04/25/2023","199.95","200.70","200.90","198.20","1.85M","-0.47%"
"04/24/2023","200.90","199.45","201.60","199.15","1.70M","0.83%"
"04/21/2023","199.25","200.00","201.70","198.00","1.55M","-1.17%"
"04/20/2023","201.60","201.50","204.90","201.00","1.54M","0.15%"
"04/19/2023","201.30","199.00","201.50","198.35","1.70M","1.87%"
"04/18/2023","197.60","197.05","197.60","195.90","1.55M","1.05%"
"04/17/2023","195.55","198.50","198.85","195.15","981.00K","-1.19%"
"04/14/2023","197.90","194.70","198.20","193.85","1.22M","2.54%"
"04/13/2023","193.00","193.70","194.50","192.00","1.32M","-0.46%"
"04/12/2023","193.90","194.00","195.40","193.50","1.24M","-0.15%"
"04/11/2023","194.20","190.55","194.20","190.45","2.07M","2.13%"
"04/05/2023","190.15","190.50","190.85","187.95","1.07M","0.13%"
"04/04/2023","189.90","191.75","192.45","189.90","1.32M","-0.58%"
"04/03/2023","191.00","189.15","191.30","188.80","1.34M","1.95%"
"03/31/2023","187.35","188.60","188.70","185.45","1.74M","-0.11%"
"03/30/2023","187.55","185.70","189.60","185.70","1.71M","1.52%"
"03/29/2023","184.75","183.30","185.10","183.10","1.35M","1.01%"
"03/28/2023","182.90","184.90","185.30","181.15","1.39M","-0.03%"
"03/27/2023","182.95","183.10","185.80","182.15","1.41M","1.30%"
"03/24/2023","180.60","184.55","184.55","179.25","1.96M","-2.80%"
"03/23/2023","185.80","188.40","188.55","185.20","1.90M","-2.06%"
"03/22/2023","189.70","188.40","191.50","186.45","1.47M","0.77%"
"03/21/2023","188.25","186.35","189.85","186.30","2.99M","0.37%"
"03/20/2023","187.55","180.00","188.10","177.45","2.79M","2.01%"
"03/17/2023","183.85","186.20","190.75","182.35","4.77M","-0.57%"
"03/16/2023","184.90","188.00","190.00","182.90","2.54M","-0.38%"
"03/15/2023","185.60","194.05","194.75","184.55","3.20M","-4.43%"
"03/14/2023","194.20","189.70","195.50","189.10","2.26M","1.62%"
"03/13/2023","191.10","197.75","198.70","189.35","2.50M","-3.61%"
"03/10/2023","198.25","200.80","200.90","196.25","2.26M","-2.72%"
"03/09/2023","203.80","205.60","206.60","203.80","1.20M","-1.07%"
"03/08/2023","206.00","203.60","206.10","203.40","1.41M","0.64%"
"03/07/2023","204.70","208.50","209.00","204.10","2.64M","-2.29%"
"03/06/2023","209.50","207.80","209.50","207.60","1.38M","1.06%"
"03/03/2023","207.30","206.60","207.60","206.10","1.16M","0.97%"
"03/02/2023","205.30","203.80","206.40","203.60","1.63M","0.44%"
"03/01/2023","204.40","206.10","206.90","204.40","1.78M","-1.54%"
"02/28/2023","207.60","208.50","209.00","206.90","2.50M","-0.62%"
"02/27/2023","208.90","206.40","209.40","206.40","1.58M","1.61%"
"02/24/2023","205.60","207.00","207.20","204.90","1.72M","-0.44%"
"02/23/2023","206.50","200.90","206.50","200.70","2.32M","2.79%"
"02/22/2023","200.90","199.90","200.90","197.75","2.44M","0.48%"
"02/21/2023","199.95","199.10","200.20","197.05","1.62M","0.43%"
"02/20/2023","199.10","197.80","200.60","197.80","2.13M","0.63%"
"02/17/2023","197.85","197.80","197.95","196.55","1.84M","-0.25%"
"02/16/2023","198.35","198.00","198.85","196.85","1.23M","0.86%"
"02/15/2023","196.65","193.50","197.00","193.00","2.24M","1.63%"
"02/14/2023","193.50","192.00","193.65","191.50","1.91M","0.94%"
"02/13/2023","191.70","191.05","191.70","190.55","1.68M","0.74%"
"02/10/2023","190.30","190.05","193.00","189.00","2.08M","0.77%"
"02/09/2023","188.85","193.70","195.00","188.85","3.40M","-0.71%"
"02/08/2023","190.20","191.50","191.90","189.50","2.08M","-0.26%"
"02/07/2023","190.70","190.00","191.35","189.70","1.47M","0.61%"
"02/06/2023","189.55","191.05","191.05","188.80","1.14M","-0.24%"
"02/03/2023","190.00","187.85","190.15","187.00","1.57M","1.60%"
"02/02/2023","187.00","187.80","188.60","186.15","1.29M","-0.45%"
"02/01/2023","187.85","187.00","187.85","186.10","1.30M","1.02%"
"01/31/2023","185.95","187.50","188.35","185.70","1.63M","0.00%"
"01/30/2023","185.95","186.90","187.25","185.55","1.08M","-0.75%"
"01/27/2023","187.35","186.05","187.35","184.85","1.46M","1.27%"
"01/26/2023","185.00","187.40","188.00","184.60","1.29M","-0.54%"
"01/25/2023","186.00","185.80","186.80","185.00","1.11M","0.35%"
"01/24/2023","185.35","187.00","188.55","184.90","1.56M","-0.22%"
"01/23/2023","185.75","183.70","185.75","183.30","1.29M","1.50%"
"01/20/2023","183.00","182.35","183.75","182.35","1.16M","0.30%"
"01/19/2023","182.45","182.00","184.30","181.95","1.38M","-0.30%"
"01/18/2023","183.00","184.45","184.75","182.65","2.24M","-1.88%"
"01/17/2023","186.50","187.75","188.60","185.80","1.44M","-0.88%"
"01/16/2023","188.15","188.75","189.75","185.15","1.65M","-1.70%"
"01/13/2023","191.40","193.30","193.30","191.15","1.21M","-0.21%"
"01/12/2023","191.80","192.00","192.65","191.10","1.29M","0.55%"
"01/11/2023","190.75","189.55","193.30","189.50","2.39M","-1.37%"
"01/10/2023","193.40","198.20","198.85","193.40","1.90M","-2.96%"
"01/09/2023","199.30","200.20","201.50","199.30","1.22M","0.23%"
"01/06/2023","198.85","200.20","200.50","198.80","967.05K","-0.77%"
"01/05/2023","200.40","199.85","201.70","199.40","1.75M","0.20%"
"01/04/2023","200.00","197.80","200.60","197.45","1.62M","1.11%"
"01/03/2023","197.80","196.00","198.55","195.95","1.88M","0.94%"
"01/02/2023","195.95","195.00","197.05","195.00","584.25K","0.77%"
"12/30/2022","194.45","194.00","195.20","193.85","772.95K","0.15%"
"12/29/2022","194.15","192.70","194.60","191.80","463.98K","0.34%"
"12/28/2022","193.50","193.25","194.20","192.25","493.85K","0.18%"
"12/27/2022","193.15","193.80","194.55","193.05","350.28K","-0.13%"
"12/23/2022","193.40","193.70","194.65","192.75","718.68K","0.23%"
"12/22/2022","192.95","190.00","193.90","189.85","1.40M","1.71%"
"12/21/2022","189.70","187.10","189.85","186.80","1.30M","1.53%"
"12/20/2022","186.85","186.70","187.50","184.65","1.35M","-0.03%"
"12/19/2022","186.90","186.85","188.80","186.30","1.74M","0.73%"
"12/16/2022","185.55","183.60","186.70","183.15","2.53M","0.41%"
"12/15/2022","184.80","184.40","186.95","184.00","1.26M","-0.19%"
"12/14/2022","185.15","185.00","186.10","184.20","1.06M","-0.16%"
"12/13/2022","185.45","184.00","187.10","183.50","1.82M","0.65%"
"12/12/2022","184.25","184.50","185.20","183.20","824.88K","-0.38%"
"12/09/2022","184.95","181.00","184.95","180.35","1.18M","2.32%"
"12/08/2022","180.75","181.75","181.95","180.20","1.04M","-0.71%"
"12/07/2022","182.05","185.90","186.05","181.60","1.28M","-2.28%"
"12/06/2022","186.30","187.60","188.15","185.60","872.68K","-1.35%"
"12/05/2022","188.85","189.05","190.10","188.45","609.09K","-0.58%"
"12/02/2022","189.95","190.10","190.40","187.45","1.15M","-0.08%"
"12/01/2022","190.10","190.60","191.75","188.25","849.26K","-0.21%"
"11/30/2022","190.50","190.75","192.05","189.00","4.42M","-0.16%"
"11/29/2022","190.80","188.40","191.50","187.90","921.23K","1.27%"
"11/28/2022","188.40","188.50","189.00","187.65","611.77K","-0.45%"
"11/25/2022","189.25","189.85","189.85","188.65","577.00K","-0.18%"
"11/24/2022","189.60","188.45","189.60","187.60","898.22K","1.12%"
"11/23/2022","187.50","187.80","188.40","186.40","652.49K","0.21%"
"11/22/2022","187.10","183.65","187.65","183.30","1.04M","2.24%"
"11/21/2022","183.00","183.20","184.40","182.30","1.05M","-0.57%"
"11/18/2022","184.05","182.40","184.45","181.60","983.86K","1.13%"
"11/17/2022","182.00","185.05","185.60","180.45","1.46M","-1.91%"
"11/16/2022","185.55","185.00","187.20","184.35","1.69M","1.28%"
"11/15/2022","183.20","185.50","186.10","183.20","2.04M","-1.58%"
"11/14/2022","186.15","185.00","187.15","182.90","1.38M","0.98%"
"11/11/2022","184.35","184.50","185.10","183.40","1.15M","0.05%"
"11/10/2022","184.25","181.00","184.95","180.40","1.28M","1.15%"
"11/09/2022","182.15","182.90","183.60","181.40","674.49K","-0.36%"
"11/08/2022","182.80","181.00","183.50","180.40","1.02M","1.13%"
"11/07/2022","180.75","181.00","184.90","180.60","837.94K","-0.80%"
"11/04/2022","182.20","183.35","183.45","181.35","961.25K","0.72%"
"11/03/2022","180.90","180.05","181.70","179.35","1.09M","-0.03%"
"11/02/2022","180.95","184.65","187.60","180.45","1.67M","-2.37%"
"11/01/2022","185.35","185.00","186.60","184.70","969.46K","0.73%"
"10/31/2022","184.00","182.45","185.00","182.15","1.11M","0.96%"
"10/28/2022","182.25","180.55","184.00","179.85","995.45K","0.22%"
"10/27/2022","181.85","180.90","181.85","179.15","1.30M","0.58%"
"10/26/2022","180.80","180.10","181.00","178.40","1.28M","0.42%"
"10/25/2022","180.05","182.55","182.55","177.15","1.31M","-1.10%"
"10/24/2022","182.05","178.35","182.40","177.65","1.43M","2.91%"
"10/21/2022","176.90","177.35","178.20","175.55","1.87M","-1.69%"
"10/20/2022","179.95","181.35","182.95","172.20","3.46M","-3.25%"
"10/19/2022","186.00","184.00","187.20","184.00","2.23M","1.69%"
"10/18/2022","182.90","180.00","183.30","178.70","1.14M","2.75%"
"10/17/2022","178.00","175.70","178.30","174.30","1.42M","-0.22%"
"10/14/2022","178.40","180.15","181.55","177.20","1.17M","0.39%"
"10/13/2022","177.70","175.60","179.70","175.50","1.06M","1.20%"
"10/12/2022","175.60","176.10","176.95","174.25","1.57M","-0.28%"
"10/11/2022","176.10","174.05","176.65","174.00","1.64M","-0.11%"
"10/10/2022","176.30","173.00","177.10","172.80","1.84M","1.26%"
"10/07/2022","174.10","174.60","175.75","173.25","875.25K","0.03%"
"10/06/2022","174.05","177.25","177.55","173.95","1.10M","-1.67%"
"10/05/2022","177.00","178.50","179.25","175.40","1.48M","-0.70%"
"10/04/2022","178.25","174.60","178.50","173.90","952.70K","2.77%"
"10/03/2022","173.45","171.40","173.45","168.05","1.84M","0.35%"
"09/30/2022","172.85","171.90","173.25","170.50","1.88M","2.10%"
"09/29/2022","169.30","174.00","174.40","168.55","1.79M","-2.95%"
"09/28/2022","174.45","174.50","175.30","168.55","2.12M","-1.44%"
"09/27/2022","177.00","175.70","177.40","175.00","1.87M","0.57%"
"09/26/2022","176.00","175.75","177.00","173.45","1.46M","-0.79%"
"09/23/2022","177.40","184.40","184.40","176.80","1.54M","-3.32%"
"09/22/2022","183.50","183.00","186.40","181.40","1.24M","-0.08%"
"09/21/2022","183.65","184.05","186.75","182.20","1.60M","0.41%"
"09/20/2022","182.90","182.75","186.40","182.65","1.57M","0.49%"
"09/19/2022","182.00","180.50","182.10","177.80","1.66M","0.55%"
"09/16/2022","181.00","183.60","183.95","180.45","2.69M","-1.50%"
"09/15/2022","183.75","181.05","184.25","180.75","974.22K","2.11%"
"09/14/2022","179.95","180.50","181.75","179.30","1.73M","-0.91%"
"09/13/2022","181.60","184.10","184.10","180.45","1.55M","-1.25%"
"09/12/2022","183.90","181.90","183.90","181.05","1.19M","2.02%"
"09/09/2022","180.25","181.25","181.35","178.30","1.56M","0.17%"
"09/08/2022","179.95","179.00","180.70","177.55","939.44K","1.10%"
"09/07/2022","178.00","180.65","181.10","176.10","1.24M","-1.74%"
"09/06/2022","181.15","186.55","187.90","180.60","1.37M","-2.97%"
"09/05/2022","186.70","189.00","189.05","184.05","741.84K","-0.59%"
"09/02/2022","187.80","185.55","187.80","185.00","619.55K","1.68%"
"09/01/2022","184.70","187.00","187.45","183.50","1.18M","-2.79%"
"08/31/2022","190.00","185.30","190.00","183.20","3.88M","2.79%"
"08/30/2022","184.85","185.90","188.05","184.55","697.21K","-0.38%"
"08/29/2022","185.55","188.05","188.30","183.40","794.09K","-2.26%"
"08/26/2022","189.85","190.50","191.45","189.40","661.22K","-0.34%"
"08/25/2022","190.50","192.00","193.65","190.15","824.01K","-0.50%"
"08/24/2022","191.45","191.65","192.90","190.20","801.36K","-0.75%"
"08/23/2022","192.90","192.50","194.00","191.25","646.88K","0.10%"
"08/22/2022","192.70","196.05","197.00","192.45","705.42K","-1.96%"
"08/19/2022","196.55","196.00","197.65","194.65","1.01M","-0.10%"
"08/18/2022","196.75","196.60","197.65","195.25","542.25K","-0.40%"
"08/17/2022","197.55","198.10","198.35","195.70","779.28K","-0.20%"
"08/16/2022","197.95","196.05","197.95","196.00","766.94K","1.20%"
"08/15/2022","195.60","197.00","197.35","195.00","531.20K","-0.64%"
"08/12/2022","196.85","196.50","198.50","196.00","929.10K","0.43%"
"08/11/2022","196.00","196.45","196.95","195.00","723.55K","0.13%"
"08/10/2022","195.75","195.40","196.85","195.00","758.12K","-0.25%"
"08/09/2022","196.25","192.90","196.25","192.10","953.75K","1.63%"
"08/08/2022","193.10","193.10","194.40","191.70","651.88K","-0.13%"
"08/05/2022","193.35","190.00","193.35","190.00","589.48K","1.87%"
"08/04/2022","189.80","190.60","191.80","189.65","607.98K","-0.08%"
"08/03/2022","189.95","189.60","191.05","189.10","760.63K","-0.03%"
"08/02/2022","190.00","189.20","190.85","188.80","753.71K","0.53%"
"08/01/2022","189.00","189.50","191.35","189.00","678.00K","-0.32%"
"07/29/2022","189.60","189.00","191.15","188.75","1.22M","0.61%"
"07/28/2022","188.45","187.85","189.25","187.30","800.27K","0.80%"
"07/27/2022","186.95","187.00","187.60","186.30","630.03K","0.30%"
"07/26/2022","186.40","188.00","188.30","185.70","569.07K","-0.48%"
"07/25/2022","187.30","186.00","188.50","185.60","513.94K","0.56%"
"07/22/2022","186.25","186.40","187.60","184.70","839.36K","-0.08%"
"07/21/2022","186.40","186.70","188.55","185.25","953.58K","-0.75%"
"07/20/2022","187.80","188.70","189.30","186.30","935.18K","-0.03%"
"07/19/2022","187.85","184.55","187.85","184.00","890.19K","1.54%"
"07/18/2022","185.00","180.00","185.85","180.00","1.24M","3.15%"
"07/15/2022","179.35","184.55","184.95","177.50","2.10M","-1.73%"
"07/14/2022","182.50","188.10","190.70","182.50","1.55M","-1.38%"
"07/13/2022","185.05","191.30","193.40","184.05","1.39M","-1.54%"
"07/12/2022","187.95","181.20","188.25","181.10","2.14M","4.04%"
"07/11/2022","180.65","178.25","181.00","177.65","1.21M","0.25%"
"07/08/2022","180.20","180.75","181.85","179.80","1.11M","0.19%"
"07/07/2022","179.85","180.35","181.55","177.80","1.35M","0.81%"
"07/06/2022","178.40","179.55","182.05","178.15","1.42M","-0.42%"
"07/05/2022","179.15","181.10","182.65","178.25","1.58M","-0.72%"
"07/04/2022","180.45","177.10","180.80","175.80","911.22K","2.62%"
"07/01/2022","175.85","176.10","178.10","175.00","975.40K","-0.40%"
"06/30/2022","176.55","177.85","178.75","175.35","1.44M","-1.53%"
"06/29/2022","179.30","181.15","182.00","179.20","955.20K","-2.53%"
"06/28/2022","183.95","179.20","183.95","178.90","1.80M","3.34%"
"06/27/2022","178.00","176.25","178.70","175.65","935.73K","1.14%"
"06/24/2022","176.00","175.95","176.65","174.85","727.80K","0.57%"
"06/23/2022","175.00","174.05","177.95","171.95","1.18M","0.20%"
"06/22/2022","174.65","175.40","177.45","174.10","1.55M","-1.44%"
"06/21/2022","177.20","182.65","183.15","177.00","1.12M","-2.50%"
"06/20/2022","181.75","176.55","182.00","176.40","1.07M","2.97%"
"06/17/2022","176.50","177.00","180.25","175.55","3.14M","0.06%"
"06/16/2022","176.40","184.10","184.35","176.10","1.66M","-4.34%"
"06/15/2022","184.40","183.75","184.65","181.85","1.64M","0.68%"
"06/14/2022","183.15","179.50","183.40","178.80","1.63M","2.32%"
"06/13/2022","179.00","183.60","184.55","179.00","1.83M","-3.19%"
"06/10/2022","184.90","187.25","187.95","184.90","1.77M","-2.09%"
"06/09/2022","188.85","186.75","191.20","186.25","1.31M","-0.11%"
"06/08/2022","189.05","190.00","190.40","187.65","1.51M","0.27%"
"06/07/2022","188.55","190.25","190.55","186.70","1.22M","-0.97%"
"06/03/2022","190.40","191.50","191.95","188.70","676.87K","-0.03%"
"06/02/2022","190.45","190.50","190.80","188.85","763.84K","0.29%"
"06/01/2022","189.90","190.00","191.25","189.60","944.61K","-0.13%"
"05/31/2022","190.15","192.45","193.00","189.05","2.50M","-1.43%"
"05/30/2022","192.90","195.00","195.70","191.60","891.13K","-0.49%"
"05/27/2022","193.85","192.45","194.45","191.50","1.32M","1.49%"
"05/25/2022","191.00","190.00","191.00","188.10","1.21M","1.06%"
"05/24/2022","189.00","189.00","191.70","187.50","1.78M","-0.13%"
"05/23/2022","189.25","188.75","189.35","184.85","1.21M","1.12%"
"05/20/2022","187.15","185.00","187.50","183.45","1.68M","2.46%"
"05/19/2022","182.65","182.70","182.70","179.25","1.69M","-1.11%"
"05/18/2022","184.70","187.30","187.75","181.75","2.41M","0.44%"
"05/16/2022","183.90","184.85","185.40","181.50","1.50M","-0.68%"
"05/13/2022","185.15","183.55","185.15","181.45","1.14M","2.63%"
"05/12/2022","180.40","177.35","180.55","176.05","1.83M","0.81%"
"05/11/2022","178.95","176.10","179.15","174.40","1.51M","1.19%"
"05/10/2022","176.85","176.90","179.05","174.50","1.32M","0.06%"
"05/09/2022","176.75","182.80","183.15","176.75","1.46M","-3.47%"
"05/06/2022","183.10","182.90","184.60","181.50","1.95M","-0.57%"
"05/05/2022","184.15","188.25","188.85","182.75","1.39M","-0.51%"
"05/04/2022","185.10","185.45","186.00","182.35","1.44M","0.49%"
"05/03/2022","184.20","183.55","184.20","178.40","1.91M","0.93%"
"05/02/2022","182.50","183.00","185.20","168.40","1.53M","-0.68%"
"04/29/2022","183.75","189.30","189.30","182.20","2.28M","-0.84%"
"04/28/2022","185.30","182.95","192.15","182.95","1.72M","-0.30%"
"04/27/2022","185.85","188.60","189.90","185.50","1.65M","-5.25%"
"04/26/2022","196.15","197.05","199.10","196.00","1.72M","0.33%"
"04/25/2022","195.50","196.45","197.40","193.90","1.69M","-1.29%"
"04/22/2022","198.05","198.50","200.40","197.65","1.50M","-1.12%"
"04/21/2022","200.30","199.45","200.90","197.85","1.41M","0.33%"
"04/20/2022","199.65","195.95","200.40","195.00","1.43M","2.83%"
"04/19/2022","194.15","198.10","198.10","192.80","1.95M","-1.40%"
"04/13/2022","196.90","197.00","198.15","195.85","722.46K","0.48%"
"04/12/2022","195.95","197.20","198.60","194.65","1.36M","-1.06%"
"04/11/2022","198.05","198.60","201.10","197.35","1.19M","-0.25%"
"04/08/2022","198.55","196.00","199.95","194.95","1.33M","2.64%"
"04/07/2022","193.45","191.60","193.85","190.20","1.41M","1.15%"
"04/06/2022","191.25","197.45","197.65","191.25","1.65M","-1.95%"
"04/05/2022","195.05","196.55","197.00","193.15","1.56M","-1.14%"
"04/04/2022","197.30","199.50","200.70","196.70","1.92M","-2.28%"
"04/01/2022","201.90","201.00","203.40","199.80","1.47M","0.90%"
"03/31/2022","200.10","204.80","205.50","200.10","1.80M","-1.82%"
"03/30/2022","203.80","205.10","205.30","201.40","1.24M","-0.63%"
"03/29/2022","205.10","206.00","207.40","203.50","1.20M","0.34%"
"03/28/2022","204.40","202.80","205.60","202.60","944.86K","0.69%"
"03/25/2022","203.00","205.00","205.50","201.90","1.20M","-1.12%"
"03/24/2022","205.30","199.55","205.30","198.90","2.13M","2.86%"
"03/23/2022","199.60","204.10","204.50","199.60","1.50M","-1.92%"
"03/22/2022","203.50","201.90","204.80","199.80","991.34K","1.29%"
"03/21/2022","200.90","197.15","202.00","197.15","1.31M","2.21%"
"03/18/2022","196.55","198.25","198.30","196.40","3.12M","-0.66%"
"03/17/2022","197.85","203.00","205.10","196.50","1.85M","-0.18%"
"03/16/2022","198.20","195.00","199.85","192.40","2.14M","3.42%"
"03/15/2022","191.65","196.50","197.40","189.25","1.33M","-2.42%"
"03/14/2022","196.40","192.90","196.50","192.25","1.66M","2.34%"
"03/11/2022","191.90","189.50","194.50","186.25","1.62M","1.19%"
"03/10/2022","189.65","190.65","192.00","185.85","1.45M","-0.42%"
"03/09/2022","190.45","186.00","190.80","185.10","1.95M","5.10%"
"03/08/2022","181.20","180.00","186.40","179.50","2.18M","-1.09%"
"03/07/2022","183.20","181.95","184.90","176.50","2.18M","-1.00%"
"03/04/2022","185.05","190.75","190.75","184.35","1.68M","-3.57%"
"03/03/2022","191.90","194.05","196.95","191.90","1.61M","-0.42%"
"03/02/2022","192.70","192.50","195.75","190.85","1.88M","0.21%"
"03/01/2022","192.30","197.30","199.70","192.20","1.35M","-2.44%"
"02/28/2022","197.10","193.50","197.10","192.70","2.55M","-0.45%"
"02/25/2022","198.00","195.40","198.50","192.55","2.82M","2.99%"
"02/24/2022","192.25","199.20","203.50","189.05","2.57M","-7.04%"
"02/23/2022","206.80","205.00","208.30","204.10","1.02M","-0.10%"
"02/22/2022","207.00","201.20","207.20","199.80","1.38M","1.27%"
"02/21/2022","204.40","209.50","209.50","202.60","1.66M","-2.20%"
"02/18/2022","209.00","209.00","209.50","207.30","1.18M","0.10%"
"02/17/2022","208.80","210.60","211.30","208.40","709.16K","-0.95%"
"02/16/2022","210.80","213.40","213.80","208.90","1.38M","-0.89%"
"02/15/2022","212.70","211.70","213.50","210.20","1.08M","0.28%"
"02/14/2022","212.10","209.80","213.40","207.80","1.69M","0.05%"
"02/11/2022","212.00","208.50","213.70","208.50","1.99M","0.47%"
"02/10/2022","211.00","209.20","213.50","207.30","1.75M","-1.03%"
"02/09/2022","213.20","216.50","216.60","211.00","1.96M","-1.43%"
"02/08/2022","216.30","217.00","220.50","215.30","1.70M","0.00%"
"02/07/2022","216.30","216.30","217.10","213.80","1.09M","1.22%"
"02/04/2022","213.70","216.50","217.80","213.70","1.14M","-0.88%"
"02/03/2022","215.60","216.50","217.50","213.90","1.08M","-0.28%"
"02/02/2022","216.20","218.00","219.10","215.40","1.11M","-0.55%"
"02/01/2022","217.40","212.30","217.40","212.20","925.85K","3.18%"
"01/31/2022","210.70","210.90","211.60","208.70","1.06M","0.43%"
"01/28/2022","209.80","211.00","211.60","205.60","1.33M","-0.71%"
"01/27/2022","211.30","209.80","212.80","209.70","1.09M","-0.05%"
"01/26/2022","211.40","210.00","213.90","209.10","1.32M","1.49%"
"01/25/2022","208.30","205.00","210.20","204.50","1.38M","2.71%"
"01/24/2022","202.80","210.00","211.10","202.80","1.25M","-3.61%"
"01/21/2022","210.40","211.80","212.30","210.40","861.85K","-1.68%"
"01/20/2022","214.00","214.00","214.90","213.00","926.03K","0.00%"
"01/19/2022","214.00","214.90","216.50","213.40","1.17M","-0.65%"
"01/18/2022","215.40","216.10","216.30","214.60","918.24K","0.00%"
"01/17/2022","215.40","215.40","216.90","214.10","611.17K","0.28%"
"01/14/2022","214.80","215.70","216.90","213.80","897.62K","-0.32%"
"01/13/2022","215.50","212.20","216.30","212.10","915.26K","1.65%"
"01/12/2022","212.00","211.80","214.40","210.70","892.85K","1.44%"
"01/11/2022","209.00","209.80","209.80","206.80","1.11M","-0.19%"
"01/10/2022","209.40","210.50","210.60","208.30","743.47K","0.10%"
"01/07/2022","209.20","205.80","209.20","205.70","937.79K","2.20%"
"01/06/2022","204.70","203.00","205.40","200.80","690.82K","0.10%"
"01/05/2022","204.50","204.90","207.70","203.60","1.01M","0.05%"
"01/04/2022","204.40","204.60","205.30","202.80","991.78K","0.29%"
"01/03/2022","203.80","203.00","203.90","201.60","586.89K","0.89%"
"12/30/2021","202.00","201.60","202.50","200.20","583.44K","0.05%"
"12/29/2021","201.90","201.10","201.90","199.75","758.00K","0.30%"
"12/28/2021","201.30","198.60","201.30","197.75","449.05K","1.51%"
"12/27/2021","198.30","197.45","198.70","196.35","473.65K","0.43%"
"12/23/2021","197.45","197.35","198.00","196.50","742.06K","0.61%"
"12/22/2021","196.25","196.15","196.25","194.70","695.15K","0.44%"
"12/21/2021","195.40","194.90","195.45","193.95","662.99K","1.11%"
"12/20/2021","193.25","192.00","193.75","190.15","855.04K","-0.34%"
"12/17/2021","193.90","195.00","195.40","193.90","1.93M","-0.56%"
"12/16/2021","195.00","195.00","195.90","194.55","1.55M","1.64%"
"12/15/2021","191.85","194.55","195.80","191.85","1.63M","-1.79%"
"12/14/2021","195.35","197.60","199.40","194.05","1.38M","-1.11%"
"12/13/2021","197.55","200.10","201.10","197.30","978.10K","-1.15%"
"12/10/2021","199.85","198.50","201.50","198.10","867.66K","0.35%"
"12/09/2021","199.15","203.30","204.90","199.15","911.90K","-1.94%"
"12/08/2021","203.10","204.90","206.20","200.90","1.17M","-0.88%"
"12/07/2021","204.90","205.10","206.90","204.90","1.24M","0.69%"
"12/06/2021","203.50","202.90","204.10","201.60","904.38K","0.44%"
"12/03/2021","202.60","203.00","203.70","200.10","1.07M","0.05%"
"12/02/2021","202.50","201.40","203.50","199.95","1.37M","-0.30%"
"12/01/2021","203.10","199.00","203.10","198.55","1.09M","2.47%"
"11/30/2021","198.20","196.90","198.50","190.10","4.60M","-1.78%"
"11/29/2021","201.80","200.50","204.40","200.50","1.68M","0.15%"
"11/26/2021","201.50","209.10","209.20","201.30","1.93M","-5.31%"
"11/25/2021","212.80","211.70","213.20","209.60","479.50K","0.81%"
"11/24/2021","211.10","211.20","212.60","210.10","738.35K","-0.24%"
"11/23/2021","211.60","209.80","212.20","207.20","1.02M","0.28%"
"11/22/2021","211.00","208.70","211.20","207.60","767.75K","1.15%"
"11/19/2021","208.60","211.20","212.00","205.50","1.90M","-1.14%"
"11/18/2021","211.00","211.30","212.20","210.30","979.73K","-0.33%"
"11/17/2021","211.70","212.00","212.60","210.10","1.05M","-0.14%"
"11/16/2021","212.00","214.20","214.20","211.80","964.52K","-1.17%"
"11/15/2021","214.50","212.00","215.00","210.50","824.08K","0.37%"
"11/12/2021","213.70","215.20","215.50","212.10","652.06K","-0.51%"
"11/11/2021","214.80","213.80","216.10","213.10","1.01M","0.70%"
"11/10/2021","213.30","214.50","215.70","212.00","1.08M","-0.47%"
"11/09/2021","214.30","213.90","215.30","213.40","852.39K","0.14%"
"11/08/2021","214.00","215.20","215.20","213.50","805.53K","-0.74%"
"11/05/2021","215.60","210.80","215.60","210.20","1.34M","2.37%"
"11/04/2021","210.60","212.20","213.80","209.50","1.80M","-0.43%"
"11/03/2021","211.50","206.80","211.50","204.50","1.32M","1.93%"
"11/02/2021","207.50","204.40","207.50","203.20","811.99K","1.22%"
"11/01/2021","205.00","202.30","205.30","201.70","1.03M","2.09%"
"10/29/2021","200.80","203.60","204.80","200.80","1.40M","-1.08%"
"10/28/2021","203.00","204.30","204.30","199.85","1.46M","-4.96%"
"10/27/2021","213.60","210.40","213.60","209.00","1.94M","1.52%"
"10/26/2021","210.40","213.20","214.90","210.20","1.26M","-1.59%"
"10/25/2021","213.80","215.00","215.90","213.00","1.09M","-0.56%"
"10/22/2021","215.00","214.50","217.00","208.20","1.88M","0.19%"
"10/21/2021","214.60","214.30","217.90","211.00","1.57M","1.27%"
"10/20/2021","211.90","211.00","211.90","209.20","1.33M","0.62%"
"10/19/2021","210.60","211.00","211.00","208.30","1.21M","-0.09%"
"10/18/2021","210.80","208.50","212.40","208.00","838.13K","1.01%"
"10/15/2021","208.70","208.00","209.20","206.40","1.07M","0.43%"
"10/14/2021","207.80","206.50","207.90","205.20","1.39M","1.51%"
"10/13/2021","204.70","204.60","205.80","203.50","936.85K","0.00%"
"10/12/2021","204.70","204.80","206.60","203.40","1.05M","-0.82%"
"10/11/2021","206.40","208.50","210.40","205.50","1.16M","0.19%"
"10/08/2021","206.00","205.90","206.90","204.70","709.92K","0.10%"
"10/07/2021","205.80","204.00","205.90","202.00","1.14M","1.48%"
"10/06/2021","202.80","200.50","203.10","199.70","1.29M","0.20%"
"10/05/2021","202.40","201.20","202.40","200.60","982.36K","0.65%"
"10/04/2021","201.10","199.40","202.90","198.75","722.19K","0.85%"
"10/01/2021","199.40","197.05","201.10","196.15","980.44K","-0.28%"
"09/30/2021","199.95","198.60","201.30","198.35","1.54M","1.32%"
"09/29/2021","197.35","197.50","197.90","195.65","1.25M","0.28%"
"09/28/2021","196.80","195.00","198.10","195.00","1.82M","0.92%"
"09/27/2021","195.00","192.10","196.60","191.80","1.39M","1.56%"
"09/24/2021","192.00","190.00","192.00","188.90","971.39K","1.03%"
"09/23/2021","190.05","188.65","190.70","188.45","759.91K","1.41%"
"09/22/2021","187.40","184.00","187.70","184.00","1.10M","2.29%"
"09/21/2021","183.20","182.55","185.40","182.50","985.99K","0.83%"
"09/20/2021","181.70","185.00","185.60","181.25","1.23M","-2.15%"
"09/17/2021","185.70","188.30","188.95","185.70","1.98M","-0.93%"
"09/16/2021","187.45","186.50","188.75","186.40","876.14K","0.70%"
"09/15/2021","186.15","187.80","187.80","185.65","1.58M","-0.88%"
"09/14/2021","187.80","189.45","190.25","187.65","703.04K","-0.79%"
"09/13/2021","189.30","189.40","190.40","189.05","730.65K","0.08%"
"09/10/2021","189.15","190.00","190.65","188.20","957.93K","-0.50%"
"09/09/2021","190.10","190.60","191.30","189.30","748.25K","-0.96%"
"09/08/2021","191.95","192.10","192.95","189.10","1.30M","0.55%"
"09/07/2021","190.90","191.85","192.45","189.70","745.93K","-0.62%"
"09/06/2021","192.10","189.75","192.10","189.20","644.14K","1.13%"
"09/03/2021","189.95","188.25","189.95","187.60","680.86K","0.61%"
"09/02/2021","188.80","188.00","189.05","186.05","965.92K","0.03%"
"09/01/2021","188.75","184.95","189.75","184.95","1.19M","2.81%"
"08/31/2021","183.60","188.55","188.55","183.60","2.27M","-2.57%"
"08/30/2021","188.45","190.00","190.80","187.60","519.42K","-0.79%"
"08/27/2021","189.95","189.30","190.00","187.70","733.97K","0.37%"
"08/26/2021","189.25","188.80","189.90","187.15","819.08K","0.26%"
"08/25/2021","188.75","186.20","188.75","186.00","632.68K","0.59%"
"08/24/2021","187.65","187.50","188.00","185.85","636.90K","0.35%"
"08/23/2021","187.00","186.25","187.15","185.00","702.29K","0.89%"
"08/20/2021","185.35","186.25","186.55","183.25","954.83K","-0.75%"
"08/19/2021","186.75","186.80","189.85","185.65","817.71K","-1.19%"
"08/18/2021","189.00","187.35","189.40","187.30","567.82K","0.51%"
"08/17/2021","188.05","188.45","188.85","186.00","735.04K","-0.24%"
"08/16/2021","188.50","188.05","189.85","187.65","588.12K","-0.21%"
"08/13/2021","188.90","189.00","189.85","188.00","545.47K","0.13%"
"08/12/2021","188.65","189.60","190.70","188.25","640.45K","-0.47%"
"08/11/2021","189.55","187.85","189.60","186.95","935.43K","0.90%"
"08/10/2021","187.85","189.00","189.20","186.40","692.96K","-0.71%"
"08/09/2021","189.20","187.70","190.00","187.00","737.49K","0.83%"
"08/06/2021","187.65","185.35","187.80","184.30","672.33K","1.54%"
"08/05/2021","184.80","183.05","185.35","182.80","647.75K","0.98%"
"08/04/2021","183.00","182.00","183.80","181.60","870.05K","0.91%"
"08/03/2021","181.35","181.70","183.10","180.30","738.31K","-0.25%"
"08/02/2021","181.80","181.90","182.75","180.20","728.64K","0.41%"
"07/30/2021","181.05","181.00","181.95","179.00","1.34M","-0.49%"
"07/29/2021","181.95","180.05","182.95","180.05","820.87K","1.93%"
"07/28/2021","178.50","175.70","179.90","175.70","1.08M","1.54%"
"07/27/2021","175.80","176.00","176.20","174.75","1.02M","-0.11%"
"07/26/2021","176.00","175.00","176.00","173.75","967.77K","0.57%"
"07/23/2021","175.00","175.30","175.90","174.05","925.37K","0.00%"
"07/22/2021","175.00","175.50","177.10","174.85","1.69M","0.00%"
"07/21/2021","175.00","175.70","175.90","174.15","1.77M","0.00%"
"07/20/2021","175.00","175.35","176.45","174.25","1.99M","0.00%"
"07/19/2021","175.00","180.80","180.80","175.00","1.15M","-3.23%"
"07/16/2021","180.85","184.80","185.50","180.85","1.55M","-2.06%"
"07/15/2021","184.65","184.00","186.10","184.00","1.03M","-0.75%"
"07/14/2021","186.05","188.00","188.20","185.20","919.96K","-0.83%"
"07/13/2021","187.60","191.60","192.90","186.00","1.18M","-1.99%"
"07/12/2021","191.40","187.90","191.40","186.50","899.95K","2.38%"
"07/09/2021","186.95","185.90","187.40","184.75","1.21M","1.22%"
"07/08/2021","184.70","188.00","188.00","184.70","1.21M","-1.41%"
"07/07/2021","187.35","188.70","189.10","187.00","1.14M","-0.72%"
"07/06/2021","188.70","192.65","192.75","188.50","789.92K","-2.02%"
"07/05/2021","192.60","187.10","192.60","187.10","1.29M","3.08%"
"07/02/2021","186.85","186.50","189.60","186.50","1.13M","0.21%"
"07/01/2021","186.45","188.65","189.15","185.40","1.40M","-0.61%"
"06/30/2021","187.60","192.00","192.15","186.75","1.96M","-2.29%"
"06/29/2021","192.00","193.00","195.35","191.75","1.29M","-0.90%"
"06/28/2021","193.75","198.10","198.15","193.75","650.01K","-2.25%"
"06/25/2021","198.20","197.00","198.45","196.60","937.32K","1.23%"
"06/24/2021","195.80","195.95","197.50","194.75","1.18M","0.10%"
"06/23/2021","195.60","190.00","195.60","189.45","1.76M","3.16%"
"06/22/2021","189.60","189.40","190.20","188.40","1.66M","0.32%"
"06/21/2021","189.00","184.00","189.00","182.75","1.07M","1.69%"
"06/18/2021","185.85","187.15","188.05","184.20","3.82M","-1.12%"
"06/17/2021","187.95","187.55","191.00","186.55","1.44M","1.05%"
"06/16/2021","186.00","187.50","189.25","186.00","1.13M","-1.01%"
"06/15/2021","187.90","189.20","189.20","187.10","1.55M","-0.58%"
"06/14/2021","189.00","187.15","189.00","187.10","1.86M","1.23%"
"06/11/2021","186.70","188.25","188.50","186.30","1.10M","-0.37%"
"06/10/2021","187.40","186.15","187.55","184.40","1.84M","0.51%"
"06/09/2021","186.45","187.15","188.70","185.95","556.88K","-0.11%"
"06/08/2021","186.65","188.65","189.75","186.65","930.77K","-1.03%"
"06/07/2021","188.60","188.65","189.75","187.25","884.35K","-0.13%"
"06/04/2021","188.85","188.65","189.70","188.00","874.15K","0.19%"
"06/03/2021","188.50","188.00","188.50","186.35","680.31K","0.27%"
"06/02/2021","188.00","186.70","188.95","186.70","1.28M","1.02%"
"06/01/2021","186.10","185.00","186.70","185.00","848.70K","0.87%"
"05/31/2021","184.50","186.00","186.40","184.50","668.28K","-0.94%"
"05/28/2021","186.25","184.75","186.30","184.00","870.89K","1.00%"
"05/27/2021","184.40","181.65","184.40","181.20","5.24M","1.26%"
"05/26/2021","182.10","184.90","184.90","180.25","1.57M","-1.54%"
"05/25/2021","184.95","187.40","187.40","184.95","1.25M","-1.31%"
"05/21/2021","187.40","184.35","187.45","183.55","1.54M","1.88%"
"05/20/2021","183.95","182.05","184.15","182.05","1.28M","1.57%"
"05/19/2021","181.10","182.50","184.95","180.40","801.41K","-1.84%"
"05/18/2021","184.50","184.50","186.70","183.90","1.58M","0.99%"
"05/14/2021","182.70","179.90","182.70","178.75","1.23M","1.87%"
"05/12/2021","179.35","180.00","180.00","177.65","1.11M","-0.11%"
"05/11/2021","179.55","181.55","181.75","178.95","918.22K","-1.45%"
"05/10/2021","182.20","183.65","183.95","181.50","1.04M","-0.57%"
"05/07/2021","183.25","182.00","183.40","181.20","1.13M","1.05%"
"05/06/2021","181.35","182.55","183.15","180.00","1.29M","0.06%"
"05/05/2021","181.25","182.35","185.20","180.80","1.01M","-0.41%"
"05/04/2021","182.00","181.10","185.70","181.10","1.35M","0.75%"
"05/03/2021","180.65","178.15","180.65","177.45","1.03M","0.89%"
"04/30/2021","179.05","183.30","183.75","179.05","1.93M","-2.35%"
"04/29/2021","183.35","182.10","186.75","180.90","1.50M","-0.22%"
"04/28/2021","183.75","183.50","185.30","182.50","1.00M","0.66%"
"04/27/2021","182.55","182.35","182.90","181.10","887.90K","0.11%"
"04/26/2021","182.35","180.60","182.65","179.10","678.25K","0.97%"
"04/23/2021","180.60","178.85","180.95","178.75","755.05K","-0.11%"
"04/22/2021","180.80","180.35","181.10","178.65","1.06M","0.50%"
"04/21/2021","179.90","181.00","181.70","177.90","892.42K","0.17%"
"04/20/2021","179.60","185.05","185.25","179.60","1.34M","-3.02%"
"04/19/2021","185.20","186.40","186.90","184.00","732.39K","-0.64%"
"04/16/2021","186.40","184.90","186.90","184.70","2.03M","1.94%"
"04/15/2021","182.85","181.30","184.85","181.00","1.42M","1.22%"
"04/14/2021","180.65","180.20","181.30","178.55","965.32K","0.56%"
"04/13/2021","179.65","181.65","182.00","179.50","1.24M","-0.83%"
"04/12/2021","181.15","180.20","181.45","178.85","996.57K","0.11%"
"04/09/2021","180.95","181.40","181.70","180.20","889.89K","0.14%"
"04/08/2021","180.70","181.55","182.00","180.15","1.15M","-0.44%"
"04/07/2021","181.50","181.25","183.45","181.05","1.52M","0.14%"
"04/06/2021","181.25","187.25","187.35","179.85","2.10M","-0.41%"
"03/31/2021","182.00","182.50","183.85","182.00","789.67K","-0.27%"
"03/30/2021","182.50","182.50","184.70","182.15","993.33K","0.27%"
"03/29/2021","182.00","181.40","182.35","179.80","892.29K","0.30%"
"03/26/2021","181.45","178.20","182.55","178.10","1.58M","1.91%"
"03/25/2021","178.05","178.05","178.50","176.15","1.28M","-0.70%"
"03/24/2021","179.30","174.60","180.00","174.40","2.66M","1.56%"
"03/23/2021","176.55","180.10","180.35","176.15","1.88M","-3.66%"
"03/22/2021","183.25","186.60","187.15","183.25","1.77M","-2.27%"
"03/19/2021","187.50","187.60","187.95","185.65","3.04M","-0.21%"
"03/18/2021","187.90","187.00","188.20","185.85","1.52M","0.29%"
"03/17/2021","187.35","186.30","187.90","185.60","1.28M","0.73%"
"03/16/2021","186.00","185.60","186.65","184.35","1.47M","0.40%"
"03/15/2021","185.25","185.00","186.20","184.20","1.35M","0.14%"
"03/12/2021","185.00","181.85","185.00","181.45","1.98M","2.01%"
"03/11/2021","181.35","182.50","183.05","180.45","1.16M","-0.38%"
"03/10/2021","182.05","180.00","183.25","179.30","1.22M","1.53%"
"03/09/2021","179.30","181.40","183.55","179.10","1.43M","-0.66%"
"03/08/2021","180.50","178.00","180.50","177.75","1.57M","1.86%"
"03/05/2021","177.20","174.90","177.50","173.70","2.10M","1.66%"
"03/04/2021","174.30","174.50","174.75","173.70","1.66M","-0.40%"
"03/03/2021","175.00","172.00","175.10","172.00","1.11M","1.74%"
"03/02/2021","172.00","170.10","172.00","170.00","1.44M","0.06%"
"03/01/2021","171.90","169.50","171.90","169.50","1.35M","1.93%"
"02/26/2021","168.65","167.50","168.80","166.25","3.13M","-1.03%"
"02/25/2021","170.40","169.00","171.45","168.65","1.56M","1.16%"
"02/24/2021","168.45","167.65","168.90","166.35","1.89M","-4.29%"
"02/23/2021","176.00","171.00","176.05","170.35","2.71M","3.50%"
"02/22/2021","170.05","169.50","170.80","168.70","1.25M","0.98%"
"02/19/2021","168.40","167.75","169.20","167.20","2.48M","0.39%"
"02/18/2021","167.75","167.70","169.60","167.55","1.35M","-0.15%"
"02/17/2021","168.00","165.80","168.25","165.70","1.37M","0.21%"
"02/16/2021","167.65","166.30","168.40","166.00","1.65M","0.93%"
"02/15/2021","166.10","166.00","166.35","164.95","1.78M","0.94%"
"02/12/2021","164.55","167.00","167.25","163.25","3.69M","-1.29%"
"02/11/2021","166.70","167.00","168.25","165.50","1.73M","0.36%"
"02/10/2021","166.10","170.00","170.70","165.80","3.12M","-2.21%"
"02/09/2021","169.85","170.05","171.35","167.75","1.90M","-0.61%"
"02/08/2021","170.90","170.20","172.55","169.70","1.68M","-0.44%"
"02/05/2021","171.65","173.50","174.35","171.20","1.39M","-1.15%"
"02/04/2021","173.65","171.10","173.65","171.10","1.51M","1.55%"
"02/03/2021","171.00","170.05","171.70","170.05","1.18M","1.00%"
"02/02/2021","169.30","168.20","169.60","167.25","946.77K","1.35%"
"02/01/2021","167.05","167.65","168.60","166.70","1.00M","-0.54%"
"01/29/2021","167.95","165.20","168.05","165.20","1.86M","-0.03%"
"01/28/2021","168.00","167.50","168.65","163.60","1.78M","-0.06%"
"01/27/2021","168.10","166.95","169.55","165.80","2.01M","0.27%"
"01/26/2021","167.65","166.50","168.55","165.00","1.97M","-0.09%"
"01/25/2021","167.80","169.30","169.65","165.65","2.02M","-0.71%"
"01/22/2021","169.00","168.45","169.75","168.05","1.09M","-0.53%"
"01/21/2021","169.90","170.55","172.30","169.10","1.45M","0.12%"
"01/20/2021","169.70","170.00","170.45","168.65","1.41M","0.50%"
"01/19/2021","168.85","169.05","170.90","168.55","896.06K","0.27%"
"01/18/2021","168.40","165.15","168.40","164.70","558.73K","1.51%"
"01/15/2021","165.90","168.30","169.20","165.80","1.64M","-1.83%"
"01/14/2021","169.00","163.10","169.55","163.10","1.90M","3.52%"
"01/13/2021","163.25","166.85","167.70","163.10","1.50M","-2.54%"
"01/12/2021","167.50","166.30","168.45","165.50","1.37M","0.72%"
"01/11/2021","166.30","166.00","167.35","165.15","1.28M","-1.01%"
"01/08/2021","168.00","168.15","168.30","166.35","1.45M","0.60%"
"01/07/2021","167.00","166.50","167.25","165.00","1.46M","0.30%"
"01/06/2021","166.50","163.00","166.85","163.00","1.17M","2.90%"
"01/05/2021","161.80","161.80","164.25","161.50","1.74M","-0.55%"
"01/04/2021","162.70","168.00","168.85","162.70","1.17M","-3.15%"
"12/30/2020","168.00","167.40","168.15","166.90","913.56K","0.06%"
"12/29/2020","167.90","167.00","167.90","166.00","933.85K","0.18%"
"12/28/2020","167.60","165.60","167.60","165.55","721.42K","1.45%"
"12/23/2020","165.20","160.60","165.20","160.60","1.19M","3.19%"
"12/22/2020","160.10","158.30","160.85","157.90","1.30M","1.43%"
"12/21/2020","157.85","158.70","160.10","156.60","1.74M","-2.32%"
"12/18/2020","161.60","158.80","162.50","158.75","3.79M","1.16%"
"12/17/2020","159.75","160.30","161.50","159.15","2.09M","-0.16%"
"12/16/2020","160.00","162.30","162.50","159.45","2.19M","-1.11%"
"12/15/2020","161.80","161.50","163.45","160.50","2.29M","-0.31%"
"12/14/2020","162.30","160.90","163.45","160.85","1.75M","1.44%"
"12/11/2020","160.00","162.10","162.10","159.55","1.40M","-1.60%"
"12/10/2020","162.60","162.85","164.45","161.15","2.08M","0.12%"
"12/09/2020","162.40","160.60","162.40","159.85","1.53M","1.28%"
"12/08/2020","160.35","160.40","162.20","159.75","1.38M","-0.09%"
"12/07/2020","160.50","159.00","160.90","158.10","1.57M","-0.40%"
"12/04/2020","161.15","161.20","162.20","160.75","1.45M","-0.03%"
"12/03/2020","161.20","162.35","162.35","160.65","1.42M","-0.03%"
"12/02/2020","161.25","158.65","161.95","158.65","1.99M","0.00%"
"12/01/2020","161.25","159.35","163.30","159.25","1.57M","0.06%"
"11/30/2020","161.15","161.10","161.75","159.50","2.97M","-1.47%"
"11/27/2020","163.55","161.50","164.20","160.60","942.97K","0.65%"
"11/26/2020","162.50","164.50","164.70","160.85","1.51M","-0.98%"
"11/25/2020","164.10","165.00","165.55","162.30","2.10M","0.18%"
"11/24/2020","163.80","159.50","163.80","159.30","2.01M","3.02%"
"11/23/2020","159.00","157.45","159.00","157.45","1.53M","1.47%"
"11/20/2020","156.70","156.70","158.20","156.30","1.58M","-0.25%"
"11/19/2020","157.10","156.65","157.35","155.65","2.36M","-1.78%"
"11/18/2020","159.95","155.50","159.95","154.50","3.41M","2.96%"
"11/17/2020","155.35","153.50","155.35","153.05","2.65M","1.24%"
"11/16/2020","153.45","152.30","155.50","150.90","2.53M","2.03%"
"11/13/2020","150.40","150.00","151.45","148.80","1.73M","-0.53%"
"11/12/2020","151.20","150.00","152.40","149.50","2.06M","-0.46%"
"11/11/2020","151.90","151.80","153.10","150.00","2.81M","0.07%"
"11/10/2020","151.80","145.80","151.80","144.65","4.41M","3.55%"
"11/09/2020","146.60","135.90","146.60","134.85","4.88M","9.57%"
"11/06/2020","133.80","134.50","135.60","133.20","1.49M","-0.63%"
"11/05/2020","134.65","137.30","137.30","133.30","2.37M","-0.99%"
"11/04/2020","136.00","135.65","136.95","134.05","1.65M","0.26%"
"11/03/2020","135.65","133.00","135.65","131.70","1.88M","3.04%"
"11/02/2020","131.65","129.50","131.80","128.10","1.61M","2.29%"
"10/30/2020","128.70","126.40","128.70","126.05","2.30M","0.55%"
"10/29/2020","128.00","128.25","129.10","126.10","2.43M","0.43%"
"10/28/2020","127.45","131.35","131.60","127.45","3.29M","-4.28%"
"10/27/2020","133.15","136.00","136.50","133.15","2.12M","-1.88%"
"10/26/2020","135.70","137.85","139.65","135.70","2.15M","-3.07%"
"10/23/2020","140.00","137.50","140.25","136.45","2.77M","3.59%"
"10/22/2020","135.15","138.70","138.80","132.10","3.98M","-3.46%"
"10/21/2020","140.00","139.50","140.25","136.35","2.47M","1.08%"
"10/20/2020","138.50","139.00","140.15","138.30","1.82M","0.14%"
"10/19/2020","138.30","135.90","138.80","135.45","1.64M","2.63%"
"10/16/2020","134.75","133.65","134.95","132.15","1.68M","1.51%"
"10/15/2020","132.75","134.50","134.55","131.65","1.72M","-1.88%"
"10/14/2020","135.30","132.35","135.80","132.35","1.53M","2.38%"
"10/13/2020","132.15","134.00","134.30","132.15","1.11M","-1.38%"
"10/12/2020","134.00","136.15","137.25","134.00","1.33M","-0.74%"
"10/09/2020","135.00","135.95","136.45","134.45","1.20M","-0.70%"
"10/08/2020","135.95","136.80","136.95","135.15","1.11M","0.11%"
"10/07/2020","135.80","134.05","136.30","134.05","1.36M","0.82%"
"10/06/2020","134.70","133.00","135.40","132.20","1.70M","2.32%"
"10/05/2020","131.65","130.50","132.60","130.40","1.66M","2.37%"
"10/02/2020","128.60","127.55","128.70","127.10","1.43M","0.16%"
"10/01/2020","128.40","129.50","130.10","128.25","1.21M","-0.70%"
"09/30/2020","129.30","128.00","129.75","127.95","1.52M","0.23%"
"09/29/2020","129.00","128.95","129.50","128.15","1.62M","0.04%"
"09/28/2020","128.95","129.25","129.80","128.40","1.90M","1.78%"
"09/25/2020","126.70","128.05","129.05","126.40","1.72M","-0.63%"
"09/24/2020","127.50","125.30","129.50","125.30","1.62M","-1.20%"
"09/23/2020","129.05","129.70","130.65","128.80","1.50M","-0.19%"
"09/22/2020","129.30","130.45","130.50","129.05","1.73M","0.47%"
"09/21/2020","128.70","133.00","133.55","128.70","2.22M","-4.38%"
"09/18/2020","134.60","136.00","136.30","134.00","2.96M","-1.25%"
"09/17/2020","136.30","135.55","136.45","134.90","1.19M","-0.15%"
"09/16/2020","136.50","136.50","137.30","135.60","1.21M","-0.11%"
"09/15/2020","136.65","137.00","138.90","136.05","1.51M","0.15%"
"09/14/2020","136.45","137.80","138.00","136.30","950.33K","-0.22%"
"09/11/2020","136.75","136.75","137.90","136.05","1.16M","-0.22%"
"09/10/2020","137.05","136.50","138.00","135.20","1.47M","0.77%"
"09/09/2020","136.00","134.85","136.00","133.15","1.60M","0.18%"
"09/08/2020","135.75","139.60","139.80","135.20","1.54M","-2.76%"
"09/07/2020","139.60","138.30","139.60","138.30","785.69K","1.20%"
"09/04/2020","137.95","136.50","139.45","136.10","1.39M","0.15%"
"09/03/2020","137.75","138.55","139.60","137.50","1.70M","0.04%"
"09/02/2020","137.70","141.30","141.55","137.65","1.42M","-2.10%"
"09/01/2020","140.65","140.25","140.80","138.55","1.43M","0.32%"
"08/31/2020","140.20","144.80","144.80","140.20","2.36M","-2.44%"
"08/28/2020","143.70","142.75","144.65","141.45","1.32M","1.02%"
"08/27/2020","142.25","143.00","143.25","141.35","863.00K","-0.56%"
"08/26/2020","143.05","142.85","144.30","142.30","932.15K","-0.31%"
"08/25/2020","143.50","145.20","146.70","143.05","2.12M","-0.35%"
"08/24/2020","144.00","142.70","144.10","142.35","1.44M","1.41%"
"08/21/2020","142.00","142.50","143.00","140.55","1.07M","-0.07%"
"08/20/2020","142.10","143.45","143.45","141.40","1.21M","-1.59%"
"08/19/2020","144.40","143.00","144.60","142.55","1.02M","0.66%"
"08/18/2020","143.45","144.00","144.95","143.00","1.06M","-0.59%"
"08/17/2020","144.30","145.00","145.65","144.30","605.05K","-0.48%"
"08/14/2020","145.00","144.60","145.00","142.70","1.15M","-0.28%"
"08/13/2020","145.40","146.35","146.70","144.30","927.51K","-0.68%"
"08/12/2020","146.40","146.80","147.55","145.65","1.24M","0.41%"
"08/11/2020","145.80","142.80","146.90","142.80","2.32M","2.68%"
"08/10/2020","142.00","142.00","143.20","141.05","1.31M","0.57%"
"08/07/2020","141.20","142.25","142.60","140.35","1.06M","-1.12%"
"08/06/2020","142.80","143.00","145.25","142.05","1.12M","-0.24%"
"08/05/2020","143.15","142.95","144.15","142.45","1.29M","0.56%"
"08/04/2020","142.35","142.50","143.05","140.55","1.24M","0.18%"
"08/03/2020","142.10","138.00","142.10","137.60","1.66M","2.56%"
"07/31/2020","138.55","139.30","140.60","138.35","1.88M","1.02%"
"07/30/2020","137.15","141.70","142.10","137.15","1.57M","-3.48%"
"07/29/2020","142.10","142.00","143.30","141.40","1.33M","0.07%"
"07/28/2020","142.00","142.45","143.40","141.30","2.22M","-0.14%"
"07/27/2020","142.20","142.50","144.20","141.70","2.64M","-1.59%"
"07/24/2020","144.50","143.95","144.50","142.05","1.35M","0.00%"
"07/23/2020","144.50","145.90","145.90","144.50","1.10M","-0.62%"
"07/22/2020","145.40","147.90","148.00","143.75","1.61M","-1.02%"
"07/21/2020","146.90","148.00","149.10","146.70","1.81M","0.31%"
"07/20/2020","146.45","146.00","147.05","144.75","1.44M","-0.07%"
"07/17/2020","146.55","146.25","147.15","144.40","2.19M","0.21%"
"07/16/2020","146.25","147.55","148.70","146.25","2.08M","-1.71%"
"07/15/2020","148.80","146.50","149.40","146.30","3.93M","2.27%"
"07/14/2020","145.50","141.40","146.50","140.90","3.31M","2.14%"
"07/13/2020","142.45","140.00","145.75","138.60","6.04M","9.92%"
"07/10/2020","129.60","126.70","129.60","125.70","1.94M","1.73%"
"07/09/2020","127.40","130.00","130.35","127.05","2.55M","-2.41%"
"07/08/2020","130.55","130.00","130.55","128.60","1.94M","-0.68%"
"07/07/2020","131.45","132.50","133.30","130.45","2.12M","-1.76%"
"07/06/2020","133.80","132.50","134.50","132.20","1.94M","2.76%"
"07/03/2020","130.20","131.15","131.40","128.90","1.49M","-1.51%"
"07/02/2020","132.20","131.80","133.05","130.65","2.73M","0.30%"
"07/01/2020","131.80","128.00","132.10","127.85","3.65M","3.70%"
"06/30/2020","127.10","129.95","130.60","126.55","2.50M","-2.00%"
"06/29/2020","129.70","127.50","130.25","126.25","2.90M","1.33%"
"06/26/2020","128.00","130.25","130.95","128.00","1.52M","-1.23%"
"06/25/2020","129.60","126.80","129.65","126.35","2.68M","-0.31%"
"06/24/2020","130.00","131.45","132.80","129.65","2.19M","-0.80%"
"06/23/2020","131.05","130.20","133.65","130.20","1.59M","1.16%"
"06/22/2020","129.55","129.45","130.95","127.95","2.11M","-0.99%"
"06/19/2020","130.85","133.20","133.60","130.40","5.33M","-0.65%"
"06/18/2020","131.70","131.50","133.80","130.40","2.31M","-0.04%"
"06/17/2020","131.75","131.90","134.50","131.10","3.59M","-1.38%"
"06/16/2020","133.60","133.90","135.10","131.30","4.27M","2.77%"
"06/15/2020","130.00","127.50","132.00","127.40","3.50M","-3.49%"
"06/12/2020","134.70","131.00","135.75","129.85","3.31M","0.22%"
"06/11/2020","134.40","138.00","138.00","133.50","4.20M","-5.19%"
"06/10/2020","141.75","143.00","145.75","140.40","5.18M","0.39%"
"06/09/2020","141.20","147.40","147.40","141.20","4.36M","-4.43%"
"06/08/2020","147.75","143.95","150.05","143.80","4.77M","3.07%"
"06/05/2020","143.35","140.50","144.40","140.35","4.27M","2.94%"
"06/04/2020","139.25","139.00","139.80","136.85","3.07M","0.04%"
"06/03/2020","139.20","136.50","139.90","136.50","4.37M","2.05%"
"06/02/2020","136.40","134.50","136.40","133.40","4.57M","3.18%"
"05/29/2020","132.20","132.00","132.85","130.30","4.81M","-0.90%"
"05/28/2020","133.40","134.10","135.00","132.10","3.73M","0.68%"
"05/27/2020","132.50","128.85","135.65","128.85","5.32M","2.83%"
"05/26/2020","128.85","123.00","128.90","122.70","4.08M","5.49%"
"05/25/2020","122.15","120.90","122.15","119.25","1.74M","2.56%"
"05/22/2020","119.10","118.95","120.25","117.25","4.06M","-2.74%"
"05/20/2020","122.45","120.10","122.45","117.45","3.35M","2.00%"
"05/19/2020","120.05","123.00","123.00","118.30","3.18M","-0.54%"
"05/18/2020","120.70","116.00","121.00","115.45","3.66M","5.88%"
"05/15/2020","114.00","114.00","115.65","112.40","4.09M","3.03%"
"05/14/2020","110.65","113.70","113.70","109.90","3.69M","-3.87%"
"05/13/2020","115.10","118.00","118.00","115.10","4.53M","-3.68%"
"05/12/2020","119.50","116.75","120.10","116.10","3.42M","2.53%"
"05/11/2020","116.55","120.00","120.05","116.00","2.92M","-1.31%"
"05/08/2020","118.10","117.50","119.20","116.70","2.47M","1.77%"
"05/07/2020","116.05","116.90","117.85","115.05","3.43M","-0.51%"
"05/06/2020","116.65","119.10","119.10","116.65","2.58M","-1.69%"
"05/05/2020","118.65","120.90","121.40","118.50","4.24M","0.08%"
"05/04/2020","118.55","120.00","121.10","118.55","4.42M","-4.55%"
"04/30/2020","124.20","119.55","124.85","118.00","6.28M","-0.08%"
"04/29/2020","124.30","119.00","124.65","118.50","6.01M","4.85%"
"04/28/2020","118.55","113.60","118.70","113.15","5.26M","4.36%"
"04/27/2020","113.60","111.50","113.90","110.40","3.60M","3.79%"
"04/24/2020","109.45","109.50","111.00","108.90","2.70M","-2.10%"
"04/23/2020","111.80","110.60","111.95","108.65","4.67M","1.64%"
"04/22/2020","110.00","106.00","110.65","105.05","4.05M","2.80%"
"04/21/2020","107.00","108.15","108.95","106.00","4.66M","-3.34%"
"04/20/2020","110.70","113.65","113.65","109.25","3.93M","-2.08%"
"04/17/2020","113.05","111.00","113.75","109.85","5.47M","5.80%"
"04/16/2020","106.85","111.40","112.30","106.85","5.14M","-2.86%"
"04/15/2020","110.00","114.80","115.00","109.45","3.97M","-4.89%"
"04/14/2020","115.65","112.65","115.85","111.40","5.52M","3.26%"
"04/08/2020","112.00","115.00","115.15","111.15","3.27M","-3.45%"
"04/07/2020","116.00","117.85","118.45","115.65","4.54M","0.78%"
"04/06/2020","115.10","114.30","115.10","110.60","4.53M","2.36%"
"04/03/2020","112.45","111.30","113.60","109.55","3.14M","1.63%"
"04/02/2020","110.65","114.75","116.95","108.70","5.09M","-4.12%"
"04/01/2020","115.40","114.15","116.10","113.25","4.56M","-1.16%"
"03/31/2020","116.75","115.00","117.30","114.05","5.24M","3.46%"
"03/30/2020","112.85","109.30","112.85","105.70","4.91M","2.97%"
"03/27/2020","109.60","114.20","114.20","108.35","4.02M","-3.86%"
"03/26/2020","114.00","107.30","114.00","106.00","4.46M","4.59%"
"03/25/2020","109.00","110.00","111.50","104.40","6.03M","1.82%"
"03/24/2020","107.05","108.80","108.95","105.65","5.07M","5.47%"
"03/23/2020","101.50","104.90","108.80","101.50","6.58M","-6.28%"
"03/20/2020","108.30","115.00","115.45","106.10","7.28M","0.00%"
"03/19/2020","108.30","102.00","108.30","99.38","8.30M","7.76%"
"03/18/2020","100.50","97.22","100.50","94.26","8.53M","1.86%"
"03/17/2020","98.66","107.85","112.20","96.12","10.36M","-5.45%"
"03/16/2020","104.35","108.00","108.40","98.02","9.00M","-7.53%"
"03/13/2020","112.85","113.30","117.55","109.10","8.73M","3.63%"
"03/12/2020","108.90","115.70","117.70","108.15","9.82M","-9.93%"
"03/11/2020","120.90","127.80","129.10","119.70","6.46M","-4.28%"
"03/10/2020","126.30","126.00","130.35","124.40","9.40M","3.23%"
"03/09/2020","122.35","100.00","125.65","100.00","13.66M","-12.58%"
"03/06/2020","139.95","148.00","148.85","139.55","6.80M","-7.29%"
"03/05/2020","150.95","158.05","158.65","150.20","4.43M","-4.22%"
"03/04/2020","157.60","162.30","162.30","156.25","8.86M","-2.93%"
"03/03/2020","162.35","162.20","165.05","160.85","3.49M","2.43%"
"03/02/2020","158.50","160.00","161.35","154.40","3.31M","1.67%"
"02/28/2020","155.90","156.50","160.25","155.00","5.23M","-3.56%"
"02/27/2020","161.65","167.40","167.40","161.65","3.85M","-4.35%"
"02/26/2020","169.00","168.60","169.70","164.55","3.54M","-0.35%"
"02/25/2020","169.60","172.45","173.70","168.65","2.37M","-0.96%"
"02/24/2020","171.25","172.40","173.25","170.50","3.16M","-2.56%"
"02/21/2020","175.75","175.25","175.75","174.40","1.81M","-0.71%"
"02/20/2020","177.00","176.00","178.10","176.00","1.21M","0.63%"
"02/19/2020","175.90","175.55","176.00","174.80","1.10M","0.20%"
"02/18/2020","175.55","175.00","175.55","174.60","1.18M","-0.26%"
"02/17/2020","176.00","175.95","176.50","175.25","1.29M","0.43%"
"02/14/2020","175.25","174.95","175.70","174.20","1.23M","0.23%"
"02/13/2020","174.85","174.50","175.10","172.55","1.71M","-0.09%"
"02/12/2020","175.00","174.80","176.30","174.25","1.63M","-0.06%"
"02/11/2020","175.10","174.65","175.10","172.80","1.83M","1.13%"
"02/10/2020","173.15","174.15","175.35","171.90","1.77M","-0.89%"
"02/07/2020","174.70","175.30","175.50","172.50","2.42M","0.00%"
"02/06/2020","174.70","167.80","174.70","167.70","4.18M","6.75%"
"02/05/2020","163.65","162.80","164.85","162.30","2.30M","0.71%"
"02/04/2020","162.50","164.55","164.60","161.60","2.31M","-0.55%"
"02/03/2020","163.40","164.45","164.50","162.30","1.76M","0.96%"
"01/31/2020","161.85","162.15","164.70","161.85","2.38M","0.34%"
"01/30/2020","161.30","161.95","162.75","160.75","1.51M","-0.46%"
"01/29/2020","162.05","163.25","163.80","161.90","1.75M","0.06%"
"01/28/2020","161.95","158.50","162.25","157.35","1.95M","2.44%"
"01/27/2020","158.10","161.10","161.20","157.65","2.01M","-1.98%"
"01/24/2020","161.30","162.35","162.90","161.15","1.37M","0.47%"
"01/23/2020","160.55","161.80","162.85","159.75","1.49M","-0.77%"
"01/22/2020","161.80","163.05","163.55","161.80","1.46M","-0.34%"
"01/21/2020","162.35","162.85","163.25","161.35","830.24K","-0.43%"
"01/20/2020","163.05","164.25","164.90","162.90","1.19M","-0.67%"
"01/17/2020","164.15","163.75","164.60","162.90","1.30M","0.86%"
"01/16/2020","162.75","162.70","163.30","160.85","1.63M","0.62%"
"01/15/2020","161.75","162.75","163.75","161.50","1.42M","-0.64%"
"01/14/2020","162.80","165.65","165.65","162.55","1.43M","-0.76%"
"01/13/2020","164.05","165.60","166.20","163.70","1.14M","-0.88%"
"01/10/2020","165.50","166.95","166.95","164.45","1.16M","-0.60%"
"01/09/2020","166.50","167.00","167.70","165.65","1.36M","0.30%"
"01/08/2020","166.00","163.70","166.45","163.45","1.54M","1.28%"
"01/07/2020","163.90","166.00","167.25","163.90","1.46M","-0.61%"
"01/06/2020","164.90","165.25","165.35","162.65","1.18M","0.03%"
"01/03/2020","164.85","165.75","165.75","163.50","1.02M","-0.57%"
"01/02/2020","165.80","164.75","166.50","164.65","1.17M","1.10%"
"12/30/2019","164.00","163.15","164.70","163.15","947.38K","0.61%"
"12/27/2019","163.00","163.60","164.60","162.75","861.66K","-0.37%"
"12/23/2019","163.60","162.00","163.70","161.40","1.45M","0.80%"
"12/20/2019","162.30","161.35","162.60","160.90","2.74M","0.62%"
"12/19/2019","161.30","157.85","161.30","157.40","2.92M","2.15%"
"12/18/2019","157.90","157.15","159.40","156.85","2.92M","0.19%"
"12/17/2019","157.60","157.65","158.40","157.10","1.91M","-0.25%"
"12/16/2019","158.00","157.85","158.70","156.90","1.90M","0.29%"
"12/13/2019","157.55","156.35","158.90","156.00","2.37M","1.19%"
"12/12/2019","155.70","153.45","156.20","153.25","2.42M","1.86%"
"12/11/2019","152.85","154.15","154.95","152.35","2.36M","-1.39%"
"12/10/2019","155.00","154.70","155.40","153.45","1.29M","-0.10%"
"12/09/2019","155.15","155.00","155.55","154.60","1.18M","-0.16%"
"12/06/2019","155.40","153.80","155.40","153.40","1.80M","1.07%"
"12/05/2019","153.75","155.00","155.35","153.40","2.21M","-1.28%"
"12/04/2019","155.75","152.50","155.75","152.45","2.42M","2.13%"
"12/03/2019","152.50","152.00","154.20","151.90","3.56M","0.00%"
"12/02/2019","152.50","154.50","156.30","152.50","4.00M","-1.49%"
"11/29/2019","154.80","162.00","162.00","154.30","7.37M","-6.44%"
"11/28/2019","165.45","166.40","166.50","165.00","1.02M","-0.99%"
"11/27/2019","167.10","164.80","167.15","164.25","1.60M","0.84%"
"11/26/2019","165.70","169.20","169.20","165.20","2.99M","-2.07%"
"11/25/2019","169.20","168.05","169.20","168.05","1.23M","0.77%"
"11/22/2019","167.90","165.50","167.90","165.45","2.16M","2.07%"
"11/21/2019","164.50","165.35","165.80","163.25","1.46M","-0.75%"
"11/20/2019","165.75","165.00","165.80","162.70","2.31M","0.09%"
"11/19/2019","165.60","162.45","166.25","162.30","1.81M","1.91%"
"11/18/2019","162.50","162.00","163.90","161.25","2.02M","0.53%"
"11/15/2019","161.65","163.15","164.05","157.95","2.47M","-1.16%"
"11/14/2019","163.55","166.00","166.00","163.05","2.52M","-1.62%"
"11/13/2019","166.25","170.00","170.00","164.70","2.64M","-2.35%"
"11/12/2019","170.25","170.20","170.55","169.10","1.39M","0.03%"
"11/11/2019","170.20","168.25","170.20","167.85","1.30M","0.71%"
"11/08/2019","169.00","168.95","169.00","167.30","1.95M","-0.47%"
"11/07/2019","169.80","167.50","169.80","167.35","1.67M","1.37%"
"11/06/2019","167.50","166.85","169.15","166.65","2.04M","-0.36%"
"11/05/2019","168.10","169.00","169.80","166.65","1.51M","-0.77%"
"11/04/2019","169.40","168.20","170.10","168.00","1.59M","0.95%"
"11/01/2019","167.80","166.55","167.85","166.55","1.32M","0.42%"
"10/31/2019","167.10","167.35","167.55","165.50","1.89M","-0.33%"
"10/30/2019","167.65","170.00","170.40","167.05","1.79M","-1.58%"
"10/29/2019","170.35","170.85","170.85","168.00","2.10M","-0.93%"
"10/28/2019","171.95","167.70","171.95","167.10","1.87M","2.53%"
"10/25/2019","167.70","168.90","169.00","166.70","1.77M","-0.80%"
"10/24/2019","169.05","165.00","169.80","163.05","4.12M","7.68%"
"10/23/2019","157.00","160.00","160.95","156.35","2.51M","-2.73%"
"10/22/2019","161.40","163.10","163.20","160.60","1.31M","-0.68%"
"10/21/2019","162.50","160.70","162.85","160.70","1.06M","1.18%"
"10/18/2019","160.60","160.00","162.50","159.60","1.85M","-0.34%"
"10/17/2019","161.15","160.85","163.50","160.00","2.02M","-0.52%"
"10/16/2019","162.00","161.00","162.20","157.95","1.24M","1.98%"
"10/15/2019","158.85","158.80","159.75","158.50","1.35M","0.95%"
"10/14/2019","157.35","159.95","159.95","156.75","1.21M","-1.63%"
"10/11/2019","159.95","157.90","161.00","157.40","1.31M","1.85%"
"10/10/2019","157.05","153.75","157.05","153.20","1.12M","2.48%"
"10/09/2019","153.25","153.00","154.85","152.75","1.32M","0.03%"
"10/08/2019","153.20","155.20","155.70","152.50","1.23M","-1.26%"
"10/07/2019","155.15","151.50","155.15","150.90","1.75M","2.41%"
"10/04/2019","151.50","152.85","153.50","150.65","1.31M","-0.23%"
"10/03/2019","151.85","153.35","154.15","151.10","1.18M","-1.78%"
"10/02/2019","154.60","157.40","158.50","154.05","2.11M","-3.80%"
"10/01/2019","160.70","161.45","163.20","160.10","1.27M","0.28%"
"09/30/2019","160.25","160.50","160.95","159.50","1.34M","0.50%"
"09/27/2019","159.45","159.00","160.45","157.50","1.76M","1.46%"
"09/26/2019","157.15","157.25","158.20","156.60","1.06M","0.29%"
"09/25/2019","156.70","156.40","157.90","155.05","1.91M","-0.38%"
"09/24/2019","157.30","163.05","163.60","156.85","3.43M","-3.44%"
"09/23/2019","162.90","163.70","164.25","162.15","1.38M","-1.00%"
"09/20/2019","164.55","162.50","165.30","162.50","3.84M","1.64%"
"09/19/2019","161.90","159.55","163.15","159.50","2.07M","1.70%"
"09/18/2019","159.20","156.10","159.60","155.80","1.48M","2.08%"
"09/17/2019","155.95","160.45","160.45","155.30","1.49M","-2.87%"
"09/16/2019","160.55","159.60","160.75","158.35","1.82M","0.63%"
"09/13/2019","159.55","158.40","159.60","158.05","1.31M","1.27%"
"09/12/2019","157.55","156.80","158.25","155.20","1.67M","2.14%"
"09/11/2019","154.25","153.60","155.30","153.15","1.36M","0.98%"
"09/10/2019","152.75","153.50","154.60","151.75","1.23M","-0.26%"
"09/09/2019","153.15","150.10","153.15","150.05","1.49M","1.79%"
"09/06/2019","150.45","150.45","151.10","149.35","1.50M","0.00%"
"09/05/2019","150.45","146.45","150.45","146.20","2.03M","3.05%"
"09/04/2019","146.00","145.50","146.40","144.80","928.53K","1.28%"
"09/03/2019","144.15","145.95","145.95","144.10","1.06M","-0.59%"
"09/02/2019","145.00","146.10","146.45","144.95","862.68K","-1.29%"
"08/30/2019","146.90","146.10","147.30","145.60","1.56M","0.72%"
"08/29/2019","145.85","144.75","146.35","143.35","1.40M","2.75%"
"08/28/2019","141.95","142.65","143.05","141.50","1.21M","-0.49%"
"08/27/2019","142.65","142.60","143.65","141.60","1.71M","0.42%"
"08/26/2019","142.05","142.00","143.70","141.80","1.40M","-0.94%"
"08/23/2019","143.40","148.25","148.25","142.45","1.72M","-1.65%"
"08/22/2019","145.80","145.70","146.40","144.60","1.38M","0.34%"
"08/21/2019","145.30","146.20","147.45","143.50","1.69M","-0.62%"
"08/20/2019","146.20","148.10","148.35","145.40","876.80K","-1.65%"
"08/19/2019","148.65","147.30","149.15","147.30","1.07M","1.99%"
"08/16/2019","145.75","145.50","147.05","145.05","1.77M","0.59%"
"08/15/2019","144.90","145.00","146.20","142.75","1.79M","0.24%"
"08/14/2019","144.55","149.75","149.75","144.55","1.76M","-3.34%"
"08/13/2019","149.55","149.00","150.45","148.15","1.69M","-0.47%"
"08/12/2019","150.25","152.20","152.90","150.05","864.41K","-1.05%"
"08/09/2019","151.85","153.80","154.05","151.65","936.71K","-1.27%"
"08/08/2019","153.80","153.15","153.95","152.35","1.13M","1.79%"
"08/07/2019","151.10","152.65","153.95","150.70","1.35M","-0.62%"
"08/06/2019","152.05","152.05","153.35","151.55","1.20M","0.07%"
"08/05/2019","151.95","156.00","156.00","151.95","1.33M","-2.88%"
"08/02/2019","156.45","157.00","157.50","155.10","1.47M","-1.76%"
"08/01/2019","159.25","157.35","160.30","157.35","1.36M","0.31%"
"07/31/2019","158.75","157.15","158.75","157.15","1.76M","1.11%"
"07/30/2019","157.00","160.15","160.15","157.00","980.07K","-1.97%"
"07/29/2019","160.15","160.00","160.40","159.15","939.04K","0.09%"
"07/26/2019","160.00","158.25","160.05","157.70","968.02K","1.30%"
"07/25/2019","157.95","158.45","161.45","157.60","1.25M","-0.03%"
"07/24/2019","158.00","159.35","159.55","157.35","1.15M","-0.78%"
"07/23/2019","159.25","158.25","159.25","157.00","1.07M","1.21%"
"07/22/2019","157.35","158.15","158.80","157.10","978.81K","0.03%"
"07/19/2019","157.30","155.90","157.35","155.00","1.61M","0.74%"
"07/18/2019","156.15","155.85","157.15","155.25","1.31M","-0.79%"
"07/17/2019","157.40","159.85","159.85","157.10","1.63M","-1.59%"
"07/16/2019","159.95","160.90","161.00","159.55","1.84M","-1.05%"
"07/15/2019","161.65","160.95","161.85","160.00","1.13M","-0.31%"
"07/12/2019","162.15","161.80","163.40","160.85","1.16M","-0.09%"
"07/11/2019","162.30","161.40","162.30","158.30","2.49M","-0.43%"
"07/10/2019","163.00","164.00","165.05","163.00","1.35M","-0.64%"
"07/09/2019","164.05","164.30","165.00","163.65","1.15M","-0.33%"
"07/08/2019","164.60","165.65","166.90","164.35","1.12M","-0.99%"
"07/05/2019","166.25","165.15","166.80","164.95","1.59M","0.73%"
"07/04/2019","165.05","163.70","165.25","163.70","1.66M","1.10%"
"07/03/2019","163.25","161.70","163.80","161.00","1.38M","0.90%"
"07/02/2019","161.80","163.00","163.00","160.35","1.76M","-0.77%"
"07/01/2019","163.05","160.00","163.10","160.00","2.05M","2.74%"
"06/28/2019","158.70","157.80","158.70","157.25","1.58M","0.67%"
"06/27/2019","157.65","157.70","158.90","157.20","1.77M","1.51%"
"06/26/2019","155.30","154.85","156.20","154.55","1.93M","0.45%"
"06/25/2019","154.60","156.15","156.30","152.95","2.26M","-1.75%"
"06/24/2019","157.35","156.10","158.80","155.90","2.55M","0.77%"
"06/21/2019","156.15","155.15","156.15","153.65","3.74M","0.61%"
"06/20/2019","155.20","155.90","156.50","154.65","2.19M","-0.13%"
"06/19/2019","155.40","152.60","155.40","152.00","2.58M","2.37%"
"06/18/2019","151.80","150.90","152.50","150.40","1.80M","0.83%"
"06/17/2019","150.55","150.60","152.15","150.45","1.06M","0.00%"
"06/14/2019","150.55","151.00","151.70","149.20","1.47M","-0.30%"
"06/13/2019","151.00","149.05","151.55","148.15","1.20M","0.90%"
"06/12/2019","149.65","152.00","152.55","149.55","1.21M","-2.25%"
"06/11/2019","153.10","153.35","154.10","152.80","1.82M","0.13%"
"06/07/2019","152.90","150.85","153.00","150.70","1.01M","1.80%"
"06/06/2019","150.20","151.25","152.25","150.20","1.03M","-0.63%"
"06/05/2019","151.15","151.40","151.85","150.60","1.42M","0.40%"
"06/04/2019","150.55","148.00","150.80","148.00","1.56M","0.53%"
"06/03/2019","149.75","148.00","149.75","147.55","1.59M","0.91%"
"05/31/2019","148.40","149.45","149.45","146.90","2.65M","-1.17%"
"05/29/2019","150.15","152.65","152.95","150.15","1.95M","-2.18%"
"05/28/2019","153.50","154.25","154.65","151.80","2.05M","-0.45%"
"05/27/2019","154.20","154.00","154.75","153.55","647.72K","0.29%"
"05/24/2019","153.75","152.15","153.85","151.90","1.56M","1.35%"
"05/23/2019","151.70","154.55","154.55","151.70","1.09M","-1.56%"
"05/22/2019","154.10","154.85","155.15","153.00","1.77M","-0.39%"
"05/21/2019","154.70","154.00","155.45","154.00","1.03M","0.39%"
"05/20/2019","154.10","158.80","158.80","152.70","2.59M","-1.19%"
"05/16/2019","155.95","153.75","155.95","152.75","2.84M","2.03%"
"05/15/2019","152.85","153.20","153.45","151.35","1.35M","0.13%"
"05/14/2019","152.65","152.75","153.00","151.60","1.36M","0.26%"
"05/13/2019","152.25","154.90","154.90","152.05","1.55M","-1.30%"
"05/10/2019","154.25","153.90","154.75","153.30","1.59M","0.88%"
"05/09/2019","152.90","154.20","154.90","152.70","1.31M","-1.58%"
"05/08/2019","155.35","154.85","156.45","154.30","1.34M","0.23%"
"05/07/2019","155.00","157.40","158.45","154.95","1.81M","-1.90%"
"05/06/2019","158.00","157.00","158.00","155.90","1.17M","-0.38%"
"05/03/2019","158.60","156.90","160.25","154.10","2.63M","0.00%"
"05/02/2019","158.60","158.45","159.60","157.40","1.88M","-4.26%"
"04/30/2019","165.65","167.65","168.05","164.95","2.74M","-1.98%"
"04/29/2019","169.00","168.80","169.35","168.10","1.31M","0.18%"
"04/26/2019","168.70","168.25","168.80","166.85","1.16M","0.69%"
"04/25/2019","167.55","168.05","169.40","167.30","1.43M","0.03%"
"04/24/2019","167.50","167.25","168.35","167.15","1.57M","0.12%"
"04/23/2019","167.30","169.60","169.65","166.05","1.77M","-0.83%"
"04/17/2019","168.70","167.60","168.70","166.30","1.99M","0.84%"
"04/16/2019","167.30","166.85","167.75","166.00","1.05M","0.78%"
"04/15/2019","166.00","166.20","166.85","165.75","965.50K","0.12%"
"04/12/2019","165.80","164.25","166.65","163.65","1.62M","1.10%"
"04/11/2019","164.00","162.50","164.60","162.50","1.62M","0.71%"
"04/10/2019","162.85","163.75","163.95","162.85","1.34M","-0.09%"
"04/09/2019","163.00","163.50","164.10","162.25","1.72M","-1.33%"
"04/08/2019","165.20","164.25","165.20","163.50","1.31M","0.58%"
"04/05/2019","164.25","165.00","165.00","163.70","1.02M","0.15%"
"04/04/2019","164.00","163.80","164.15","162.85","1.59M","-0.09%"
"04/03/2019","164.15","164.80","164.90","162.80","2.41M","0.31%"
"04/02/2019","163.65","163.00","163.85","161.90","2.46M","1.21%"
"04/01/2019","161.70","160.25","162.25","160.25","1.95M","1.83%"
"03/29/2019","158.80","163.00","163.30","158.60","3.39M","-1.73%"
"03/28/2019","161.60","166.00","166.00","161.60","2.43M","-1.61%"
"03/27/2019","164.25","164.00","165.80","162.85","2.12M","0.89%"
"03/26/2019","162.80","163.40","163.40","161.50","1.45M","0.49%"
"03/25/2019","162.00","162.35","163.40","161.25","1.62M","-0.34%"
"03/22/2019","162.55","166.80","166.80","162.15","2.47M","-2.20%"
"03/21/2019","166.20","166.95","167.10","164.60","1.43M","-0.33%"
"03/20/2019","166.75","167.30","167.85","166.25","1.16M","-0.15%"
"03/19/2019","167.00","166.05","169.00","166.00","1.86M","0.78%"
"03/18/2019","165.70","163.95","165.90","163.45","1.58M","1.41%"
"03/15/2019","163.40","162.00","163.40","161.00","2.75M","0.93%"
"03/14/2019","161.90","159.55","161.90","159.40","2.12M","1.73%"
"03/13/2019","159.15","158.85","160.10","158.40","1.76M","0.41%"
"03/12/2019","158.50","159.15","159.55","158.10","1.34M","-0.16%"
"03/11/2019","158.75","158.25","159.45","157.90","1.49M","0.54%"
"03/08/2019","157.90","156.80","158.05","156.50","1.29M","0.22%"
"03/07/2019","157.55","158.65","159.70","156.80","1.97M","-0.63%"
"03/06/2019","158.55","157.55","158.60","156.80","2.06M","0.67%"
"03/05/2019","157.50","159.00","159.55","157.10","3.39M","-0.32%"
"03/04/2019","158.00","164.70","165.00","156.25","5.56M","-3.63%"
"03/01/2019","163.95","165.00","165.00","162.85","1.68M","-0.03%"
"02/28/2019","164.00","162.30","164.20","161.55","1.85M","0.61%"
"02/27/2019","163.00","162.50","163.60","162.05","1.20M","-0.28%"
"02/26/2019","163.45","161.95","163.50","161.15","1.63M","0.74%"
"02/25/2019","162.25","161.70","163.45","161.70","1.58M","0.59%"
"02/22/2019","161.30","158.05","162.40","158.05","1.90M","2.15%"
"02/21/2019","157.90","162.50","162.50","157.90","2.84M","-2.26%"
"02/20/2019","161.55","162.40","162.85","160.45","1.15M","-0.52%"
"02/19/2019","162.40","162.05","162.40","161.10","1.18M","0.19%"
"02/18/2019","162.10","162.60","163.00","161.00","1.13M","-0.43%"
"02/15/2019","162.80","160.50","162.85","159.25","2.25M","1.21%"
"02/14/2019","160.85","161.00","161.30","158.50","2.49M","0.22%"
"02/13/2019","160.50","159.85","160.50","158.70","1.98M","0.85%"
"02/12/2019","159.15","156.85","159.15","156.50","2.09M","2.28%"
"02/11/2019","155.60","155.60","156.80","155.15","1.79M","0.58%"
"02/08/2019","154.70","155.60","157.05","154.55","1.97M","-0.83%"
"02/07/2019","156.00","156.60","158.35","156.00","2.75M","1.43%"
"02/06/2019","153.80","152.90","154.30","152.15","1.61M","0.16%"
"02/05/2019","153.55","151.05","154.20","150.95","2.11M","1.76%"
"02/04/2019","150.90","151.00","152.15","149.35","1.94M","0.00%"
"02/01/2019","150.90","150.35","151.10","149.40","1.29M","1.04%"
"01/31/2019","149.35","151.50","152.80","149.20","2.54M","-0.99%"
"01/30/2019","150.85","149.50","151.30","148.85","2.23M","1.24%"
"01/29/2019","149.00","149.95","150.10","148.00","2.48M","-0.67%"
"01/28/2019","150.00","151.90","152.15","149.85","1.24M","-1.25%"
"01/25/2019","151.90","153.45","153.45","151.50","1.45M","0.07%"
"01/24/2019","151.80","151.00","154.00","150.35","1.95M","-0.33%"
"01/23/2019","152.30","153.05","153.20","152.00","1.57M","-0.33%"
"01/22/2019","152.80","152.35","154.10","152.35","1.22M","-1.13%"
"01/21/2019","154.55","155.40","155.95","153.80","962.55K","-0.55%"
"01/18/2019","155.40","153.70","155.65","153.30","1.89M","2.20%"
"01/17/2019","152.05","151.65","152.35","150.55","1.49M","-0.43%"
"01/16/2019","152.70","152.00","153.10","150.15","2.09M","1.60%"
"01/15/2019","150.30","151.80","152.55","149.80","2.06M","0.37%"
"01/14/2019","149.75","150.85","150.85","148.35","1.61M","0.03%"
"01/11/2019","149.70","149.00","150.75","148.35","2.11M","1.08%"
"01/10/2019","148.10","148.65","149.30","147.10","1.45M","-0.44%"
"01/09/2019","148.75","147.45","149.15","146.80","1.36M","1.36%"
"01/08/2019","146.75","146.15","147.20","144.35","1.53M","-0.03%"
"01/07/2019","146.80","148.85","149.20","146.40","1.52M","-0.58%"
"01/04/2019","147.65","145.00","147.65","143.55","2.29M","3.51%"
"01/03/2019","142.65","138.45","143.70","138.35","2.23M","2.74%"
"01/02/2019","138.85","136.95","138.95","136.10","2.09M","0.51%"
"12/28/2018","138.15","137.80","139.30","136.60","1.87M","1.28%"
"12/27/2018","136.40","140.00","140.00","135.50","2.42M","-1.52%"
"12/21/2018","138.50","139.00","139.60","136.80","4.99M","-0.82%"
"12/20/2018","139.65","141.50","142.40","139.65","2.61M","-2.78%"
"12/19/2018","143.65","144.25","145.20","142.85","1.69M","-0.66%"
"12/18/2018","144.60","143.45","145.00","141.40","1.95M","0.73%"
"12/17/2018","143.55","145.00","145.05","143.50","1.82M","-1.34%"
"12/14/2018","145.50","146.55","146.95","145.00","1.85M","-1.82%"
"12/13/2018","148.20","148.50","149.40","146.55","1.69M","0.14%"
"12/12/2018","148.00","147.35","148.65","147.05","1.80M","0.14%"
"12/11/2018","147.80","145.50","148.15","145.10","2.04M","1.41%"
"12/10/2018","145.75","148.00","149.05","145.20","1.57M","-1.69%"
"12/07/2018","148.25","145.95","149.10","145.15","2.64M","1.72%"
"12/06/2018","145.75","148.55","149.05","145.75","1.96M","-2.31%"
"12/05/2018","149.20","148.10","150.55","148.00","1.87M","-1.06%"
"12/04/2018","150.80","150.55","152.55","150.55","1.65M","-0.40%"
"12/03/2018","151.40","150.05","152.40","149.65","1.88M","2.64%"
"11/30/2018","147.50","148.80","149.00","147.05","2.69M","-0.91%"
"11/29/2018","148.85","149.00","149.40","147.20","1.50M","0.27%"
"11/28/2018","148.45","148.25","148.60","147.25","1.72M","0.51%"
"11/27/2018","147.70","147.25","148.10","145.90","1.43M","0.10%"
"11/26/2018","147.55","146.25","148.20","146.25","1.67M","1.93%"
"11/23/2018","144.75","146.10","147.35","144.30","1.52M","-1.19%"
"11/22/2018","146.50","146.15","147.55","145.65","1.23M","-0.10%"
"11/21/2018","146.65","146.35","147.40","146.05","1.65M","0.72%"
"11/20/2018","145.60","148.35","148.70","145.25","2.00M","-2.93%"
"11/19/2018","150.00","152.40","153.45","149.80","1.45M","-0.66%"
"11/16/2018","151.00","150.80","151.50","149.55","1.76M","1.10%"
"11/15/2018","149.35","150.60","151.55","148.70","1.99M","-0.76%"
"11/14/2018","150.50","152.50","152.70","149.55","4.03M","-2.18%"
"11/13/2018","153.85","155.05","156.15","153.85","2.34M","-1.06%"
"11/12/2018","155.50","157.35","157.35","155.00","1.26M","-0.77%"
"11/09/2018","156.70","157.65","157.65","156.30","1.08M","-1.26%"
"11/08/2018","158.70","158.05","158.90","156.65","1.30M","0.99%"
"11/07/2018","157.15","155.95","157.85","155.90","1.22M","1.00%"
"11/06/2018","155.60","156.50","156.50","154.65","1.13M","-0.06%"
"11/05/2018","155.70","155.40","156.20","154.25","1.24M","0.19%"
"11/02/2018","155.40","154.90","156.35","154.25","1.69M","1.37%"
"11/01/2018","153.30","152.00","153.65","152.00","2.14M","0.49%"
"10/31/2018","152.55","153.70","154.25","152.55","3.02M","0.43%"
"10/30/2018","151.90","153.00","153.20","150.65","2.71M","-0.95%"
"10/29/2018","153.35","152.95","154.35","152.50","1.88M","1.19%"
"10/26/2018","151.55","150.60","153.15","150.60","2.65M","-1.30%"
"10/25/2018","153.55","153.90","154.75","148.55","4.07M","-3.64%"
"10/24/2018","159.35","158.45","161.05","158.00","1.83M","1.46%"
"10/23/2018","157.05","158.15","160.50","156.95","2.90M","-2.30%"
"10/22/2018","160.75","164.40","165.95","160.60","1.55M","-1.62%"
"10/19/2018","163.40","161.25","164.10","161.10","1.98M","1.33%"
"10/18/2018","161.25","163.25","165.00","161.10","2.17M","-1.07%"
"10/17/2018","163.00","164.00","164.45","162.75","1.26M","0.34%"
"10/16/2018","162.45","162.05","163.50","161.00","1.70M","0.87%"
"10/15/2018","161.05","162.00","162.45","160.05","1.84M","-0.22%"
"10/12/2018","161.40","161.55","162.65","160.25","1.90M","-0.09%"
"10/11/2018","161.55","160.10","162.40","160.10","2.44M","-2.30%"
"10/10/2018","165.35","163.95","166.60","163.40","1.64M","0.82%"
"10/09/2018","164.00","165.75","166.15","162.75","1.71M","-1.03%"
"10/08/2018","165.70","166.85","167.15","165.30","1.29M","-0.81%"
"10/05/2018","167.05","166.15","168.05","165.30","1.49M","0.39%"
"10/04/2018","166.40","167.50","168.05","165.75","2.20M","0.15%"
"10/03/2018","166.15","170.95","171.40","165.70","2.33M","-1.83%"
"10/02/2018","169.25","169.55","170.35","168.10","1.37M","-0.32%"
"10/01/2018","169.80","171.10","171.80","169.70","1.58M","-0.85%"
"09/28/2018","171.25","172.50","172.65","170.25","1.76M","-1.07%"
"09/27/2018","173.10","171.75","173.10","170.45","1.24M","0.79%"
"09/26/2018","171.75","173.50","174.20","171.00","1.66M","-0.81%"
"09/25/2018","173.15","172.55","173.85","171.90","1.31M","0.55%"
"09/24/2018","172.20","171.40","172.40","170.40","1.27M","0.29%"
"09/21/2018","171.70","170.50","171.85","170.30","3.13M","0.88%"
"09/20/2018","170.20","169.75","171.00","168.50","2.21M","0.65%"
"09/19/2018","169.10","168.55","169.60","167.05","1.90M","-0.68%"
"09/18/2018","170.25","171.60","171.75","169.70","1.41M","-0.70%"
"09/17/2018","171.45","169.90","171.60","169.65","1.45M","0.82%"
"09/14/2018","170.05","169.85","170.70","169.60","1.27M","0.18%"
"09/13/2018","169.75","170.30","170.60","169.10","1.22M","0.15%"
"09/12/2018","169.50","170.15","170.65","169.00","1.12M","0.00%"
"09/11/2018","169.50","171.30","171.30","169.00","1.37M","-0.76%"
"09/10/2018","170.80","170.15","172.35","169.20","1.36M","0.68%"
"09/07/2018","169.65","170.95","171.45","168.05","1.52M","-0.62%"
"09/06/2018","170.70","170.00","171.25","169.65","1.20M","0.32%"
"09/05/2018","170.15","169.45","171.20","169.40","1.33M","0.41%"
"09/04/2018","169.45","169.70","170.00","168.15","1.25M","-0.73%"
"09/03/2018","170.70","170.65","171.65","170.25","903.31K","-0.06%"
"08/31/2018","170.80","171.80","172.35","170.80","1.65M","-0.38%"
"08/30/2018","171.45","172.70","172.80","171.30","1.01M","-0.87%"
"08/29/2018","172.95","172.30","173.40","172.10","1.41M","0.29%"
"08/28/2018","172.45","173.05","173.95","172.10","1.25M","-0.14%"
"08/27/2018","172.70","172.05","172.80","171.35","1.00M","0.94%"
"08/24/2018","171.10","169.75","171.35","169.55","1.39M","0.94%"
"08/23/2018","169.50","168.10","169.70","168.00","1.27M","0.86%"
"08/22/2018","168.05","166.00","168.40","165.35","1.63M","0.30%"
"08/21/2018","167.55","166.40","168.00","166.30","1.68M","0.48%"
"08/20/2018","166.75","166.25","168.10","166.25","1.38M","0.45%"
"08/17/2018","166.00","166.10","166.55","163.90","1.43M","-0.06%"
"08/16/2018","166.10","166.60","167.15","165.20","1.55M","0.15%"
"08/15/2018","165.85","166.00","167.10","164.75","1.57M","0.12%"
"08/14/2018","165.65","166.60","167.40","165.60","1.46M","-0.45%"
"08/13/2018","166.40","166.25","167.05","165.00","1.11M","-0.33%"
"08/10/2018","166.95","167.85","168.50","166.40","1.87M","-1.21%"
"08/09/2018","169.00","167.20","169.00","166.15","1.39M","1.17%"
"08/08/2018","167.05","166.70","167.30","166.45","1.22M","0.15%"
"08/07/2018","166.80","163.70","166.80","163.70","1.84M","2.21%"
"08/06/2018","163.20","163.40","163.80","162.65","992.92K","-0.52%"
"08/03/2018","164.05","162.70","164.95","162.70","1.39M","1.27%"
"08/02/2018","162.00","163.70","164.60","161.70","1.58M","-1.13%"
"08/01/2018","163.85","164.80","165.25","162.60","1.43M","-0.43%"
"07/31/2018","164.55","163.75","164.75","163.55","1.85M","0.30%"
"07/30/2018","164.05","163.35","164.20","163.00","1.19M","0.34%"
"07/27/2018","163.50","163.40","164.55","162.70","1.49M","0.46%"
"07/26/2018","162.75","163.25","163.70","162.25","1.52M","0.22%"
"07/25/2018","162.40","161.05","163.40","161.05","2.24M","0.68%"
"07/24/2018","161.30","160.50","161.45","159.85","1.95M","0.78%"
"07/23/2018","160.05","158.95","160.70","158.55","1.81M","0.82%"
"07/20/2018","158.75","156.60","159.20","155.80","1.65M","0.89%"
"07/19/2018","157.35","158.60","158.80","157.05","1.66M","-0.54%"
"07/18/2018","158.20","156.75","158.50","154.90","2.19M","1.05%"
"07/17/2018","156.55","155.30","157.35","155.10","2.36M","0.64%"
"07/16/2018","155.55","155.00","156.35","153.85","1.99M","0.16%"
"07/13/2018","155.30","157.00","157.00","154.25","2.50M","-0.51%"
"07/12/2018","156.10","159.10","159.10","152.90","6.42M","-4.03%"
"07/11/2018","162.65","161.35","162.75","160.40","2.07M","0.34%"
"07/10/2018","162.10","160.65","163.80","160.35","2.46M","0.93%"
"07/09/2018","160.60","158.60","160.75","158.20","2.01M","1.71%"
"07/06/2018","157.90","158.55","159.40","157.40","2.12M","-0.54%"
"07/05/2018","158.75","161.95","161.95","158.75","2.96M","-2.07%"
"07/04/2018","162.10","159.25","162.75","158.45","1.32M","1.60%"
"07/03/2018","159.55","158.70","159.85","158.20","1.89M","0.92%"
"07/02/2018","158.10","157.40","158.45","156.45","1.39M","-0.75%"
"06/29/2018","159.30","158.75","160.50","158.60","2.73M","1.34%"
"06/28/2018","157.20","155.90","157.80","155.85","1.65M","-0.19%"
"06/27/2018","157.50","156.15","158.05","155.20","2.22M","0.54%"
"06/26/2018","156.65","156.90","157.40","156.30","1.46M","0.22%"
"06/25/2018","156.30","156.65","157.55","156.20","1.68M","-0.76%"
"06/22/2018","157.50","156.70","157.50","155.70","1.42M","0.74%"
"06/21/2018","156.35","156.90","157.00","155.65","2.99M","-0.29%"
"06/20/2018","156.80","159.15","159.15","156.80","2.64M","-1.01%"
"06/19/2018","158.40","157.15","158.90","156.80","2.73M","0.03%"
"06/18/2018","158.35","158.70","159.10","158.15","1.65M","-0.35%"
"06/15/2018","158.90","158.10","158.90","157.40","3.77M","0.19%"
"06/14/2018","158.60","157.00","158.95","156.60","2.21M","0.57%"
"06/13/2018","157.70","157.85","158.70","157.30","2.28M","0.25%"
"06/12/2018","157.30","157.90","158.15","157.10","2.44M","0.22%"
"06/11/2018","156.95","155.00","156.95","155.00","2.91M","1.72%"
"06/08/2018","154.30","153.55","154.30","152.40","2.58M","0.39%"
"06/07/2018","153.70","151.95","154.00","151.85","3.13M","2.26%"
"06/06/2018","150.30","150.30","151.45","150.10","2.45M","0.91%"
"06/05/2018","148.95","150.55","150.65","148.95","1.74M","-0.30%"
"06/04/2018","149.40","151.45","151.45","148.95","1.45M","-0.23%"
"06/01/2018","149.75","147.90","150.15","147.55","1.80M","2.22%"
"05/31/2018","146.50","150.65","152.00","146.50","4.46M","-1.68%"
"05/30/2018","149.00","149.00","150.20","147.70","2.24M","-0.63%"
"05/29/2018","149.95","151.95","152.05","149.00","2.40M","-1.96%"
"05/28/2018","152.95","155.00","155.00","152.65","1.03M","-0.49%"
"05/25/2018","153.70","152.50","154.30","151.80","2.01M","1.29%"
"05/24/2018","151.75","154.60","155.75","151.40","2.22M","-1.94%"
"05/23/2018","154.75","156.00","156.00","154.60","1.88M","-1.05%"
"05/22/2018","156.40","157.45","157.45","154.60","2.24M","1.23%"
"05/18/2018","154.50","155.15","155.90","151.35","3.42M","0.88%"
"05/16/2018","153.15","154.00","154.90","151.90","2.40M","-0.68%"
"05/15/2018","154.20","154.65","155.50","153.25","2.02M","-0.19%"
"05/14/2018","154.50","155.95","156.40","153.85","1.78M","-1.21%"
"05/11/2018","156.40","157.00","157.25","155.80","1.85M","0.39%"
"05/09/2018","155.80","155.10","156.40","154.80","2.04M","1.04%"
"05/08/2018","154.20","152.40","154.20","152.10","2.32M","1.31%"
"05/07/2018","152.20","152.20","152.70","151.50","970.98K","0.00%"
"05/04/2018","152.20","152.50","152.50","150.90","1.87M","-0.33%"
"05/03/2018","152.70","154.70","155.00","152.70","1.54M","-1.04%"
"05/02/2018","154.30","152.40","155.20","152.40","3.32M","2.46%"
"04/30/2018","150.60","150.30","153.40","150.30","2.61M","0.53%"
"04/27/2018","149.80","149.30","150.50","148.80","3.83M","1.08%"
"04/26/2018","148.20","145.00","149.10","145.00","6.20M","6.70%"
"04/25/2018","138.90","144.40","144.40","138.90","6.40M","-8.26%"
"04/24/2018","151.40","151.10","152.10","150.90","2.18M","0.60%"
"04/23/2018","150.50","149.40","150.60","149.20","2.55M","0.80%"
"04/20/2018","149.30","150.00","150.30","149.30","2.70M","-0.33%"
"04/19/2018","149.80","148.80","150.10","148.50","2.05M","1.01%"
"04/18/2018","148.30","146.90","148.90","146.50","2.53M","0.82%"
"04/17/2018","147.10","147.40","148.60","146.90","1.93M","0.00%"
"04/16/2018","147.10","149.20","149.30","147.10","1.96M","-1.41%"
"04/13/2018","149.20","150.40","150.60","149.20","2.08M","-0.27%"
"04/12/2018","149.60","149.50","150.20","148.20","2.49M","0.07%"
"04/11/2018","149.50","151.50","151.60","149.20","2.33M","-1.64%"
"04/10/2018","152.00","151.70","152.00","150.70","2.08M","0.86%"
"04/09/2018","150.70","152.00","152.70","150.20","1.39M","-0.53%"
"04/06/2018","151.50","152.60","152.60","151.50","1.44M","-0.85%"
"04/05/2018","152.80","152.20","153.00","151.50","2.33M","1.80%"
"04/04/2018","150.10","154.00","154.60","149.50","2.95M","-2.34%"
"04/03/2018","153.70","148.60","154.50","148.60","2.67M","0.99%"
"03/28/2018","152.20","150.40","152.20","149.80","1.44M","0.66%"
"03/27/2018","151.20","151.70","152.40","151.00","2.45M","0.40%"
"03/26/2018","150.60","151.70","151.70","150.00","2.32M","-0.79%"
"03/23/2018","151.80","149.90","151.80","148.40","2.55M","0.66%"
"03/22/2018","150.80","153.40","153.90","149.80","2.64M","-2.39%"
"03/21/2018","154.50","155.90","155.90","153.60","1.60M","-0.96%"
"03/20/2018","156.00","157.20","158.00","154.90","2.24M","-0.45%"
"03/19/2018","156.70","158.70","158.90","156.30","1.85M","-1.26%"
"03/16/2018","158.70","156.30","158.90","155.40","3.12M","1.67%"
"03/15/2018","156.10","155.90","157.30","155.40","2.05M","0.39%"
"03/14/2018","155.50","156.30","157.50","155.40","1.86M","-1.02%"
"03/13/2018","157.10","156.10","158.20","155.60","2.25M","0.77%"
"03/12/2018","155.90","156.00","156.40","155.20","1.33M","0.26%"
"03/09/2018","155.50","155.80","155.90","154.10","1.26M","0.06%"
"03/08/2018","155.40","153.80","155.80","153.80","1.74M","0.78%"
"03/07/2018","154.20","153.30","154.80","152.60","1.64M","-0.26%"
"03/06/2018","154.60","153.20","155.20","153.20","2.38M","0.91%"
"03/05/2018","153.20","151.60","153.20","151.20","1.59M","1.06%"
"03/02/2018","151.60","154.30","154.60","151.40","2.14M","-2.26%"
"03/01/2018","155.10","155.80","156.60","154.50","1.68M","-1.02%"
"02/28/2018","156.70","154.80","157.20","154.60","2.21M","0.71%"
"02/27/2018","155.60","155.50","156.40","155.30","1.55M","0.26%"
"02/26/2018","155.20","156.30","156.50","154.80","1.27M","-0.19%"
"02/23/2018","155.50","154.40","156.10","154.10","1.34M","0.84%"
"02/22/2018","154.20","152.60","155.00","152.60","2.56M","-1.03%"
"02/21/2018","155.80","155.80","156.10","153.60","2.17M","-0.32%"
"02/20/2018","156.30","157.20","157.70","155.80","1.84M","-0.64%"
"02/19/2018","157.30","158.50","158.50","157.30","1.48M","-0.25%"
"02/16/2018","157.70","158.70","158.90","156.60","2.05M","-0.06%"
"02/15/2018","157.80","158.10","159.80","156.70","2.54M","1.02%"
"02/14/2018","156.20","159.80","159.80","154.60","3.55M","-0.89%"
"02/13/2018","157.60","156.50","157.70","155.90","2.78M","1.09%"
"02/12/2018","155.90","154.10","156.70","153.60","2.33M","1.63%"
"02/09/2018","153.40","151.90","154.90","150.90","2.63M","-0.65%"
"02/08/2018","154.40","154.30","155.80","152.80","2.27M","0.13%"
"02/07/2018","154.20","154.70","154.80","151.30","2.91M","1.25%"
"02/06/2018","152.30","150.80","153.90","149.70","3.81M","-2.56%"
"02/05/2018","156.30","156.60","156.90","154.00","2.56M","-1.20%"
"02/02/2018","158.20","158.10","159.10","157.20","2.39M","0.32%"
"02/01/2018","157.70","160.00","160.00","156.10","2.98M","0.83%"
"01/31/2018","156.40","156.20","158.10","155.90","2.33M","0.32%"
"01/30/2018","155.90","156.60","157.10","155.50","2.05M","-0.76%"
"01/29/2018","157.10","157.60","158.20","156.80","2.16M","0.06%"
"01/26/2018","157.00","157.60","158.30","156.80","2.55M","-0.38%"
"01/25/2018","157.60","160.00","160.30","156.10","3.71M","-2.35%"
"01/24/2018","161.40","161.80","163.00","161.20","1.49M","-0.19%"
"01/23/2018","161.70","162.80","162.80","161.10","1.64M","-0.68%"
"01/22/2018","162.80","161.10","162.80","160.70","2.65M","1.31%"
"01/19/2018","160.70","158.10","160.90","157.80","2.71M","1.39%"
"01/18/2018","158.50","158.70","158.90","158.10","1.10M","-0.13%"
"01/17/2018","158.70","157.80","159.40","157.40","1.67M","0.25%"
"01/16/2018","158.30","157.90","158.40","156.70","1.75M","0.25%"
"01/15/2018","157.90","157.60","158.70","157.10","1.05M","0.06%"
"01/12/2018","157.80","158.00","158.40","156.60","1.66M","0.00%"
"01/11/2018","157.80","157.80","158.70","156.40","1.87M","0.00%"
"01/10/2018","157.80","153.80","158.00","153.80","3.13M","0.00%"
"01/09/2018","157.80","157.20","157.80","156.70","1.58M","0.45%"
"01/08/2018","157.10","156.10","157.30","155.80","1.75M","0.83%"
"01/05/2018","155.80","157.00","157.00","154.70","1.43M","-0.76%"
"01/04/2018","157.00","152.20","157.00","152.20","2.58M","3.22%"
"01/03/2018","152.10","151.80","152.20","151.40","1.16M","0.60%"
"01/02/2018","151.20","152.20","152.80","150.50","1.05M","-0.59%"
"12/29/2017","152.10","153.40","154.00","152.10","575.88K","-0.78%"
"12/28/2017","153.30","152.60","153.70","152.50","738.68K","0.52%"
"12/27/2017","152.50","151.00","153.00","150.80","2.64M","0.79%"
"12/22/2017","151.30","153.80","154.40","150.80","2.65M","-1.88%"
"12/21/2017","154.20","153.60","154.30","153.00","1.62M","0.46%"
"12/20/2017","153.50","153.90","154.70","153.40","1.39M","0.00%"
"12/19/2017","153.50","154.00","154.90","153.20","2.26M","-0.32%"
"12/18/2017","154.00","153.70","154.80","153.40","1.40M","0.92%"
"12/15/2017","152.60","154.40","154.80","152.60","2.75M","-1.17%"
"12/14/2017","154.40","152.50","154.80","152.50","2.83M","0.26%"
"12/13/2017","154.00","155.40","155.50","153.80","1.34M","-0.90%"
"12/12/2017","155.40","154.70","155.50","153.80","1.99M","0.78%"
"12/11/2017","154.20","153.40","154.20","152.60","1.63M","1.25%"
"12/08/2017","152.30","151.20","153.30","151.20","2.21M","1.60%"
"12/07/2017","149.90","148.30","150.00","148.30","1.52M","0.81%"
"12/06/2017","148.70","148.30","149.30","147.70","1.34M","-0.60%"
"12/05/2017","149.60","151.70","151.70","149.30","1.67M","-1.38%"
"12/04/2017","151.70","151.60","152.50","150.50","1.49M","0.66%"
"12/01/2017","150.70","151.00","151.40","150.20","1.57M","-0.66%"
"11/30/2017","151.70","151.60","152.70","150.90","2.79M","0.07%"
"11/29/2017","151.60","151.10","152.10","151.00","1.43M","1.07%"
"11/28/2017","150.00","150.00","151.00","149.80","1.31M","-0.27%"
"11/27/2017","150.40","151.60","152.10","150.10","1.18M","-0.73%"
"11/24/2017","151.50","150.80","152.50","150.70","1.15M","0.33%"
"11/23/2017","151.00","151.30","151.80","150.40","1.03M","-0.46%"
"11/22/2017","151.70","150.50","153.30","149.70","2.02M","0.26%"
"11/21/2017","151.30","153.10","154.60","151.00","2.61M","-1.11%"
"11/20/2017","153.00","152.30","153.50","151.90","1.25M","0.46%"
"11/17/2017","152.30","154.50","155.00","151.70","1.67M","-0.98%"
"11/16/2017","153.80","153.20","154.10","152.40","2.44M","1.05%"
"11/15/2017","152.20","154.90","155.60","151.70","3.99M","-2.87%"
"11/14/2017","156.70","156.70","157.80","156.20","1.36M","-0.13%"
"11/13/2017","156.90","157.90","158.00","155.40","1.20M","-0.57%"
"11/10/2017","157.80","158.50","159.10","157.40","1.17M","-0.50%"
"11/09/2017","158.60","159.10","160.60","158.00","1.74M","-0.44%"
"11/08/2017","159.30","160.30","160.30","158.30","1.69M","-0.44%"
"11/07/2017","160.00","159.00","161.20","158.70","2.03M","0.88%"
"11/06/2017","158.60","159.80","160.70","158.30","1.58M","-0.13%"
"11/03/2017","158.80","158.90","159.70","158.20","1.41M","0.06%"
"11/02/2017","158.70","159.50","160.40","157.80","1.88M","-0.56%"
"11/01/2017","159.60","158.50","160.40","157.50","2.72M","1.33%"
"10/31/2017","157.50","157.60","158.00","156.90","1.42M","-0.63%"
"10/30/2017","158.50","156.90","158.50","156.90","1.43M","0.83%"
"10/27/2017","157.20","157.30","159.80","156.60","2.01M","-0.06%"
"10/26/2017","157.30","153.10","157.80","152.60","3.13M","-0.32%"
"10/25/2017","157.80","158.10","159.50","157.10","2.36M","0.00%"
"10/24/2017","157.80","158.10","158.60","157.30","1.81M","-0.50%"
"10/23/2017","158.60","159.40","159.40","158.20","1.66M","-0.50%"
"10/20/2017","159.40","156.50","159.90","156.50","1.69M","1.85%"
"10/19/2017","156.50","156.00","157.60","155.90","1.89M","0.00%"
"10/18/2017","156.50","156.00","157.30","155.90","1.43M","0.32%"
"10/17/2017","156.00","154.30","156.50","153.80","1.77M","0.78%"
"10/16/2017","154.80","156.60","157.00","154.80","2.24M","-1.53%"
"10/13/2017","157.20","157.60","157.90","156.60","1.32M","-0.95%"
"10/12/2017","158.70","158.50","159.80","157.50","2.04M","-0.38%"
"10/11/2017","159.30","159.20","160.20","158.40","1.19M","0.44%"
"10/10/2017","158.60","159.20","159.80","158.60","1.29M","-0.38%"
"10/09/2017","159.20","159.30","159.80","158.70","1.10M","-0.06%"
"10/06/2017","159.30","160.00","160.70","159.30","1.30M","-0.25%"
"10/05/2017","159.70","158.90","160.70","158.20","1.60M","0.44%"
"10/04/2017","159.00","160.90","161.20","158.00","2.18M","-1.18%"
"10/03/2017","160.90","162.50","162.50","160.00","1.37M","-0.62%"
"10/02/2017","161.90","160.50","162.50","160.50","1.91M","0.87%"
"09/29/2017","160.50","161.30","161.40","159.90","2.08M","-0.56%"
"09/28/2017","161.40","164.20","164.30","161.10","1.79M","-0.92%"
"09/27/2017","162.90","160.50","163.10","160.50","2.22M","1.62%"
"09/26/2017","160.30","160.20","162.20","159.70","2.18M","-0.31%"
"09/25/2017","160.80","159.70","161.00","159.70","1.75M","0.63%"
"09/22/2017","159.80","160.00","160.20","158.80","2.22M","-0.12%"
"09/21/2017","160.00","154.00","160.40","154.00","4.21M","4.51%"
"09/20/2017","153.10","152.00","153.50","151.90","1.79M","0.86%"
"09/19/2017","151.80","152.20","152.60","151.60","1.31M","-0.26%"
"09/18/2017","152.20","151.80","153.00","151.40","1.21M","0.46%"
"09/15/2017","151.50","152.90","153.10","151.50","1.94M","-1.17%"
"09/14/2017","153.30","154.50","154.70","153.30","1.61M","-0.90%"
"09/13/2017","154.70","152.50","155.00","152.30","1.84M","1.44%"
"09/12/2017","152.50","151.20","152.90","151.10","1.90M","1.53%"
"09/11/2017","150.20","149.00","150.30","149.00","951.61K","1.01%"
"09/08/2017","148.70","148.00","149.10","147.50","1.81M","0.34%"
"09/07/2017","148.20","148.90","149.20","147.50","2.17M","-0.27%"
"09/06/2017","148.60","148.70","149.20","148.40","2.22M","-0.73%"
"09/05/2017","149.70","150.60","150.60","149.10","1.63M","-0.60%"
"09/04/2017","150.60","150.10","151.10","150.00","1.15M","-0.53%"
"09/01/2017","151.40","152.00","152.00","150.70","1.37M","-0.07%"
"08/31/2017","151.50","150.50","152.00","149.70","2.69M","1.34%"
"08/30/2017","149.50","148.90","149.80","148.00","1.39M","1.29%"
"08/29/2017","147.60","148.60","148.60","147.60","1.42M","-1.14%"
"08/28/2017","149.30","148.40","149.90","148.30","842.59K","0.20%"
"08/25/2017","149.00","149.30","149.70","148.80","1.43M","0.00%"
"08/24/2017","149.00","147.60","149.20","147.00","1.29M","1.29%"
"08/23/2017","147.10","147.80","147.90","146.90","1.03M","-0.47%"
"08/22/2017","147.80","147.20","148.70","147.20","1.25M","0.41%"
"08/21/2017","147.20","147.20","148.30","146.70","1.29M","-0.41%"
"08/18/2017","147.80","146.30","148.00","146.20","1.43M","0.20%"
"08/17/2017","147.50","150.00","150.40","147.50","1.70M","-2.19%"
"08/16/2017","150.80","149.20","150.90","149.00","1.71M","1.34%"
"08/15/2017","148.80","151.80","152.20","148.50","2.52M","-2.23%"
"08/14/2017","152.20","150.50","152.20","150.20","1.41M","1.67%"
"08/11/2017","149.70","149.70","150.30","149.10","1.91M","-0.66%"
"08/10/2017","150.70","151.80","152.20","150.20","2.07M","-0.79%"
"08/09/2017","151.90","152.50","152.70","150.40","1.94M","-1.04%"
"08/08/2017","153.50","153.70","154.20","152.80","1.15M","0.00%"
"08/07/2017","153.50","153.30","154.00","152.80","1.60M","0.33%"
"08/04/2017","153.00","152.80","153.20","151.80","1.49M","0.66%"
"08/03/2017","152.00","150.60","152.30","150.50","1.67M","0.26%"
"08/02/2017","151.60","153.40","153.40","151.20","2.32M","-1.17%"
"08/01/2017","153.40","154.80","154.90","152.40","1.91M","-0.78%"
"07/31/2017","154.60","153.50","154.90","153.30","1.95M","0.39%"
"07/28/2017","154.00","154.90","155.30","152.90","2.28M","-0.84%"
"07/27/2017","155.30","156.50","157.40","154.90","2.40M","-0.70%"
"07/26/2017","156.40","154.90","156.80","154.40","1.62M","0.90%"
"07/25/2017","155.00","153.30","155.50","152.70","1.80M","1.11%"
"07/24/2017","153.30","152.50","153.80","151.70","1.33M","0.52%"
"07/21/2017","152.50","155.40","155.50","151.90","2.03M","-1.80%"
"07/20/2017","155.30","154.40","155.50","153.30","3.18M","0.71%"
"07/19/2017","154.20","153.90","154.40","152.40","2.73M","1.31%"
"07/18/2017","152.20","150.00","153.50","150.00","2.83M","0.93%"
"07/17/2017","150.80","150.10","152.20","149.60","1.65M","0.94%"
"07/14/2017","149.40","152.00","152.90","148.80","2.69M","-1.52%"
"07/13/2017","151.70","151.00","154.10","150.10","4.01M","1.00%"
"07/12/2017","150.20","147.50","150.70","146.00","6.82M","5.70%"
"07/11/2017","142.10","141.30","142.40","140.50","2.13M","0.35%"
"07/10/2017","141.60","142.50","142.70","140.70","2.20M","-0.63%"
"07/07/2017","142.50","143.00","144.00","142.50","1.82M","-0.97%"
"07/06/2017","143.90","144.00","144.80","143.20","1.99M","-0.07%"
"07/05/2017","144.00","145.50","145.80","143.50","1.37M","-0.96%"
"07/04/2017","145.40","145.10","145.60","144.40","1.58M","0.69%"
"07/03/2017","144.40","142.20","144.40","141.70","1.91M","1.69%"
"06/30/2017","142.00","141.50","142.40","141.10","2.43M","0.28%"
"06/29/2017","141.60","141.90","143.60","141.20","2.69M","0.57%"
"06/28/2017","140.80","137.20","140.80","137.00","3.47M","2.62%"
"06/27/2017","137.20","137.60","138.00","136.50","1.72M","-0.22%"
"06/26/2017","137.50","136.10","138.10","136.10","1.85M","1.18%"
"06/23/2017","135.90","136.20","136.80","135.70","1.99M","-0.07%"
"06/22/2017","136.00","139.20","139.20","135.80","4.60M","-2.58%"
"06/21/2017","139.60","143.00","143.00","139.40","3.45M","-2.51%"
"06/20/2017","143.20","145.50","145.90","143.20","2.15M","-1.24%"
"06/19/2017","145.00","144.00","145.40","143.80","1.35M","1.26%"
"06/16/2017","143.20","142.70","143.20","141.80","3.81M","0.63%"
"06/15/2017","142.30","144.50","144.90","141.40","3.14M","-1.18%"
"06/14/2017","144.00","145.50","145.60","143.70","1.67M","-0.69%"
"06/13/2017","145.00","145.30","145.30","144.30","1.72M","0.07%"
"06/12/2017","144.90","144.30","145.00","142.40","2.14M","0.76%"
"06/09/2017","143.80","142.30","144.00","141.40","1.97M","1.05%"
"06/08/2017","142.30","141.80","142.50","141.20","2.00M","0.14%"
"06/07/2017","142.10","141.50","142.90","141.20","2.02M","0.35%"
"06/06/2017","141.60","141.80","141.80","140.50","2.72M","-0.56%"
"06/02/2017","142.40","144.70","144.80","141.00","2.18M","-0.97%"
"06/01/2017","143.80","143.60","144.90","143.50","1.63M","0.49%"
"05/31/2017","143.10","145.20","145.70","143.10","3.41M","-1.58%"
"05/30/2017","145.40","145.40","145.90","144.30","1.43M","-0.27%"
"05/29/2017","145.80","145.50","146.10","145.20","737.28K","0.14%"
"05/26/2017","145.60","146.40","146.50","144.90","2.22M","-0.55%"
"05/24/2017","146.40","147.00","147.10","145.80","2.15M","-0.34%"
"05/23/2017","146.90","147.50","147.70","146.50","1.78M","-0.41%"
"05/22/2017","147.50","146.90","147.90","145.70","2.22M","1.10%"
"05/19/2017","145.90","144.50","146.50","144.40","2.68M","1.18%"
"05/18/2017","144.20","144.00","147.20","143.10","3.98M","-2.57%"
"05/16/2017","148.00","147.90","148.50","146.80","2.34M","0.07%"
"05/15/2017","147.90","147.30","148.50","147.30","2.92M","0.61%"
"05/12/2017","147.00","147.10","147.40","145.60","2.00M","0.07%"
"05/11/2017","146.90","146.00","147.60","145.80","3.38M","0.69%"
"05/10/2017","145.90","145.90","146.20","144.90","2.73M","-0.21%"
"05/09/2017","146.20","144.20","146.70","144.00","5.45M","2.52%"
"05/08/2017","142.60","142.10","143.00","140.90","2.63M","0.21%"
"05/05/2017","142.30","141.80","142.90","140.00","2.98M","0.28%"
"05/04/2017","141.90","140.70","142.80","140.00","3.24M","1.07%"
"05/03/2017","140.40","139.90","140.40","139.00","2.02M","0.29%"
"05/02/2017","140.00","135.00","140.00","134.50","5.50M","4.40%"
"04/28/2017","134.10","132.20","134.80","132.20","5.12M","0.83%"
"04/27/2017","133.00","133.10","133.70","131.90","3.04M","0.08%"
"04/26/2017","132.90","133.80","134.50","132.20","2.78M","-4.11%"
"04/25/2017","138.60","137.50","138.90","137.00","3.01M","0.95%"
"04/24/2017","137.30","136.70","138.00","136.10","3.28M","2.54%"
"04/21/2017","133.90","133.40","134.20","132.30","2.41M","0.22%"
"04/20/2017","133.60","133.30","134.30","132.70","2.56M","-0.07%"
"04/19/2017","133.70","133.50","134.30","133.20","2.19M","0.30%"
"04/18/2017","133.30","139.00","139.00","133.10","3.08M","-2.49%"
"04/12/2017","136.70","135.40","136.70","135.40","1.20M","1.03%"
"04/11/2017","135.30","135.60","135.70","134.60","2.14M","-0.44%"
"04/10/2017","135.90","135.00","136.40","134.00","1.31M","0.07%"
"04/07/2017","135.80","135.80","136.40","135.10","1.36M","-0.37%"
"04/06/2017","136.30","135.00","136.60","134.20","2.08M","0.29%"
"04/05/2017","135.90","135.30","135.90","134.80","2.57M","0.59%"
"04/04/2017","135.10","136.90","137.20","134.70","2.72M","-1.67%"
"04/03/2017","137.40","137.20","137.50","136.30","1.99M","0.96%"
"03/31/2017","136.10","137.90","138.20","136.00","2.70M","-1.16%"
"03/30/2017","137.70","136.50","137.90","136.50","2.01M","1.10%"
"03/29/2017","136.20","136.70","136.90","135.60","2.87M","0.00%"
"03/28/2017","136.20","135.00","136.20","134.90","2.18M","1.34%"
"03/27/2017","134.40","135.40","136.30","133.10","3.64M","-2.75%"
"03/24/2017","138.20","136.70","138.50","136.70","2.23M","0.88%"
"03/23/2017","137.00","137.60","137.70","135.90","2.74M","-0.29%"
"03/22/2017","137.40","137.50","137.90","136.30","3.08M","-1.65%"
"03/21/2017","139.70","139.90","141.90","139.50","2.54M","0.29%"
"03/20/2017","139.30","138.80","139.70","138.40","1.53M","0.36%"
"03/17/2017","138.80","139.30","141.20","138.50","3.15M","-0.36%"
"03/16/2017","139.30","138.90","140.80","138.60","2.75M","0.87%"
"03/15/2017","138.10","138.00","138.50","137.60","2.54M","0.22%"
"03/14/2017","137.80","140.30","140.90","137.20","3.00M","-1.85%"
"03/13/2017","140.40","139.90","140.40","138.30","2.59M","0.14%"
"03/10/2017","140.20","138.80","140.80","138.80","2.02M","1.01%"
"03/09/2017","138.80","138.80","139.70","136.40","3.02M","-0.07%"
"03/08/2017","138.90","137.90","139.40","137.90","1.41M","0.43%"
"03/07/2017","138.30","138.20","139.70","137.60","2.27M","-0.07%"
"03/06/2017","138.40","137.90","139.30","137.50","1.06M","-0.29%"
"03/03/2017","138.80","139.10","139.90","138.10","2.53M","-0.36%"
"03/02/2017","139.30","138.70","140.30","138.60","1.80M","0.51%"
"03/01/2017","138.60","138.40","138.90","137.20","3.00M","0.80%"
"02/28/2017","137.50","138.20","139.00","137.40","2.43M","-0.36%"
"02/27/2017","138.00","139.00","139.60","137.50","1.68M","-0.29%"
"02/24/2017","138.40","139.30","140.10","137.70","1.69M","-0.79%"
"02/23/2017","139.50","139.90","140.30","139.10","1.62M","-0.14%"
"02/22/2017","139.70","142.00","142.10","139.50","2.22M","-1.41%"
"02/21/2017","141.70","140.80","141.90","139.70","1.73M","0.57%"
"02/20/2017","140.90","140.90","141.80","140.40","1.78M","0.36%"
"02/17/2017","140.40","141.70","142.20","139.30","2.73M","-1.68%"
"02/16/2017","142.80","143.40","143.90","142.00","1.78M","-0.70%"
"02/15/2017","143.80","143.60","144.90","143.30","1.90M","0.63%"
"02/14/2017","142.90","141.50","143.10","141.20","2.64M","0.21%"
"02/13/2017","142.60","140.80","142.70","139.80","2.65M","1.35%"
"02/10/2017","140.70","140.90","141.50","140.10","2.21M","0.07%"
"02/09/2017","140.60","139.90","140.70","138.70","3.50M","1.52%"
"02/08/2017","138.50","140.50","140.90","137.90","3.13M","-1.42%"
"02/07/2017","140.50","139.50","140.50","138.50","2.17M","0.21%"
"02/06/2017","140.20","141.30","141.50","138.80","2.57M","-1.20%"
"02/03/2017","141.90","137.70","142.20","136.20","3.76M","3.65%"
"02/02/2017","136.90","138.00","138.50","135.70","4.86M","-2.07%"
"02/01/2017","139.80","138.30","140.00","138.30","2.97M","1.60%"
"01/31/2017","137.60","137.00","138.80","136.40","1.85M","0.29%"
"01/30/2017","137.20","138.70","139.40","137.20","1.68M","-1.72%"
"01/27/2017","139.60","139.50","140.00","138.30","1.86M","-0.21%"
"01/26/2017","139.90","139.00","140.80","138.80","2.52M","0.65%"
"01/25/2017","139.00","136.20","139.00","135.90","2.11M","2.28%"
"01/24/2017","135.90","135.30","136.10","135.30","1.64M","0.37%"
"01/23/2017","135.40","134.80","135.80","134.60","1.56M","-0.29%"
"01/20/2017","135.80","135.40","136.00","135.00","1.64M","0.22%"
"01/19/2017","135.50","134.40","135.90","133.80","2.53M","1.19%"
"01/18/2017","133.90","134.60","134.90","132.90","3.33M","-0.45%"
"01/17/2017","134.50","133.60","134.80","133.50","2.13M","0.30%"
"01/16/2017","134.10","134.20","134.40","133.30","1.26M","-0.52%"
"01/13/2017","134.80","133.00","135.30","133.00","1.84M","0.90%"
"01/12/2017","133.60","133.00","134.50","133.00","2.05M","0.45%"
"01/11/2017","133.00","131.10","133.70","131.10","2.46M","-0.67%"
"01/10/2017","133.90","132.90","134.80","132.70","2.12M","0.75%"
"01/09/2017","132.90","136.00","136.90","132.80","2.30M","-1.19%"
"01/06/2017","134.50","134.50","135.10","133.70","1.93M","0.15%"
"01/05/2017","134.30","132.90","134.40","131.80","2.77M","2.68%"
"01/04/2017","130.80","129.00","131.90","129.00","3.74M","1.00%"
"01/03/2017","129.50","128.30","129.50","128.30","2.94M","-0.08%"
"01/02/2017","129.60","128.00","129.90","127.60","876.23K","0.93%"
"12/30/2016","128.40","128.60","128.60","127.50","1.12M","-0.47%"
"12/29/2016","129.00","129.00","129.20","128.30","609.66K","0.08%"
"12/28/2016","128.90","128.90","129.90","128.40","825.21K","-0.08%"
"12/27/2016","129.00","129.40","129.70","128.70","787.64K","-0.15%"
"12/23/2016","129.20","129.80","130.20","128.50","910.44K","0.08%"
"12/22/2016","129.10","127.50","129.20","126.90","2.14M","1.33%"
"12/21/2016","127.40","128.70","129.90","127.30","2.73M","-1.01%"
"12/20/2016","128.70","129.00","129.70","127.80","3.52M","-0.16%"
"12/19/2016","128.90","131.70","131.70","128.70","2.30M","-1.75%"
"12/16/2016","131.20","130.30","131.70","129.40","8.35M","0.92%"
"12/15/2016","130.00","133.70","134.90","130.00","6.44M","-2.99%"
"12/14/2016","134.00","134.80","135.00","133.60","2.99M","-0.96%"
"12/13/2016","135.30","134.20","136.00","133.80","3.52M","-1.17%"
"12/12/2016","136.90","136.50","138.20","135.80","3.19M","0.81%"
"12/09/2016","135.80","135.40","136.80","134.20","2.96M","0.30%"
"12/08/2016","135.40","132.40","135.40","132.20","4.17M","2.58%"
"12/07/2016","132.00","130.00","132.00","129.90","2.95M","1.62%"
"12/06/2016","129.90","127.70","129.90","127.30","2.45M","1.48%"
"12/05/2016","128.00","125.20","128.40","125.20","2.21M","1.59%"
"12/02/2016","126.00","127.00","128.40","125.70","3.17M","-1.25%"
"12/01/2016","127.60","126.40","127.80","126.00","3.62M","1.75%"
"11/30/2016","125.40","122.40","125.90","122.10","4.14M","2.70%"
"11/29/2016","122.10","122.60","124.00","121.90","3.76M","-0.41%"
"11/28/2016","122.60","123.90","123.90","121.90","1.96M","-0.97%"
"11/25/2016","123.80","123.90","124.70","123.80","1.57M","-0.24%"
"11/24/2016","124.10","124.70","125.00","123.90","2.65M","-0.48%"
"11/23/2016","124.70","124.50","125.20","123.90","2.52M","0.16%"
"11/22/2016","124.50","124.20","124.70","123.80","1.89M","0.65%"
"11/21/2016","123.70","124.20","124.70","123.30","1.95M","0.41%"
"11/18/2016","123.20","123.00","123.80","122.30","2.15M","0.74%"
"11/17/2016","122.30","122.00","123.50","121.40","4.21M","0.25%"
"11/16/2016","122.00","124.50","125.00","120.00","6.28M","-2.01%"
"11/15/2016","124.50","124.30","124.70","123.30","4.69M","0.48%"
"11/14/2016","123.90","123.50","123.90","122.80","2.55M","1.14%"
"11/11/2016","122.50","125.00","125.00","121.20","2.64M","0.08%"
"11/10/2016","122.40","121.60","123.20","120.10","3.95M","2.26%"
"11/09/2016","119.70","113.30","120.30","113.10","4.36M","1.53%"
"11/08/2016","117.90","118.20","119.00","117.00","3.05M","0.34%"
"11/07/2016","117.50","118.20","119.00","117.20","2.17M","0.60%"
"11/04/2016","116.80","117.70","117.70","116.00","2.45M","-1.02%"
"11/03/2016","118.00","117.00","118.90","116.80","3.14M","1.03%"
"11/02/2016","116.80","118.60","119.30","116.70","2.91M","-2.10%"
"11/01/2016","119.30","120.00","120.40","118.80","3.34M","-0.17%"
"10/31/2016","119.50","119.50","121.40","119.40","4.68M","0.08%"
"10/28/2016","119.40","120.00","120.70","118.20","3.81M","0.76%"
"10/27/2016","118.50","117.00","119.60","115.70","8.15M","3.86%"
"10/26/2016","114.10","116.10","116.80","113.90","4.43M","-2.14%"
"10/25/2016","116.60","117.10","117.10","115.90","2.89M","-0.17%"
"10/24/2016","116.80","117.40","117.80","115.80","2.61M","0.00%"
"10/21/2016","116.80","117.10","118.70","115.60","4.29M","-0.17%"
"10/20/2016","117.00","115.80","117.20","115.40","6.41M","1.65%"
"10/19/2016","115.10","114.70","115.30","113.90","3.10M","0.26%"
"10/18/2016","114.80","112.10","114.80","111.80","4.24M","2.50%"
"10/17/2016","112.00","111.30","112.20","110.90","2.11M","-0.36%"
"10/14/2016","112.40","110.10","112.60","110.10","2.65M","2.55%"
"10/13/2016","109.60","110.60","111.00","109.40","2.94M","-1.26%"
"10/12/2016","111.00","112.00","112.10","110.90","2.66M","-1.16%"
"10/11/2016","112.30","112.20","112.70","111.60","3.26M","-0.09%"
"10/10/2016","112.40","111.60","112.40","110.90","2.43M","0.90%"
"10/07/2016","111.40","112.10","112.80","111.00","3.81M","-0.09%"
"10/06/2016","111.50","111.20","112.20","110.30","4.25M","0.18%"
"10/05/2016","111.30","108.70","111.40","108.20","4.60M","2.02%"
"10/04/2016","109.10","107.50","109.80","107.30","7.03M","3.51%"
"10/03/2016","105.40","105.00","106.00","104.90","2.08M","0.67%"
"09/30/2016","104.70","104.20","104.80","103.10","5.76M","-1.87%"
"09/29/2016","106.70","105.10","107.10","105.10","5.61M","3.29%"
"09/28/2016","103.30","102.90","104.20","102.90","1.97M","0.49%"
"09/27/2016","102.80","103.20","103.50","101.50","2.15M","0.00%"
"09/26/2016","102.80","103.60","103.90","102.00","2.03M","-1.72%"
"09/23/2016","104.60","104.40","104.90","104.00","2.75M","-0.38%"
"09/22/2016","105.00","103.30","105.30","102.80","4.30M","1.94%"
"09/21/2016","103.00","102.50","103.40","102.50","2.25M","1.18%"
"09/20/2016","101.80","102.20","102.70","101.40","2.20M","-0.39%"
"09/19/2016","102.20","101.70","102.40","101.50","1.42M","1.29%"
"09/16/2016","100.90","100.80","101.60","100.40","4.88M","-0.30%"
"09/15/2016","101.20","101.10","102.20","100.70","2.26M","-0.39%"
"09/14/2016","101.60","102.10","102.70","101.30","1.88M","-0.10%"
"09/13/2016","101.70","102.50","102.90","101.70","2.32M","-0.39%"
"09/12/2016","102.10","103.20","103.20","101.10","4.02M","-2.20%"
"09/09/2016","104.40","101.50","104.40","101.30","5.55M","2.96%"
"09/08/2016","101.40","102.30","102.80","100.90","2.99M","-0.88%"
"09/07/2016","102.30","101.50","102.30","100.60","2.08M","1.09%"
"09/06/2016","101.20","101.60","102.20","101.00","1.87M","-0.59%"
"09/05/2016","101.80","102.20","102.60","101.50","1.78M","0.20%"
"09/02/2016","101.60","101.40","101.70","99.85","3.32M","0.49%"
"09/01/2016","101.10","100.80","103.50","100.80","3.59M","-0.20%"
"08/31/2016","101.30","99.40","101.70","99.20","4.17M","1.45%"
"08/30/2016","99.85","97.25","99.90","97.20","3.58M","2.52%"
"08/29/2016","97.40","97.60","98.00","96.95","933.33K","-0.71%"
"08/26/2016","98.10","97.80","98.10","97.05","1.53M","0.51%"
"08/25/2016","97.60","98.50","98.50","97.00","2.75M","-0.56%"
"08/24/2016","98.15","97.45","98.80","97.30","2.82M","0.15%"
"08/23/2016","98.00","96.00","98.00","95.75","2.44M","2.35%"
"08/22/2016","95.75","94.70","96.50","94.55","3.92M","1.27%"
"08/19/2016","94.55","94.50","95.35","94.00","3.31M","0.05%"
"08/18/2016","94.50","95.05","95.50","94.50","3.12M","0.05%"
"08/17/2016","94.45","96.25","96.75","94.40","3.01M","-2.02%"
"08/16/2016","96.40","96.80","96.95","96.05","2.41M","-0.87%"
"08/15/2016","97.25","96.50","98.10","96.05","2.28M","0.99%"
"08/12/2016","96.30","96.70","97.20","96.00","1.47M","-0.10%"
"08/11/2016","96.40","96.60","96.90","96.15","1.61M","-0.36%"
"08/10/2016","96.75","96.40","97.05","95.90","2.20M","0.31%"
"08/09/2016","96.45","95.15","96.50","94.70","2.39M","1.21%"
"08/08/2016","95.30","95.00","95.80","94.80","2.43M","1.01%"
"08/05/2016","94.35","93.50","94.70","93.10","2.15M","1.13%"
"08/04/2016","93.30","92.50","93.60","92.30","2.36M","1.63%"
"08/03/2016","91.80","91.55","93.00","91.30","2.58M","0.16%"
"08/02/2016","91.65","91.20","93.00","90.80","4.58M","-0.43%"
"08/01/2016","92.05","93.50","93.95","91.90","2.94M","-0.86%"
"07/29/2016","92.85","92.75","94.00","92.70","2.25M","0.16%"
"07/28/2016","92.70","94.90","95.25","92.70","2.96M","-2.88%"
"07/27/2016","95.45","94.00","95.75","93.60","2.84M","1.60%"
"07/26/2016","93.95","94.00","94.15","93.10","1.93M","-0.05%"
"07/25/2016","94.00","94.55","95.20","93.95","2.02M","-0.79%"
"07/22/2016","94.75","95.00","95.45","94.55","1.96M","-0.79%"
"07/21/2016","95.50","95.35","95.90","94.75","3.19M","0.21%"
"07/20/2016","95.30","94.05","95.30","93.80","3.86M","1.55%"
"07/19/2016","93.85","93.55","94.45","92.70","3.88M","0.70%"
"07/18/2016","93.20","94.50","95.20","92.90","3.29M","-0.69%"
"07/15/2016","93.85","93.30","94.60","93.30","2.69M","0.00%"
"07/14/2016","93.85","93.15","94.25","92.55","4.52M","0.97%"
"07/13/2016","92.95","94.00","94.50","92.10","5.78M","-1.12%"
"07/12/2016","94.00","98.00","98.00","92.30","16.54M","-7.57%"
"07/11/2016","101.70","100.50","102.10","99.50","3.59M","2.37%"
"07/08/2016","99.35","97.10","100.00","96.70","3.11M","1.43%"
"07/07/2016","97.95","95.15","98.05","95.00","3.28M","3.49%"
"07/06/2016","94.65","95.05","97.00","94.40","3.72M","-1.41%"
"07/05/2016","96.00","98.70","98.90","95.55","3.71M","-3.13%"
"07/04/2016","99.10","100.70","101.00","98.70","2.95M","-1.29%"
"07/01/2016","100.40","101.30","101.30","99.55","4.27M","1.06%"
"06/30/2016","99.35","99.00","101.60","98.50","4.87M","0.35%"
"06/29/2016","99.00","98.50","99.95","98.25","3.62M","1.49%"
"06/28/2016","97.55","99.40","99.45","96.50","5.23M","0.93%"
"06/27/2016","96.65","101.10","101.10","96.65","6.40M","-3.83%"
"06/24/2016","100.50","97.00","101.80","96.50","6.52M","-5.90%"
"06/23/2016","106.80","105.60","107.60","104.80","3.15M","1.04%"
"06/22/2016","105.70","105.10","106.00","103.80","2.58M","0.76%"
"06/21/2016","104.90","104.00","105.00","103.80","2.77M","0.38%"
"06/20/2016","104.50","103.80","104.50","103.10","2.54M","2.85%"
"06/17/2016","101.60","99.55","101.80","99.05","4.50M","4.80%"
"06/16/2016","96.95","99.10","99.50","96.70","4.24M","-3.05%"
"06/15/2016","100.00","100.20","101.20","99.50","3.50M","0.50%"
"06/14/2016","99.50","99.05","100.70","98.85","3.54M","-0.80%"
"06/13/2016","100.30","101.60","102.40","99.50","3.23M","-2.34%"
"06/10/2016","102.70","104.20","104.40","102.60","2.92M","-2.28%"
"06/09/2016","105.10","106.50","106.80","104.50","3.98M","-1.13%"
"06/08/2016","106.30","105.60","107.10","105.40","4.52M","-0.37%"
"06/07/2016","106.70","105.50","107.40","105.50","4.59M","0.95%"
"06/06/2016","105.70","105.50","106.10","104.40","2.07M","0.19%"
"06/03/2016","105.50","106.80","107.30","105.50","2.71M","-0.57%"
"06/02/2016","106.10","106.10","107.40","105.80","3.53M","0.19%"
"06/01/2016","105.90","107.10","107.40","105.40","2.53M","-1.30%"
"05/31/2016","107.30","108.10","108.50","107.30","3.11M","-0.56%"
"05/30/2016","107.90","108.00","108.80","107.90","1.67M","0.09%"
"05/27/2016","107.80","106.10","108.30","106.00","3.32M","0.47%"
"05/26/2016","107.30","106.00","107.30","104.20","4.41M","2.00%"
"05/25/2016","105.20","102.50","105.30","102.30","4.89M","3.75%"
"05/24/2016","101.40","99.65","101.40","99.15","3.03M","0.70%"
"05/23/2016","100.70","100.20","101.30","99.60","1.44M","0.30%"
"05/20/2016","100.40","99.60","100.80","99.20","2.64M","1.57%"
"05/19/2016","98.85","99.90","100.80","98.85","3.23M","-1.35%"
"05/18/2016","100.20","97.70","100.20","97.10","3.89M","2.77%"
"05/13/2016","97.50","97.80","98.15","97.05","2.90M","-0.41%"
"05/12/2016","97.90","98.70","100.00","97.85","2.91M","-0.71%"
"05/11/2016","98.60","99.60","100.10","98.00","2.27M","-0.65%"
"05/10/2016","99.25","99.65","100.20","98.95","3.43M","0.46%"
"05/09/2016","98.80","100.10","100.40","98.50","3.16M","-0.95%"
"05/06/2016","99.75","99.90","100.40","98.20","3.85M","-0.94%"
"05/04/2016","100.70","99.95","101.50","99.70","2.46M","0.85%"
"05/03/2016","99.85","102.10","102.50","99.55","3.18M","-2.11%"
"05/02/2016","102.00","103.10","103.40","101.60","2.42M","-1.07%"
"04/29/2016","103.10","105.00","106.10","103.10","3.98M","-2.37%"
"04/28/2016","105.60","99.65","106.40","97.35","8.61M","4.55%"
"04/27/2016","101.00","101.10","102.60","100.60","4.08M","-4.36%"
"04/26/2016","105.60","105.10","106.20","105.00","3.31M","1.15%"
"04/25/2016","104.40","106.60","107.20","104.40","3.11M","-1.69%"
"04/22/2016","106.20","107.20","107.40","105.90","2.62M","-0.93%"
"04/21/2016","107.20","106.20","108.10","106.00","4.78M","1.90%"
"04/20/2016","105.20","103.60","105.30","103.20","2.50M","0.96%"
"04/19/2016","104.20","103.60","104.80","103.50","2.88M","1.36%"
"04/18/2016","102.80","100.80","103.20","100.20","2.85M","-0.39%"
"04/15/2016","103.20","104.00","104.30","103.20","2.22M","-0.86%"
"04/14/2016","104.10","103.50","104.90","102.70","3.30M","0.58%"
"04/13/2016","103.50","99.45","103.50","99.25","4.80M","5.83%"
"04/12/2016","97.80","97.50","98.95","97.05","2.61M","0.31%"
"04/11/2016","97.50","96.70","97.90","95.35","2.33M","0.83%"
"04/08/2016","96.70","94.10","96.80","93.65","2.67M","2.38%"
"04/07/2016","94.45","95.50","96.30","94.05","2.79M","-0.21%"
"04/06/2016","94.65","94.65","95.20","93.65","3.33M","0.58%"
"04/05/2016","94.10","95.30","95.35","93.80","3.39M","-1.93%"
"04/04/2016","95.95","97.00","97.40","95.40","2.72M","-1.59%"
"04/01/2016","97.50","97.70","98.30","96.25","3.46M","-0.36%"
"03/31/2016","97.85","98.15","98.25","96.15","4.20M","-0.46%"
"03/30/2016","98.30","97.10","98.95","96.75","4.13M","2.18%"
"03/29/2016","96.20","101.20","101.60","96.20","6.07M","-4.85%"
"03/23/2016","101.10","101.80","102.40","100.80","1.07M","-1.08%"
"03/22/2016","102.20","101.20","102.20","100.00","2.33M","-0.10%"
"03/21/2016","102.30","101.80","103.70","101.60","1.99M","0.20%"
"03/18/2016","102.10","102.60","102.80","100.60","5.07M","0.10%"
"03/17/2016","102.00","103.40","103.70","100.00","5.43M","-0.97%"
"03/16/2016","103.00","105.80","106.00","102.50","5.60M","-2.83%"
"03/15/2016","106.00","107.10","107.10","105.80","2.67M","-1.58%"
"03/14/2016","107.70","108.00","108.70","106.90","2.69M","0.84%"
"03/11/2016","106.80","104.80","106.90","104.10","3.97M","2.30%"
"03/10/2016","104.40","103.00","106.30","102.70","4.66M","1.06%"
"03/09/2016","103.30","103.50","104.20","102.60","2.75M","-0.48%"
"03/08/2016","103.80","101.00","104.50","99.80","4.82M","1.96%"
"03/07/2016","101.80","103.20","104.00","100.60","3.46M","-0.97%"
"03/04/2016","102.80","102.70","103.90","102.20","2.99M","0.69%"
"03/03/2016","102.10","102.10","102.90","101.10","2.30M","0.59%"
"03/02/2016","101.50","101.20","102.20","100.50","3.51M","1.40%"
"03/01/2016","100.10","99.85","100.90","98.95","3.90M","-0.40%"
"02/29/2016","100.50","98.90","100.80","98.15","3.34M","0.90%"
"02/26/2016","99.60","97.70","100.20","97.25","4.21M","3.70%"
"02/25/2016","96.05","96.10","97.30","94.80","3.43M","1.37%"
"02/24/2016","94.75","99.45","99.50","94.40","5.01M","-5.20%"
"02/23/2016","99.95","100.80","102.00","99.60","3.33M","-1.04%"
"02/22/2016","101.00","99.50","101.10","98.75","2.77M","2.33%"
"02/19/2016","98.70","99.70","100.20","98.00","4.54M","-0.95%"
"02/18/2016","99.65","101.50","101.50","99.35","4.22M","-0.85%"
"02/17/2016","100.50","96.85","100.50","96.65","4.50M","4.52%"
"02/16/2016","96.15","99.60","99.90","95.55","5.29M","-2.29%"
"02/15/2016","98.40","96.00","98.40","95.30","6.06M","6.32%"
"02/12/2016","92.55","92.60","93.50","90.65","6.61M","1.26%"
"02/11/2016","91.40","96.20","96.25","91.10","8.05M","-6.97%"
"02/10/2016","98.25","95.75","98.80","94.30","5.94M","3.64%"
"02/09/2016","94.80","95.90","98.45","93.50","5.37M","-2.27%"
"02/08/2016","97.00","103.30","103.80","96.95","5.20M","-5.27%"
"02/05/2016","102.40","101.80","103.60","99.65","6.07M","1.49%"
"02/04/2016","100.90","100.00","100.90","97.75","7.16M","3.75%"
"02/03/2016","97.25","98.50","100.20","96.85","5.43M","-0.26%"
"02/02/2016","97.50","101.50","101.80","97.20","4.00M","-3.94%"
"02/01/2016","101.50","104.60","105.00","100.50","3.55M","-2.59%"
"01/29/2016","104.20","101.80","104.20","100.80","5.12M","4.10%"
"01/28/2016","100.10","98.55","101.50","97.50","5.16M","2.51%"
"01/27/2016","97.65","98.25","98.80","96.65","3.53M","-1.36%"
"01/26/2016","99.00","95.30","99.10","94.10","4.01M","1.90%"
"01/25/2016","97.15","101.50","101.80","96.30","3.47M","-3.72%"
"01/22/2016","100.90","97.50","101.20","97.00","5.64M","6.10%"
"01/21/2016","95.10","92.00","95.85","90.10","6.99M","3.20%"
"01/20/2016","92.15","94.00","94.00","91.25","5.15M","-4.16%"
"01/19/2016","96.15","95.05","96.20","93.95","3.98M","2.67%"
"01/18/2016","93.65","95.85","97.15","92.75","3.34M","-2.85%"
"01/15/2016","96.40","98.55","98.60","94.50","5.16M","-2.23%"
"01/14/2016","98.60","97.85","98.60","94.60","6.73M","-0.35%"
"01/13/2016","98.95","100.50","102.50","98.90","4.06M","-0.60%"
"01/12/2016","99.55","98.45","101.40","97.50","5.26M","-0.75%"
"01/11/2016","100.30","101.00","102.80","99.75","3.20M","-1.28%"
"01/08/2016","101.60","101.90","104.30","101.50","5.28M","0.59%"
"01/07/2016","101.00","101.40","101.40","98.55","4.56M","-2.23%"
"01/06/2016","103.30","104.50","105.20","102.70","2.44M","-1.05%"
"01/05/2016","104.40","108.50","109.00","104.40","4.20M","-2.97%"
"01/04/2016","107.60","108.60","108.60","106.40","1.83M","-2.00%"
"12/30/2015","109.80","109.60","110.40","109.60","1.17M","-0.09%"
"12/29/2015","109.90","109.40","110.20","109.00","1.19M","0.55%"
"12/28/2015","109.30","109.70","110.30","109.00","774.67K","-0.36%"
"12/23/2015","109.70","107.00","109.90","107.00","1.82M","3.20%"
"12/22/2015","106.30","105.90","107.50","105.80","1.83M","0.19%"
"12/21/2015","106.10","106.30","107.10","105.40","2.15M","-0.75%"
"12/18/2015","106.90","107.70","108.70","106.40","3.74M","-1.75%"
"12/17/2015","108.80","110.00","110.50","108.20","3.28M","-0.09%"
"12/16/2015","108.90","108.70","109.70","107.70","2.92M","1.11%"
"12/15/2015","107.70","104.20","108.30","103.80","3.57M","3.96%"
"12/14/2015","103.60","106.80","106.80","103.60","3.98M","-2.17%"
"12/11/2015","105.90","108.60","109.10","105.90","2.51M","-2.93%"
"12/10/2015","109.10","108.90","110.40","108.00","3.25M","-0.37%"
"12/09/2015","109.50","110.70","111.40","108.10","3.78M","-0.90%"
"12/08/2015","110.50","111.80","112.40","109.90","4.46M","-2.64%"
"12/07/2015","113.50","113.70","114.20","113.10","2.31M","0.80%"
"12/04/2015","112.60","114.10","114.40","112.30","4.27M","-1.40%"
"12/03/2015","114.20","114.80","116.10","114.10","2.86M","-0.78%"
"12/02/2015","115.10","114.90","115.70","114.40","2.02M","-0.09%"
"12/01/2015","115.20","113.00","115.40","113.00","2.76M","0.70%"
"11/30/2015","114.40","112.10","114.50","111.90","3.23M","2.23%"
"11/27/2015","111.90","111.40","112.90","111.00","1.97M","0.09%"
"11/26/2015","111.80","111.70","113.10","111.40","2.71M","0.63%"
"11/25/2015","111.10","111.00","113.90","109.20","4.92M","0.09%"
"11/24/2015","111.00","109.70","111.30","108.70","3.22M","1.00%"
"11/23/2015","109.90","110.20","111.60","109.00","2.67M","-0.36%"
"11/20/2015","110.30","113.90","113.90","110.00","5.01M","-3.16%"
"11/19/2015","113.90","114.20","115.20","113.70","3.81M","0.80%"
"11/18/2015","113.00","112.30","113.50","112.10","2.61M","0.44%"
"11/17/2015","112.50","109.70","113.40","109.60","2.70M","3.21%"
"11/16/2015","109.00","108.10","109.80","107.60","1.50M","0.28%"
"11/13/2015","108.70","110.00","111.10","108.50","2.34M","-1.81%"
"11/12/2015","110.70","110.70","112.50","110.30","3.41M","-0.36%"
"11/11/2015","111.10","111.60","112.40","110.70","2.27M","-0.45%"
"11/10/2015","111.60","114.30","114.60","111.20","3.19M","-2.62%"
"11/09/2015","114.60","114.40","115.30","113.90","2.35M","0.79%"
"11/06/2015","113.70","110.90","114.80","110.90","3.28M","1.97%"
"11/05/2015","111.50","112.60","113.70","111.50","2.27M","-1.15%"
"11/04/2015","112.80","108.70","113.90","108.10","5.67M","3.96%"
"11/03/2015","108.50","108.80","108.90","106.80","2.44M","-0.09%"
"11/02/2015","108.60","108.20","108.80","107.60","2.36M","0.37%"
"10/30/2015","108.20","106.00","109.10","106.00","3.07M","2.56%"
"10/29/2015","105.50","108.80","108.80","105.50","3.91M","-3.39%"
"10/28/2015","109.20","108.60","109.70","108.00","1.82M","0.18%"
"10/27/2015","109.00","109.80","109.80","108.30","2.14M","-0.64%"
"10/26/2015","109.70","109.50","111.50","108.20","3.21M","0.18%"
"10/23/2015","109.50","109.90","110.30","106.80","5.90M","-0.54%"
"10/22/2015","110.10","111.50","112.50","106.30","9.41M","-4.34%"
"10/21/2015","115.10","116.40","116.60","114.20","3.68M","-1.37%"
"10/20/2015","116.70","116.60","117.30","115.50","1.26M","0.00%"
"10/19/2015","116.70","116.70","117.80","115.90","1.38M","0.17%"
"10/16/2015","116.50","117.60","118.00","116.40","2.52M","-0.34%"
"10/15/2015","116.90","118.00","118.50","116.00","1.88M","-0.26%"
"10/14/2015","117.20","115.30","117.80","115.30","1.90M","0.86%"
"10/13/2015","116.20","117.70","118.00","115.10","2.01M","-2.11%"
"10/12/2015","118.70","120.00","120.90","118.00","2.27M","-1.00%"
"10/09/2015","119.90","122.10","122.50","119.60","2.19M","-0.83%"
"10/08/2015","120.90","119.80","121.20","118.30","3.04M","-1.47%"
"10/07/2015","122.70","117.30","123.40","116.90","4.54M","4.87%"
"10/06/2015","117.00","115.50","117.30","114.70","2.27M","1.65%"
"10/05/2015","115.10","114.20","115.10","113.50","2.07M","3.04%"
"10/02/2015","111.70","113.90","114.20","111.40","2.30M","-1.85%"
"10/01/2015","113.80","112.10","114.10","111.10","3.34M","2.80%"
"09/30/2015","110.70","110.90","112.40","110.00","3.75M","2.79%"
"09/29/2015","107.70","105.40","108.50","104.20","3.33M","2.18%"
"09/28/2015","105.40","107.00","108.10","104.90","2.85M","-1.86%"
"09/25/2015","107.40","107.90","108.60","107.10","3.93M","1.23%"
"09/24/2015","106.10","111.60","112.00","105.70","4.95M","-4.93%"
"09/23/2015","111.60","113.00","114.00","111.60","2.64M","-1.15%"
"09/22/2015","112.90","114.90","115.40","112.90","2.67M","-2.00%"
"09/21/2015","115.20","115.00","115.80","113.80","1.74M","0.17%"
"09/18/2015","115.00","116.20","116.90","114.10","4.27M","-0.95%"
"09/17/2015","116.10","115.10","116.60","115.00","2.59M","1.40%"
"09/16/2015","114.50","113.00","114.80","113.00","2.49M","1.42%"
"09/15/2015","112.90","113.00","114.40","112.70","2.46M","-0.09%"
"09/14/2015","113.00","116.40","117.30","112.80","2.77M","-3.09%"
"09/11/2015","116.60","117.80","118.00","116.40","1.72M","-0.93%"
"09/10/2015","117.70","117.90","118.70","116.80","1.68M","-1.09%"
"09/09/2015","119.00","120.50","120.50","118.90","1.73M","0.34%"
"09/08/2015","118.60","116.50","119.10","116.20","2.12M","2.60%"
"09/07/2015","115.60","116.00","116.90","115.40","1.34M","0.17%"
"09/04/2015","115.40","116.90","117.70","115.20","2.68M","-3.03%"
"09/03/2015","119.00","116.00","119.00","115.60","3.73M","3.66%"
"09/02/2015","114.80","116.00","117.00","113.80","2.36M","-0.61%"
"09/01/2015","115.50","117.30","117.90","115.20","3.00M","-2.45%"
"08/31/2015","118.40","117.60","118.40","116.20","1.52M","0.51%"
"08/28/2015","117.80","120.00","120.30","117.20","2.59M","0.00%"
"08/27/2015","117.80","118.00","119.90","116.80","3.75M","1.64%"
"08/26/2015","115.90","115.50","118.30","113.60","4.22M","-0.77%"
"08/25/2015","116.80","114.40","118.40","113.70","4.28M","2.73%"
"08/24/2015","113.70","116.00","116.60","110.50","4.45M","-4.93%"
"08/21/2015","119.60","118.40","120.60","117.60","3.07M","-0.58%"
"08/20/2015","120.30","124.00","124.10","120.30","3.93M","-3.68%"
"08/19/2015","124.90","125.80","125.80","124.70","1.67M","-0.32%"
"08/18/2015","125.30","126.20","127.00","125.00","1.61M","-0.48%"
"08/17/2015","125.90","127.10","127.80","125.60","1.46M","-0.32%"
"08/14/2015","126.30","128.40","128.70","126.20","2.15M","-1.64%"
"08/13/2015","128.40","127.90","129.20","126.80","2.10M","0.78%"
"08/12/2015","127.40","129.10","129.40","127.40","2.05M","-1.55%"
"08/11/2015","129.40","131.40","132.00","129.40","1.89M","-1.45%"
"08/10/2015","131.30","130.10","131.70","130.00","1.42M","0.77%"
"08/07/2015","130.30","130.00","131.00","130.00","900.74K","0.15%"
"08/06/2015","130.10","130.40","131.30","130.10","1.60M","-0.61%"
"08/05/2015","130.90","129.70","131.20","129.30","1.91M","1.32%"
"08/04/2015","129.20","132.80","132.80","129.00","2.66M","-2.93%"
"08/03/2015","133.10","133.50","133.70","132.60","1.38M","-0.08%"
"07/31/2015","133.20","133.80","134.40","133.20","1.70M","-0.45%"
"07/30/2015","133.80","134.80","135.00","133.20","1.21M","-0.67%"
"07/29/2015","134.70","133.70","134.90","133.50","1.61M","0.97%"
"07/28/2015","133.40","133.40","134.90","132.80","1.41M","0.23%"
"07/27/2015","133.10","135.90","136.10","132.80","1.28M","-2.42%"
"07/24/2015","136.40","136.70","136.90","135.80","1.18M","-0.37%"
"07/23/2015","136.90","137.20","137.40","136.20","1.22M","0.15%"
"07/22/2015","136.70","137.00","137.70","135.80","1.87M","-0.73%"
"07/21/2015","137.70","138.20","138.70","137.10","1.00M","-0.29%"
"07/20/2015","138.10","137.30","138.80","137.30","1.16M","0.44%"
"07/17/2015","137.50","137.30","138.20","136.80","1.92M","0.44%"
"07/16/2015","136.90","138.10","138.80","136.50","1.94M","-0.65%"
"07/15/2015","137.80","135.40","138.10","135.30","1.77M","2.00%"
"07/14/2015","135.10","135.90","135.90","133.70","1.59M","-0.37%"
"07/13/2015","135.60","134.50","136.50","134.50","2.32M","1.73%"
"07/10/2015","133.30","132.00","134.50","131.20","4.07M","4.63%"
"07/09/2015","127.40","126.20","127.90","126.20","2.62M","1.68%"
"07/08/2015","125.30","125.50","126.30","125.00","1.88M","-0.63%"
"07/07/2015","126.10","126.30","127.60","125.60","2.19M","0.24%"
"07/06/2015","125.80","127.10","127.90","125.00","2.36M","-2.78%"
"07/03/2015","129.40","129.90","130.40","128.80","1.22M","-0.54%"
"07/02/2015","130.10","130.90","131.40","129.70","1.45M","-0.61%"
"07/01/2015","130.90","131.40","132.80","130.90","2.10M","0.08%"
"06/30/2015","130.80","130.20","131.30","129.30","2.46M","-0.38%"
"06/29/2015","131.30","130.00","132.00","130.00","1.90M","-1.94%"
"06/26/2015","133.90","133.20","134.30","132.70","1.79M","-0.37%"
"06/25/2015","134.40","134.50","135.50","134.30","2.14M","-0.67%"
"06/24/2015","135.30","134.40","135.60","134.30","2.69M","0.74%"
"06/23/2015","134.30","135.10","135.50","133.90","2.49M","-0.22%"
"06/22/2015","134.60","132.90","134.80","132.30","1.79M","2.44%"
"06/19/2015","131.40","131.00","131.90","129.80","3.44M","0.08%"
"06/18/2015","131.30","132.00","132.90","130.10","3.21M","-1.20%"
"06/17/2015","132.90","133.70","134.60","132.60","1.75M","-0.08%"
"06/16/2015","133.00","132.00","133.40","131.20","1.97M","0.30%"
"06/15/2015","132.60","132.60","133.60","132.00","2.02M","-0.23%"
"06/12/2015","132.90","135.00","135.40","132.70","2.57M","-1.85%"
"06/11/2015","135.40","134.50","135.90","134.50","1.61M","0.89%"
"06/10/2015","134.20","134.70","135.20","134.20","2.23M","-0.81%"
"06/09/2015","135.30","137.50","137.90","134.60","2.31M","-1.67%"
"06/08/2015","137.60","138.00","138.40","137.00","1.77M","-0.07%"
"06/05/2015","137.70","137.90","138.50","136.20","1.40M","-0.36%"
"06/04/2015","138.20","137.20","138.40","136.90","2.15M","0.29%"
"06/03/2015","137.80","136.10","137.80","135.90","1.78M","1.40%"
"06/02/2015","135.90","136.60","136.90","134.10","2.48M","-0.29%"
"06/01/2015","136.30","136.60","136.70","134.70","1.43M","-0.15%"
"05/29/2015","136.50","137.10","138.00","135.10","3.48M","-0.36%"
"05/28/2015","137.00","136.80","137.70","136.50","1.18M","-0.29%"
"05/27/2015","137.40","137.00","137.40","135.80","1.40M","0.44%"
"05/26/2015","136.80","138.00","138.60","136.10","1.87M","-1.94%"
"05/22/2015","139.50","139.10","139.60","138.70","1.42M","0.65%"
"05/21/2015","138.60","139.00","139.40","138.00","1.91M","-0.65%"
"05/20/2015","139.50","138.90","140.00","138.30","1.59M","0.22%"
"05/19/2015","139.20","139.80","140.10","138.60","1.71M","-0.22%"
"05/18/2015","139.50","138.50","139.90","138.00","1.85M","0.50%"
"05/15/2015","138.80","139.80","140.20","138.80","1.81M","-0.72%"
"05/13/2015","139.80","138.00","139.80","138.00","1.97M","1.53%"
"05/12/2015","137.70","137.80","138.10","136.80","2.38M","-0.58%"
"05/11/2015","138.50","136.60","138.50","136.60","2.24M","0.95%"
"05/08/2015","137.20","137.50","137.70","135.80","2.17M","0.07%"
"05/07/2015","137.10","133.80","137.20","133.60","3.77M","2.39%"
"05/06/2015","133.90","134.70","135.40","132.90","2.56M","-0.96%"
"05/05/2015","135.20","137.30","137.60","135.20","1.96M","-1.24%"
"05/04/2015","136.90","138.00","138.80","135.60","2.22M","2.16%"
"04/30/2015","134.00","135.00","135.30","131.50","4.69M","-1.11%"
"04/29/2015","135.50","137.70","138.50","135.00","2.01M","-1.60%"
"04/28/2015","137.70","138.40","138.60","136.60","2.28M","-0.94%"
"04/27/2015","139.00","136.60","139.30","136.10","1.86M","1.76%"
"04/24/2015","136.60","135.00","137.40","135.00","3.98M","-2.15%"
"04/23/2015","139.60","138.50","139.70","137.10","2.59M","1.01%"
"04/22/2015","138.20","141.80","142.00","138.20","3.25M","-2.81%"
"04/21/2015","142.20","138.90","143.00","138.20","4.32M","3.80%"
"04/20/2015","137.00","135.00","138.60","135.00","2.48M","1.41%"
"04/17/2015","135.10","136.50","137.60","135.10","2.17M","-1.46%"
"04/16/2015","137.10","137.50","137.90","136.70","2.15M","-0.58%"
"04/15/2015","137.90","138.10","139.20","137.40","2.29M","0.00%"
"04/14/2015","137.90","137.30","138.00","136.20","1.76M","0.29%"
"04/13/2015","137.50","136.70","137.60","136.30","2.18M","0.44%"
"04/10/2015","136.90","135.00","137.50","134.40","2.48M","1.86%"
"04/09/2015","134.40","135.00","135.30","134.30","1.99M","-0.30%"
"04/08/2015","134.80","134.90","134.90","133.00","1.98M","-0.15%"
"04/07/2015","135.00","132.10","135.00","131.80","2.89M","3.05%"
"04/01/2015","131.00","129.30","131.50","128.90","1.41M","1.00%"
"03/31/2015","129.70","129.50","130.40","129.20","2.49M","0.54%"
"03/30/2015","129.00","128.90","129.40","128.60","1.08M","0.86%"
"03/27/2015","127.90","127.30","129.00","127.30","1.71M","0.71%"
"03/26/2015","127.00","127.90","127.90","125.40","2.26M","-1.09%"
"03/25/2015","128.40","129.60","129.60","128.10","1.87M","-0.70%"
"03/24/2015","129.30","129.50","129.80","128.70","1.62M","-0.15%"
"03/23/2015","129.50","129.40","130.00","128.90","1.76M","0.08%"
"03/20/2015","129.40","127.50","129.90","127.50","3.37M","1.73%"
"03/19/2015","127.20","129.10","129.10","126.80","3.23M","-1.24%"
"03/18/2015","128.80","128.60","129.50","127.80","3.15M","0.23%"
"03/17/2015","128.50","130.10","130.40","127.50","3.52M","-0.31%"
"03/16/2015","128.90","130.20","130.40","128.40","1.90M","-0.54%"
"03/13/2015","129.60","129.50","130.40","129.10","2.05M","0.62%"
"03/12/2015","128.80","129.10","131.10","128.40","3.17M","1.10%"
"03/11/2015","127.40","126.80","128.00","126.50","2.01M","0.71%"
"03/10/2015","126.50","127.90","128.30","125.60","2.37M","-1.40%"
"03/09/2015","128.30","127.90","129.00","127.40","2.10M","0.16%"
"03/06/2015","128.10","128.00","129.20","127.90","1.55M","0.16%"
"03/05/2015","127.90","126.80","129.30","126.70","2.75M","1.51%"
"03/04/2015","126.00","126.20","126.50","124.70","2.05M","-0.24%"
"03/03/2015","126.30","126.80","127.20","125.80","1.37M","0.08%"
"03/02/2015","126.20","125.40","127.20","125.10","2.66M","1.12%"
"02/27/2015","124.80","125.50","126.60","124.30","2.73M","-1.58%"
"02/26/2015","126.80","125.80","127.10","125.50","1.86M","0.24%"
"02/25/2015","126.50","125.60","126.70","125.30","1.68M","0.56%"
"02/24/2015","125.80","126.00","126.00","124.00","2.74M","-0.16%"
"02/23/2015","126.00","124.50","126.50","124.00","2.66M","2.36%"
"02/20/2015","123.10","124.30","125.30","122.80","2.63M","-1.28%"
"02/19/2015","124.70","124.60","125.00","123.60","2.26M","0.00%"
"02/18/2015","124.70","123.00","125.30","123.00","2.16M","1.46%"
"02/17/2015","122.90","123.60","125.00","122.70","2.78M","-0.81%"
"02/16/2015","123.90","123.00","123.90","122.50","2.13M","0.98%"
"02/13/2015","122.70","120.20","122.70","120.10","2.55M","2.51%"
"02/12/2015","119.70","119.00","121.10","118.80","3.11M","1.01%"
"02/11/2015","118.50","119.90","120.30","117.80","3.34M","-0.67%"
"02/10/2015","119.30","119.80","120.50","118.40","3.89M","0.00%"
"02/09/2015","119.30","120.10","120.70","118.40","2.93M","-1.00%"
"02/06/2015","120.50","118.00","120.50","117.60","4.47M","2.64%"
"02/05/2015","117.40","116.60","120.70","116.60","7.92M","0.69%"
"02/04/2015","116.60","117.00","117.00","114.40","5.73M","-0.17%"
"02/03/2015","116.80","114.40","116.80","114.10","4.82M","3.27%"
"02/02/2015","113.10","112.30","114.50","111.10","4.53M","0.71%"
"01/30/2015","112.30","111.20","113.50","111.10","4.04M","0.36%"
"01/29/2015","111.90","107.60","112.80","107.10","5.22M","4.29%"
"01/28/2015","107.30","108.70","110.30","107.10","5.09M","-0.19%"
"01/27/2015","107.50","109.00","109.20","107.40","3.42M","-1.56%"
"01/26/2015","109.20","107.70","109.80","107.10","2.68M","0.65%"
"01/23/2015","108.50","110.00","110.60","108.30","3.84M","-0.73%"
"01/22/2015","109.30","108.60","109.50","107.90","4.27M","0.64%"
"01/21/2015","108.60","107.60","108.70","106.60","3.55M","0.93%"
"01/20/2015","107.60","106.90","107.90","106.10","3.25M","0.94%"
"01/19/2015","106.60","104.90","106.70","104.30","2.53M","2.50%"
"01/16/2015","104.00","103.60","104.30","103.10","3.68M","0.00%"
"01/15/2015","104.00","103.70","104.60","100.90","5.60M","1.07%"
"01/14/2015","102.90","102.10","104.60","102.00","3.86M","-0.68%"
"01/13/2015","103.60","103.20","103.90","101.00","5.99M","0.58%"
"01/12/2015","103.00","105.50","105.50","102.50","2.96M","-2.18%"
"01/09/2015","105.30","106.30","107.70","105.00","3.42M","-1.59%"
"01/08/2015","107.00","106.40","107.20","104.30","4.38M","2.29%"
"01/07/2015","104.60","105.40","106.00","103.10","5.31M","-1.78%"
"01/06/2015","106.50","105.60","108.20","105.10","3.57M","-0.28%"
"01/05/2015","106.80","111.00","111.80","105.80","3.88M","-3.87%"
"01/02/2015","111.10","110.70","112.00","110.20","1.49M","0.36%"
"12/30/2014","110.70","110.70","111.50","110.10","1.39M","-0.27%"
"12/29/2014","111.00","111.20","111.60","110.10","1.13M","-0.18%"
"12/23/2014","111.20","110.70","111.30","110.20","1.40M","0.09%"
"12/22/2014","111.10","112.00","112.00","110.50","2.54M","-0.18%"
"12/19/2014","111.30","112.30","112.30","109.70","5.70M","-0.62%"
"12/18/2014","112.00","108.00","112.80","108.00","6.46M","5.16%"
"12/17/2014","106.50","103.20","106.50","102.10","4.34M","3.20%"
"12/16/2014","103.20","107.60","107.70","102.10","6.53M","-4.44%"
"12/15/2014","108.00","108.00","108.80","105.70","4.46M","-0.28%"
"12/12/2014","108.30","112.20","113.40","108.30","4.22M","-4.67%"
"12/11/2014","113.60","113.40","114.40","112.80","2.89M","-0.26%"
"12/10/2014","113.90","114.30","115.00","113.70","3.04M","0.44%"
"12/09/2014","113.40","112.70","114.00","111.00","4.18M","-0.53%"
"12/08/2014","114.00","116.10","116.60","113.50","2.98M","-2.15%"
"12/05/2014","116.50","116.80","117.60","115.80","2.50M","0.17%"
"12/04/2014","116.30","116.30","118.00","115.60","3.55M","-0.17%"
"12/03/2014","116.50","114.30","117.10","113.80","2.99M","2.19%"
"12/02/2014","114.00","114.50","116.20","111.50","4.05M","0.26%"
"12/01/2014","113.70","115.00","115.30","112.90","4.87M","-2.40%"
"11/28/2014","116.50","118.80","119.00","113.90","6.17M","-3.16%"
"11/27/2014","120.30","124.30","124.60","119.50","6.64M","-3.68%"
"11/26/2014","124.90","126.60","126.90","124.80","2.88M","-1.26%"
"11/25/2014","126.50","125.50","126.80","125.50","3.04M","0.88%"
"11/24/2014","125.40","124.00","125.90","124.00","2.84M","1.21%"
"11/21/2014","123.90","123.60","124.70","123.10","3.17M","0.24%"
"11/20/2014","123.60","124.50","124.60","123.20","2.35M","-0.32%"
"11/19/2014","124.00","123.00","124.80","122.40","3.31M","1.81%"
"11/18/2014","121.80","121.60","122.20","121.10","2.00M","0.50%"
"11/17/2014","121.20","120.00","121.40","119.20","2.10M","0.50%"
"11/14/2014","120.60","122.00","122.00","120.20","2.31M","-0.82%"
"11/13/2014","121.60","121.80","123.00","120.30","2.33M","0.00%"
"11/12/2014","121.60","123.20","123.50","121.20","3.11M","-1.06%"
"11/11/2014","122.90","123.00","123.80","122.20","1.95M","1.07%"
"11/10/2014","121.60","122.60","122.90","121.30","1.38M","-0.49%"
"11/07/2014","122.20","123.10","123.50","121.30","2.29M","-0.08%"
"11/06/2014","122.30","124.20","124.50","121.60","3.24M","-1.77%"
"11/05/2014","124.50","122.70","125.10","122.40","2.67M","1.63%"
"11/04/2014","122.50","123.00","124.20","122.40","2.97M","-0.41%"
"11/03/2014","123.00","123.50","124.60","123.00","1.91M","-0.73%"
"10/31/2014","123.90","124.70","124.80","123.70","3.72M","0.32%"
"10/30/2014","123.50","123.90","124.40","121.60","3.14M","-0.40%"
"10/29/2014","124.00","124.20","124.90","123.00","2.62M","-0.08%"
"10/28/2014","124.10","123.50","124.10","122.40","2.85M","0.89%"
"10/27/2014","123.00","124.00","124.30","121.80","4.00M","1.49%"
"10/24/2014","121.20","121.40","122.30","120.40","4.74M","0.66%"
"10/23/2014","120.40","116.50","120.50","115.90","6.97M","4.70%"
"10/22/2014","115.00","114.30","115.00","113.20","3.20M","1.59%"
"10/21/2014","113.20","109.30","113.90","109.30","3.72M","3.28%"
"10/20/2014","109.60","110.30","110.50","108.50","3.14M","-0.63%"
"10/17/2014","110.30","106.10","110.50","106.10","4.92M","4.06%"
"10/16/2014","106.00","110.50","111.00","105.20","6.35M","-3.55%"
"10/15/2014","109.90","110.60","112.10","109.10","6.78M","-0.54%"
"10/14/2014","110.50","109.70","111.40","108.50","2.92M","0.36%"
"10/13/2014","110.10","107.60","110.80","106.80","3.39M","1.66%"
"10/10/2014","108.30","110.10","111.30","108.30","4.69M","-2.78%"
"10/09/2014","111.40","115.20","115.70","111.20","2.83M","-2.11%"
"10/08/2014","113.80","112.80","114.30","112.10","2.48M","-0.26%"
"10/07/2014","114.10","115.60","115.80","112.70","2.93M","-1.64%"
"10/06/2014","116.00","115.70","116.50","114.30","2.84M","0.43%"
"10/03/2014","115.50","117.40","117.90","114.70","4.31M","-1.28%"
"10/02/2014","117.00","118.30","118.60","116.40","4.44M","-1.10%"
"10/01/2014","118.30","119.60","120.10","118.10","2.81M","-1.66%"
"09/30/2014","120.30","120.50","120.50","119.50","2.25M","-0.08%"
"09/29/2014","120.40","120.90","121.20","119.90","1.52M","-0.08%"
"09/26/2014","120.50","119.40","121.00","118.70","2.32M","0.58%"
"09/25/2014","119.80","119.40","120.70","119.40","1.95M","0.59%"
"09/24/2014","119.10","118.30","119.30","117.50","1.85M","0.93%"
"09/23/2014","118.00","119.90","120.00","117.50","2.51M","-2.32%"
"09/22/2014","120.80","120.20","120.90","119.70","1.69M","0.25%"
"09/19/2014","120.50","120.90","121.00","119.60","3.01M","0.25%"
"09/18/2014","120.20","118.90","120.80","118.80","3.99M","1.43%"
"09/17/2014","118.50","116.90","118.60","116.30","3.07M","2.33%"
"09/16/2014","115.80","115.70","115.90","115.20","1.16M","0.26%"
"09/15/2014","115.50","115.30","116.00","115.20","2.01M","-0.35%"
"09/12/2014","115.90","114.20","116.00","114.00","1.94M","1.22%"
"09/11/2014","114.50","115.70","115.80","114.20","1.09M","-0.69%"
"09/10/2014","115.30","113.90","115.40","113.60","1.31M","1.14%"
"09/09/2014","114.00","114.80","115.50","114.00","2.00M","-1.21%"
"09/08/2014","115.40","116.20","116.30","114.60","1.41M","-0.26%"
"09/05/2014","115.70","116.30","116.60","115.60","2.04M","-0.43%"
"09/04/2014","116.20","115.30","116.80","115.10","2.46M","0.26%"
"09/03/2014","115.90","116.30","116.60","115.80","2.24M","-0.09%"
"09/02/2014","116.00","116.20","116.70","115.50","1.80M","0.00%"
"09/01/2014","116.00","115.90","116.80","115.30","1.17M","0.35%"
"08/29/2014","115.60","115.20","115.90","114.60","1.85M","0.35%"
"08/28/2014","115.20","114.90","116.30","114.80","1.92M","0.09%"
"08/27/2014","115.10","114.80","115.50","114.70","1.75M","0.26%"
"08/26/2014","114.80","113.80","115.00","113.20","1.84M","1.06%"
"08/25/2014","113.60","113.70","114.10","113.10","762.05K","0.26%"
"08/22/2014","113.30","112.40","113.50","112.30","1.67M","0.80%"
"08/21/2014","112.40","111.30","112.40","110.30","1.69M","0.81%"
"08/20/2014","111.50","110.60","111.60","110.30","1.52M","0.63%"
"08/19/2014","110.80","111.40","111.90","110.70","1.46M","-0.36%"
"08/18/2014","111.20","111.00","112.50","110.30","1.50M","-0.09%"
"08/15/2014","111.30","108.90","111.30","108.90","2.11M","2.39%"
"08/14/2014","108.70","107.90","109.00","107.20","1.51M","0.56%"
"08/13/2014","108.10","107.10","108.90","107.10","1.62M","1.03%"
"08/12/2014","107.00","106.80","108.00","106.80","1.68M","-0.28%"
"08/11/2014","107.30","106.50","107.80","106.50","1.73M","1.42%"
"08/08/2014","105.80","105.70","107.40","98.10","2.63M","-1.86%"
"08/07/2014","107.80","108.50","108.70","107.30","1.16M","-0.65%"
"08/06/2014","108.50","109.50","109.80","107.60","1.86M","-1.36%"
"08/05/2014","110.00","110.80","111.60","109.60","1.14M","-0.63%"
"08/04/2014","110.70","110.70","112.10","110.20","1.48M","0.45%"
"08/01/2014","110.20","110.90","111.50","109.90","1.84M","-1.61%"
"07/31/2014","112.00","113.60","113.60","111.30","1.73M","-1.50%"
"07/30/2014","113.70","113.30","114.30","113.20","1.12M","0.00%"
"07/29/2014","113.70","113.50","113.80","112.80","1.05M","0.62%"
"07/28/2014","113.00","113.00","113.50","112.30","1.13M","-0.53%"
"07/25/2014","113.60","114.10","114.30","113.40","780.07K","-0.09%"
"07/24/2014","113.70","112.70","114.20","112.40","1.16M","0.80%"
"07/23/2014","112.80","112.30","113.00","112.10","1.08M","0.18%"
"07/22/2014","112.60","112.60","113.00","112.00","1.40M","0.18%"
"07/21/2014","112.40","112.20","112.60","111.70","1.27M","0.18%"
"07/18/2014","112.20","112.10","113.20","112.10","1.79M","-0.97%"
"07/17/2014","113.30","114.00","114.30","112.30","2.03M","-0.61%"
"07/16/2014","114.00","111.30","114.40","111.30","2.19M","2.06%"
"07/15/2014","111.70","112.00","112.20","111.40","2.43M","-0.18%"
"07/14/2014","111.90","111.80","112.00","110.60","1.76M","0.90%"
"07/11/2014","110.90","110.00","111.40","109.80","2.79M","1.28%"
"07/10/2014","109.50","112.00","112.80","108.50","6.76M","-5.03%"
"07/09/2014","115.30","115.30","115.80","114.60","2.01M","-0.26%"
"07/08/2014","115.60","116.30","117.50","115.60","2.53M","-1.53%"
"07/07/2014","117.40","115.80","117.90","115.80","2.25M","1.12%"
"07/04/2014","116.10","116.80","116.80","115.60","1.50M","-0.77%"
"07/03/2014","117.00","115.40","117.10","114.40","2.76M","1.83%"
"07/02/2014","114.90","114.00","115.50","113.30","2.92M","1.59%"
"07/01/2014","113.10","112.10","113.60","112.10","1.82M","0.80%"
"06/30/2014","112.20","111.30","112.40","111.00","2.51M","0.99%"
"06/27/2014","111.10","110.20","111.30","109.90","2.20M","1.00%"
"06/26/2014","110.00","112.20","112.20","108.40","3.30M","-1.79%"
"06/25/2014","112.00","112.00","113.20","110.40","2.41M","-0.18%"
"06/24/2014","112.20","113.50","114.00","112.00","2.36M","-1.15%"
"06/23/2014","113.50","114.30","114.30","113.30","2.45M","-1.05%"
"06/20/2014","114.70","116.30","116.50","114.10","4.15M","-1.04%"
"06/19/2014","115.90","116.70","116.80","115.50","2.54M","-0.34%"
"06/18/2014","116.30","114.00","116.40","113.80","2.40M","1.39%"
"06/17/2014","114.70","114.40","115.40","114.40","1.49M","0.17%"
"06/16/2014","114.50","115.20","115.70","114.00","1.11M","-0.61%"
"06/13/2014","115.20","115.50","115.80","113.80","1.18M","-0.26%"
"06/12/2014","115.50","115.60","115.70","115.10","1.03M","-0.17%"
"06/11/2014","115.70","115.90","116.40","114.70","1.85M","-0.26%"
"06/10/2014","116.00","116.20","116.70","115.50","1.55M","-0.68%"
"06/06/2014","116.80","116.00","117.00","115.20","1.33M","1.21%"
"06/05/2014","115.40","114.80","116.60","114.40","2.97M","0.79%"
"06/04/2014","114.50","115.00","115.00","113.60","2.28M","-0.35%"
"06/03/2014","114.90","114.70","115.00","114.00","2.22M","0.52%"
"06/02/2014","114.30","113.00","115.40","112.70","2.89M","1.78%"
"05/30/2014","112.30","112.90","112.90","111.80","2.83M","-0.27%"
"05/28/2014","112.60","111.60","112.60","111.60","1.81M","0.63%"
"05/27/2014","111.90","111.00","112.30","110.70","2.66M","1.18%"
"05/26/2014","110.60","111.30","112.30","110.10","1.63M","-0.36%"
"05/23/2014","111.00","110.00","111.00","109.70","1.78M","0.91%"
"05/22/2014","110.00","109.90","110.10","109.30","1.69M","0.18%"
"05/21/2014","109.80","109.20","110.00","108.90","2.02M","0.73%"
"05/20/2014","109.00","109.70","110.00","108.70","6.83M","-0.64%"
"05/19/2014","109.70","109.80","110.00","108.60","2.19M","0.18%"
"05/16/2014","109.50","110.00","110.90","109.20","6.83M","0.09%"
"05/15/2014","109.40","109.90","111.20","109.20","3.37M","0.09%"
"05/14/2014","109.30","108.90","109.90","108.50","2.82M","0.74%"
"05/13/2014","108.50","109.50","109.50","107.80","2.74M","-0.46%"
"05/12/2014","109.00","108.30","109.00","106.80","2.67M","0.93%"
"05/09/2014","108.00","106.30","108.00","106.30","3.65M","1.31%"
"05/08/2014","106.60","106.90","106.90","105.50","5.69M","2.01%"
"05/07/2014","104.50","103.60","105.40","103.20","3.53M","0.10%"
"05/06/2014","104.40","104.50","105.00","103.70","2.07M","0.10%"
"05/05/2014","104.30","103.80","104.60","103.40","1.33M","0.00%"
"05/02/2014","104.30","105.50","105.90","103.70","2.59M","-0.76%"
"04/30/2014","105.10","103.90","105.70","103.30","3.37M","1.15%"
"04/29/2014","103.90","103.10","103.90","102.50","2.61M","1.27%"
"04/28/2014","102.60","102.50","102.90","102.00","1.77M","0.20%"
"04/25/2014","102.40","102.30","103.20","102.00","3.06M","-2.01%"
"04/24/2014","104.50","104.00","105.70","103.80","4.72M","1.16%"
"04/23/2014","103.30","103.80","103.80","102.60","2.04M","0.00%"
"04/22/2014","103.30","101.00","103.50","100.20","5.53M","3.40%"
"04/16/2014","99.90","99.70","100.60","99.50","4.49M","1.01%"
"04/15/2014","98.90","99.80","100.00","98.40","5.97M","-0.30%"
"04/14/2014","99.20","100.00","100.40","99.00","2.59M","-0.80%"
"04/11/2014","100.00","102.00","102.40","99.80","3.74M","-2.82%"
"04/10/2014","102.90","104.50","104.70","102.70","2.71M","-0.68%"
"04/09/2014","103.60","103.30","104.50","102.20","3.44M","2.78%"
"04/08/2014","100.80","101.60","102.20","100.80","2.39M","-0.79%"
"04/07/2014","101.60","102.50","102.80","101.10","2.11M","-1.55%"
"04/04/2014","103.20","103.40","104.50","101.60","3.96M","-0.48%"
"04/03/2014","103.70","104.80","105.20","103.20","4.99M","-1.61%"
"04/02/2014","105.40","105.20","106.30","104.90","2.16M","0.38%"
"04/01/2014","105.00","104.00","105.20","103.60","3.14M","0.86%"
"03/31/2014","104.10","104.20","104.70","103.00","1.79M","0.19%"
"03/28/2014","103.90","103.70","104.20","103.20","2.30M","0.48%"
"03/27/2014","103.40","106.60","106.90","102.70","4.52M","-3.81%"
"03/26/2014","107.50","107.50","107.60","106.60","1.49M","0.47%"
"03/25/2014","107.00","106.40","107.20","106.30","2.04M","0.47%"
"03/24/2014","106.50","107.90","107.90","106.30","2.08M","-0.37%"
"03/21/2014","106.90","107.10","107.40","106.70","1.97M","0.19%"
"03/20/2014","106.70","105.00","107.30","104.90","2.40M","1.14%"
"03/19/2014","105.50","105.40","105.90","104.70","1.97M","0.48%"
"03/18/2014","105.00","105.20","105.50","104.00","2.46M","-0.10%"
"03/17/2014","105.10","105.00","105.10","104.10","1.36M","0.57%"
"03/14/2014","104.50","105.60","105.60","103.90","2.43M","-1.97%"
"03/13/2014","106.60","107.50","107.70","106.40","2.20M","-0.56%"
"03/12/2014","107.20","107.60","107.70","105.70","1.84M","-0.83%"
"03/11/2014","108.10","107.60","108.30","106.90","1.18M","0.65%"
"03/10/2014","107.40","109.30","109.70","106.90","2.10M","-2.36%"
"03/07/2014","110.00","110.30","110.50","109.10","1.16M","-0.18%"
"03/06/2014","110.20","109.60","110.80","109.60","1.12M","0.82%"
"03/05/2014","109.30","109.00","109.70","108.00","1.84M","0.28%"
"03/04/2014","109.00","108.70","109.40","108.30","2.02M","1.21%"
"03/03/2014","107.70","107.70","108.20","107.20","2.31M","-1.10%"
"02/28/2014","108.90","107.70","109.30","107.60","3.25M","1.11%"
"02/27/2014","107.70","106.00","108.20","106.00","3.16M","1.80%"
"02/26/2014","105.80","105.10","105.90","105.00","3.05M","0.76%"
"02/25/2014","105.00","105.90","106.00","103.90","2.50M","-0.85%"
"02/24/2014","105.90","106.40","106.40","104.90","2.03M","0.19%"
"02/21/2014","105.70","107.10","107.30","104.80","2.86M","-0.84%"
"02/20/2014","106.60","106.40","106.60","104.90","2.28M","-0.37%"
"02/19/2014","107.00","107.00","107.70","106.60","1.36M","0.28%"
"02/18/2014","106.70","107.90","107.90","106.70","1.08M","-1.20%"
"02/17/2014","108.00","108.30","108.30","107.70","872.47K","0.00%"
"02/14/2014","108.00","107.80","108.40","107.60","1.60M","0.47%"
"02/13/2014","107.50","108.10","108.20","106.40","1.69M","-0.92%"
"02/12/2014","108.50","108.80","108.90","107.30","2.72M","0.09%"
"02/11/2014","108.40","108.80","108.80","107.70","2.08M","0.37%"
"02/10/2014","108.00","109.40","109.60","107.40","1.71M","-1.10%"
"02/07/2014","109.20","108.50","109.30","107.90","3.35M","0.74%"
"02/06/2014","108.40","110.50","110.50","107.50","5.45M","-0.18%"
"02/05/2014","108.60","107.60","109.00","107.20","3.09M","1.50%"
"02/04/2014","107.00","105.70","107.00","105.60","1.90M","0.85%"
"02/03/2014","106.10","107.20","108.10","106.10","2.24M","0.00%"
"01/31/2014","106.10","108.90","109.10","105.80","2.99M","-2.66%"
"01/30/2014","109.00","107.90","109.30","107.40","2.36M","1.40%"
"01/29/2014","107.50","110.00","110.40","107.10","2.88M","-1.19%"
"01/28/2014","108.80","108.40","109.50","107.50","1.48M","0.65%"
"01/27/2014","108.10","108.70","109.60","108.10","1.93M","-1.28%"
"01/24/2014","109.50","110.20","111.30","108.80","2.47M","-0.54%"
"01/23/2014","110.10","109.90","111.10","109.70","1.65M","0.27%"
"01/22/2014","109.80","111.20","111.70","109.80","2.46M","-1.79%"
"01/21/2014","111.80","111.10","112.10","110.80","1.52M","0.09%"
"01/20/2014","111.70","112.70","112.70","111.50","934.33K","-0.98%"
"01/17/2014","112.80","111.40","112.80","111.00","1.57M","0.09%"
"01/16/2014","112.70","113.00","113.00","111.50","1.75M","0.27%"
"01/15/2014","112.40","111.60","112.50","111.50","1.78M","1.44%"
"01/14/2014","110.80","110.50","110.80","110.00","1.83M","-0.18%"
"01/13/2014","111.00","109.10","111.40","109.00","1.82M","2.78%"
"01/10/2014","108.00","110.50","111.70","108.00","3.80M","-1.82%"
"01/09/2014","110.00","109.50","110.60","108.90","1.98M","0.36%"
"01/08/2014","109.60","107.70","109.60","107.20","3.83M","1.20%"
"01/07/2014","108.30","107.90","108.70","107.10","2.39M","-0.46%"
"01/06/2014","108.80","108.80","109.00","107.90","1.43M","0.09%"
"01/03/2014","108.70","108.20","109.40","107.60","1.73M","0.28%"
"01/02/2014","108.40","108.90","110.30","108.20","1.75M","-0.09%"
"12/30/2013","108.50","110.00","110.10","107.80","1.21M","-0.91%"
"12/27/2013","109.50","109.80","109.80","108.90","864.65K","0.55%"
"12/23/2013","108.90","107.50","109.10","107.30","1.19M","1.49%"
"12/20/2013","107.30","106.90","107.90","106.00","2.03M","1.04%"
"12/19/2013","106.20","105.70","106.80","105.40","2.08M","1.14%"
"12/18/2013","105.00","106.50","106.70","104.30","2.11M","-1.22%"
"12/17/2013","106.30","105.50","106.40","105.30","1.74M","0.66%"
"12/16/2013","105.60","104.30","105.90","104.10","1.33M","1.15%"
"12/13/2013","104.40","103.50","104.90","103.50","2.35M","1.56%"
"12/12/2013","102.80","103.70","104.60","102.30","1.97M","-0.48%"
"12/11/2013","103.30","103.10","104.50","103.00","1.66M","0.00%"
"12/10/2013","103.30","103.80","104.40","103.20","2.26M","-1.24%"
"12/09/2013","104.60","105.00","105.90","104.50","1.51M","0.58%"
"12/06/2013","104.00","104.20","106.00","103.50","1.86M","-0.57%"
"12/05/2013","104.60","105.40","105.50","102.60","3.77M","-1.32%"
"12/04/2013","106.00","107.50","107.80","105.20","1.77M","-1.67%"
"12/03/2013","107.80","108.40","108.90","106.90","2.01M","-1.37%"
"12/02/2013","109.30","108.40","109.70","108.40","854.09K","0.83%"
"11/29/2013","108.40","110.10","110.80","108.40","1.54M","-1.36%"
"11/28/2013","109.90","109.00","110.50","109.00","1.14M","0.83%"
"11/27/2013","109.00","108.10","109.30","107.50","1.66M","1.40%"
"11/26/2013","107.50","107.80","108.30","107.20","1.11M","-0.28%"
"11/25/2013","107.80","108.00","109.20","107.60","915.01K","0.00%"
"11/22/2013","107.80","107.90","109.30","107.40","1.51M","0.75%"
"11/21/2013","107.00","106.90","109.30","106.80","2.50M","0.00%"
"11/20/2013","107.00","109.10","109.40","106.40","2.29M","-0.74%"
"11/19/2013","107.80","107.70","108.10","107.00","1.60M","-0.19%"
"11/18/2013","108.00","106.80","108.50","106.80","1.74M","1.41%"
"11/15/2013","106.50","105.80","106.60","105.50","1.84M","1.62%"
"11/14/2013","104.80","105.60","105.80","104.40","974.09K","-0.10%"
"11/13/2013","104.90","103.60","105.20","103.60","1.68M","0.48%"
"11/12/2013","104.40","105.10","105.60","104.30","1.42M","-1.23%"
"11/11/2013","105.70","105.00","105.90","104.70","649.72K","0.67%"
"11/08/2013","105.00","105.70","105.70","103.30","1.68M","-0.85%"
"11/07/2013","105.90","106.00","107.00","104.90","1.68M","0.09%"
"11/06/2013","105.80","105.90","105.90","105.20","952.21K","0.38%"
"11/05/2013","105.40","106.60","106.90","104.00","1.84M","-1.03%"
"11/04/2013","106.50","105.40","106.80","105.40","938.99K","1.14%"
"11/01/2013","105.30","105.40","105.90","103.30","1.32M","-0.19%"
"10/31/2013","105.50","107.20","107.90","104.90","2.78M","-1.22%"
"10/30/2013","106.80","107.10","107.50","106.50","1.27M","0.19%"
"10/29/2013","106.60","105.40","107.90","105.20","2.00M","1.43%"
"10/28/2013","105.10","106.40","107.30","104.70","2.12M","-0.66%"
"10/25/2013","105.80","103.90","106.00","103.40","4.34M","1.63%"
"10/24/2013","104.10","104.00","104.70","101.70","6.55M","5.90%"
"10/23/2013","98.30","99.00","99.40","98.15","1.81M","-0.61%"
"10/22/2013","98.90","99.00","100.60","98.65","3.08M","1.23%"
"10/21/2013","97.70","96.75","97.85","96.70","1.53M","1.09%"
"10/18/2013","96.65","96.75","97.95","96.35","1.66M","-0.10%"
"10/17/2013","96.75","96.10","96.90","95.95","1.38M","0.31%"
"10/16/2013","96.45","95.00","96.65","95.00","1.77M","0.89%"
"10/15/2013","95.60","95.05","96.00","94.80","1.52M","1.27%"
"10/14/2013","94.40","93.90","94.60","93.50","1.76M","0.75%"
"10/11/2013","93.70","93.20","94.05","92.85","1.76M","1.02%"
"10/10/2013","92.75","93.50","93.50","91.90","2.65M","0.76%"
"10/09/2013","92.05","91.65","92.25","91.40","1.66M","-0.05%"
"10/08/2013","92.10","92.90","93.10","91.60","1.49M","-0.91%"
"10/07/2013","92.95","93.35","93.35","92.30","1.44M","-0.43%"
"10/04/2013","93.35","93.40","94.10","93.10","1.33M","-0.21%"
"10/03/2013","93.55","93.15","93.70","92.20","1.57M","0.48%"
"10/02/2013","93.10","92.45","93.70","92.20","1.95M","0.22%"
"10/01/2013","92.90","92.00","93.90","91.90","1.86M","1.75%"
"09/30/2013","91.30","92.75","93.15","91.30","3.31M","-1.99%"
"09/27/2013","93.15","93.85","94.65","92.80","2.02M","-0.90%"
"09/26/2013","94.00","95.25","95.85","94.00","2.09M","-1.05%"
"09/25/2013","95.00","95.70","96.05","94.55","1.48M","-0.78%"
"09/24/2013","95.75","95.00","96.15","95.00","1.43M","-0.42%"
"09/23/2013","96.15","98.05","98.05","95.50","1.37M","-1.49%"
"09/20/2013","97.60","96.70","98.15","96.70","1.92M","0.51%"
"09/19/2013","97.10","96.25","98.40","96.10","3.88M","2.81%"
"09/18/2013","94.45","94.50","95.40","93.80","2.02M","-0.11%"
"09/17/2013","94.55","94.05","94.95","93.05","1.90M","-0.47%"
"09/16/2013","95.00","96.85","96.85","94.30","1.62M","-1.04%"
"09/13/2013","96.00","96.10","96.25","95.05","1.92M","-0.36%"
"09/12/2013","96.35","97.70","98.25","94.90","2.96M","-3.02%"
"09/11/2013","99.35","97.50","100.00","97.35","2.46M","1.58%"
"09/10/2013","97.80","97.05","98.35","96.45","2.11M","1.56%"
"09/09/2013","96.30","96.40","96.70","94.80","1.45M","0.68%"
"09/06/2013","95.65","95.50","96.25","95.00","1.09M","0.00%"
"09/05/2013","95.65","96.30","96.50","94.85","1.50M","-0.26%"
"09/04/2013","95.90","96.70","97.15","95.25","1.03M","-0.88%"
"09/03/2013","96.75","97.20","97.60","95.95","851.09K","0.00%"
"09/02/2013","96.75","94.65","97.70","94.65","1.45M","1.84%"
"08/30/2013","95.00","98.40","98.40","95.00","2.57M","-3.36%"
"08/29/2013","98.30","96.00","98.50","95.90","2.60M","2.72%"
"08/28/2013","95.70","93.90","96.20","93.40","2.49M","1.54%"
"08/27/2013","94.25","96.50","96.75","94.15","1.80M","-2.63%"
"08/26/2013","96.80","98.05","98.05","96.55","588.06K","-0.87%"
"08/23/2013","97.65","98.15","98.30","97.35","724.89K","-0.36%"
"08/22/2013","98.00","97.60","98.25","97.10","1.06M","0.51%"
"08/21/2013","97.50","98.35","98.40","97.05","818.42K","-0.51%"
"08/20/2013","98.00","99.00","99.00","97.30","1.33M","-1.51%"
"08/19/2013","99.50","100.10","100.50","98.75","1.15M","-0.80%"
"08/16/2013","100.30","98.80","100.40","98.65","1.38M","1.67%"
"08/15/2013","98.65","100.50","100.80","97.60","1.80M","-2.23%"
"08/14/2013","100.90","101.60","102.00","100.20","1.39M","-0.59%"
"08/13/2013","101.50","101.90","102.80","101.30","2.37M","0.20%"
"08/12/2013","101.30","101.10","101.80","100.50","2.12M","0.40%"
"08/09/2013","100.90","100.00","101.80","99.55","1.75M","1.10%"
"08/08/2013","99.80","98.60","99.90","98.55","1.64M","1.37%"
"08/07/2013","98.45","97.95","98.80","97.40","1.96M","0.46%"
"08/06/2013","98.00","98.35","98.40","97.25","1.80M","-0.25%"
"08/05/2013","98.25","98.80","98.95","97.55","993.71K","-0.25%"
"08/02/2013","98.50","100.00","100.00","97.30","1.84M","-1.05%"
"08/01/2013","99.55","98.40","99.55","98.00","1.32M","1.43%"
"07/31/2013","98.15","98.80","98.80","97.80","1.59M","0.15%"
"07/30/2013","98.00","98.30","98.80","97.50","1.75M","-0.31%"
"07/29/2013","98.30","98.30","98.45","97.10","948.73K","0.00%"
"07/26/2013","98.30","97.90","98.95","97.80","1.63M","0.46%"
"07/25/2013","97.85","97.85","97.90","96.70","933.03K","0.26%"
"07/24/2013","97.60","97.20","97.65","97.10","1.17M","0.36%"
"07/23/2013","97.25","97.60","98.10","96.65","1.08M","0.10%"
"07/22/2013","97.15","97.00","97.80","96.60","942.26K","0.26%"
"07/19/2013","96.90","95.80","96.90","95.70","1.18M","1.04%"
"07/18/2013","95.90","95.85","95.90","94.90","1.25M","0.26%"
"07/17/2013","95.65","95.45","96.00","93.65","1.90M","0.42%"
"07/16/2013","95.25","94.95","95.25","94.30","1.78M","0.47%"
"07/15/2013","94.80","94.40","95.20","94.25","1.25M","0.96%"
"07/12/2013","93.90","93.80","95.00","93.75","1.95M","-0.95%"
"07/11/2013","94.80","96.10","96.95","93.00","4.28M","-0.26%"
"07/10/2013","95.05","93.85","95.80","93.80","1.97M","1.06%"
"07/09/2013","94.05","95.00","96.00","94.05","2.43M","-0.21%"
"07/08/2013","94.25","92.55","94.60","92.50","1.60M","1.95%"
"07/05/2013","92.45","92.20","93.80","92.00","2.08M","0.82%"
"07/04/2013","91.70","88.90","92.15","88.65","2.61M","3.91%"
"07/03/2013","88.25","90.00","90.25","87.90","2.35M","-2.43%"
"07/02/2013","90.45","90.15","90.45","89.40","2.24M","0.78%"
"07/01/2013","89.75","88.25","89.85","88.00","1.66M","2.05%"
"06/28/2013","87.95","89.45","89.75","87.30","1.98M","-0.90%"
"06/27/2013","88.75","89.35","89.90","87.00","2.21M","0.57%"
"06/26/2013","88.25","86.60","89.25","86.35","2.13M","1.96%"
"06/25/2013","86.55","87.50","88.00","86.00","3.92M","0.99%"
"06/24/2013","85.70","89.80","89.80","85.70","4.69M","-5.15%"
"06/21/2013","90.35","90.55","92.90","90.00","2.98M","-0.22%"
"06/20/2013","90.55","91.80","92.30","89.85","3.50M","-3.26%"
"06/19/2013","93.60","94.75","94.75","93.25","2.87M","-1.37%"
"06/18/2013","94.90","92.50","94.90","92.25","3.05M","2.04%"
"06/17/2013","93.00","91.35","93.00","90.85","1.60M","2.03%"
"06/14/2013","91.15","92.90","93.30","91.10","1.91M","-0.49%"
"06/13/2013","91.60","89.50","91.80","89.50","2.84M","0.55%"
"06/12/2013","91.10","90.25","91.85","90.25","1.60M","1.11%"
"06/11/2013","90.10","91.70","93.05","89.95","2.05M","-2.07%"
"06/10/2013","92.00","92.70","93.15","91.90","1.40M","-0.59%"
"06/07/2013","92.55","90.75","93.20","90.75","1.75M","1.70%"
"06/06/2013","91.00","92.00","92.75","90.45","1.32M","-1.36%"
"06/05/2013","92.25","93.00","93.80","91.70","2.33M","-1.07%"
"06/04/2013","93.25","95.90","96.85","93.15","3.13M","-2.51%"
"06/03/2013","95.65","94.55","96.25","94.50","1.23M","0.21%"
"05/31/2013","95.45","95.20","96.15","94.20","1.93M","0.21%"
"05/30/2013","95.25","95.20","96.40","95.05","1.27M","-0.63%"
"05/29/2013","95.85","96.95","97.60","95.40","1.95M","-1.74%"
"05/28/2013","97.55","95.00","97.55","95.00","1.88M","2.79%"
"05/27/2013","94.90","93.30","95.05","93.30","2.26M","1.77%"
"05/24/2013","93.25","95.80","96.00","93.05","1.81M","-1.74%"
"05/23/2013","94.90","95.45","95.90","93.95","2.44M","-2.16%"
"05/22/2013","97.00","97.65","97.75","96.50","2.31M","0.00%"
"05/21/2013","97.00","95.00","97.00","95.00","2.61M","2.11%"
"05/16/2013","95.00","94.60","95.50","94.35","1.52M","0.05%"
"05/15/2013","94.95","95.00","95.00","94.20","1.80M","-0.21%"
"05/14/2013","95.15","95.85","96.75","94.25","1.68M","0.16%"
"05/13/2013","95.00","95.60","96.40","94.50","1.41M","-0.73%"
"05/10/2013","95.70","96.65","97.25","94.85","2.32M","-0.16%"
"05/08/2013","95.85","96.25","97.15","95.10","2.27M","-0.78%"
"05/07/2013","96.60","96.95","97.50","95.90","2.92M","1.52%"
"05/06/2013","95.15","94.55","95.80","94.45","1.52M","0.90%"
"05/03/2013","94.30","93.60","94.45","92.90","2.52M","1.40%"
"05/02/2013","93.00","92.45","94.80","91.05","4.27M","-1.33%"
"04/30/2013","94.25","93.50","94.45","92.85","3.31M","0.91%"
"04/29/2013","93.40","93.45","94.15","92.00","3.24M","0.97%"
"04/26/2013","92.50","90.55","92.65","89.85","6.25M","5.17%"
"04/25/2013","87.95","88.00","89.85","86.55","5.16M","0.29%"
"04/24/2013","87.70","88.25","88.45","86.70","3.22M","-0.62%"
"04/23/2013","88.25","84.25","88.55","83.75","4.30M","5.18%"
"04/22/2013","83.90","83.75","84.80","83.55","2.33M","1.45%"
"04/19/2013","82.70","83.15","83.55","82.10","2.94M","0.18%"
"04/18/2013","82.55","83.00","83.80","82.15","2.57M","-0.90%"
"04/17/2013","83.30","86.20","86.45","83.30","2.23M","-2.91%"
"04/16/2013","85.80","84.85","86.15","84.00","2.68M","1.36%"
"04/15/2013","84.65","85.05","85.75","83.00","2.35M","-0.53%"
"04/12/2013","85.10","87.45","87.45","85.00","2.92M","-3.02%"
"04/11/2013","87.75","86.65","88.15","86.25","2.38M","1.98%"
"04/10/2013","86.05","84.25","86.05","84.00","1.95M","2.32%"
"04/09/2013","84.10","84.00","85.00","83.85","2.07M","0.78%"
"04/08/2013","83.45","85.20","85.25","83.30","1.93M","-1.01%"
"04/05/2013","84.30","86.80","89.00","83.70","2.51M","-2.60%"
"04/04/2013","86.55","87.50","87.80","86.15","2.18M","-1.09%"
"04/03/2013","87.50","88.05","88.80","87.45","2.20M","-1.19%"
"04/02/2013","88.55","87.60","88.85","86.70","3.78M","3.39%"
"03/27/2013","85.65","85.90","86.30","85.05","1.22M","-0.29%"
"03/26/2013","85.90","84.90","86.00","84.15","2.98M","1.66%"
"03/25/2013","84.50","87.95","88.70","84.50","2.91M","-3.43%"
"03/22/2013","87.50","87.60","88.40","85.10","5.60M","-0.06%"
"03/21/2013","87.55","90.50","90.50","87.20","4.41M","-2.72%"
"03/20/2013","90.00","90.60","91.60","89.55","2.27M","-0.99%"
"03/19/2013","90.90","92.30","92.40","89.70","3.13M","-1.68%"
"03/18/2013","92.45","91.75","92.50","91.30","2.14M","-1.49%"
"03/15/2013","93.85","93.65","94.00","93.20","3.87M","0.70%"
"03/14/2013","93.20","92.50","93.30","92.45","1.96M","1.14%"
"03/13/2013","92.15","91.90","93.35","91.55","2.28M","0.27%"
"03/12/2013","91.90","90.35","93.10","90.35","3.31M","1.77%"
"03/11/2013","90.30","91.00","91.50","89.75","4.01M","-2.38%"
"03/08/2013","92.50","89.45","93.70","89.15","5.25M","4.46%"
"03/07/2013","88.55","88.70","90.20","88.25","3.23M","0.34%"
"03/06/2013","88.25","88.70","89.30","88.25","2.35M","-0.28%"
"03/05/2013","88.50","86.75","88.65","86.40","4.25M","3.63%"
"03/04/2013","85.40","84.90","86.00","84.55","1.76M","0.18%"
"03/01/2013","85.25","85.50","86.00","84.30","2.70M","-0.29%"
"02/28/2013","85.50","85.00","86.20","84.70","2.83M","1.54%"
"02/27/2013","84.20","84.70","85.45","83.50","1.82M","-0.59%"
"02/26/2013","84.70","83.75","85.00","83.50","2.29M","-0.99%"
"02/25/2013","85.55","85.15","85.70","84.75","1.79M","0.35%"
"02/22/2013","85.25","84.90","85.70","84.90","2.49M","0.53%"
"02/21/2013","84.80","85.35","85.40","84.75","3.38M","-1.34%"
"02/20/2013","85.95","85.20","85.95","84.95","1.86M","1.12%"
"02/19/2013","85.00","84.05","85.00","84.00","1.55M","1.01%"
"02/18/2013","84.15","84.05","84.45","83.90","856.37K","-0.53%"
"02/15/2013","84.60","83.10","84.60","83.00","1.56M","1.20%"
"02/14/2013","83.60","84.35","84.50","83.25","2.82M","-0.77%"
"02/13/2013","84.25","84.45","85.50","83.95","3.05M","-0.30%"
"02/12/2013","84.50","83.55","84.85","83.55","3.01M","1.14%"
"02/11/2013","83.55","84.95","85.20","83.55","3.50M","-1.71%"
"02/08/2013","85.00","82.80","85.70","82.75","10.14M","4.55%"
"02/07/2013","81.30","78.00","81.90","77.70","9.93M","7.26%"
"02/06/2013","75.80","77.40","78.10","75.80","3.93M","-1.69%"
"02/05/2013","77.10","76.20","77.40","76.05","3.58M","1.18%"
"02/04/2013","76.20","77.10","77.50","76.00","1.95M","-1.61%"
"02/01/2013","77.45","76.30","77.45","76.00","1.81M","1.37%"
"01/31/2013","76.40","76.90","77.20","76.25","2.72M","-0.52%"
"01/30/2013","76.80","76.20","77.35","76.00","2.26M","1.05%"
"01/29/2013","76.00","76.10","76.35","75.50","1.76M","0.40%"
"01/28/2013","75.70","76.30","76.50","75.70","1.56M","-0.66%"
"01/25/2013","76.20","75.90","76.65","75.75","1.48M","0.86%"
"01/24/2013","75.55","75.25","76.25","75.05","3.09M","0.40%"
"01/23/2013","75.25","74.25","75.45","74.25","3.39M","-0.59%"
"01/22/2013","75.70","77.10","77.10","75.35","4.66M","-2.64%"
"01/21/2013","77.75","78.00","78.00","77.50","1.74M","-0.70%"
"01/18/2013","78.30","77.50","78.30","77.30","2.65M","0.97%"
"01/17/2013","77.55","76.45","78.05","76.25","4.45M","2.24%"
"01/16/2013","75.85","74.70","75.85","74.55","3.47M","1.27%"
"01/15/2013","74.90","73.90","75.00","73.80","3.08M","1.22%"
"01/14/2013","74.00","73.60","74.70","73.60","2.53M","0.61%"
"01/11/2013","73.55","73.70","73.90","73.30","1.95M","0.14%"
"01/10/2013","73.45","73.00","73.60","72.90","2.78M","0.34%"
"01/09/2013","73.20","73.65","73.85","73.20","1.42M","0.07%"
"01/08/2013","73.15","73.00","74.00","72.95","2.23M","0.21%"
"01/07/2013","73.00","73.50","74.00","72.80","2.43M","0.00%"
"01/04/2013","73.00","71.90","73.00","71.75","2.20M","1.39%"
"01/03/2013","72.00","71.80","72.55","71.60","1.74M","0.00%"
"01/02/2013","72.00","71.25","72.20","71.00","1.92M","2.27%"
"12/28/2012","70.40","71.70","71.70","70.05","1.30M","-1.12%"
"12/27/2012","71.20","69.85","71.85","69.85","1.36M","1.21%"
"12/21/2012","70.35","69.90","70.75","69.80","2.92M","0.14%"
"12/20/2012","70.25","70.30","70.55","69.65","3.22M","0.21%"
"12/19/2012","70.10","69.80","70.90","69.40","3.25M","0.72%"
"12/18/2012","69.60","70.25","70.45","69.45","2.58M","-0.93%"
"12/17/2012","70.25","70.65","70.85","69.50","2.83M","-1.06%"
"12/14/2012","71.00","70.75","71.20","70.65","1.46M","0.00%"
"12/13/2012","71.00","71.00","71.10","70.65","2.06M","0.00%"
"12/12/2012","71.00","70.60","71.50","70.40","2.20M","0.85%"
"12/11/2012","70.40","70.40","71.00","70.00","2.85M","0.00%"
"12/10/2012","70.40","70.80","71.05","70.15","1.76M","-0.91%"
"12/07/2012","71.05","71.60","71.75","70.90","1.30M","-0.70%"
"12/06/2012","71.55","71.60","71.80","71.05","1.36M","0.92%"
"12/05/2012","70.90","71.20","71.65","70.90","2.05M","-0.14%"
"12/04/2012","71.00","71.50","71.50","70.40","1.92M","-0.70%"
"12/03/2012","71.50","70.25","71.70","70.25","2.22M","1.35%"
"11/30/2012","70.55","69.50","70.65","69.10","4.05M","1.51%"
"11/29/2012","69.50","68.50","69.60","68.50","4.73M","2.51%"
"11/28/2012","67.80","71.20","71.25","67.40","8.78M","-5.51%"
"11/27/2012","71.75","71.70","72.00","71.35","1.48M","0.49%"
"11/26/2012","71.40","71.30","71.90","71.25","2.10M","-0.14%"
"11/23/2012","71.50","71.40","71.75","71.10","1.10M","0.21%"
"11/22/2012","71.35","71.05","71.45","70.75","2.27M","0.63%"
"11/21/2012","70.90","71.00","71.45","70.90","2.09M","-0.35%"
"11/20/2012","71.15","71.05","71.25","70.60","1.67M","-0.14%"
"11/19/2012","71.25","70.40","71.50","70.40","3.42M","2.30%"
"11/16/2012","69.65","69.60","70.25","68.75","2.25M","-0.36%"
"11/15/2012","69.90","69.80","70.05","69.25","1.93M","-0.50%"
"11/14/2012","70.25","69.70","70.50","69.45","1.83M","0.50%"
"11/13/2012","69.90","69.85","70.10","69.15","1.80M","-0.36%"
"11/12/2012","70.15","69.25","70.25","68.75","1.85M","1.08%"
"11/09/2012","69.40","70.20","70.70","68.35","2.65M","-1.42%"
"11/08/2012","70.40","70.85","71.05","70.10","1.93M","-0.64%"
"11/07/2012","70.85","71.00","71.80","70.60","2.43M","-0.21%"
"11/06/2012","71.00","70.00","71.15","69.90","2.21M","1.72%"
"11/05/2012","69.80","69.85","70.70","69.45","1.94M","-0.57%"
"11/02/2012","70.20","71.00","71.40","70.10","2.37M","-1.13%"
"11/01/2012","71.00","71.35","71.40","70.05","3.02M","-0.28%"
"10/31/2012","71.20","71.90","72.45","70.85","2.97M","-1.25%"
"10/30/2012","72.10","72.20","72.45","71.15","2.31M","-0.55%"
"10/29/2012","72.50","72.00","72.60","71.85","1.48M","0.55%"
"10/26/2012","72.10","71.80","72.75","71.60","2.91M","-0.41%"
"10/25/2012","72.40","71.50","73.30","71.40","5.74M","2.91%"
"10/24/2012","70.35","69.90","70.90","68.60","3.80M","1.01%"
"10/23/2012","69.65","71.45","71.50","69.55","3.19M","-2.38%"
"10/22/2012","71.35","71.00","72.30","70.80","1.98M","0.14%"
"10/19/2012","71.25","71.90","72.15","71.25","2.03M","-1.45%"
"10/18/2012","72.30","73.00","73.25","72.10","2.78M","-1.30%"
"10/17/2012","73.25","74.00","74.10","72.95","2.99M","-0.68%"
"10/16/2012","73.75","73.25","74.15","73.00","2.83M","1.58%"
"10/15/2012","72.60","72.65","73.05","72.30","1.75M","-0.07%"
"10/12/2012","72.65","72.40","73.00","72.15","2.60M","-0.27%"
"10/11/2012","72.85","71.30","72.85","71.15","2.45M","1.60%"
"10/10/2012","71.70","72.10","72.55","71.65","1.44M","-1.04%"
"10/09/2012","72.45","72.60","73.30","72.20","2.24M","0.07%"
"10/08/2012","72.40","72.80","72.90","71.90","1.95M","-1.50%"
"10/05/2012","73.50","72.10","73.70","71.90","2.34M","2.58%"
"10/04/2012","71.65","72.20","72.20","71.10","2.80M","0.00%"
"10/03/2012","71.65","70.60","72.15","70.60","2.23M","0.42%"
"10/02/2012","71.35","70.75","71.85","70.10","1.77M","0.49%"
"10/01/2012","71.00","70.05","71.00","69.90","1.85M","1.07%"
"09/28/2012","70.25","70.85","71.70","70.05","2.68M","-0.71%"
"09/27/2012","70.75","70.65","70.80","69.90","2.39M","1.29%"
"09/26/2012","69.85","71.05","71.40","69.70","2.60M","-2.85%"
"09/25/2012","71.90","71.10","72.30","71.00","2.86M","0.70%"
"09/24/2012","71.40","72.20","72.20","71.05","1.53M","-0.76%"
"09/21/2012","71.95","71.20","72.30","71.00","4.48M","2.06%"
"09/20/2012","70.50","71.85","72.35","70.25","5.02M","-2.15%"
"09/19/2012","72.05","73.55","73.75","72.05","3.16M","-2.11%"
"09/18/2012","73.60","72.90","73.60","71.85","3.74M","0.34%"
"09/17/2012","73.35","73.45","73.90","73.10","2.70M","-0.61%"
"09/14/2012","73.80","73.40","74.00","73.00","4.51M","2.79%"
"09/13/2012","71.80","70.95","72.20","70.80","3.70M","1.13%"
"09/12/2012","71.00","70.50","72.40","70.45","4.41M","1.14%"
"09/11/2012","70.20","69.80","70.50","69.60","2.70M","0.00%"
"09/10/2012","70.20","69.70","70.40","69.55","3.36M","1.01%"
"09/07/2012","69.50","69.00","70.40","69.00","4.13M","0.72%"
"09/06/2012","69.00","66.40","69.00","65.65","5.11M","3.53%"
"09/05/2012","66.65","65.70","66.65","65.65","2.65M","1.45%"
"09/04/2012","65.70","66.85","66.90","65.70","1.79M","-1.79%"
"09/03/2012","66.90","66.50","66.95","66.40","2.03M","0.45%"
"08/31/2012","66.60","64.85","66.60","64.85","3.58M","2.30%"
"08/30/2012","65.10","66.80","66.80","65.10","3.65M","-2.84%"
"08/29/2012","67.00","66.70","67.00","65.85","2.68M","0.45%"
"08/28/2012","66.70","67.60","67.75","66.50","2.58M","-1.11%"
"08/27/2012","67.45","67.00","68.15","67.00","1.44M","0.90%"
"08/24/2012","66.85","66.80","67.30","66.50","1.66M","0.00%"
"08/23/2012","66.85","67.75","68.75","66.50","2.17M","-1.04%"
"08/22/2012","67.55","67.95","68.10","67.40","2.60M","-1.31%"
"08/21/2012","68.45","66.95","68.70","66.70","1.91M","2.24%"
"08/20/2012","66.95","69.00","69.10","66.60","2.97M","-3.11%"
"08/17/2012","69.10","68.10","69.30","67.50","4.89M","1.99%"
"08/16/2012","67.75","67.15","68.45","66.70","3.76M","0.97%"
"08/15/2012","67.10","66.20","67.15","66.00","2.06M","1.21%"
"08/14/2012","66.30","65.70","66.55","65.70","2.34M","1.22%"
"08/13/2012","65.50","64.30","65.95","64.30","3.21M","1.24%"
"08/10/2012","64.70","64.35","64.75","64.25","1.69M","0.15%"
"08/09/2012","64.60","65.00","65.00","64.00","2.41M","0.16%"
"08/08/2012","64.50","63.90","64.55","63.50","2.71M","0.78%"
"08/07/2012","64.00","64.40","64.80","62.95","3.19M","-0.39%"
"08/06/2012","64.25","63.90","64.65","63.55","2.35M","0.86%"
"08/03/2012","63.70","62.45","64.00","62.00","3.84M","2.74%"
"08/02/2012","62.00","63.60","63.95","61.75","4.46M","-1.98%"
"08/01/2012","63.25","63.65","63.75","62.60","2.67M","-0.39%"
"07/31/2012","63.50","62.55","64.00","62.40","4.85M","1.76%"
"07/30/2012","62.40","63.85","63.90","62.20","4.15M","-1.81%"
"07/27/2012","63.55","62.50","63.55","61.60","3.49M","2.58%"
"07/26/2012","61.95","60.25","62.30","59.60","3.19M","2.57%"
"07/25/2012","60.40","59.80","60.75","59.70","2.15M","-0.08%"
"07/24/2012","60.45","60.40","61.10","59.85","1.56M","-0.25%"
"07/23/2012","60.60","61.45","61.45","59.70","2.70M","-2.49%"
"07/20/2012","62.15","63.00","63.35","62.00","2.07M","-2.20%"
"07/19/2012","63.55","63.90","64.00","63.00","2.69M","-0.39%"
"07/18/2012","63.80","62.60","63.85","62.30","3.68M","2.00%"
"07/17/2012","62.55","62.00","62.90","61.65","2.93M","0.97%"
"07/16/2012","61.95","62.55","62.85","61.10","3.62M","-0.96%"
"07/13/2012","62.55","62.80","63.30","61.85","4.32M","0.24%"
"07/12/2012","62.40","61.85","62.55","61.25","7.67M","3.06%"
"07/11/2012","60.55","60.30","61.25","60.00","3.33M","-0.08%"
"07/10/2012","60.60","59.40","60.65","58.60","4.28M","3.15%"
"07/09/2012","58.75","58.75","59.40","58.20","2.57M","-0.09%"
"07/06/2012","58.80","60.65","60.80","58.80","2.80M","-3.05%"
"07/05/2012","60.65","60.85","61.95","60.10","4.10M","0.33%"
"07/04/2012","60.45","60.50","60.80","59.70","2.45M","-0.41%"
"07/03/2012","60.70","59.80","60.70","59.40","2.60M","2.19%"
"07/02/2012","59.40","59.50","60.00","58.45","3.75M","0.76%"
"06/29/2012","58.95","57.50","59.00","57.05","5.99M","5.93%"
"06/28/2012","55.65","55.60","55.95","54.35","5.61M","0.36%"
"06/27/2012","55.45","55.40","55.50","53.85","6.50M","1.00%"
"06/26/2012","54.90","55.60","55.65","54.45","3.59M","-0.72%"
"06/25/2012","55.30","55.10","55.90","54.75","6.21M","-0.63%"
"06/22/2012","55.65","57.00","57.45","55.40","5.22M","-3.30%"
"06/21/2012","57.55","57.70","59.10","57.45","5.73M","-1.20%"
"06/20/2012","58.25","56.95","58.25","56.45","7.74M","2.64%"
"06/19/2012","56.75","56.35","56.95","55.45","5.86M","1.98%"
"06/18/2012","55.65","57.10","57.10","55.20","4.14M","-0.89%"
"06/15/2012","56.15","55.60","56.25","55.10","6.35M","2.09%"
"06/14/2012","55.00","55.70","56.00","54.60","5.02M","-0.72%"
"06/13/2012","55.40","56.30","56.45","55.30","3.77M","-1.77%"
"06/12/2012","56.40","55.40","56.40","55.20","2.52M","0.98%"
"06/11/2012","55.85","58.00","58.15","55.85","3.24M","-0.80%"
"06/08/2012","56.30","56.20","56.75","55.60","3.00M","-1.75%"
"06/07/2012","57.30","56.50","57.40","56.05","5.54M","2.05%"
"06/06/2012","56.15","55.05","56.15","54.75","3.83M","3.03%"
"06/05/2012","54.50","54.80","55.00","53.60","2.00M","0.93%"
"06/04/2012","54.00","53.50","54.95","53.00","2.65M","-0.37%"
"06/01/2012","54.20","55.50","55.65","53.05","3.51M","-1.63%"
"05/31/2012","55.10","55.45","56.00","54.25","4.13M","0.09%"
"05/30/2012","55.05","55.50","56.35","54.35","5.22M","-2.05%"
"05/29/2012","56.20","56.25","56.85","55.70","3.22M","-0.27%"
"05/25/2012","56.35","56.55","57.40","55.80","2.25M","-0.27%"
"05/24/2012","56.50","56.90","56.95","55.65","2.68M","0.62%"
"05/23/2012","56.15","58.20","58.20","56.15","3.57M","-4.59%"
"05/22/2012","58.85","57.50","58.85","56.60","4.18M","2.88%"
"05/21/2012","57.20","56.00","57.20","55.80","3.77M","2.42%"
"05/18/2012","55.85","56.00","57.45","55.80","5.57M","-3.29%"
"05/16/2012","57.75","55.80","58.70","55.25","5.72M","1.67%"
"05/15/2012","56.80","58.35","58.50","56.55","3.50M","-1.56%"
"05/14/2012","57.70","59.50","59.65","57.45","4.20M","-3.91%"
"05/11/2012","60.05","59.40","60.25","58.80","3.82M","0.08%"
"05/10/2012","60.00","58.50","60.35","57.40","6.21M","3.09%"
"05/09/2012","58.20","60.00","60.10","57.55","7.21M","-2.51%"
"05/08/2012","59.70","61.25","61.55","59.30","6.18M","-2.69%"
"05/07/2012","61.35","60.00","61.55","59.60","4.01M","0.00%"
"05/04/2012","61.35","62.00","62.60","60.95","5.16M","-1.21%"
"05/03/2012","62.10","62.45","62.80","62.00","6.09M","0.32%"
"05/02/2012","61.90","62.70","63.10","61.65","8.59M","0.32%"
"04/30/2012","61.70","63.50","63.50","61.50","8.64M","-1.75%"
"04/27/2012","62.80","64.10","65.50","62.00","31.47M","-10.67%"
"04/26/2012","70.30","70.50","71.75","69.00","5.73M","-2.29%"
"04/25/2012","71.95","69.85","72.15","69.85","4.43M","3.38%"
"04/24/2012","69.60","68.60","70.00","68.55","3.68M","2.81%"
"04/23/2012","67.70","69.50","69.70","67.10","3.57M","-3.08%"
"04/20/2012","69.85","69.55","70.65","69.55","2.53M","0.07%"
"04/19/2012","69.80","69.65","70.65","69.50","3.51M","-0.07%"
"04/18/2012","69.85","70.90","70.90","69.35","2.37M","-0.99%"
"04/17/2012","70.55","67.75","70.95","67.70","4.06M","2.99%"
"04/16/2012","68.50","68.20","68.75","67.55","3.23M","-0.72%"
"04/13/2012","69.00","70.50","70.60","68.55","5.38M","-2.20%"
"04/12/2012","70.55","69.30","70.85","68.35","4.67M","2.84%"
"04/11/2012","68.60","68.10","69.55","67.85","4.07M","0.73%"
"04/10/2012","68.10","69.70","70.10","67.80","5.97M","-4.08%"
"04/04/2012","71.00","71.55","72.05","71.00","1.58M","-1.80%"
"04/03/2012","72.30","73.50","74.05","72.20","2.95M","-1.50%"
"04/02/2012","73.40","73.70","73.70","71.70","2.27M","0.27%"
"03/30/2012","73.20","71.70","73.20","71.30","3.63M","3.24%"
"03/29/2012","70.90","72.90","73.60","70.60","3.87M","-3.01%"
"03/28/2012","73.10","73.20","73.65","72.20","2.85M","-0.20%"
"03/27/2012","73.25","74.95","75.30","73.25","3.59M","-1.94%"
"03/26/2012","74.70","73.75","74.85","73.10","4.38M","2.33%"
"03/23/2012","73.00","72.40","73.25","71.90","3.68M","0.83%"
"03/22/2012","72.40","72.00","72.85","71.60","4.15M","-0.34%"
"03/21/2012","72.65","73.80","74.35","72.15","3.02M","-1.29%"
"03/20/2012","73.60","74.50","74.65","73.10","2.72M","-1.60%"
"03/19/2012","74.80","74.10","74.80","73.50","4.16M","0.94%"
"03/16/2012","74.10","73.10","74.30","73.05","3.48M","0.95%"
"03/15/2012","73.40","73.30","74.00","73.00","3.76M","-0.07%"
"03/14/2012","73.45","72.60","73.95","72.40","5.60M","2.80%"
"03/13/2012","71.45","70.60","71.45","70.40","3.48M","1.78%"
"03/12/2012","70.20","71.05","71.60","70.10","2.75M","-0.78%"
"03/09/2012","70.75","71.00","71.35","70.50","2.81M","-0.21%"
"03/08/2012","70.90","69.75","71.05","69.40","4.30M","2.68%"
"03/07/2012","69.05","68.20","69.20","67.80","3.30M","1.84%"
"03/06/2012","67.80","70.50","70.75","67.80","4.80M","-4.17%"
"03/05/2012","70.75","71.80","71.80","70.45","2.84M","-1.74%"
"03/02/2012","72.00","71.60","72.05","71.10","2.37M","0.98%"
"03/01/2012","71.30","71.65","71.95","70.70","2.99M","-0.63%"
"02/29/2012","71.75","71.00","72.10","70.85","3.87M","1.06%"
"02/28/2012","71.00","70.15","71.05","69.85","3.36M","1.14%"
"02/27/2012","70.20","69.95","70.25","69.55","2.33M","0.14%"
"02/24/2012","70.10","70.65","70.70","69.75","2.63M","0.43%"
"02/23/2012","69.80","69.85","70.55","68.90","2.85M","-0.57%"
"02/22/2012","70.20","71.70","71.95","69.65","5.13M","-2.09%"
"02/21/2012","71.70","71.25","71.85","70.25","2.88M","0.91%"
"02/20/2012","71.05","70.60","71.30","70.20","2.59M","1.50%"
"02/17/2012","70.00","70.30","71.20","69.90","3.34M","0.43%"
"02/16/2012","69.70","69.45","69.70","68.55","4.24M","-0.36%"
"02/15/2012","69.95","68.75","70.65","68.40","5.76M","3.02%"
"02/14/2012","67.90","68.25","68.90","67.70","4.59M","-1.02%"
"02/13/2012","68.60","68.70","69.60","67.85","4.24M","0.59%"
"02/10/2012","68.20","69.20","69.25","67.55","6.74M","-1.80%"
"02/09/2012","69.45","67.60","70.85","66.45","19.50M","8.26%"
"02/08/2012","64.15","63.75","65.40","62.40","8.29M","0.39%"
"02/07/2012","63.90","65.15","65.20","63.25","5.98M","-1.62%"
"02/06/2012","64.95","66.40","66.40","64.50","4.28M","-1.81%"
"02/03/2012","66.15","63.90","66.15","63.60","5.45M","3.44%"
"02/02/2012","63.95","63.95","64.05","62.80","4.37M","0.55%"
"02/01/2012","63.60","61.95","63.90","61.90","6.56M","2.75%"
"01/31/2012","61.90","61.15","62.15","60.70","5.50M","2.06%"
"01/30/2012","60.65","61.40","61.45","60.25","3.50M","-2.02%"
"01/27/2012","61.90","60.95","62.10","60.30","4.85M","0.24%"
"01/26/2012","61.75","61.65","61.85","60.55","9.20M","0.98%"
"01/25/2012","61.15","62.25","62.75","60.50","8.18M","-1.37%"
"01/24/2012","62.00","62.50","62.50","60.80","9.32M","-1.27%"
"01/23/2012","62.80","62.65","63.50","62.10","4.17M","0.64%"
"01/20/2012","62.40","61.95","62.70","61.00","6.23M","1.13%"
"01/19/2012","61.70","61.05","61.70","59.85","11.95M","1.56%"
"01/18/2012","60.75","60.70","61.55","59.70","4.99M","-0.82%"
"01/17/2012","61.25","61.40","62.75","60.70","4.42M","0.57%"
"01/16/2012","60.90","58.50","60.90","58.50","2.98M","3.05%"
"01/13/2012","59.10","62.00","62.00","58.50","5.60M","-3.51%"
"01/12/2012","61.25","60.20","61.95","59.70","4.79M","2.25%"
"01/11/2012","59.90","60.70","61.60","59.45","5.32M","-1.16%"
"01/10/2012","60.60","58.20","60.85","58.00","6.91M","5.39%"
"01/09/2012","57.50","57.90","58.20","57.25","5.04M","-0.26%"
"01/06/2012","57.65","57.70","58.35","57.35","4.14M","-0.35%"
"01/05/2012","57.85","57.45","57.95","56.95","4.78M","0.70%"
"01/04/2012","57.45","57.95","58.00","56.35","5.88M","-1.37%"
"01/03/2012","58.25","59.40","59.40","57.40","4.86M","-1.19%"
"01/02/2012","58.95","58.55","58.95","57.80","1.94M","0.68%"
"12/30/2011","58.55","58.60","58.95","58.20","983.52K","0.52%"
"12/29/2011","58.25","57.60","58.25","57.45","2.04M","1.04%"
"12/28/2011","57.65","58.20","58.30","57.40","1.76M","-0.35%"
"12/27/2011","57.85","58.00","58.20","57.55","835.52K","-0.34%"
"12/23/2011","58.05","57.95","58.20","57.35","1.52M","0.78%"
"12/22/2011","57.60","57.10","57.60","56.65","2.14M","1.86%"
"12/21/2011","56.55","57.90","58.40","56.20","4.24M","-1.65%"
"12/20/2011","57.50","55.35","57.50","55.20","5.16M","4.26%"
"12/19/2011","55.15","54.50","57.05","54.40","6.37M","0.27%"
"12/16/2011","55.00","55.40","56.05","54.35","8.51M","1.38%"
"12/15/2011","54.25","52.05","54.25","51.65","7.31M","5.85%"
"12/14/2011","51.25","52.25","53.60","51.25","7.09M","-1.25%"
"12/13/2011","51.90","52.65","53.80","51.50","7.75M","-1.33%"
"12/12/2011","52.60","55.80","55.80","52.25","7.02M","-6.07%"
"12/09/2011","56.00","53.50","56.40","53.25","7.53M","4.38%"
"12/08/2011","53.65","56.75","56.90","53.45","8.87M","-4.37%"
"12/07/2011","56.10","59.15","60.40","55.90","9.91M","-6.19%"
"12/06/2011","59.80","59.50","60.30","58.70","3.69M","-0.25%"
"12/05/2011","59.95","60.25","60.45","59.60","3.24M","1.52%"
"12/02/2011","59.05","59.50","60.35","58.75","5.54M","1.29%"
"12/01/2011","58.30","59.05","59.70","58.20","4.23M","-0.85%"
"11/30/2011","58.80","54.80","59.30","54.45","7.08M","5.00%"
"11/29/2011","56.00","56.10","56.95","54.75","5.59M","-0.27%"
"11/28/2011","56.15","55.00","56.15","54.80","4.44M","4.17%"
"11/25/2011","53.90","53.30","54.10","52.25","5.79M","1.22%"
"11/24/2011","53.25","54.20","55.50","52.25","6.54M","-0.47%"
"11/23/2011","53.50","55.50","55.95","53.50","9.96M","-4.80%"
"11/22/2011","56.20","59.80","60.35","55.90","5.98M","-5.55%"
"11/21/2011","59.50","62.00","62.00","59.35","4.60M","-4.49%"
"11/18/2011","62.30","62.55","63.30","62.00","3.20M","-1.11%"
"11/17/2011","63.00","63.05","64.00","62.50","4.09M","-1.25%"
"11/16/2011","63.80","63.10","64.50","62.90","3.32M","0.79%"
"11/15/2011","63.30","63.40","63.85","62.10","2.29M","-0.47%"
"11/14/2011","63.60","65.00","65.40","62.70","3.85M","-1.78%"
"11/11/2011","64.75","63.25","64.75","62.75","2.57M","3.52%"
"11/10/2011","62.55","61.00","63.75","60.85","4.64M","0.08%"
"11/09/2011","62.50","66.00","66.00","61.45","6.49M","-3.62%"
"11/08/2011","64.85","64.50","66.60","64.50","2.61M","0.23%"
"11/07/2011","64.70","63.65","66.15","62.90","3.99M","1.01%"
"11/04/2011","64.05","65.90","65.90","63.50","3.76M","-1.84%"
"11/03/2011","65.25","62.10","65.65","61.65","6.42M","2.35%"
"11/02/2011","63.75","62.10","64.00","60.60","5.49M","2.99%"
"11/01/2011","61.90","62.55","62.95","61.00","6.41M","-4.70%"
"10/31/2011","64.95","65.85","66.05","64.50","4.63M","-1.74%"
"10/28/2011","66.10","69.00","71.05","65.85","8.62M","-4.20%"
"10/27/2011","69.00","66.10","69.00","64.65","9.16M","6.98%"
"10/26/2011","64.50","65.00","65.85","63.65","3.91M","0.55%"
"10/25/2011","64.15","64.00","65.55","63.30","5.85M","-0.39%"
"10/24/2011","64.40","65.30","65.85","62.45","5.41M","0.16%"
"10/21/2011","64.30","62.70","64.35","61.60","6.12M","5.41%"
"10/20/2011","61.00","63.20","63.50","61.00","5.22M","-4.61%"
"10/19/2011","63.95","63.65","65.65","63.15","5.69M","1.91%"
"10/18/2011","62.75","61.05","62.75","60.40","4.42M","2.12%"
"10/17/2011","61.45","64.00","64.65","60.95","4.68M","-3.76%"
"10/14/2011","63.85","61.40","64.00","60.30","6.24M","3.65%"
"10/13/2011","61.60","62.95","63.60","61.35","5.03M","-2.53%"
"10/12/2011","63.20","60.20","63.35","60.05","4.49M","4.72%"
"10/11/2011","60.35","61.15","61.65","59.40","3.76M","-1.15%"
"10/10/2011","61.05","59.10","61.10","58.05","6.91M","4.72%"
"10/07/2011","58.30","59.20","59.55","57.70","6.29M","-1.19%"
"10/06/2011","59.00","58.00","59.10","57.10","8.27M","3.51%"
"10/05/2011","57.00","54.65","57.65","53.00","11.51M","6.54%"
"10/04/2011","53.50","56.90","56.90","53.50","10.95M","-8.55%"
"10/03/2011","58.50","58.30","59.30","57.30","4.99M","-1.52%"
"09/30/2011","59.40","59.50","59.80","58.00","4.40M","-0.59%"
"09/29/2011","59.75","58.60","59.75","57.90","7.64M","1.53%"
"09/28/2011","58.85","60.00","60.50","58.10","6.97M","-3.05%"
"09/27/2011","60.70","59.90","60.75","58.85","7.20M","4.39%"
"09/26/2011","58.15","54.75","59.95","52.65","9.90M","3.75%"
"09/23/2011","56.05","55.80","56.55","53.75","3.43M","0.99%"
"09/22/2011","55.50","56.80","57.25","55.50","5.39M","-5.85%"
"09/21/2011","58.95","58.70","59.20","58.20","3.41M","0.43%"
"09/20/2011","58.70","56.85","59.05","56.30","6.62M","2.26%"
"09/19/2011","57.40","59.35","59.90","57.30","9.19M","-5.90%"
"09/16/2011","61.00","59.50","61.90","58.15","12.16M","5.08%"
"09/15/2011","58.05","56.00","58.70","55.70","10.95M","4.59%"
"09/14/2011","55.50","53.50","55.70","53.25","10.77M","1.83%"
"09/13/2011","54.50","57.40","57.75","53.55","15.58M","-3.28%"
"09/12/2011","56.35","57.65","58.50","56.20","6.94M","-5.85%"
"09/09/2011","59.85","61.70","62.20","59.85","4.10M","-3.70%"
"09/08/2011","62.15","62.80","63.10","61.40","4.45M","-0.80%"
"09/07/2011","62.65","60.00","62.65","59.20","5.86M","6.46%"
"09/06/2011","58.85","60.00","60.65","58.25","7.46M","-2.24%"
"09/05/2011","60.20","62.50","62.55","59.75","4.74M","-5.05%"
"09/02/2011","63.40","64.90","65.00","62.70","3.71M","-3.50%"
"09/01/2011","65.70","64.95","66.45","63.40","4.91M","1.47%"
"08/31/2011","64.75","64.00","65.05","63.50","4.23M","2.05%"
"08/30/2011","63.45","63.85","64.30","62.35","3.39M","0.71%"
"08/29/2011","63.00","63.55","63.85","62.30","2.56M","1.61%"
"08/26/2011","62.00","62.00","62.55","60.10","4.95M","-0.32%"
"08/25/2011","62.20","62.95","64.50","62.20","6.38M","0.97%"
"08/24/2011","61.60","59.70","62.15","59.30","4.30M","4.32%"
"08/23/2011","59.05","61.10","61.45","58.95","5.51M","-1.91%"
"08/22/2011","60.20","59.90","61.65","58.50","3.91M","-0.41%"
"08/19/2011","60.45","61.85","61.90","58.00","7.78M","-2.18%"
"08/18/2011","61.80","65.25","65.30","60.90","7.48M","-6.15%"
"08/17/2011","65.85","65.10","67.10","65.00","3.88M","0.15%"
"08/16/2011","65.75","66.00","66.00","64.35","4.12M","-0.30%"
"08/15/2011","65.95","65.90","67.65","65.75","7.16M","0.53%"
"08/12/2011","65.60","64.80","65.60","61.90","7.38M","3.80%"
"08/11/2011","63.20","63.50","64.00","58.70","10.93M","0.72%"
"08/10/2011","62.75","66.00","66.90","61.45","9.30M","-2.94%"
"08/09/2011","64.65","64.85","66.60","62.00","10.64M","-1.30%"
"08/08/2011","65.50","68.30","71.00","64.40","6.74M","-6.03%"
"08/05/2011","69.70","68.00","71.55","67.65","6.82M","-0.07%"
"08/04/2011","69.75","73.90","74.10","69.75","4.72M","-3.99%"
"08/03/2011","72.65","73.85","75.25","72.25","4.77M","-2.42%"
"08/02/2011","74.45","76.20","76.80","74.25","3.34M","-2.68%"
"08/01/2011","76.50","79.30","79.90","76.50","2.82M","-2.67%"
"07/29/2011","78.60","79.05","79.25","77.50","3.02M","-1.32%"
"07/28/2011","79.65","78.20","79.85","77.90","2.38M","1.34%"
"07/27/2011","78.60","79.10","80.00","78.15","2.69M","-1.87%"
"07/26/2011","80.10","80.25","80.70","78.85","2.75M","0.38%"
"07/25/2011","79.80","79.35","80.80","79.25","3.06M","-0.93%"
"07/22/2011","80.55","81.00","81.40","80.10","4.51M","0.31%"
"07/21/2011","80.30","80.45","81.40","79.15","4.61M","-0.19%"
"07/20/2011","80.45","78.95","80.55","78.50","4.24M","3.14%"
"07/19/2011","78.00","76.20","78.00","75.90","3.34M","2.36%"
"07/18/2011","76.20","77.90","78.00","76.20","2.09M","-2.31%"
"07/15/2011","78.00","77.90","78.35","77.35","2.23M","-0.19%"
"07/14/2011","78.15","78.10","80.25","78.05","5.53M","-0.89%"
"07/13/2011","78.85","75.85","79.20","75.75","5.86M","4.02%"
"07/12/2011","75.80","74.40","76.30","73.60","4.82M","0.00%"
"07/11/2011","75.80","76.60","76.90","74.65","4.03M","-1.11%"
"07/08/2011","76.65","77.90","78.90","76.65","3.82M","-1.16%"
"07/07/2011","77.55","77.15","78.90","76.55","3.36M","0.45%"
"07/06/2011","77.20","78.10","78.45","76.85","4.84M","-1.15%"
"07/05/2011","78.10","77.15","78.10","76.75","3.38M","0.84%"
"07/04/2011","77.45","78.30","78.30","76.35","2.00M","-0.39%"
"07/01/2011","77.75","75.45","78.65","75.10","5.17M","3.39%"
"06/30/2011","75.20","74.30","75.25","73.65","4.58M","1.62%"
"06/29/2011","74.00","73.05","74.50","73.05","4.45M","2.00%"
"06/28/2011","72.55","72.10","72.70","71.55","4.17M","0.76%"
"06/27/2011","72.00","71.00","72.45","71.00","2.58M","0.42%"
"06/24/2011","71.70","74.40","74.60","71.60","5.82M","-2.52%"
"06/23/2011","73.55","74.70","74.95","73.25","4.70M","-2.13%"
"06/22/2011","75.15","77.40","77.45","75.15","4.04M","-2.78%"
"06/21/2011","77.30","76.30","77.30","75.70","2.95M","1.58%"
"06/20/2011","76.10","75.50","76.30","75.00","4.18M","-0.52%"
"06/17/2011","76.50","74.10","76.90","73.25","5.86M","3.38%"
"06/16/2011","74.00","75.25","76.40","73.25","9.41M","-2.70%"
"06/15/2011","76.05","79.95","79.95","76.00","7.93M","-4.58%"
"06/14/2011","79.70","78.50","79.80","78.45","3.81M","2.25%"
"06/10/2011","77.95","79.05","79.95","77.55","3.09M","-1.58%"
"06/09/2011","79.20","78.85","79.40","78.30","3.89M","0.44%"
"06/08/2011","78.85","79.50","80.55","78.85","5.29M","-1.19%"
"06/07/2011","79.80","80.00","80.90","79.75","2.68M","-0.37%"
"06/06/2011","80.10","81.40","81.45","79.60","3.63M","-2.32%"
"06/03/2011","82.00","82.20","82.70","81.45","3.65M","-0.91%"
"06/01/2011","82.75","81.85","83.10","80.80","6.95M","1.97%"
"05/31/2011","81.15","80.75","82.00","80.60","3.93M","0.81%"
"05/30/2011","80.50","80.00","80.65","80.00","1.02M","0.12%"
"05/27/2011","80.40","80.95","81.65","80.15","3.11M","0.06%"
"05/26/2011","80.35","81.20","82.70","80.10","4.74M","-0.56%"
"05/25/2011","80.80","79.20","80.80","79.20","3.00M","1.32%"
"05/24/2011","79.75","78.90","80.65","78.70","4.18M","1.59%"
"05/23/2011","78.50","79.50","79.55","78.00","2.86M","-2.06%"
"05/20/2011","80.15","80.80","81.45","80.15","2.93M","-1.11%"
"05/19/2011","81.05","79.80","81.15","79.80","4.19M","1.69%"
"05/18/2011","79.70","79.50","80.55","79.50","3.56M","-0.44%"
"05/16/2011","80.05","79.90","80.05","78.85","4.13M","0.06%"
"05/13/2011","80.00","80.50","81.10","79.80","4.11M","-0.93%"
"05/12/2011","80.75","79.65","80.80","79.65","3.07M","-0.06%"
"05/11/2011","80.80","80.30","81.20","79.70","4.60M","1.00%"
"05/10/2011","80.00","81.00","81.65","79.25","6.62M","-0.99%"
"05/09/2011","80.80","80.05","81.40","79.65","8.26M","1.00%"
"05/06/2011","80.00","81.10","81.10","78.70","17.27M","-5.27%"
"05/05/2011","84.45","85.40","85.90","84.00","3.76M","-1.05%"
"05/04/2011","85.35","86.00","87.50","85.10","5.57M","-0.18%"
"05/03/2011","85.50","86.25","86.35","84.80","3.03M","-0.75%"
"05/02/2011","86.15","85.55","86.40","85.35","2.16M","1.00%"
"04/29/2011","85.30","84.85","85.30","83.85","3.66M","-4.00%"
"04/28/2011","88.85","89.05","89.85","87.85","5.01M","0.17%"
"04/27/2011","88.70","90.00","90.50","87.70","6.95M","-2.15%"
"04/26/2011","90.65","89.80","90.65","89.10","4.77M","0.72%"
"04/20/2011","90.00","88.90","90.00","88.55","1.83M","2.39%"
"04/19/2011","87.90","85.85","88.15","85.85","1.86M","2.21%"
"04/18/2011","86.00","87.30","87.50","85.65","2.49M","-1.38%"
"04/15/2011","87.20","87.45","87.80","86.15","3.14M","-0.40%"
"04/14/2011","87.55","89.50","89.50","86.60","3.71M","-2.21%"
"04/13/2011","89.53","88.18","90.23","87.28","","2.46%"
"04/12/2011","87.38","87.53","88.07","87.28","","-0.78%"
"04/11/2011","88.07","86.90","88.13","86.78","","0.79%"
"04/08/2011","87.38","86.80","87.68","86.53","","1.23%"
"04/07/2011","86.32","86.20","87.48","86.03","","-0.13%"
"04/06/2011","86.43","85.68","86.48","85.35","","0.64%"
"04/05/2011","85.88","86.10","86.10","85.25","","-0.35%"
"04/04/2011","86.18","85.60","86.25","85.43","","0.52%"
"04/01/2011","85.73","85.10","86.10","84.82","","1.10%"
"03/31/2011","84.80","85.35","85.93","84.53","","-0.74%"
"03/30/2011","85.43","86.15","86.40","85.18","","-0.35%"
"03/29/2011","85.73","86.33","86.45","84.73","","-0.52%"
"03/28/2011","86.18","84.55","86.32","84.25","","1.39%"
"03/25/2011","85.00","85.40","85.57","84.53","","0.02%"
"03/24/2011","84.98","84.28","85.20","83.88","","1.13%"
"03/23/2011","84.03","83.80","84.45","83.25","","-0.14%"
"03/22/2011","84.15","85.38","85.50","83.63","","-1.41%"
"03/21/2011","85.35","84.80","85.68","84.43","","1.79%"
"03/18/2011","83.85","85.38","85.43","83.10","","-0.51%"
"03/17/2011","84.28","82.43","84.90","82.25","","3.16%"
"03/16/2011","81.70","83.35","83.93","81.70","","-0.89%"
"03/15/2011","82.43","82.40","82.93","80.40","","-2.02%"
"03/14/2011","84.13","85.70","86.38","84.05","","-2.21%"
"03/11/2011","86.03","85.25","86.32","85.03","","0.06%"
"03/10/2011","85.98","86.95","87.10","85.63","","-1.25%"
"03/09/2011","87.07","88.60","88.88","86.82","","-1.42%"
"03/08/2011","88.32","87.63","88.48","86.82","","0.50%"
"03/07/2011","87.88","87.10","88.93","86.43","","1.01%"
"03/04/2011","87.00","87.03","87.70","86.25","","0.60%"
"03/03/2011","86.48","86.30","87.73","86.05","","0.35%"
"03/02/2011","86.18","85.38","86.32","85.38","","0.03%"
"03/01/2011","86.15","86.78","86.85","85.63","","-0.03%"
"02/28/2011","86.18","85.65","86.28","85.03","","0.52%"
"02/25/2011","85.73","85.20","85.75","84.53","","1.52%"
"02/24/2011","84.45","82.88","84.48","82.40","","1.26%"
"02/23/2011","83.40","83.30","84.08","83.07","","-0.16%"
"02/22/2011","83.53","83.20","83.93","82.28","","0.00%"
"02/21/2011","83.53","84.90","84.90","83.53","","-1.84%"
"02/18/2011","85.10","85.23","85.28","84.30","","0.20%"
"02/17/2011","84.93","86.98","87.15","84.63","","-2.13%"
"02/16/2011","86.78","85.18","86.78","84.55","","2.36%"
"02/15/2011","84.78","86.18","86.82","84.53","","-0.99%"
"02/14/2011","85.63","85.78","87.53","85.43","","0.66%"
"02/11/2011","85.07","82.23","85.68","81.78","","3.27%"
"02/10/2011","82.38","81.85","82.48","81.32","","2.94%"
"02/09/2011","80.03","80.60","80.93","79.57","","-0.98%"
"02/08/2011","80.82","81.20","81.57","80.43","","0.00%"
"02/07/2011","80.82","80.10","81.13","80.08","","1.25%"
"02/04/2011","79.82","81.45","81.53","79.68","","-1.52%"
"02/03/2011","81.05","81.93","82.18","80.78","","-0.61%"
"02/02/2011","81.55","81.35","81.98","80.18","","0.95%"
"02/01/2011","80.78","79.75","81.05","79.07","","1.38%"
"01/31/2011","79.68","77.55","79.88","77.53","","2.22%"
"01/28/2011","77.95","78.20","78.93","77.75","","-1.10%"
"01/27/2011","78.82","77.22","78.82","76.28","","2.52%"
"01/26/2011","76.88","77.68","77.68","76.38","","-0.44%"
"01/25/2011","77.22","80.68","80.68","76.63","","-4.04%"
"01/24/2011","80.47","79.83","80.50","79.40","","2.12%"
"01/21/2011","78.80","79.13","80.22","78.57","","-0.03%"
"01/20/2011","78.82","80.15","80.93","78.78","","-1.70%"
"01/19/2011","80.18","82.25","82.48","80.18","","-3.08%"
"01/18/2011","82.73","81.30","82.73","81.22","","1.97%"
"01/17/2011","81.13","80.88","81.38","80.38","","0.85%"
"01/14/2011","80.45","80.95","81.13","79.82","","-0.59%"
"01/13/2011","80.93","82.70","82.90","79.90","","-1.88%"
"01/12/2011","82.48","82.25","83.18","81.80","","0.59%"
"01/11/2011","82.00","81.05","82.03","80.55","","1.83%"
"01/10/2011","80.53","81.20","81.20","79.72","","-0.85%"
"01/07/2011","81.22","82.03","82.13","80.82","","-1.31%"
"01/06/2011","82.30","82.53","82.82","82.07","","-0.10%"
"01/05/2011","82.38","82.28","82.78","81.85","","-0.18%"
"01/04/2011","82.53","82.48","83.38","82.30","","0.46%"
"01/03/2011","82.15","82.03","82.90","81.98","","0.31%"
"12/30/2010","81.90","81.88","82.18","81.65","","-0.24%"
"12/29/2010","82.10","82.70","82.88","81.85","","-0.24%"
"12/28/2010","82.30","82.05","82.82","82.00","","0.33%"
"12/27/2010","82.03","82.32","82.35","81.75","","-0.36%"
"12/23/2010","82.33","82.23","82.57","82.03","","0.67%"
"12/22/2010","81.78","81.30","82.40","81.20","","0.49%"
"12/21/2010","81.38","80.72","81.68","80.68","","1.95%"
"12/20/2010","79.82","80.13","81.20","79.78","","-0.14%"
"12/17/2010","79.93","79.15","80.15","79.03","","0.77%"
"12/16/2010","79.32","79.15","80.00","78.70","","0.34%"
"12/15/2010","79.05","79.07","79.38","77.97","","0.79%"
"12/14/2010","78.43","77.65","78.70","77.57","","0.91%"
"12/13/2010","77.72","78.00","78.33","77.68","","-0.08%"
"12/10/2010","77.78","78.53","78.70","77.63","","-0.24%"
"12/09/2010","77.97","79.30","79.43","77.53","","-0.59%"
"12/08/2010","78.43","78.30","79.13","77.78","","-0.13%"
"12/07/2010","78.53","79.97","80.75","77.10","","-2.18%"
"12/06/2010","80.28","79.90","80.57","79.03","","-0.15%"
"12/03/2010","80.40","80.50","80.95","79.13","","0.02%"
"12/02/2010","80.38","79.40","80.53","78.55","","2.36%"
"12/01/2010","78.53","76.25","78.55","76.18","","3.71%"
"11/30/2010","75.72","76.33","76.88","75.08","","-1.25%"
"11/29/2010","76.68","76.65","77.90","75.70","","0.72%"
"11/26/2010","76.13","77.08","77.13","75.75","","-1.54%"
"11/25/2010","77.32","77.88","77.93","76.82","","-0.72%"
"11/24/2010","77.88","77.45","77.88","77.40","","1.05%"
"11/23/2010","77.07","77.95","77.97","77.07","","-1.73%"
"11/22/2010","78.43","80.07","80.08","78.43","","-1.57%"
"11/19/2010","79.68","79.83","79.85","79.68","","0.31%"
"11/18/2010","79.43","79.38","79.72","79.18","","1.02%"
"11/17/2010","78.63","76.97","78.63","76.93","","1.65%"
"11/16/2010","77.35","79.53","79.57","77.35","","-3.05%"
"11/15/2010","79.78","79.60","79.78","79.57","","0.10%"
"11/12/2010","79.70","76.43","79.70","76.33","","1.62%"
"11/11/2010","78.43","78.60","78.68","78.43","","-0.09%"
"11/10/2010","78.50","79.08","79.10","78.50","","-0.82%"
"11/09/2010","79.15","79.38","79.40","79.15","","-0.72%"
"11/08/2010","79.72","79.80","79.82","79.72","","-0.41%"
"11/05/2010","80.05","81.85","81.88","80.05","","-1.63%"
"11/04/2010","81.38","80.33","81.38","80.33","","2.20%"
"11/03/2010","79.63","81.68","81.82","79.63","","-2.08%"
"11/02/2010","81.32","80.95","81.32","80.93","","0.54%"
"11/01/2010","80.88","81.53","81.57","80.88","","0.29%"
"10/29/2010","80.65","81.63","81.70","80.65","","-1.01%"
"10/28/2010","81.47","83.70","83.75","81.47","","-2.11%"
"10/27/2010","83.23","82.65","83.23","82.63","","0.67%"
"10/26/2010","82.68","82.55","82.68","82.53","","0.13%"
"10/25/2010","82.57","83.33","83.38","82.57","","-0.73%"
"10/22/2010","83.18","82.83","83.18","82.82","","0.13%"
"10/21/2010","83.07","80.70","83.07","80.70","","3.58%"
"10/20/2010","80.20","80.40","80.43","80.20","","-1.02%"
"10/19/2010","81.03","80.78","81.03","80.75","","0.38%"
"10/18/2010","80.72","79.88","80.72","79.85","","0.19%"
"10/15/2010","80.57","81.63","81.68","80.57","","-1.32%"
"10/14/2010","81.65","80.08","81.65","80.05","","1.55%"
"10/13/2010","80.40","78.75","80.40","78.68","","2.38%"
"10/12/2010","78.53","78.30","78.53","78.28","","-0.63%"
"10/11/2010","79.03","80.05","80.22","79.03","","-0.13%"
"10/08/2010","79.13","79.83","79.85","79.13","","-1.09%"
"10/07/2010","80.00","79.72","80.03","79.60","","0.40%"
"10/06/2010","79.68","79.88","79.93","79.68","","21.78%"
"09/17/2010","65.43","65.43","65.43","65.43","","0.00%"
"09/16/2010","65.43","65.43","65.43","65.43","","0.00%"
"09/14/2010","65.43","65.43","65.43","65.43","","0.00%"
"09/06/2010","65.43","65.43","65.43","65.43","","0.00%"
"08/25/2010","65.43","65.43","65.43","65.43","","0.00%"
"08/20/2010","65.43","65.43","65.43","65.43","","0.00%"
"08/19/2010","65.43","65.43","65.43","65.43","","0.00%"
"08/10/2010","65.43","65.43","65.43","65.43","","0.00%"
"08/06/2010","65.43","65.43","65.43","65.43","","0.00%"
"08/03/2010","65.43","65.43","65.43","65.43","","0.00%"
"07/27/2010","65.43","65.43","65.43","65.43","","0.00%"
"07/19/2010","65.43","65.43","65.43","65.43","","0.00%"
"07/16/2010","65.43","65.43","65.43","65.43","","0.00%"
"07/15/2010","65.43","65.43","65.43","65.43","","0.00%"
"07/14/2010","65.43","65.43","65.43","65.43","","0.00%"
"07/08/2010","65.43","65.43","65.43","65.43","","0.00%"
"07/06/2010","65.43","65.43","65.43","65.43","","0.00%"
"07/05/2010","65.43","65.43","65.43","65.43","","0.00%"
"07/01/2010","65.43","65.43","65.43","65.43","","0.00%"
"06/30/2010","65.43","65.43","65.43","65.43","","0.00%"
"06/22/2010","65.43","65.43","65.43","65.43","","0.00%"
"06/09/2010","65.43","65.43","65.43","65.43","","0.00%"
"06/08/2010","65.43","65.43","65.43","65.43","","0.00%"
"06/07/2010","65.43","65.43","65.43","65.43","","0.00%"
"06/01/2010","65.43","65.43","65.43","65.43","","0.00%"
"05/27/2010","65.43","65.43","65.43","65.43","","0.00%"
"05/24/2010","65.43","65.43","65.43","65.43","","0.00%"
"05/13/2010","65.43","65.43","65.43","65.43","","0.00%"
"04/27/2010","65.43","65.43","65.43","65.43","","0.00%"
"04/26/2010","65.43","65.43","65.43","65.43","","0.00%"
"04/22/2010","65.43","65.43","65.43","65.43","","0.00%"
"04/12/2010","65.43","65.43","65.43","65.43","","0.00%"
"04/07/2010","65.43","65.43","65.43","65.43","","0.00%"
"03/31/2010","65.43","65.43","65.43","65.43","","0.00%"
"03/29/2010","65.43","65.43","65.43","65.43","","0.00%"
"03/25/2010","65.43","65.43","65.43","65.43","","0.00%"
"03/22/2010","65.43","65.43","65.43","65.43","","0.00%"
"03/19/2010","65.43","65.43","65.43","65.43","","0.00%"
"03/17/2010","65.43","65.43","65.43","65.43","","0.00%"
"03/15/2010","65.43","65.43","65.43","65.43","","0.00%"
"03/10/2010","65.43","65.43","65.43","65.43","","0.00%"
"03/09/2010","65.43","65.43","65.43","65.43","","0.00%"
"03/08/2010","65.43","65.43","65.43","65.43","","0.00%"
"03/05/2010","65.43","65.43","65.43","65.43","","0.00%"
"03/04/2010","65.43","65.43","65.43","65.43","","0.00%"
"03/03/2010","65.43","65.43","65.43","65.43","","0.00%"
"03/02/2010","65.43","65.43","65.43","65.43","","0.00%"
"03/01/2010","65.43","65.43","65.43","65.43","","0.00%"
"02/26/2010","65.43","65.43","65.43","65.43","","0.00%"
"02/25/2010","65.43","65.43","65.43","65.43","","0.00%"
"02/24/2010","65.43","65.43","65.43","65.43","","0.00%"
"02/23/2010","65.43","65.43","65.43","65.43","","0.00%"
"02/22/2010","65.43","65.43","65.43","65.43","","0.00%"
"02/10/2010","65.43","65.43","65.43","65.43","","0.00%"
"02/09/2010","65.43","65.43","65.43","65.43","","0.00%"
"02/05/2010","65.43","65.43","65.43","65.43","","0.00%"
"02/02/2010","65.43","65.43","65.43","65.43","","0.00%"
"01/22/2010","65.43","65.43","65.43","65.43","","0.00%"
"01/21/2010","65.43","65.43","65.43","65.43","","0.00%"
"01/20/2010","65.43","65.43","65.43","65.43","","0.00%"
"01/19/2010","65.43","65.43","65.43","65.43","","0.00%"
"01/18/2010","65.43","65.43","65.43","65.43","","0.00%"
"01/15/2010","65.43","65.43","65.43","65.43","","0.00%"
"01/14/2010","65.43","65.43","65.43","65.43","","0.00%"
"01/13/2010","65.43","65.43","65.43","65.43","","0.00%"
"01/12/2010","65.43","65.43","65.43","65.43","","0.00%"
"01/11/2010","65.43","65.43","65.43","65.43","","0.00%"
"01/08/2010","65.43","65.43","65.43","65.43","","0.00%"
"01/07/2010","65.43","65.43","65.43","65.43","","0.00%"
"01/06/2010","65.43","65.43","65.43","65.43","","0.00%"
"01/05/2010","65.43","65.43","65.43","65.43","","0.00%"
"01/04/2010","65.43","65.43","65.43","65.43","","0.00%"
"12/30/2009","65.43","65.43","65.43","65.43","","0.00%"
"12/29/2009","65.43","65.43","65.43","65.43","","0.00%"
"12/28/2009","65.43","65.43","65.43","65.43","","0.00%"
"12/23/2009","65.43","65.43","65.43","65.43","","0.00%"
"12/22/2009","65.43","65.43","65.43","65.43","","0.00%"
"12/21/2009","65.43","65.43","65.43","65.43","","0.00%"
"12/18/2009","65.43","65.43","65.43","65.43","","0.00%"
"12/17/2009","65.43","65.43","65.43","65.43","","0.00%"
"12/16/2009","65.43","65.43","65.43","65.43","","0.00%"
"12/15/2009","65.43","65.43","65.43","65.43","","0.00%"
"12/14/2009","65.43","65.43","65.43","65.43","","0.00%"
"12/02/2009","65.43","65.43","65.43","65.43","","0.00%"
"12/01/2009","65.43","65.43","65.43","65.43","","0.00%"
"11/27/2009","65.43","65.43","65.43","65.43","","0.00%"
"11/24/2009","65.43","65.43","65.43","65.43","","0.00%"
"11/23/2009","65.43","65.43","65.43","65.43","","0.00%"
"11/20/2009","65.43","65.43","65.43","65.43","","0.00%"
"11/18/2009","65.43","65.43","65.43","65.43","","0.00%"
"11/16/2009","65.43","65.43","65.43","65.43","","0.00%"
"11/13/2009","65.43","65.43","65.43","65.43","","0.00%"
"11/12/2009","65.43","65.43","65.43","65.43","","0.00%"
"11/11/2009","65.43","65.43","65.43","65.43","","0.00%"
"11/09/2009","65.43","65.43","65.43","65.43","","0.00%"
"11/05/2009","65.43","65.43","65.43","65.43","","0.00%"
"11/04/2009","65.43","65.43","65.43","65.43","","0.00%"
"11/02/2009","65.43","65.43","65.43","65.43","","0.00%"
"10/30/2009","65.43","67.83","68.35","65.15","","-3.54%"
"10/29/2009","67.83","65.03","67.93","64.20","","3.45%"
"10/28/2009","65.57","69.93","70.58","65.35","","-6.93%"
"10/27/2009","70.45","68.22","70.53","67.88","","3.71%"
"10/26/2009","67.93","68.78","69.85","67.60","","-0.32%"
"10/23/2009","68.15","69.40","70.22","68.03","","-4.19%"
"10/22/2009","71.13","71.13","72.78","70.13","","0.00%"
"10/21/2009","71.13","71.13","71.38","69.13","","0.00%"
"10/20/2009","71.13","71.38","71.88","70.18","","-0.35%"
"10/19/2009","71.38","69.20","71.38","68.78","","-1.04%"
"10/16/2009","72.13","72.13","72.13","72.13","","0.00%"
"10/15/2009","72.13","72.13","72.13","72.13","","0.00%"
"10/14/2009","72.13","72.13","72.13","72.13","","0.00%"
"10/13/2009","72.13","72.13","72.13","72.13","","0.00%"
"10/09/2009","72.13","70.65","72.40","70.08","","2.57%"
"10/08/2009","70.32","69.82","70.70","69.63","","0.77%"
"10/07/2009","69.78","69.33","70.75","68.45","","0.65%"
"10/06/2009","69.33","65.78","69.40","65.63","","7.02%"
"10/05/2009","64.78","64.72","65.20","62.45","","1.25%"
"10/02/2009","63.98","64.65","65.93","63.78","","-4.08%"
"10/01/2009","66.70","66.72","67.65","66.18","","0.60%"
"09/30/2009","66.30","68.43","68.82","65.97","","-2.97%"
"09/29/2009","68.33","68.43","68.57","67.05","","0.66%"
"09/28/2009","67.88","69.88","69.90","66.75","","-3.10%"
"09/25/2009","70.05","66.88","70.30","65.97","","9.28%"
"09/24/2009","64.10","62.65","66.88","62.35","","1.38%"
"09/23/2009","63.23","62.90","64.83","62.05","","0.16%"
"09/22/2009","63.13","61.45","63.13","61.45","","2.43%"
"09/21/2009","61.63","62.10","62.25","61.32","","-1.36%"
"09/18/2009","62.48","62.25","62.73","61.77","","0.48%"
"09/17/2009","62.18","61.75","62.73","61.72","","1.80%"
"09/16/2009","61.08","61.45","62.63","60.85","","1.72%"
"09/15/2009","60.05","59.48","61.15","59.05","","1.69%"
"09/14/2009","59.05","58.43","59.35","58.43","","-1.55%"
"09/11/2009","59.98","60.45","60.78","59.78","","-0.61%"
"09/10/2009","60.35","61.25","61.98","59.28","","-0.74%"
"09/09/2009","60.80","60.00","61.18","59.90","","2.65%"
"09/08/2009","59.23","61.35","61.35","58.58","","-2.55%"
"09/07/2009","60.78","60.72","61.40","60.35","","0.75%"
"09/04/2009","60.33","58.65","60.68","58.43","","3.66%"
"09/03/2009","58.20","58.40","59.45","58.13","","0.12%"
"09/02/2009","58.13","59.23","59.23","57.63","","-3.08%"
"09/01/2009","59.98","61.83","62.35","57.25","","-2.36%"
"08/31/2009","61.43","59.50","61.53","58.58","","1.71%"
"08/28/2009","60.40","60.95","61.14","59.72","","-0.07%"
"08/27/2009","60.44","60.67","61.65","59.63","","-2.20%"
"08/25/2009","61.80","62.58","63.75","60.51","","-1.76%"
"08/24/2009","62.91","64.70","65.71","62.49","","-2.10%"
"08/21/2009","64.26","59.06","64.45","59.02","","8.04%"
"08/20/2009","59.48","57.52","60.16","57.03","","4.42%"
"08/19/2009","56.96","55.15","57.18","54.60","","4.23%"
"08/18/2009","54.65","53.22","54.71","53.06","","3.09%"
"08/17/2009","53.01","53.39","53.65","52.55","","-2.61%"
"08/14/2009","54.43","56.03","56.99","53.50","","-3.24%"
"08/13/2009","56.25","54.48","56.94","54.28","","4.98%"
"08/12/2009","53.58","52.63","53.80","52.07","","2.04%"
"08/11/2009","52.51","54.92","54.94","52.50","","-4.79%"
"08/10/2009","55.15","56.98","57.40","54.82","","-3.36%"
"08/07/2009","57.07","56.40","57.08","54.22","","1.44%"
"08/06/2009","56.26","55.65","56.53","55.63","","2.24%"
"08/05/2009","55.03","55.11","55.93","54.41","","0.27%"
"08/04/2009","54.88","55.40","56.91","54.37","","0.18%"
"08/03/2009","54.78","52.90","55.27","52.90","","3.20%"
"07/31/2009","53.08","52.84","53.36","52.17","","0.32%"
"07/30/2009","52.91","53.73","53.88","52.56","","-1.76%"
"07/29/2009","53.86","54.15","54.35","52.77","","-0.17%"
"07/28/2009","53.95","56.92","57.16","53.69","","-5.28%"
"07/27/2009","56.96","56.25","57.18","56.01","","1.99%"
"07/24/2009","55.85","54.40","56.14","53.60","","3.85%"
"07/23/2009","53.78","53.80","54.48","52.61","","1.05%"
"07/22/2009","53.22","53.57","54.95","52.60","","0.70%"
"07/21/2009","52.85","51.00","53.64","51.00","","4.34%"
"07/20/2009","50.65","50.00","51.06","50.00","","2.68%"
"07/17/2009","49.33","48.60","49.75","48.50","","1.92%"
"07/16/2009","48.40","48.90","48.90","48.22","","-0.62%"
"07/15/2009","48.70","47.05","49.27","47.00","","7.53%"
"07/14/2009","45.29","45.00","45.46","44.50","","4.64%"
"07/13/2009","43.28","43.90","44.00","42.60","","-1.64%"
"07/10/2009","44.00","44.72","45.09","43.80","","-3.78%"
"07/09/2009","45.73","44.30","45.75","44.30","","2.26%"
"07/08/2009","44.72","44.15","44.72","42.57","","0.83%"
"07/07/2009","44.35","46.60","46.90","44.35","","-2.53%"
"07/06/2009","45.50","46.80","47.00","45.50","","-1.52%"
"07/03/2009","46.20","47.40","48.00","46.20","","-2.74%"
"07/02/2009","47.50","48.95","48.95","47.50","","-1.66%"
"06/26/2009","48.30","49.50","50.00","48.30","","1.68%"
"06/25/2009","47.50","49.90","50.10","47.50","","-5.19%"
"06/24/2009","50.10","47.90","50.10","46.65","","5.25%"
"06/19/2009","47.60","49.80","49.85","47.60","","-4.32%"
"06/18/2009","49.75","47.70","49.75","47.50","","4.52%"
"06/17/2009","47.60","49.80","49.80","47.60","","-4.23%"
"06/16/2009","49.70","51.00","52.00","49.70","","-2.93%"
"06/15/2009","51.20","53.40","53.70","51.20","","-5.88%"
"06/12/2009","54.40","53.50","54.40","53.10","","4.21%"
"06/11/2009","52.20","54.90","54.90","52.20","","1.36%"
"06/05/2009","51.50","53.50","54.50","51.50","","-6.53%"
"06/04/2009","55.10","53.10","55.10","51.10","","3.96%"
"06/03/2009","53.00","55.50","55.80","53.00","","-6.53%"
"06/02/2009","56.70","53.80","56.70","53.50","","12.50%"
"05/29/2009","50.40","52.10","52.30","50.40","","-1.75%"
"05/28/2009","51.30","47.95","51.30","47.75","","3.95%"
"05/27/2009","49.35","48.50","49.35","48.20","","2.39%"
"05/26/2009","48.20","46.90","48.20","46.65","","1.58%"
"05/25/2009","47.45","47.10","47.45","46.70","","-0.52%"
"05/22/2009","47.70","46.00","47.70","46.00","","1.81%"
"05/20/2009","46.85","48.00","48.50","46.85","","-0.74%"
"05/19/2009","47.20","47.90","49.15","47.20","","-0.42%"
"05/18/2009","47.40","47.15","47.40","46.40","","1.94%"
"05/15/2009","46.50","48.50","48.75","46.50","","3.56%"
"05/14/2009","44.90","46.50","46.50","44.90","","-6.17%"
"05/08/2009","47.85","44.50","47.85","44.30","","4.36%"
"05/07/2009","45.85","44.60","45.85","43.65","","0.00%"
"05/06/2009","45.85","42.90","45.85","42.20","","2.00%"
"05/05/2009","44.95","42.00","44.95","41.60","","5.89%"
"04/30/2009","42.45","41.05","42.45","40.45","","3.66%"
"04/29/2009","40.95","37.80","40.95","37.80","","11.28%"
"04/28/2009","36.80","39.20","39.45","36.80","","-6.95%"
"04/27/2009","39.55","40.35","40.35","39.55","","-6.17%"
"04/24/2009","42.15","42.10","42.15","41.90","","-2.43%"
"04/23/2009","43.20","40.40","43.20","40.40","","1.17%"
"04/22/2009","42.70","39.90","42.70","39.65","","14.94%"
"04/21/2009","37.15","38.10","39.30","37.15","","-6.19%"
"04/20/2009","39.60","42.20","42.80","39.60","","-6.16%"
"04/17/2009","42.20","37.75","42.20","37.75","","12.38%"
"04/16/2009","37.55","35.90","37.55","35.60","","21.13%"
"04/08/2009","31.00","30.15","31.00","29.40","","2.65%"
"04/07/2009","30.20","32.65","33.00","30.20","","-7.50%"
"04/06/2009","32.65","33.40","34.10","32.65","","-0.46%"
"04/03/2009","32.80","34.35","35.35","32.80","","-2.96%"
"04/02/2009","33.80","32.70","33.80","32.70","","9.56%"
"04/01/2009","30.85","30.10","30.85","30.10","","-5.95%"
"03/20/2009","32.80","30.85","32.80","30.20","","4.46%"
"03/19/2009","31.40","28.70","31.40","28.50","","14.18%"
"03/18/2009","27.50","28.80","28.95","27.50","","-1.79%"
"03/17/2009","28.00","26.50","28.00","26.50","","4.48%"
"03/16/2009","26.80","26.55","26.80","26.25","","-0.37%"
"03/13/2009","26.90","25.60","26.90","25.60","","9.80%"
"03/12/2009","24.50","25.25","25.50","24.50","","-4.85%"
"03/11/2009","25.75","24.05","25.75","24.00","","10.75%"
"03/10/2009","23.25","21.60","23.25","21.30","","9.93%"
"03/09/2009","21.15","21.65","21.75","21.15","","-4.51%"
"03/06/2009","22.15","22.55","23.05","22.15","","-12.62%"
"02/27/2009","25.35","24.10","25.35","24.00","","3.89%"
"02/26/2009","24.40","22.95","24.40","22.50","","12.70%"
"02/25/2009","21.65","22.80","23.35","21.65","","2.12%"
"02/20/2009","21.20","22.50","22.50","21.20","","-8.42%"
"02/19/2009","23.15","21.30","23.15","21.25","","4.04%"
"02/18/2009","22.25","21.20","22.25","21.20","","3.01%"
"02/17/2009","21.60","23.10","23.25","21.60","","-11.66%"
"02/16/2009","24.45","23.80","24.45","23.80","","5.39%"
"02/13/2009","23.20","26.10","26.10","23.20","","-8.30%"
"02/12/2009","25.30","28.20","28.35","25.30","","-7.33%"
"02/09/2009","27.30","27.50","27.75","27.30","","16.92%"