"Date","Price","Open","High","Low","Vol.","Change %"
"12/30/2025","302.00","299.20","302.00","298.60","217.45K","1.41%"
"12/29/2025","297.80","298.00","299.60","296.00","279.10K","-0.33%"
"12/23/2025","298.80","298.00","299.80","297.20","142.77K","0.13%"
"12/22/2025","298.40","295.60","298.40","295.40","162.17K","0.61%"
"12/19/2025","296.60","296.00","299.00","294.00","588.58K","0.20%"
"12/18/2025","296.00","291.40","296.00","290.80","355.85K","1.51%"
"12/17/2025","291.60","295.20","295.20","291.60","230.87K","-0.48%"
"12/16/2025","293.00","293.60","294.60","293.00","330.38K","-0.54%"
"12/15/2025","294.60","291.80","296.40","291.80","318.06K","1.03%"
"12/12/2025","291.60","290.60","292.80","290.60","175.41K","0.55%"
"12/11/2025","290.00","291.00","291.40","289.00","286.03K","0.07%"
"12/10/2025","289.80","290.00","291.40","286.40","209.83K","-0.75%"
"12/09/2025","292.00","285.00","294.20","285.00","438.00K","3.55%"
"12/08/2025","282.00","282.80","283.80","280.80","183.75K","-0.28%"
"12/05/2025","282.80","283.40","283.80","280.40","112.86K","-0.07%"
"12/04/2025","283.00","280.00","283.40","278.80","155.79K","1.07%"
"12/03/2025","280.00","287.00","287.00","278.80","280.87K","-2.71%"
"12/02/2025","287.80","285.60","289.00","285.60","316.86K","1.12%"
"12/01/2025","284.60","283.60","286.00","280.80","296.20K","0.49%"
"11/28/2025","283.20","285.00","286.80","281.20","320.41K","0.43%"
"11/27/2025","282.00","280.00","282.00","279.40","124.31K","0.86%"
"11/26/2025","279.60","275.40","280.00","275.20","211.48K","1.23%"
"11/25/2025","276.20","274.20","276.20","273.40","228.82K","0.66%"
"11/24/2025","274.40","273.80","276.20","272.20","2.08M","-0.51%"
"11/21/2025","275.80","276.80","277.20","274.80","312.76K","-0.43%"
"11/20/2025","277.00","274.80","277.60","273.60","139.03K","1.02%"
"11/19/2025","274.20","274.40","274.40","271.80","178.48K","0.51%"
"11/18/2025","272.80","274.00","275.60","272.60","250.37K","-1.45%"
"11/17/2025","276.80","276.40","277.40","275.40","181.06K","0.14%"
"11/14/2025","276.40","276.80","278.00","272.40","201.43K","-0.29%"
"11/13/2025","277.20","280.80","282.20","277.20","187.65K","-1.42%"
"11/12/2025","281.20","278.00","281.20","277.00","241.07K","1.30%"
"11/11/2025","277.60","275.00","277.80","274.80","147.76K","0.58%"
"11/10/2025","276.00","274.00","276.00","272.00","194.89K","0.22%"
"11/07/2025","275.40","275.00","277.20","271.60","187.42K","0.07%"
"11/06/2025","275.20","276.00","276.40","273.20","342.40K","-0.15%"
"11/05/2025","275.60","275.00","276.00","272.00","212.52K","0.36%"
"11/04/2025","274.60","271.80","274.60","269.20","183.85K","0.66%"
"11/03/2025","272.80","272.40","274.40","272.00","268.55K","0.07%"
"10/31/2025","272.60","275.20","275.80","271.20","255.54K","-0.87%"
"10/30/2025","275.00","275.00","276.40","274.40","305.96K","-0.51%"
"10/29/2025","276.40","273.20","276.40","272.00","305.30K","0.88%"
"10/28/2025","274.00","274.20","275.20","268.00","267.73K","-0.15%"
"10/27/2025","274.40","267.00","274.40","265.60","858.36K","3.08%"
"10/24/2025","266.20","267.00","269.00","261.60","1.28M","-5.13%"
"10/23/2025","280.60","280.20","281.20","278.20","119.77K","0.00%"
"10/22/2025","280.60","279.40","281.00","279.00","181.36K","0.43%"
"10/21/2025","279.40","279.40","281.60","278.80","197.60K","0.00%"
"10/20/2025","279.40","279.60","281.40","278.20","179.60K","-0.36%"
"10/17/2025","280.40","281.60","281.60","277.80","228.03K","-0.71%"
"10/16/2025","282.40","285.80","285.80","281.60","231.19K","-0.91%"
"10/15/2025","285.00","286.80","287.60","285.00","194.01K","-0.70%"
"10/14/2025","287.00","288.60","289.00","285.80","171.26K","0.42%"
"10/13/2025","285.80","288.00","289.40","285.40","236.94K","-1.18%"
"10/10/2025","289.20","291.00","292.60","288.00","325.55K","-0.96%"
"10/09/2025","292.00","290.00","294.00","289.60","154.64K","0.83%"
"10/08/2025","289.60","292.00","292.40","287.00","309.63K","-0.75%"
"10/07/2025","291.80","293.00","294.80","290.80","203.87K","-0.27%"
"10/06/2025","292.60","286.60","292.60","286.60","254.46K","1.53%"
"10/03/2025","288.20","289.20","291.40","287.00","182.54K","-0.35%"
"10/02/2025","289.20","291.40","291.40","287.40","162.73K","-1.09%"
"10/01/2025","292.40","292.00","293.60","290.40","236.56K","-0.07%"
"09/30/2025","292.60","292.60","295.20","290.60","355.16K","0.14%"
"09/29/2025","292.20","291.20","295.60","288.80","353.50K","3.99%"
"09/26/2025","281.00","276.00","281.80","275.20","633.43K","1.96%"
"09/25/2025","275.60","275.60","276.20","274.20","175.47K","-0.36%"
"09/24/2025","276.60","276.80","277.60","274.00","202.45K","0.07%"
"09/23/2025","276.40","278.00","278.60","275.80","143.13K","-0.36%"
"09/22/2025","277.40","275.40","277.80","273.20","210.22K","0.87%"
"09/19/2025","275.00","275.80","277.40","273.00","711.63K","-0.15%"
"09/18/2025","275.40","283.00","283.60","273.40","333.59K","-2.48%"
"09/17/2025","282.40","282.00","283.00","280.40","232.14K","0.07%"
"09/16/2025","282.20","285.40","285.60","281.00","341.74K","-1.40%"
"09/15/2025","286.20","283.80","287.00","282.20","150.62K","1.06%"
"09/12/2025","283.20","282.60","285.00","281.00","202.17K","0.07%"
"09/11/2025","283.00","283.80","285.00","280.20","313.97K","-0.42%"
"09/10/2025","284.20","279.00","284.20","279.00","259.91K","2.38%"
"09/09/2025","277.60","276.60","279.20","276.60","464.24K","0.58%"
"09/08/2025","276.00","276.80","278.60","276.00","487.49K","-0.29%"
"09/05/2025","276.80","277.80","277.80","275.60","193.55K","-0.07%"
"09/04/2025","277.00","270.00","278.20","270.00","226.97K","2.59%"
"09/03/2025","270.00","272.60","273.60","269.20","188.56K","-1.46%"
"09/02/2025","274.00","276.40","276.40","272.80","240.03K","-1.23%"
"09/01/2025","277.40","279.20","279.20","276.20","207.70K","-0.64%"
"08/29/2025","279.20","284.80","284.80","277.80","254.60K","-0.29%"
"08/28/2025","280.00","281.60","283.00","279.20","191.86K","-0.50%"
"08/27/2025","281.40","283.80","283.80","280.80","188.21K","-0.64%"
"08/26/2025","283.20","283.60","285.20","282.80","1.21M","-1.26%"
"08/25/2025","286.80","288.60","288.60","285.20","126.32K","-0.76%"
"08/22/2025","289.00","289.80","289.80","286.20","187.59K","-0.07%"
"08/21/2025","289.20","290.80","291.40","287.20","204.90K","-0.28%"
"08/20/2025","290.00","289.00","291.00","288.00","137.57K","0.42%"
"08/19/2025","288.80","288.40","289.40","287.00","246.37K","-0.07%"
"08/18/2025","289.00","285.00","289.60","284.80","237.76K","1.40%"
"08/15/2025","285.00","286.00","286.60","283.80","231.69K","-0.07%"
"08/14/2025","285.20","284.00","287.20","283.80","259.30K","0.92%"
"08/13/2025","282.60","282.20","283.80","281.60","131.80K","0.36%"
"08/12/2025","281.60","282.60","285.40","280.00","208.34K","0.21%"
"08/11/2025","281.00","282.00","282.60","280.40","113.48K","-0.57%"
"08/08/2025","282.60","284.80","285.00","282.20","124.18K","-0.91%"
"08/07/2025","285.20","283.00","285.80","282.20","168.93K","1.06%"
"08/06/2025","282.20","280.60","283.80","280.60","359.54K","1.07%"
"08/05/2025","279.20","276.40","280.00","276.40","296.67K","1.53%"
"08/04/2025","275.00","271.00","275.00","270.60","164.73K","1.55%"
"08/01/2025","270.80","271.00","272.00","269.00","165.53K","-0.66%"
"07/31/2025","272.60","273.00","274.40","272.40","380.44K","-0.22%"
"07/30/2025","273.20","274.40","275.40","272.00","193.06K","-0.36%"
"07/29/2025","274.20","274.00","275.20","273.20","177.55K","0.44%"
"07/28/2025","273.00","275.60","277.60","272.60","125.35K","-0.73%"
"07/25/2025","275.00","277.00","277.00","275.00","126.88K","-0.29%"
"07/24/2025","275.80","278.00","279.00","275.80","337.23K","-0.65%"
"07/23/2025","277.60","278.00","279.20","276.20","208.68K","-0.14%"
"07/22/2025","278.00","279.00","279.60","277.00","204.58K","-0.29%"
"07/21/2025","278.80","281.80","281.80","278.80","389.00K","-0.85%"
"07/18/2025","281.20","284.80","284.80","280.00","266.87K","-1.26%"
"07/17/2025","284.80","282.00","284.80","281.20","267.76K","1.28%"
"07/16/2025","281.20","279.60","282.20","279.20","262.85K","0.57%"
"07/15/2025","279.60","286.00","287.20","279.60","377.81K","-1.48%"
"07/14/2025","283.80","280.60","285.00","279.80","407.05K","0.50%"
"07/11/2025","282.40","284.00","286.60","275.00","945.78K","7.79%"
"07/10/2025","262.00","261.60","262.00","259.20","270.78K","0.77%"
"07/09/2025","260.00","259.60","262.80","258.40","264.03K","0.31%"
"07/08/2025","259.20","259.00","259.80","257.60","251.21K","0.23%"
"07/07/2025","258.60","259.20","260.00","257.20","217.87K","-0.08%"
"07/04/2025","258.80","255.20","258.80","255.20","119.63K","0.94%"
"07/03/2025","256.40","254.60","256.80","254.00","172.94K","0.87%"
"07/02/2025","254.20","257.00","257.20","253.60","334.96K","-0.94%"
"07/01/2025","256.60","256.20","257.80","255.60","205.97K","0.47%"
"06/30/2025","255.40","254.20","256.60","253.40","427.14K","0.47%"
"06/27/2025","254.20","254.80","256.40","253.00","339.72K","0.16%"
"06/26/2025","253.80","253.60","256.00","251.80","417.71K","-0.94%"
"06/25/2025","256.20","254.80","256.40","254.40","723.99K","0.87%"
"06/24/2025","254.00","257.80","258.40","254.00","282.63K","0.00%"
"06/23/2025","254.00","253.60","256.40","251.60","308.72K","0.55%"
"06/20/2025","252.60","248.00","253.40","247.40","1.23M","1.85%"
"06/19/2025","248.00","246.00","248.60","244.40","312.38K","0.49%"
"06/18/2025","246.80","247.40","248.60","246.00","322.84K","-0.08%"
"06/17/2025","247.00","247.60","247.80","245.60","334.68K","-0.64%"
"06/16/2025","248.60","249.80","249.80","247.80","272.16K","-0.16%"
"06/13/2025","249.00","250.00","250.00","248.00","462.95K","-1.27%"
"06/12/2025","252.20","253.80","255.00","251.00","307.64K","-1.10%"
"06/11/2025","255.00","255.80","257.40","254.20","288.67K","-0.55%"
"06/10/2025","256.40","257.60","258.60","255.40","190.95K","-0.23%"
"06/06/2025","257.00","256.40","258.00","256.20","261.81K","0.00%"
"06/05/2025","257.00","257.80","258.40","256.20","218.87K","-0.39%"
"06/04/2025","258.00","256.40","258.80","254.60","321.79K","0.55%"
"06/03/2025","256.60","259.80","260.40","254.40","324.64K","-0.93%"
"06/02/2025","259.00","258.40","260.80","256.40","380.31K","0.23%"
"05/30/2025","258.40","260.00","262.40","258.40","1.39M","-0.08%"
"05/28/2025","258.60","262.40","262.60","258.60","166.78K","-1.30%"
"05/27/2025","262.00","262.60","264.00","261.80","437.98K","-0.68%"
"05/26/2025","263.80","261.00","264.40","261.00","139.68K","1.15%"
"05/23/2025","260.80","261.00","262.40","257.40","212.08K","-0.08%"
"05/22/2025","261.00","263.00","263.00","259.60","207.77K","-0.68%"
"05/21/2025","262.80","259.00","262.80","257.80","310.60K","1.15%"
"05/20/2025","259.80","261.20","261.20","258.60","473.94K","-0.38%"
"05/19/2025","260.80","260.20","261.00","258.40","250.66K","0.15%"
"05/16/2025","260.40","258.00","261.40","257.40","328.15K","1.09%"
"05/15/2025","257.60","251.00","258.20","250.40","381.84K","2.71%"
"05/14/2025","250.80","250.00","251.80","248.40","325.28K","0.64%"
"05/13/2025","249.20","248.00","249.60","245.40","234.94K","0.73%"
"05/12/2025","247.40","253.60","254.40","245.00","326.49K","-2.29%"
"05/09/2025","253.20","254.40","255.00","252.40","223.87K","-0.39%"
"05/08/2025","254.20","254.40","256.00","252.20","284.42K","0.32%"
"05/07/2025","253.40","251.00","253.60","250.00","498.61K","0.88%"
"05/06/2025","251.20","251.00","253.00","250.80","458.81K","0.24%"
"05/05/2025","250.60","249.00","250.60","248.00","226.52K","0.80%"
"05/02/2025","248.60","246.60","248.60","242.60","409.48K","2.47%"
"04/30/2025","242.60","236.40","242.60","236.00","615.17K","1.93%"
"04/29/2025","238.00","234.20","238.60","231.40","352.49K","-2.94%"
"04/28/2025","245.20","245.00","246.80","240.60","469.49K","0.57%"
"04/25/2025","243.80","242.60","244.80","240.40","220.63K","0.41%"
"04/24/2025","242.80","247.20","248.20","242.00","343.13K","-1.78%"
"04/23/2025","247.20","248.00","248.60","245.40","321.82K","0.24%"
"04/22/2025","246.60","249.80","251.00","246.40","311.95K","-0.40%"
"04/16/2025","247.60","244.20","247.60","243.20","265.68K","1.39%"
"04/15/2025","244.20","242.00","244.40","241.80","243.91K","1.33%"
"04/14/2025","241.00","243.00","243.00","238.80","243.32K","1.18%"
"04/11/2025","238.20","235.00","239.40","235.00","307.75K","1.79%"
"04/10/2025","234.00","236.40","237.00","232.60","448.38K","3.36%"
"04/09/2025","226.40","225.60","228.80","222.00","281.94K","-2.08%"
"04/08/2025","231.20","225.00","231.80","221.20","507.97K","2.85%"
"04/07/2025","224.80","221.80","227.00","215.80","662.98K","-2.77%"
"04/04/2025","231.20","240.00","243.60","230.80","538.50K","-3.99%"
"04/03/2025","240.80","237.80","242.00","237.00","424.44K","0.00%"
"04/02/2025","240.80","240.60","241.20","238.20","476.63K","-0.08%"
"04/01/2025","241.00","242.00","243.00","239.60","469.56K","-0.33%"
"03/31/2025","241.80","238.80","242.20","238.00","320.49K","0.92%"
"03/28/2025","239.60","241.80","242.80","239.40","196.58K","-0.66%"
"03/27/2025","241.20","240.60","242.00","239.40","315.50K","0.00%"
"03/26/2025","241.20","238.80","241.20","238.20","378.54K","1.52%"
"03/25/2025","237.60","233.00","238.60","232.40","356.60K","1.54%"
"03/24/2025","234.00","230.80","234.00","230.40","320.71K","1.65%"
"03/21/2025","230.20","237.00","237.00","227.60","1.23M","-5.73%"
"03/20/2025","244.20","243.40","244.80","241.80","369.07K","0.41%"
"03/19/2025","243.20","243.00","245.20","242.60","349.95K","0.16%"
"03/18/2025","242.80","242.60","243.40","241.00","276.33K","0.33%"
"03/17/2025","242.00","241.20","242.20","240.00","211.08K","0.50%"
"03/14/2025","240.80","240.60","242.20","239.60","221.08K","0.00%"
"03/13/2025","240.80","236.40","241.40","236.40","446.01K","2.56%"
"03/12/2025","234.80","231.80","234.80","231.20","370.70K","1.73%"
"03/11/2025","230.80","229.00","231.40","228.00","235.77K","0.61%"
"03/10/2025","229.40","229.00","229.60","227.80","241.01K","-0.09%"
"03/07/2025","229.60","230.00","230.60","228.60","221.59K","-0.26%"
"03/06/2025","230.20","233.00","233.40","227.80","291.89K","-0.86%"
"03/05/2025","232.20","232.00","233.40","231.20","250.76K","-0.26%"
"03/04/2025","232.80","232.40","234.80","231.20","374.55K","0.17%"
"03/03/2025","232.40","232.00","233.40","230.20","327.99K","0.69%"
"02/28/2025","230.80","230.00","230.80","228.00","934.01K","0.00%"
"02/27/2025","230.80","230.40","231.40","229.40","234.24K","-0.17%"
"02/26/2025","231.20","227.20","231.20","226.20","275.29K","1.67%"
"02/25/2025","227.40","226.00","228.00","226.00","205.23K","0.26%"
"02/24/2025","226.80","224.60","227.40","224.60","386.30K","0.98%"
"02/21/2025","224.60","226.80","228.40","224.60","368.31K","-0.18%"
"02/20/2025","225.00","225.80","226.40","224.00","160.19K","-0.62%"
"02/19/2025","226.40","229.20","230.60","226.00","187.83K","-1.22%"
"02/18/2025","229.20","231.00","231.00","228.20","165.88K","-0.35%"
"02/17/2025","230.00","228.20","230.80","228.20","167.17K","0.79%"
"02/14/2025","228.20","229.60","229.80","227.20","201.75K","-0.70%"
"02/13/2025","229.80","231.00","231.40","228.60","203.82K","-0.35%"
"02/12/2025","230.60","231.00","231.00","227.60","205.18K","-0.09%"
"02/11/2025","230.80","229.20","231.60","228.60","120.76K","1.05%"
"02/10/2025","228.40","230.20","230.20","227.80","335.88K","-0.78%"
"02/07/2025","230.20","231.00","231.60","229.20","193.91K","-0.17%"
"02/06/2025","230.60","232.00","234.60","229.40","291.22K","-0.60%"
"02/05/2025","232.00","234.20","234.20","230.40","242.66K","-1.02%"
"02/04/2025","234.40","232.40","234.40","231.40","251.04K","0.77%"
"02/03/2025","232.60","230.00","233.40","230.00","294.80K","0.17%"
"01/31/2025","232.20","232.80","233.00","229.80","448.20K","-0.51%"
"01/30/2025","233.40","232.20","233.40","231.20","162.19K","0.60%"
"01/29/2025","232.00","233.80","234.60","231.00","205.30K","-0.60%"
"01/28/2025","233.40","231.80","233.40","230.80","323.66K","0.69%"
"01/27/2025","231.80","227.60","232.20","226.40","508.93K","1.76%"
"01/24/2025","227.80","222.60","232.60","222.40","2.51M","9.00%"
"01/23/2025","209.00","209.80","211.20","207.60","583.36K","-1.88%"
"01/22/2025","213.00","212.00","216.80","211.40","674.27K","0.85%"
"01/21/2025","211.20","209.00","211.40","209.00","263.14K","0.86%"
"01/20/2025","209.40","210.00","212.00","208.80","158.50K","-0.19%"
"01/17/2025","209.80","210.60","210.80","208.40","299.62K","0.00%"
"01/16/2025","209.80","210.00","211.00","207.40","245.54K","-0.19%"
"01/15/2025","210.20","209.20","210.80","209.20","248.60K","1.15%"
"01/14/2025","207.80","206.40","209.80","206.00","243.66K","0.78%"
"01/13/2025","206.20","204.20","206.40","203.60","326.61K","0.49%"
"01/10/2025","205.20","207.60","208.60","205.20","388.26K","-1.82%"
"01/09/2025","209.00","204.80","209.80","204.60","332.40K","2.35%"
"01/08/2025","204.20","201.00","204.20","200.80","254.67K","1.39%"
"01/07/2025","201.40","200.20","201.60","198.20","851.59K","0.60%"
"01/06/2025","200.20","202.00","202.20","200.20","166.19K","-1.28%"
"01/03/2025","202.80","203.40","203.60","202.40","168.87K","-0.59%"
"01/02/2025","204.00","203.00","204.00","202.00","216.13K","1.49%"
"12/30/2024","201.00","201.40","201.80","200.40","232.13K","-0.10%"
"12/27/2024","201.20","200.40","201.20","199.70","184.85K","0.10%"
"12/23/2024","201.00","200.80","201.00","195.80","263.76K","0.00%"
"12/20/2024","201.00","200.20","201.60","199.00","822.46K","0.40%"
"12/19/2024","200.20","200.80","202.00","200.20","271.36K","-0.69%"
"12/18/2024","201.60","202.00","203.80","201.40","302.70K","-0.30%"
"12/17/2024","202.20","204.80","205.20","201.20","282.11K","-1.17%"
"12/16/2024","204.60","204.00","206.20","204.00","524.87K","-0.10%"
"12/13/2024","204.80","202.00","205.00","201.80","332.39K","1.19%"
"12/12/2024","202.40","203.20","203.20","202.00","204.55K","-0.30%"
"12/11/2024","203.00","201.80","204.00","201.40","287.07K","0.59%"
"12/10/2024","201.80","202.40","202.80","201.00","292.05K","-0.20%"
"12/09/2024","202.20","203.00","203.00","201.40","192.24K","-0.39%"
"12/06/2024","203.00","206.80","207.80","202.00","289.42K","0.30%"
"12/05/2024","202.40","200.80","202.40","200.60","172.59K","0.10%"
"12/04/2024","202.20","201.00","202.20","199.90","190.67K","0.50%"
"12/03/2024","201.20","200.00","201.80","199.60","254.71K","1.00%"
"12/02/2024","199.20","196.50","200.40","196.40","300.62K","1.43%"
"11/29/2024","196.40","197.60","197.60","196.00","737.31K","-0.66%"
"11/28/2024","197.70","197.70","198.80","196.90","145.31K","-0.15%"
"11/27/2024","198.00","196.50","198.00","195.70","197.84K","0.87%"
"11/26/2024","196.30","197.30","197.60","195.20","276.54K","-0.86%"
"11/25/2024","198.00","196.00","198.00","194.80","1.56M","1.28%"
"11/22/2024","195.50","193.60","195.50","193.40","156.22K","1.24%"
"11/21/2024","193.10","191.60","193.50","191.50","146.76K","0.47%"
"11/20/2024","192.20","192.60","193.90","190.40","293.27K","0.00%"
"11/19/2024","192.20","193.70","194.40","191.70","236.23K","-1.13%"
"11/18/2024","194.40","195.70","195.70","192.30","151.61K","-0.97%"
"11/15/2024","196.30","189.40","197.80","188.50","317.55K","3.92%"
"11/14/2024","188.90","188.70","189.00","187.00","301.12K","0.21%"
"11/13/2024","188.50","190.00","190.20","188.50","269.95K","-1.05%"
"11/12/2024","190.50","192.70","195.00","190.50","230.86K","-1.40%"
"11/11/2024","193.20","195.10","196.30","193.20","213.67K","-0.87%"
"11/08/2024","194.90","194.30","195.30","194.30","139.11K","0.31%"
"11/07/2024","194.30","197.60","198.20","194.30","199.07K","-1.62%"
"11/06/2024","197.50","199.00","200.60","197.50","190.92K","-0.55%"
"11/05/2024","198.60","198.70","198.90","197.30","163.65K","0.61%"
"11/04/2024","197.40","198.80","199.10","197.10","261.04K","-0.95%"
"11/01/2024","199.30","198.50","199.80","197.60","280.91K","0.40%"
"10/31/2024","198.50","200.00","201.00","198.50","439.49K","-1.24%"
"10/30/2024","201.00","203.40","203.60","201.00","349.21K","-1.08%"
"10/29/2024","203.20","202.80","205.00","202.40","211.13K","0.40%"
"10/28/2024","202.40","202.00","203.40","200.80","155.21K","0.20%"
"10/25/2024","202.00","200.60","203.00","200.60","215.48K","0.50%"
"10/24/2024","201.00","201.00","201.60","199.80","329.30K","0.40%"
"10/23/2024","200.20","198.40","202.20","198.40","288.82K","-0.20%"
"10/22/2024","200.60","198.30","203.20","196.00","579.69K","0.55%"
"10/21/2024","199.50","198.00","199.50","197.50","264.21K","0.61%"
"10/18/2024","198.30","197.00","198.50","196.50","681.43K","-0.65%"
"10/17/2024","199.60","200.00","200.60","199.50","273.32K","-0.20%"
"10/16/2024","200.00","198.70","200.80","198.70","227.20K","0.20%"
"10/15/2024","199.60","198.50","200.40","198.50","351.25K","0.55%"
"10/14/2024","198.50","197.60","199.10","197.10","183.86K","-0.05%"
"10/11/2024","198.60","193.60","199.10","193.50","578.59K","2.80%"
"10/10/2024","193.20","192.50","193.50","192.50","135.21K","0.36%"
"10/09/2024","192.50","192.80","193.90","191.90","198.13K","-0.16%"
"10/08/2024","192.80","191.00","193.40","190.90","523.19K","0.16%"
"10/07/2024","192.50","194.30","194.80","191.80","254.09K","-0.93%"
"10/04/2024","194.30","190.90","194.30","188.80","342.47K","0.36%"
"10/03/2024","193.60","194.50","195.00","193.50","119.32K","-0.51%"
"10/02/2024","194.60","198.90","199.20","194.60","257.90K","-2.16%"
"10/01/2024","198.90","196.90","198.90","196.60","324.22K","0.76%"
"09/30/2024","197.40","198.80","200.80","195.70","651.95K","0.61%"
"09/27/2024","196.20","193.60","196.40","193.10","262.20K","1.92%"
"09/26/2024","192.50","191.80","193.00","191.40","239.59K","0.57%"
"09/25/2024","191.40","191.80","192.30","191.30","162.40K","-0.21%"
"09/24/2024","191.80","192.10","193.30","191.30","382.54K","0.00%"
"09/23/2024","191.80","191.90","192.50","190.70","164.39K","-0.05%"
"09/20/2024","191.90","190.70","192.80","190.70","1.67M","0.63%"
"09/19/2024","190.70","191.60","192.60","190.70","270.26K","-0.47%"
"09/18/2024","191.60","193.10","194.10","191.60","176.85K","-0.93%"
"09/17/2024","193.40","194.10","195.50","193.40","219.36K","-0.67%"
"09/16/2024","194.70","192.00","195.40","192.00","","0.57%"
"09/13/2024","193.60","193.60","194.10","192.30","300.71K","-0.21%"
"09/12/2024","194.00","191.90","194.00","191.70","369.87K","1.62%"
"09/11/2024","190.90","191.20","192.60","190.40","232.99K","-0.37%"
"09/10/2024","191.60","191.00","193.70","191.00","161.98K","0.26%"
"09/09/2024","191.10","188.70","191.60","188.70","224.70K","1.00%"
"09/06/2024","189.20","189.40","189.90","187.40","139.41K","-0.68%"
"09/05/2024","190.50","187.00","190.90","186.60","177.89K","2.42%"
"09/04/2024","186.00","184.90","186.40","184.50","225.15K","-0.11%"
"09/03/2024","186.20","187.50","187.60","186.20","165.30K","-0.64%"
"09/02/2024","187.40","187.30","187.80","186.20","262.03K","-0.27%"
"08/30/2024","187.90","185.70","187.90","185.70","493.65K","1.40%"
"08/29/2024","185.30","182.90","185.60","182.90","208.39K","1.31%"
"08/28/2024","182.90","181.80","183.90","181.50","257.12K","0.55%"
"08/27/2024","181.90","183.00","183.00","181.70","254.39K","-0.49%"
"08/26/2024","182.80","182.20","183.70","182.20","194.60K","-0.22%"
"08/23/2024","183.20","182.00","183.20","181.30","226.75K","0.60%"
"08/22/2024","182.10","182.80","183.20","181.60","195.24K","-0.27%"
"08/21/2024","182.60","183.00","184.00","182.30","247.00K","-0.65%"
"08/20/2024","183.80","183.80","184.20","182.70","303.03K","-0.33%"
"08/19/2024","184.40","182.70","184.80","182.70","194.58K","0.77%"
"08/16/2024","183.00","185.50","185.50","183.00","261.14K","-0.27%"
"08/15/2024","183.50","181.80","186.20","181.80","357.42K","-0.16%"
"08/14/2024","183.80","183.70","183.90","182.30","130.64K","0.00%"
"08/13/2024","183.80","182.70","183.80","181.30","151.43K","0.60%"
"08/12/2024","182.70","182.00","183.30","181.50","131.45K","0.38%"
"08/09/2024","182.00","180.70","182.20","180.30","117.31K","0.50%"
"08/08/2024","181.10","179.40","181.10","177.80","166.84K","0.89%"
"08/07/2024","179.50","177.50","179.50","177.30","213.92K","1.87%"
"08/06/2024","176.20","178.00","179.30","174.40","225.83K","0.00%"
"08/05/2024","176.20","177.10","178.90","174.70","281.16K","-2.49%"
"08/02/2024","180.70","184.60","184.60","179.00","205.53K","-2.11%"
"08/01/2024","184.60","185.30","191.20","182.70","133.36K","0.00%"
"07/31/2024","184.60","183.00","185.80","183.00","359.35K","0.87%"
"07/30/2024","183.00","180.00","183.00","179.80","162.17K","1.44%"
"07/29/2024","180.40","178.60","181.70","178.50","118.84K","1.41%"
"07/26/2024","177.90","179.00","180.10","177.40","228.32K","-0.50%"
"07/25/2024","178.80","178.50","179.20","175.60","199.96K","0.11%"
"07/24/2024","178.60","180.00","180.40","178.60","161.24K","-0.94%"
"07/23/2024","180.30","181.00","181.30","179.90","146.17K","-0.11%"
"07/22/2024","180.50","179.80","180.70","179.20","194.25K","0.33%"
"07/19/2024","179.90","180.60","181.90","179.00","343.49K","-1.96%"
"07/18/2024","183.50","183.10","184.90","182.40","325.52K","0.66%"
"07/17/2024","182.30","181.70","182.50","180.00","222.42K","0.16%"
"07/16/2024","182.00","180.80","182.50","177.30","651.37K","-1.03%"
"07/15/2024","183.90","182.20","185.90","180.60","679.36K","-7.36%"
"07/12/2024","198.50","197.70","198.80","196.10","208.44K","0.20%"
"07/11/2024","198.10","195.80","199.40","195.30","255.55K","1.33%"
"07/10/2024","195.50","196.00","196.00","194.20","161.71K","-0.05%"
"07/09/2024","195.60","194.70","195.80","194.00","307.37K","0.41%"
"07/08/2024","194.80","194.40","194.80","193.00","136.21K","0.21%"
"07/05/2024","194.40","195.50","195.90","193.80","183.67K","-0.36%"
"07/04/2024","195.10","192.90","195.10","192.60","290.81K","1.35%"
"07/03/2024","192.50","193.50","193.50","192.10","116.74K","0.00%"
"07/02/2024","192.50","192.30","194.00","191.00","162.22K","-0.16%"
"07/01/2024","192.80","191.50","193.20","190.00","294.99K","1.05%"
"06/28/2024","190.80","189.60","191.40","189.60","381.68K","0.00%"
"06/27/2024","190.80","191.10","191.60","190.10","193.07K","-0.16%"
"06/26/2024","191.10","194.90","194.90","190.90","352.49K","-1.90%"
"06/25/2024","194.80","194.00","195.50","194.00","221.40K","0.41%"
"06/24/2024","194.00","193.60","194.00","191.80","186.87K","0.05%"
"06/21/2024","193.90","193.00","194.00","191.80","396.98K","-0.31%"
"06/20/2024","194.50","193.80","194.50","193.00","132.00K","0.36%"
"06/19/2024","193.80","190.90","193.90","190.90","282.75K","1.52%"
"06/18/2024","190.90","189.00","191.00","188.80","250.96K","0.74%"
"06/17/2024","189.50","189.00","191.30","189.00","326.61K","0.26%"
"06/14/2024","189.00","188.60","189.50","187.30","326.54K","0.27%"
"06/13/2024","188.50","186.20","188.50","185.90","260.21K","1.29%"
"06/12/2024","186.10","183.70","186.30","183.70","215.19K","1.64%"
"06/11/2024","183.10","184.00","184.40","181.90","212.91K","-0.49%"
"06/10/2024","184.00","185.20","185.20","184.00","209.74K","-0.65%"
"06/07/2024","185.20","185.00","185.70","184.00","204.19K","-0.22%"
"06/06/2024","185.60","185.00","185.60","183.40","218.78K","0.32%"
"06/05/2024","185.00","183.60","185.70","183.30","207.18K","0.98%"
"06/04/2024","183.20","182.50","183.20","180.50","265.36K","0.44%"
"06/03/2024","182.40","184.50","184.80","181.60","190.01K","-0.71%"
"05/31/2024","183.70","182.90","184.50","182.50","1.48M","0.27%"
"05/30/2024","183.20","182.60","183.60","181.80","352.22K","0.33%"
"05/29/2024","182.60","183.40","184.80","181.50","287.82K","-0.49%"
"05/28/2024","183.50","183.90","185.60","183.10","221.96K","-0.33%"
"05/27/2024","184.10","184.30","185.10","183.20","120.26K","-0.11%"
"05/24/2024","184.30","183.10","184.50","182.40","197.60K","0.38%"
"05/23/2024","183.60","183.60","184.70","182.50","249.20K","0.00%"
"05/22/2024","183.60","181.50","184.00","181.30","179.83K","1.16%"
"05/21/2024","181.50","175.10","181.60","174.60","344.59K","-1.20%"
"05/16/2024","183.70","183.10","185.30","183.10","235.58K","-0.05%"
"05/15/2024","183.80","185.00","185.60","183.80","380.03K","-0.76%"
"05/14/2024","185.20","185.50","186.00","184.00","209.85K","-0.43%"
"05/13/2024","186.00","186.40","186.60","185.20","222.18K","-0.43%"
"05/10/2024","186.80","185.10","187.40","185.20","251.65K","1.47%"
"05/08/2024","184.10","180.30","185.40","180.30","318.39K","1.77%"
"05/07/2024","180.90","182.00","184.20","180.00","358.98K","-0.55%"
"05/06/2024","181.90","178.80","182.70","178.60","261.64K","1.79%"
"05/03/2024","178.70","178.70","179.90","177.00","279.76K","-0.39%"
"05/02/2024","179.40","179.40","180.30","176.60","310.96K","0.39%"
"04/30/2024","178.70","175.20","178.70","175.00","527.77K","0.79%"
"04/29/2024","177.30","179.00","179.00","176.30","245.26K","-1.23%"
"04/26/2024","179.50","179.10","180.60","176.30","547.76K","1.07%"
"04/25/2024","177.60","169.10","179.10","166.20","864.04K","5.71%"
"04/24/2024","168.00","166.60","168.00","166.60","444.64K","0.60%"
"04/23/2024","167.00","166.00","167.40","164.20","452.96K","0.48%"
"04/22/2024","166.20","163.90","166.20","163.00","394.46K","1.28%"
"04/19/2024","164.10","162.40","164.10","162.10","342.21K","0.86%"
"04/18/2024","162.70","162.40","163.80","162.00","431.46K","0.18%"
"04/17/2024","162.40","163.30","164.50","160.40","454.15K","-0.49%"
"04/16/2024","163.20","164.00","165.80","162.50","637.21K","-0.61%"
"04/15/2024","164.20","162.00","164.20","160.00","390.65K","1.30%"
"04/12/2024","162.10","161.50","163.50","161.00","369.92K","0.12%"
"04/11/2024","161.90","164.80","164.80","161.90","540.04K","-1.82%"
"04/10/2024","164.90","162.20","165.20","162.10","464.11K","2.17%"
"04/09/2024","161.40","161.20","162.80","160.90","300.25K","0.12%"
"04/08/2024","161.20","162.00","162.40","160.60","176.21K","-0.56%"
"04/05/2024","162.10","161.70","162.40","159.00","474.00K","1.31%"
"04/04/2024","160.00","162.00","162.00","160.00","300.92K","-0.31%"
"04/03/2024","160.50","164.80","165.00","157.70","430.36K","2.69%"
"04/02/2024","156.30","159.20","159.70","155.60","412.65K","-0.57%"
"03/27/2024","157.20","158.00","158.80","157.10","201.96K","-0.32%"
"03/26/2024","157.70","159.00","159.00","157.70","221.53K","-0.76%"
"03/25/2024","158.90","156.80","158.90","156.00","192.67K","1.34%"
"03/22/2024","156.80","159.00","159.70","155.50","364.82K","-1.32%"
"03/21/2024","158.90","159.30","160.20","157.90","329.89K","-4.05%"
"03/20/2024","165.60","166.90","169.10","165.60","375.41K","-0.78%"
"03/19/2024","166.90","167.70","168.30","166.80","226.22K","-0.48%"
"03/18/2024","167.70","168.00","168.60","166.50","182.84K","-0.18%"
"03/15/2024","168.00","171.00","171.00","167.90","1.44M","-1.47%"
"03/14/2024","170.50","173.10","173.70","170.10","210.54K","-1.73%"
"03/13/2024","173.50","172.90","173.50","172.20","289.83K","0.46%"
"03/12/2024","172.70","170.00","172.70","170.00","330.58K","1.77%"
"03/11/2024","169.70","168.50","170.30","168.00","230.61K","0.47%"
"03/08/2024","168.90","169.30","169.30","167.90","202.52K","0.30%"
"03/07/2024","168.40","168.00","169.60","168.00","180.84K","0.54%"
"03/06/2024","167.50","169.00","169.00","167.00","183.00K","-0.42%"
"03/05/2024","168.20","168.00","168.90","166.60","193.39K","0.12%"
"03/04/2024","168.00","170.50","171.20","167.20","310.16K","-1.06%"
"03/01/2024","169.80","168.10","171.30","167.60","325.96K","1.31%"
"02/29/2024","167.60","168.40","169.80","167.60","1.09M","-0.59%"
"02/28/2024","168.60","170.00","170.50","168.50","376.88K","-0.77%"
"02/27/2024","169.90","171.00","171.90","169.10","306.71K","-0.64%"
"02/26/2024","171.00","171.80","172.30","170.00","210.22K","-0.98%"
"02/23/2024","172.70","171.90","172.70","169.70","122.11K","0.47%"
"02/22/2024","171.90","172.20","174.50","171.90","176.46K","-0.17%"
"02/21/2024","172.20","171.70","173.50","171.20","118.88K","0.29%"
"02/20/2024","171.70","171.40","171.90","170.40","628.89K","-0.06%"
"02/19/2024","171.80","172.10","172.70","171.70","168.24K","-0.46%"
"02/16/2024","172.60","171.90","173.80","171.40","254.21K","0.70%"
"02/15/2024","171.40","171.00","171.60","169.60","209.79K","0.06%"
"02/14/2024","171.30","170.00","171.30","169.70","217.21K","0.88%"
"02/13/2024","169.80","169.70","169.90","169.00","118.88K","0.41%"
"02/12/2024","169.10","167.80","169.20","167.80","283.20K","1.02%"
"02/09/2024","167.40","167.60","168.50","167.10","242.98K","-0.06%"
"02/08/2024","167.50","169.30","169.70","167.50","126.20K","-1.06%"
"02/07/2024","169.30","170.00","170.70","168.30","261.85K","-0.35%"
"02/06/2024","169.90","169.30","170.50","169.20","191.38K","0.18%"
"02/05/2024","169.60","171.00","171.30","169.50","126.40K","-0.70%"
"02/02/2024","170.80","168.60","171.70","168.10","241.66K","1.43%"
"02/01/2024","168.40","169.60","169.60","167.40","349.27K","-0.77%"
"01/31/2024","169.70","169.50","170.00","168.40","323.07K","0.24%"
"01/30/2024","169.30","171.30","171.70","169.20","259.35K","-0.99%"
"01/29/2024","171.00","170.80","171.00","167.90","293.22K","-0.35%"
"01/26/2024","171.60","172.60","174.30","171.60","251.90K","-0.64%"
"01/25/2024","172.70","171.80","175.20","171.20","560.31K","-1.65%"
"01/24/2024","175.60","169.10","176.80","168.20","750.32K","-1.90%"
"01/23/2024","179.00","180.80","180.80","178.40","329.23K","-0.94%"
"01/22/2024","180.70","181.00","181.70","179.30","241.69K","0.28%"
"01/19/2024","180.20","179.10","180.70","179.10","182.08K","1.07%"
"01/18/2024","178.30","179.20","179.30","177.80","153.09K","-0.06%"
"01/17/2024","178.40","178.70","179.00","177.60","167.09K","-0.67%"
"01/16/2024","179.60","180.00","180.10","177.70","162.89K","-0.55%"
"01/15/2024","180.60","181.00","182.10","180.40","104.09K","-0.17%"
"01/12/2024","180.90","178.50","181.60","178.50","126.08K","0.56%"
"01/11/2024","179.90","183.30","183.50","179.30","236.98K","-1.59%"
"01/10/2024","182.80","181.10","182.80","180.80","153.93K","0.77%"
"01/09/2024","181.40","182.30","182.90","180.20","287.47K","-0.27%"
"01/08/2024","181.90","180.00","183.00","179.10","314.35K","-0.38%"
"01/05/2024","182.60","183.30","184.00","181.50","104.97K","-0.44%"
"01/04/2024","183.40","184.50","184.80","182.40","410.38K","-0.60%"
"01/03/2024","184.50","184.60","185.70","183.50","159.26K","0.71%"
"01/02/2024","183.20","186.50","187.70","183.10","321.25K","-2.29%"
"12/29/2023","187.50","183.30","187.50","183.30","382.41K","2.24%"
"12/28/2023","183.40","182.10","183.40","181.50","131.57K","0.55%"
"12/27/2023","182.40","181.20","182.60","181.20","204.22K","0.83%"
"12/22/2023","180.90","180.00","180.90","179.20","129.30K","0.67%"
"12/21/2023","179.70","180.00","181.70","179.50","243.17K","-0.77%"
"12/20/2023","181.10","182.60","184.90","181.10","278.11K","-0.82%"
"12/19/2023","182.60","185.00","185.00","182.50","424.90K","-1.24%"
"12/18/2023","184.90","187.70","188.40","184.90","328.56K","-1.49%"
"12/15/2023","187.70","188.20","188.80","186.20","675.35K","-0.21%"
"12/14/2023","188.10","189.50","190.70","185.40","316.79K","-0.79%"
"12/13/2023","189.60","188.70","189.60","187.50","305.15K","0.53%"
"12/12/2023","188.60","186.30","188.80","186.30","347.38K","1.23%"
"12/11/2023","186.30","182.90","186.30","182.40","431.19K","0.87%"
"12/08/2023","184.70","183.20","184.70","182.20","261.51K","0.82%"
"12/07/2023","183.20","183.30","183.50","181.50","388.12K","-0.33%"
"12/06/2023","183.80","185.00","186.10","183.80","157.20K","-0.38%"
"12/05/2023","184.50","184.00","185.40","183.90","141.09K","0.27%"
"12/04/2023","184.00","183.00","184.10","183.00","161.60K","0.60%"
"12/01/2023","182.90","182.60","183.10","181.40","343.07K","0.44%"
"11/30/2023","182.10","182.70","183.40","181.20","1.48M","0.05%"
"11/29/2023","182.00","181.00","182.00","180.10","222.28K","0.44%"
"11/28/2023","181.20","181.60","182.80","181.00","143.28K","-0.55%"
"11/27/2023","182.20","182.80","183.60","181.00","232.08K","-0.33%"
"11/24/2023","182.80","182.40","183.00","181.70","150.77K","0.33%"
"11/23/2023","182.20","180.20","182.90","179.70","141.79K","1.50%"
"11/22/2023","179.50","178.00","183.20","178.00","268.32K","1.18%"
"11/21/2023","177.40","175.70","177.50","175.40","300.72K","0.74%"
"11/20/2023","176.10","176.60","176.70","175.70","203.57K","-0.34%"
"11/17/2023","176.70","176.10","177.00","175.30","323.16K","0.06%"
"11/16/2023","176.60","177.00","177.00","175.30","449.17K","-0.11%"
"11/15/2023","176.80","174.00","176.80","174.00","412.97K","1.96%"
"11/14/2023","173.40","170.00","173.60","169.80","283.66K","2.00%"
"11/13/2023","170.00","169.00","170.00","168.50","172.01K","0.59%"
"11/10/2023","169.00","169.40","170.60","168.70","129.73K","-0.35%"
"11/09/2023","169.60","169.00","170.30","168.00","186.34K","0.41%"
"11/08/2023","168.90","167.60","169.60","167.10","206.01K","0.66%"
"11/07/2023","167.80","166.40","168.50","165.80","182.75K","0.84%"
"11/06/2023","166.40","166.00","167.40","165.80","156.16K","-0.30%"
"11/03/2023","166.90","167.00","167.80","165.90","267.07K","0.00%"
"11/02/2023","166.90","169.20","169.80","166.90","297.77K","-1.36%"
"11/01/2023","169.20","167.60","169.20","166.80","318.66K","1.14%"
"10/31/2023","167.30","165.70","168.20","165.70","541.92K","1.33%"
"10/30/2023","165.10","166.40","166.80","164.90","312.84K","-0.72%"
"10/27/2023","166.30","165.50","166.70","164.40","205.02K","0.30%"
"10/26/2023","165.80","165.10","166.40","163.00","292.00K","1.28%"
"10/25/2023","163.70","163.70","164.30","162.50","156.23K","-0.24%"
"10/24/2023","164.10","161.10","164.10","160.30","368.86K","1.99%"
"10/23/2023","160.90","165.00","165.10","159.70","472.19K","-2.78%"
"10/20/2023","165.50","155.00","167.40","155.00","868.25K","4.68%"
"10/19/2023","158.10","160.00","160.60","157.80","269.11K","-1.80%"
"10/18/2023","161.00","157.20","161.00","157.20","340.33K","2.22%"
"10/17/2023","157.50","157.60","158.20","157.00","245.88K","0.00%"
"10/16/2023","157.50","157.80","158.20","157.10","233.48K","-0.25%"
"10/13/2023","157.90","158.00","159.80","156.90","305.62K","-0.13%"
"10/12/2023","158.10","157.80","158.80","157.80","202.85K","0.19%"
"10/11/2023","157.80","158.50","159.00","157.10","340.78K","-0.19%"
"10/10/2023","158.10","158.40","159.70","158.00","231.37K","0.44%"
"10/09/2023","157.40","155.50","158.50","155.50","239.15K","0.64%"
"10/06/2023","156.40","155.00","157.90","154.30","166.83K","0.77%"
"10/05/2023","155.20","152.00","155.50","151.30","204.90K","1.57%"
"10/04/2023","152.80","154.40","155.80","152.70","255.05K","-1.48%"
"10/03/2023","155.10","155.40","156.60","154.70","331.34K","-0.45%"
"10/02/2023","155.80","157.80","158.30","155.60","525.93K","-1.08%"
"09/29/2023","157.50","155.70","157.90","155.70","545.39K","1.48%"
"09/28/2023","155.20","156.00","156.20","154.20","332.92K","-0.19%"
"09/27/2023","155.50","158.30","158.50","155.50","441.32K","-1.77%"
"09/26/2023","158.30","158.00","159.30","157.60","358.73K","-0.25%"
"09/25/2023","158.70","160.20","161.00","158.10","199.38K","-1.31%"
"09/22/2023","160.80","161.00","161.20","159.80","217.47K","-0.43%"
"09/21/2023","161.50","163.60","163.70","161.30","260.48K","-1.40%"
"09/20/2023","163.80","164.00","164.80","163.50","390.06K","-0.49%"
"09/19/2023","164.60","165.30","166.70","164.60","235.40K","-0.54%"
"09/18/2023","165.50","166.00","167.10","164.50","245.91K","-1.02%"
"09/15/2023","167.20","165.20","168.10","163.30","2.17M","1.83%"
"09/14/2023","164.20","162.60","165.50","162.30","216.36K","1.17%"
"09/13/2023","162.30","161.70","163.30","161.50","216.42K","0.19%"
"09/12/2023","162.00","165.70","165.70","161.90","234.90K","0.81%"
"09/11/2023","160.70","161.20","162.30","160.70","355.73K","-0.31%"
"09/08/2023","161.20","160.50","161.90","160.10","180.78K","0.37%"
"09/07/2023","160.60","160.60","161.60","160.20","223.49K","-0.31%"
"09/06/2023","161.10","163.10","163.50","160.90","250.24K","-1.77%"
"09/05/2023","164.00","162.00","165.00","161.80","194.83K","0.74%"
"09/04/2023","162.80","164.00","164.30","162.80","164.48K","-0.91%"
"09/01/2023","164.30","164.00","164.30","162.50","170.75K","-0.73%"
"08/31/2023","165.50","165.30","166.60","164.50","2.09M","0.30%"
"08/30/2023","165.00","162.60","165.70","162.60","696.72K","1.98%"
"08/29/2023","161.80","159.10","162.50","158.60","367.97K","1.38%"
"08/28/2023","159.60","160.70","161.40","158.30","465.00K","-0.44%"
"08/25/2023","160.30","157.60","161.30","157.60","378.40K","1.97%"
"08/24/2023","157.20","159.90","159.90","157.20","177.12K","-1.44%"
"08/23/2023","159.50","158.30","159.80","157.70","487.87K","1.14%"
"08/22/2023","157.70","158.00","159.30","157.50","210.50K","0.51%"
"08/21/2023","156.90","156.60","157.60","156.40","218.38K","0.19%"
"08/18/2023","156.60","159.20","159.30","156.30","223.52K","-2.00%"
"08/17/2023","159.80","158.00","159.80","158.00","224.79K","0.95%"
"08/16/2023","158.30","158.00","159.20","157.70","225.90K","-0.25%"
"08/15/2023","158.70","160.60","161.10","158.00","480.91K","-1.12%"
"08/14/2023","160.50","159.70","161.50","159.20","230.58K","0.44%"
"08/11/2023","159.80","157.20","160.40","157.20","610.44K","1.33%"
"08/10/2023","157.70","153.60","157.80","153.00","501.39K","2.20%"
"08/09/2023","154.30","152.90","155.00","152.90","343.02K","1.05%"
"08/08/2023","152.70","154.60","155.90","152.70","544.82K","-1.74%"
"08/07/2023","155.40","157.70","158.30","155.00","350.46K","-2.02%"
"08/04/2023","158.60","158.90","159.50","158.30","158.74K","0.13%"
"08/03/2023","158.40","159.20","159.80","158.20","326.76K","-1.00%"
"08/02/2023","160.00","160.40","161.10","159.50","239.04K","-0.81%"
"08/01/2023","161.30","159.80","161.40","159.40","239.37K","0.69%"
"07/31/2023","160.20","160.00","161.20","159.10","407.17K","0.12%"
"07/28/2023","160.00","160.10","160.50","159.40","172.00K","0.00%"
"07/27/2023","160.00","159.00","161.00","158.70","409.81K","0.88%"
"07/26/2023","158.60","159.70","159.90","157.60","328.47K","-0.50%"
"07/25/2023","159.40","159.30","160.30","159.30","307.95K","-0.25%"
"07/24/2023","159.80","160.60","160.60","159.00","195.08K","-0.50%"
"07/21/2023","160.60","160.00","161.40","159.70","404.75K","0.88%"
"07/20/2023","159.20","157.80","159.40","157.40","253.41K","1.14%"
"07/19/2023","157.40","157.00","158.50","156.80","391.48K","1.22%"
"07/18/2023","155.50","155.10","156.20","154.20","497.77K","0.91%"
"07/17/2023","154.10","150.50","154.10","149.00","716.00K","3.22%"
"07/14/2023","149.30","160.80","160.80","149.30","1.20M","-8.24%"
"07/13/2023","162.70","163.40","163.90","162.30","218.47K","-0.06%"
"07/12/2023","162.80","163.00","163.40","162.00","229.13K","0.18%"
"07/11/2023","162.50","166.50","166.50","161.80","347.48K","-2.23%"
"07/10/2023","166.20","167.00","167.00","165.70","176.27K","-0.48%"
"07/07/2023","167.00","168.10","168.10","166.90","183.04K","-0.77%"
"07/06/2023","168.30","170.80","171.00","168.10","367.14K","-1.92%"
"07/05/2023","171.60","173.40","173.40","170.80","321.09K","-1.04%"
"07/04/2023","173.40","172.00","174.00","172.00","180.16K","0.87%"
"07/03/2023","171.90","172.30","174.00","171.90","151.64K","0.06%"
"06/30/2023","171.80","172.10","172.90","171.60","218.66K","0.17%"
"06/29/2023","171.50","172.50","172.80","170.80","146.03K","-0.29%"
"06/28/2023","172.00","172.30","172.90","171.20","195.03K","-0.06%"
"06/27/2023","172.10","171.50","172.70","170.70","214.85K","0.23%"
"06/26/2023","171.70","172.80","173.00","170.60","201.03K","-0.46%"
"06/23/2023","172.50","172.20","173.30","172.00","148.69K","0.23%"
"06/22/2023","172.10","172.70","173.00","171.90","190.14K","-0.41%"
"06/21/2023","172.80","173.50","175.10","171.20","303.64K","-1.26%"
"06/20/2023","175.00","176.00","176.10","175.00","235.20K","-0.74%"
"06/19/2023","176.30","176.50","177.20","175.90","174.85K","0.00%"
"06/16/2023","176.30","177.40","177.40","176.30","813.48K","-0.40%"
"06/15/2023","177.00","178.00","178.00","176.20","244.20K","-0.06%"
"06/14/2023","177.10","178.40","178.40","176.90","407.56K","-0.73%"
"06/13/2023","178.40","177.90","178.40","175.70","276.29K","0.28%"
"06/12/2023","177.90","180.20","181.10","177.80","166.63K","-1.11%"
"06/09/2023","179.90","180.00","180.40","179.30","206.65K","0.00%"
"06/08/2023","179.90","180.30","180.30","178.70","243.26K","-0.17%"
"06/07/2023","180.20","180.40","181.20","179.40","215.15K","0.06%"
"06/06/2023","180.10","182.40","182.40","179.70","260.55K","-1.53%"
"06/05/2023","182.90","183.30","184.10","182.30","189.44K","-0.11%"
"06/02/2023","183.10","181.50","183.10","180.50","288.64K","1.72%"
"06/01/2023","180.00","186.00","186.00","179.20","390.90K","-3.49%"
"05/31/2023","186.50","183.60","186.50","182.20","2.47M","1.47%"
"05/30/2023","183.80","183.00","184.80","182.90","230.48K","0.49%"
"05/26/2023","182.90","183.40","183.80","181.70","128.51K","0.11%"
"05/25/2023","182.70","184.80","184.80","182.50","260.00K","-0.81%"
"05/24/2023","184.20","184.00","184.50","182.50","241.08K","-0.43%"
"05/23/2023","185.00","183.10","185.40","182.80","349.36K","1.20%"
"05/22/2023","182.80","185.00","185.40","182.80","344.71K","-0.87%"
"05/19/2023","184.40","183.40","184.40","182.60","288.00K","1.60%"
"05/16/2023","181.50","182.20","182.80","181.00","333.40K","-0.17%"
"05/15/2023","181.80","181.10","182.20","181.00","199.86K","0.44%"
"05/12/2023","181.00","180.60","182.00","180.40","274.84K","0.33%"
"05/11/2023","180.40","180.90","181.20","180.10","321.80K","0.11%"
"05/10/2023","180.20","181.70","182.40","180.20","183.78K","-0.83%"
"05/09/2023","181.70","182.50","182.50","180.50","299.48K","-0.71%"
"05/08/2023","183.00","182.00","183.30","181.80","219.65K","0.60%"
"05/05/2023","181.90","182.70","182.90","181.50","200.13K","-0.33%"
"05/04/2023","182.50","183.40","183.40","181.00","334.54K","-0.44%"
"05/03/2023","183.30","181.40","183.80","181.20","406.66K","1.16%"
"05/02/2023","181.20","185.60","185.60","180.80","416.13K","-2.21%"
"04/28/2023","185.30","180.40","185.90","178.00","673.54K","3.98%"
"04/27/2023","178.20","180.50","180.90","177.30","366.55K","-1.16%"
"04/26/2023","180.30","180.60","181.90","179.80","311.51K","-0.44%"
"04/25/2023","181.10","181.00","181.80","179.90","257.98K","-0.66%"
"04/24/2023","182.30","178.00","182.30","177.70","254.27K","2.30%"
"04/21/2023","178.20","178.70","179.20","177.70","230.16K","-0.22%"
"04/20/2023","178.60","179.00","180.30","178.10","393.09K","-0.22%"
"04/19/2023","179.00","178.80","179.00","177.00","296.63K","-0.22%"
"04/18/2023","179.40","178.10","179.70","177.80","256.98K","0.79%"
"04/17/2023","178.00","180.70","182.00","177.70","399.99K","-2.25%"
"04/14/2023","182.10","181.10","182.60","180.40","390.25K","0.83%"
"04/13/2023","180.60","182.40","186.50","179.70","642.84K","1.12%"
"04/12/2023","178.60","177.80","178.60","176.30","357.58K","0.45%"
"04/11/2023","177.80","172.90","177.80","172.50","483.33K","3.19%"
"04/05/2023","172.30","172.00","172.30","170.70","165.53K","0.23%"
"04/04/2023","171.90","171.90","172.50","171.40","195.74K","0.53%"
"04/03/2023","171.00","172.50","172.50","169.70","420.83K","-0.18%"
"03/31/2023","171.30","170.00","171.80","169.30","524.43K","1.12%"
"03/30/2023","169.40","169.00","170.30","168.10","387.58K","0.77%"
"03/29/2023","168.10","166.60","168.10","166.00","346.28K","1.57%"
"03/28/2023","165.50","168.40","169.00","164.50","304.65K","-1.08%"
"03/27/2023","167.30","168.20","169.00","167.10","268.58K","0.42%"
"03/24/2023","166.60","170.70","170.70","165.90","472.82K","-6.19%"
"03/23/2023","177.60","177.90","179.00","177.10","440.89K","-0.78%"
"03/22/2023","179.00","179.70","180.40","177.30","283.75K","-0.33%"
"03/21/2023","179.60","178.00","181.10","177.10","373.36K","1.53%"
"03/20/2023","176.90","173.60","177.20","171.50","379.28K","0.97%"
"03/17/2023","175.20","176.00","178.80","173.70","990.69K","0.06%"
"03/16/2023","175.10","176.40","177.60","173.50","423.46K","-0.06%"
"03/15/2023","175.20","182.00","182.50","174.70","471.88K","-3.42%"
"03/14/2023","181.40","180.60","182.30","180.00","512.09K","-0.11%"
"03/13/2023","181.60","184.10","184.10","179.70","627.93K","-1.30%"
"03/10/2023","184.00","183.60","185.30","183.20","317.32K","-0.54%"
"03/09/2023","185.00","184.00","185.20","183.80","220.34K","0.60%"
"03/08/2023","183.90","184.80","184.80","183.40","264.43K","-0.76%"
"03/07/2023","185.30","183.00","185.60","182.90","292.99K","1.31%"
"03/06/2023","182.90","185.00","185.10","182.70","261.18K","-0.76%"
"03/03/2023","184.30","185.60","185.70","183.80","222.96K","-0.49%"
"03/02/2023","185.20","185.50","186.20","185.20","200.44K","-0.70%"
"03/01/2023","186.50","185.00","187.20","184.90","254.44K","1.14%"
"02/28/2023","184.40","183.60","185.20","182.40","679.82K","0.16%"
"02/27/2023","184.10","182.10","184.20","182.10","220.98K","0.93%"
"02/24/2023","182.40","182.30","183.20","182.30","185.23K","-0.33%"
"02/23/2023","183.00","182.40","183.90","181.70","363.00K","0.33%"
"02/22/2023","182.40","182.90","182.90","181.40","267.27K","-0.38%"
"02/21/2023","183.10","182.00","183.50","181.60","260.18K","0.38%"
"02/20/2023","182.40","182.10","182.40","180.40","279.21K","0.39%"
"02/17/2023","181.70","184.10","184.10","181.20","699.92K","-1.52%"
"02/16/2023","184.50","186.90","187.10","184.20","363.36K","-1.13%"
"02/15/2023","186.60","184.00","186.80","183.80","270.46K","1.25%"
"02/14/2023","184.30","185.00","185.80","183.90","299.50K","-0.32%"
"02/13/2023","184.90","184.90","185.70","183.70","300.25K","0.49%"
"02/10/2023","184.00","185.40","185.40","182.40","336.07K","-0.65%"
"02/09/2023","185.20","186.10","187.40","185.00","294.51K","-0.70%"
"02/08/2023","186.50","186.20","188.30","186.20","318.79K","0.48%"
"02/07/2023","185.60","186.40","186.50","183.20","236.72K","-0.16%"
"02/06/2023","185.90","183.90","186.30","183.50","373.60K","1.53%"
"02/03/2023","183.10","182.90","185.00","182.60","522.78K","0.16%"
"02/02/2023","182.80","181.80","183.20","181.10","421.38K","1.05%"
"02/01/2023","180.90","179.20","181.10","178.70","453.39K","1.12%"
"01/31/2023","178.90","180.80","181.40","178.90","373.48K","-0.72%"
"01/30/2023","180.20","180.00","182.30","178.90","361.30K","0.11%"
"01/27/2023","180.00","180.50","180.60","178.80","518.15K","0.56%"
"01/26/2023","179.00","180.00","180.70","178.30","555.60K","-0.67%"
"01/25/2023","180.20","172.00","181.50","171.90","1.18M","-5.51%"
"01/24/2023","190.70","188.50","190.90","188.50","263.67K","1.60%"
"01/23/2023","187.70","188.30","189.30","187.40","202.70K","-0.05%"
"01/20/2023","187.80","187.10","189.10","186.90","223.71K","0.91%"
"01/19/2023","186.10","186.40","188.40","186.10","288.17K","-0.75%"
"01/18/2023","187.50","188.10","188.90","185.60","256.47K","-0.32%"
"01/17/2023","188.10","189.80","190.50","187.90","257.94K","-0.90%"
"01/16/2023","189.80","191.60","191.60","189.80","128.02K","-0.94%"
"01/13/2023","191.60","192.60","193.40","191.20","113.08K","-0.47%"
"01/12/2023","192.50","193.50","193.90","191.60","212.35K","-0.05%"
"01/11/2023","192.60","191.50","192.60","187.80","263.69K","3.16%"
"01/10/2023","186.70","187.60","188.10","186.00","275.30K","-0.74%"
"01/09/2023","188.10","188.10","188.60","186.50","222.91K","0.53%"
"01/06/2023","187.10","185.80","187.40","184.50","176.42K","1.14%"
"01/05/2023","185.00","191.40","191.60","185.00","310.34K","-2.84%"
"01/04/2023","190.40","190.80","192.40","190.00","267.29K","0.16%"
"01/03/2023","190.10","191.50","193.20","189.90","231.33K","-0.89%"
"01/02/2023","191.80","192.00","192.40","190.80","99.33K","-0.21%"
"12/30/2022","192.20","192.80","193.00","191.40","214.88K","-0.26%"
"12/29/2022","192.70","190.90","192.80","189.50","132.14K","0.94%"
"12/28/2022","190.90","192.00","192.00","190.60","215.05K","-0.52%"
"12/27/2022","191.90","192.00","192.80","190.60","73.16K","0.00%"
"12/23/2022","191.90","191.00","192.20","191.00","76.92K","0.68%"
"12/22/2022","190.60","190.40","193.00","190.00","183.56K","0.37%"
"12/21/2022","189.90","191.50","192.00","189.90","316.19K","-0.84%"
"12/20/2022","191.50","190.90","192.50","190.20","317.28K","-0.52%"
"12/19/2022","192.50","192.70","193.00","191.40","233.90K","0.42%"
"12/16/2022","191.70","190.20","192.60","187.80","351.77K","0.47%"
"12/15/2022","190.80","192.60","193.50","190.10","281.55K","-1.24%"
"12/14/2022","193.20","193.30","194.30","192.20","277.40K","0.52%"
"12/13/2022","192.20","190.90","193.90","190.60","379.37K","1.37%"
"12/12/2022","189.60","192.60","193.20","188.80","277.14K","-1.56%"
"12/09/2022","192.60","191.80","193.90","189.90","208.89K","0.89%"
"12/08/2022","190.90","192.00","192.00","189.40","182.90K","-0.47%"
"12/07/2022","191.80","193.20","193.30","190.40","256.84K","-0.98%"
"12/06/2022","193.70","192.30","193.90","191.20","245.49K","0.36%"
"12/05/2022","193.00","191.10","193.60","190.10","200.40K","1.05%"
"12/02/2022","191.00","191.20","191.20","187.20","485.01K","-0.05%"
"12/01/2022","191.10","190.50","192.20","188.60","246.95K","1.00%"
"11/30/2022","189.20","187.50","189.50","187.40","1.24M","0.85%"
"11/29/2022","187.60","188.00","188.00","185.70","151.32K","0.32%"
"11/28/2022","187.00","191.10","191.10","186.00","225.71K","-2.04%"
"11/25/2022","190.90","192.10","192.20","190.40","123.33K","-0.57%"
"11/24/2022","192.00","192.30","192.70","190.90","108.84K","0.26%"
"11/23/2022","191.50","191.10","192.30","190.10","118.48K","0.31%"
"11/22/2022","190.90","188.00","191.10","188.00","112.00K","1.54%"
"11/21/2022","188.00","189.70","190.20","187.40","234.64K","-0.95%"
"11/18/2022","189.80","189.30","190.80","189.00","226.76K","0.32%"
"11/17/2022","189.20","193.30","193.70","188.50","189.96K","-2.02%"
"11/16/2022","193.10","194.20","195.40","193.10","234.24K","-0.57%"
"11/15/2022","194.20","196.40","197.70","192.80","230.19K","-1.07%"
"11/14/2022","196.30","193.90","196.30","191.70","215.65K","1.71%"
"11/11/2022","193.00","195.90","196.60","191.90","157.82K","-0.72%"
"11/10/2022","194.40","193.30","194.80","190.30","144.23K","0.78%"
"11/09/2022","192.90","191.30","192.90","190.60","257.16K","0.99%"
"11/08/2022","191.00","188.80","191.00","187.70","161.37K","1.27%"
"11/07/2022","188.60","188.80","190.00","187.80","99.75K","-0.16%"
"11/04/2022","188.90","188.00","188.90","186.20","166.76K","0.59%"
"11/03/2022","187.80","184.00","187.80","184.00","181.12K","1.51%"
"11/02/2022","185.00","189.10","189.20","184.60","234.64K","-1.60%"
"11/01/2022","188.00","191.00","191.30","187.60","169.41K","-1.00%"
"10/31/2022","189.90","189.00","192.40","188.30","402.07K","-0.89%"
"10/28/2022","191.60","189.00","191.90","187.10","179.10K","0.90%"
"10/27/2022","189.90","190.10","190.20","186.90","182.27K","0.00%"
"10/26/2022","189.90","189.50","191.10","188.60","134.54K","0.00%"
"10/25/2022","189.90","193.10","193.50","188.30","171.31K","-0.68%"
"10/24/2022","191.20","192.10","193.30","186.20","284.93K","0.10%"
"10/21/2022","191.00","189.00","192.50","188.20","339.51K","-0.21%"
"10/20/2022","191.40","194.00","194.20","189.50","185.31K","-1.85%"
"10/19/2022","195.00","192.30","195.90","191.30","270.04K","1.67%"
"10/18/2022","191.80","191.60","191.80","189.50","198.59K","0.68%"
"10/17/2022","190.50","189.00","191.90","187.00","244.60K","2.75%"
"10/14/2022","185.40","188.00","189.90","185.40","257.07K","0.00%"
"10/13/2022","185.40","189.60","191.60","184.30","326.46K","-2.47%"
"10/12/2022","190.10","189.90","190.10","187.50","256.82K","0.21%"
"10/11/2022","189.70","188.20","189.70","186.50","281.06K","-0.26%"
"10/10/2022","190.20","187.50","190.60","186.40","158.40K","1.33%"
"10/07/2022","187.70","191.30","192.00","187.70","227.78K","-1.88%"
"10/06/2022","191.30","196.40","196.90","191.10","236.83K","-2.15%"
"10/05/2022","195.50","196.10","197.10","193.70","268.09K","-0.26%"
"10/04/2022","196.00","192.00","196.00","190.90","428.12K","2.89%"
"10/03/2022","190.50","186.20","190.90","184.50","440.17K","1.87%"
"09/30/2022","187.00","185.70","189.80","184.90","354.42K","1.74%"
"09/29/2022","183.80","189.90","192.30","182.60","411.08K","-3.16%"
"09/28/2022","189.80","195.00","195.20","187.20","278.01K","-3.26%"
"09/27/2022","196.20","192.30","197.00","192.20","223.10K","0.82%"
"09/26/2022","194.60","196.00","196.30","192.70","251.55K","-1.22%"
"09/23/2022","197.00","199.50","199.50","194.90","198.25K","-0.25%"
"09/22/2022","197.50","199.10","199.80","197.20","104.77K","-0.95%"
"09/21/2022","199.40","196.00","203.20","195.70","271.65K","1.22%"
"09/20/2022","197.00","199.30","201.00","196.40","219.92K","-0.76%"
"09/19/2022","198.50","200.00","200.00","193.20","225.32K","-0.75%"
"09/16/2022","200.00","205.20","205.80","199.40","1.08M","-1.67%"
"09/15/2022","203.40","206.60","207.00","202.80","148.18K","-1.55%"
"09/14/2022","206.60","207.40","207.60","205.40","196.74K","-1.24%"
"09/13/2022","209.20","204.20","209.20","204.20","329.35K","2.65%"
"09/12/2022","203.80","203.80","205.00","202.60","167.27K","0.10%"
"09/09/2022","203.60","202.00","205.40","201.40","140.51K","1.19%"
"09/08/2022","201.20","202.40","205.00","200.60","206.38K","-0.49%"
"09/07/2022","202.20","201.00","202.60","199.30","328.20K","0.50%"
"09/06/2022","201.20","203.00","204.60","200.40","162.03K","-1.47%"
"09/05/2022","204.20","201.20","204.20","198.80","172.94K","0.20%"
"09/02/2022","203.80","203.00","205.20","203.00","174.55K","0.20%"
"09/01/2022","203.40","200.40","204.00","199.60","199.52K","0.69%"
"08/31/2022","202.00","202.20","204.00","200.40","482.75K","-0.10%"
"08/30/2022","202.20","203.00","205.40","202.00","186.15K","-0.30%"
"08/29/2022","202.80","205.00","205.20","201.00","177.35K","-1.36%"
"08/26/2022","205.60","209.80","210.00","205.20","180.79K","-2.10%"
"08/25/2022","210.00","208.00","210.40","207.40","177.89K","0.96%"
"08/24/2022","208.00","204.20","208.40","204.20","205.37K","1.07%"
"08/23/2022","205.80","203.00","205.80","202.20","181.92K","0.98%"
"08/22/2022","203.80","206.80","206.80","203.80","170.96K","-1.55%"
"08/19/2022","207.00","203.20","207.00","202.60","188.98K","1.77%"
"08/18/2022","203.40","202.60","204.40","202.60","157.02K","-0.10%"
"08/17/2022","203.60","204.20","205.20","202.40","200.00K","-0.49%"
"08/16/2022","204.60","204.20","205.40","203.60","178.30K","0.49%"
"08/15/2022","203.60","201.00","203.60","199.60","151.77K","1.60%"
"08/12/2022","200.40","201.00","202.60","200.40","285.45K","-0.10%"
"08/11/2022","200.60","204.20","205.00","200.40","174.49K","-1.28%"
"08/10/2022","203.20","203.00","203.80","201.80","144.08K","-0.10%"
"08/09/2022","203.40","201.20","204.20","201.20","180.84K","0.39%"
"08/08/2022","202.60","203.00","203.40","201.20","148.69K","-0.20%"
"08/05/2022","203.00","201.40","203.60","200.60","122.11K","1.10%"
"08/04/2022","200.80","201.00","201.80","199.90","144.59K","0.10%"
"08/03/2022","200.60","199.50","202.20","199.30","221.17K","0.70%"
"08/02/2022","199.20","200.80","200.80","197.80","239.89K","-0.80%"
"08/01/2022","200.80","201.40","203.60","199.80","152.28K","-0.30%"
"07/29/2022","201.40","200.60","202.60","200.20","238.15K","0.70%"
"07/28/2022","200.00","204.20","204.20","199.30","151.14K","0.10%"
"07/27/2022","199.80","200.60","200.60","197.20","195.07K","-0.10%"
"07/26/2022","200.00","201.20","201.80","198.60","139.14K","-0.40%"
"07/25/2022","200.80","201.80","201.80","200.00","107.51K","-0.79%"
"07/22/2022","202.40","200.00","202.40","199.00","132.31K","1.66%"
"07/21/2022","199.10","198.40","199.60","196.80","179.19K","-0.15%"
"07/20/2022","199.40","200.20","202.80","199.20","165.66K","-0.50%"
"07/19/2022","200.40","198.90","200.40","196.60","319.22K","0.50%"
"07/18/2022","199.40","196.60","200.20","194.50","410.40K","0.10%"
"07/15/2022","199.20","204.40","205.60","196.20","412.93K","-1.78%"
"07/14/2022","202.80","208.80","209.00","201.60","404.88K","-2.50%"
"07/13/2022","208.00","207.00","210.40","206.60","355.28K","-1.98%"
"07/12/2022","212.20","207.20","212.20","207.00","358.07K","2.51%"
"07/11/2022","207.00","204.80","207.80","204.40","259.79K","0.98%"
"07/08/2022","205.00","205.00","207.00","203.40","176.28K","0.20%"
"07/07/2022","204.60","202.40","205.20","200.80","224.10K","1.39%"
"07/06/2022","201.80","199.50","203.80","198.90","250.71K","1.31%"
"07/05/2022","199.20","210.20","210.80","197.30","463.84K","-5.14%"
"07/04/2022","210.00","205.20","211.20","204.00","399.79K","2.34%"
"07/01/2022","205.20","202.20","206.80","199.60","606.70K","2.86%"
"06/30/2022","199.50","192.20","200.80","192.20","570.47K","2.94%"
"06/29/2022","193.80","193.10","194.20","192.00","300.73K","-0.46%"
"06/28/2022","194.70","190.20","194.70","188.60","526.59K","2.58%"
"06/27/2022","189.80","188.50","191.50","187.50","303.57K","0.85%"
"06/24/2022","188.20","185.10","188.50","185.10","176.11K","1.89%"
"06/23/2022","184.70","185.50","187.00","182.80","432.85K","-0.70%"
"06/22/2022","186.00","191.30","191.70","186.00","527.21K","-3.58%"
"06/21/2022","192.90","195.60","196.00","192.90","268.20K","-1.38%"
"06/20/2022","195.60","195.00","196.60","193.90","212.28K","0.26%"
"06/17/2022","195.10","196.00","198.00","195.10","446.31K","0.00%"
"06/16/2022","195.10","200.60","201.00","195.00","399.82K","-3.03%"
"06/15/2022","201.20","194.50","201.20","194.50","818.50K","3.71%"
"06/14/2022","194.00","194.50","196.20","192.70","317.88K","0.36%"
"06/13/2022","193.30","194.00","195.30","191.50","317.53K","-1.43%"
"06/10/2022","196.10","199.00","199.30","196.10","378.09K","-1.70%"
"06/09/2022","199.50","200.40","201.40","199.00","272.54K","-0.55%"
"06/08/2022","200.60","198.80","200.80","197.20","371.16K","1.16%"
"06/07/2022","198.30","201.20","201.40","198.00","403.52K","-1.44%"
"06/03/2022","201.20","200.80","201.60","196.90","301.20K","0.70%"
"06/02/2022","199.80","199.00","200.80","197.70","268.57K","0.20%"
"06/01/2022","199.40","204.80","204.80","199.40","345.28K","-2.64%"
"05/31/2022","204.80","205.20","205.60","201.00","1.50M","-0.58%"
"05/30/2022","206.00","209.00","209.00","203.80","278.63K","-1.34%"
"05/27/2022","208.80","202.20","208.80","202.20","388.41K","3.37%"
"05/25/2022","202.00","204.20","206.00","201.00","206.02K","-0.30%"
"05/24/2022","202.60","202.80","204.60","201.60","238.53K","-0.30%"
"05/23/2022","203.20","205.00","205.00","199.60","258.63K","1.60%"
"05/20/2022","200.00","199.30","202.00","199.30","306.65K","0.96%"
"05/19/2022","198.10","201.60","201.60","197.00","383.99K","-2.32%"
"05/18/2022","202.80","202.20","203.20","199.60","419.15K","1.40%"
"05/16/2022","200.00","200.00","201.80","197.10","308.42K","0.00%"
"05/13/2022","200.00","198.00","200.20","195.50","273.79K","1.63%"
"05/12/2022","196.80","194.00","197.00","191.20","403.06K","1.03%"
"05/11/2022","194.80","194.90","195.20","192.80","262.53K","-0.20%"
"05/10/2022","195.20","192.30","196.60","191.00","324.65K","1.51%"
"05/09/2022","192.30","195.90","196.90","192.30","315.35K","-1.64%"
"05/06/2022","195.50","201.20","202.80","195.50","467.96K","-3.79%"
"05/05/2022","203.20","204.40","206.80","201.00","229.54K","0.00%"
"05/04/2022","203.20","207.80","208.00","202.60","305.36K","-1.74%"
"05/03/2022","206.80","203.00","206.80","201.00","547.67K","2.27%"
"05/02/2022","202.20","201.60","202.20","186.00","543.53K","0.30%"
"04/29/2022","201.60","201.40","202.60","196.20","472.46K","2.13%"
"04/28/2022","197.40","205.60","206.20","197.30","478.77K","-1.79%"
"04/27/2022","201.00","207.40","208.00","198.30","536.66K","-3.09%"
"04/26/2022","207.40","213.00","213.00","206.20","443.14K","-2.63%"
"04/25/2022","213.00","214.00","214.20","211.40","318.35K","-1.48%"
"04/22/2022","216.20","213.40","216.60","213.00","334.48K","0.37%"
"04/21/2022","215.40","213.40","215.80","213.00","234.78K","0.75%"
"04/20/2022","213.80","211.00","213.80","210.60","214.03K","1.62%"
"04/19/2022","210.40","216.40","216.60","210.40","448.57K","-2.14%"
"04/13/2022","215.00","216.20","216.80","215.00","153.75K","-0.74%"
"04/12/2022","216.60","216.60","218.20","215.80","254.91K","-1.37%"
"04/11/2022","219.60","220.40","220.40","217.20","303.79K","-0.45%"
"04/08/2022","220.60","223.60","223.60","220.40","177.91K","-0.99%"
"04/07/2022","222.80","219.00","223.00","218.80","273.66K","1.00%"
"04/06/2022","220.60","218.80","222.00","218.40","262.83K","0.91%"
"04/05/2022","218.60","216.60","218.60","216.00","235.15K","1.02%"
"04/04/2022","216.40","219.00","220.00","215.80","226.19K","-1.55%"
"04/01/2022","219.80","219.40","221.20","218.00","332.25K","0.50%"
"03/31/2022","218.70","224.00","224.00","218.40","521.18K","-1.93%"
"03/30/2022","223.00","220.90","223.30","218.90","316.78K","1.69%"
"03/29/2022","219.30","224.90","224.90","218.30","312.59K","-2.05%"
"03/28/2022","223.90","220.00","225.30","219.70","239.25K","2.05%"
"03/25/2022","219.40","220.20","221.10","218.20","298.96K","-3.56%"
"03/24/2022","227.50","228.90","229.40","227.10","215.03K","-0.22%"
"03/23/2022","228.00","229.40","230.80","227.80","295.46K","-0.52%"
"03/22/2022","229.20","225.00","229.70","224.20","313.47K","2.41%"
"03/21/2022","223.80","223.60","225.10","222.00","249.46K","-0.13%"
"03/18/2022","224.10","221.00","225.90","221.00","537.52K","1.45%"
"03/17/2022","220.90","219.30","221.40","218.90","291.77K","1.33%"
"03/16/2022","218.00","218.20","220.60","217.20","399.88K","0.88%"
"03/15/2022","216.10","217.00","219.50","214.90","239.92K","-0.60%"
"03/14/2022","217.40","215.90","218.20","215.60","191.87K","1.21%"
"03/11/2022","214.80","212.10","215.60","211.80","299.48K","1.32%"
"03/10/2022","212.00","211.20","212.60","209.40","209.54K","1.10%"
"03/09/2022","209.70","210.00","212.50","208.80","315.84K","1.21%"
"03/08/2022","207.20","208.60","213.00","207.20","356.64K","-1.15%"
"03/07/2022","209.60","212.20","212.40","202.80","571.09K","-0.80%"
"03/04/2022","211.30","213.90","214.70","210.00","296.60K","-1.35%"
"03/03/2022","214.20","219.40","220.80","213.80","324.96K","-2.41%"
"03/02/2022","219.50","215.00","221.40","215.00","357.01K","0.69%"
"03/01/2022","218.00","218.00","220.40","217.00","309.28K","0.05%"
"02/28/2022","217.90","215.00","218.20","215.00","627.16K","0.79%"
"02/25/2022","216.20","209.40","217.20","209.40","425.50K","3.35%"
"02/24/2022","209.20","209.90","212.00","207.60","554.23K","-2.29%"
"02/23/2022","214.10","210.70","214.70","210.50","271.36K","1.42%"
"02/22/2022","211.10","209.40","212.50","208.90","250.73K","-0.66%"
"02/21/2022","212.50","214.00","215.30","210.40","449.20K","-0.56%"
"02/18/2022","213.70","213.90","214.70","212.30","274.46K","0.14%"
"02/17/2022","213.40","214.40","214.40","211.90","242.15K","-0.37%"
"02/16/2022","214.20","211.80","214.30","211.80","339.76K","0.56%"
"02/15/2022","213.00","211.60","214.00","211.40","231.65K","0.28%"
"02/14/2022","212.40","215.60","215.60","210.50","373.90K","-1.26%"
"02/11/2022","215.10","213.40","215.10","212.20","192.94K","0.14%"
"02/10/2022","214.80","216.70","218.30","214.10","192.72K","-0.88%"
"02/09/2022","216.70","215.70","216.90","214.60","165.84K","0.56%"
"02/08/2022","215.50","216.80","217.20","214.30","287.17K","-0.60%"
"02/07/2022","216.80","215.40","217.80","214.30","221.80K","1.17%"
"02/04/2022","214.30","219.20","219.70","213.80","284.37K","-2.24%"
"02/03/2022","219.20","220.20","221.00","218.90","252.73K","-0.86%"
"02/02/2022","221.10","218.00","221.10","217.80","320.85K","1.66%"
"02/01/2022","217.50","217.40","218.60","217.40","187.99K","0.42%"
"01/31/2022","216.60","218.40","218.40","215.80","283.95K","0.19%"
"01/28/2022","216.20","216.70","217.20","214.00","295.58K","0.05%"
"01/27/2022","216.10","217.00","218.30","215.50","408.35K","-0.55%"
"01/26/2022","217.30","216.00","218.80","208.80","562.81K","1.26%"
"01/25/2022","214.60","215.30","216.50","213.20","316.89K","0.23%"
"01/24/2022","214.10","219.40","219.40","213.90","296.22K","-2.50%"
"01/21/2022","219.60","221.10","221.30","218.60","276.56K","-0.77%"
"01/20/2022","221.30","221.50","222.10","220.10","187.44K","-0.23%"
"01/19/2022","221.80","222.10","223.00","220.10","410.29K","-0.45%"
"01/18/2022","222.80","224.50","224.60","220.70","259.56K","-0.54%"
"01/17/2022","224.00","226.30","226.40","223.20","198.22K","-0.93%"
"01/14/2022","226.10","224.20","226.60","224.20","305.42K","0.58%"
"01/13/2022","224.80","223.00","225.50","222.80","180.78K","0.58%"
"01/12/2022","223.50","221.00","223.50","220.70","343.67K","1.54%"
"01/11/2022","220.10","219.00","221.00","218.40","298.37K","1.01%"
"01/10/2022","217.90","214.10","219.20","213.80","467.57K","2.01%"
"01/07/2022","213.60","213.60","213.90","212.80","217.80K","0.75%"
"01/06/2022","212.00","212.00","212.90","211.10","169.01K","-0.61%"
"01/05/2022","213.30","211.70","213.80","211.60","144.12K","0.95%"
"01/04/2022","211.30","211.00","211.70","210.10","194.00K","0.09%"
"01/03/2022","211.10","214.10","214.50","210.00","199.80K","-1.36%"
"12/30/2021","214.00","213.40","214.70","213.20","193.31K","0.19%"
"12/29/2021","213.60","213.50","213.60","212.40","133.19K","0.33%"
"12/28/2021","212.90","211.20","213.80","211.20","114.15K","0.85%"
"12/27/2021","211.10","210.00","211.30","209.80","100.48K","0.38%"
"12/23/2021","210.30","210.00","210.50","208.50","157.72K","0.57%"
"12/22/2021","209.10","212.00","212.00","207.70","192.95K","-0.99%"
"12/21/2021","211.20","210.70","211.60","210.10","138.24K","0.52%"
"12/20/2021","210.10","211.00","211.00","208.40","188.24K","-0.90%"
"12/17/2021","212.00","213.00","213.70","211.10","529.14K","-0.80%"
"12/16/2021","213.70","213.00","214.40","212.70","286.82K","0.94%"
"12/15/2021","211.70","209.90","212.20","209.90","445.81K","0.91%"
"12/14/2021","209.80","211.50","213.00","209.80","418.51K","-0.80%"
"12/13/2021","211.50","214.00","214.50","211.50","377.14K","-0.75%"
"12/10/2021","213.10","210.50","213.50","210.20","257.09K","1.14%"
"12/09/2021","210.70","211.10","211.60","209.50","255.84K","0.05%"
"12/08/2021","210.60","210.00","211.90","209.40","314.29K","0.57%"
"12/07/2021","209.40","209.40","211.40","209.20","334.04K","0.38%"
"12/06/2021","208.60","208.60","209.60","207.20","173.22K","0.68%"
"12/03/2021","207.20","209.40","210.80","206.00","394.73K","-0.24%"
"12/02/2021","207.70","205.40","207.70","204.60","276.24K","0.78%"
"12/01/2021","206.10","206.10","207.50","205.10","308.51K","0.34%"
"11/30/2021","205.40","206.00","207.40","205.10","860.76K","-0.92%"
"11/29/2021","207.30","210.00","210.80","207.30","412.86K","-1.47%"
"11/26/2021","210.40","206.00","210.70","205.30","451.18K","0.62%"
"11/25/2021","209.10","209.50","211.00","207.50","365.75K","-1.04%"
"11/24/2021","211.30","217.40","217.40","210.50","467.79K","-4.35%"
"11/23/2021","220.90","219.20","220.90","217.20","406.35K","0.50%"
"11/22/2021","219.80","215.40","219.80","215.40","343.85K","1.95%"
"11/19/2021","215.60","214.90","216.20","214.10","336.83K","0.51%"
"11/18/2021","214.50","214.50","215.50","213.50","231.89K","-0.23%"
"11/17/2021","215.00","215.70","215.70","213.90","168.84K","-0.14%"
"11/16/2021","215.30","215.70","216.40","214.60","230.91K","-0.05%"
"11/15/2021","215.40","215.20","215.70","214.20","225.08K","0.09%"
"11/12/2021","215.20","215.00","215.90","214.70","229.81K","0.09%"
"11/11/2021","215.00","212.00","215.00","211.70","272.66K","0.75%"
"11/10/2021","213.40","214.00","214.20","211.80","179.06K","-0.14%"
"11/09/2021","213.70","213.60","213.80","211.30","250.97K","-0.05%"
"11/08/2021","213.80","214.00","214.30","212.50","232.19K","-1.34%"
"11/05/2021","216.70","214.10","216.70","213.70","373.31K","1.26%"
"11/04/2021","214.00","212.80","214.30","212.50","298.39K","0.71%"
"11/03/2021","212.50","211.40","212.50","209.50","342.01K","0.33%"
"11/02/2021","211.80","209.50","211.80","207.50","289.49K","1.10%"
"11/01/2021","209.50","210.80","210.90","207.90","394.11K","-0.29%"
"10/29/2021","210.10","211.00","211.50","209.20","387.74K","-0.57%"
"10/28/2021","211.30","210.00","211.30","208.70","309.92K","0.62%"
"10/27/2021","210.00","210.90","210.90","208.40","411.14K","-0.52%"
"10/26/2021","211.10","209.20","211.10","208.10","253.55K","0.62%"
"10/25/2021","209.80","210.20","210.20","208.50","248.43K","-0.47%"
"10/22/2021","210.80","209.80","211.40","207.70","302.62K","0.72%"
"10/21/2021","209.30","210.00","211.90","206.90","473.82K","0.67%"
"10/20/2021","207.90","205.60","209.20","204.30","734.20K","2.62%"
"10/19/2021","202.60","199.00","202.60","198.80","534.53K","1.94%"
"10/18/2021","198.75","198.90","200.80","198.75","291.22K","0.05%"
"10/15/2021","198.65","199.80","199.80","196.80","290.10K","-0.33%"
"10/14/2021","199.30","197.70","199.30","196.70","222.86K","1.06%"
"10/13/2021","197.20","197.25","198.55","196.05","244.99K","0.03%"
"10/12/2021","197.15","193.30","198.10","193.00","285.60K","1.78%"
"10/11/2021","193.70","194.70","194.90","193.20","232.06K","-0.62%"
"10/08/2021","194.90","195.85","195.85","194.00","193.70K","-0.49%"
"10/07/2021","195.85","194.10","195.85","192.75","249.30K","1.37%"
"10/06/2021","193.20","194.95","194.95","191.10","270.36K","0.16%"
"10/05/2021","192.90","192.40","192.95","190.25","253.51K","-0.16%"
"10/04/2021","193.20","193.00","194.60","192.05","278.36K","0.16%"
"10/01/2021","192.90","192.55","194.30","191.40","185.04K","-0.46%"
"09/30/2021","193.80","194.00","194.70","192.50","417.54K","0.28%"
"09/29/2021","193.25","195.05","195.95","192.65","258.82K","-0.51%"
"09/28/2021","194.25","196.35","196.35","194.00","244.55K","-1.27%"
"09/27/2021","196.75","197.50","198.00","196.75","155.65K","0.05%"
"09/24/2021","196.65","197.80","197.90","196.20","160.52K","-0.63%"
"09/23/2021","197.90","197.65","199.05","197.10","138.99K","0.79%"
"09/22/2021","196.35","196.30","197.30","195.65","229.85K","0.46%"
"09/21/2021","195.45","195.00","197.40","195.00","183.93K","0.46%"
"09/20/2021","194.55","197.10","197.10","194.55","194.34K","-1.59%"
"09/17/2021","197.70","200.40","200.40","197.70","410.82K","-0.88%"
"09/16/2021","199.45","199.00","200.50","197.90","219.38K","0.45%"
"09/15/2021","198.55","198.05","199.65","197.90","312.39K","0.43%"
"09/14/2021","197.70","198.15","198.90","196.90","188.08K","-0.05%"
"09/13/2021","197.80","198.40","198.75","197.40","245.68K","-0.28%"
"09/10/2021","198.35","199.70","200.60","197.80","266.88K","-0.63%"
"09/09/2021","199.60","200.00","200.50","198.15","361.31K","-0.65%"
"09/08/2021","200.90","202.00","202.10","199.70","249.01K","-0.59%"
"09/07/2021","202.10","205.30","205.70","202.10","171.94K","-1.85%"
"09/06/2021","205.90","204.50","206.00","204.00","199.77K","1.03%"
"09/03/2021","203.80","205.00","205.60","203.40","154.18K","-0.59%"
"09/02/2021","205.00","203.00","205.40","202.70","308.29K","0.99%"
"09/01/2021","203.00","203.50","205.10","202.00","384.93K","-0.15%"
"08/31/2021","203.30","207.00","207.20","202.60","555.93K","-1.50%"
"08/30/2021","206.40","209.00","209.10","205.90","207.72K","-1.34%"
"08/27/2021","209.20","210.20","211.20","209.00","192.02K","-0.14%"
"08/26/2021","209.50","207.80","210.00","207.80","202.16K","0.24%"
"08/25/2021","209.00","209.30","210.30","208.70","154.51K","-0.33%"
"08/24/2021","209.70","209.00","209.70","208.00","172.60K","0.24%"
"08/23/2021","209.20","210.50","210.70","207.50","153.92K","-0.05%"
"08/20/2021","209.30","209.30","210.10","207.50","227.54K","0.00%"
"08/19/2021","209.30","211.50","211.50","207.60","274.36K","-1.69%"
"08/18/2021","212.90","211.90","213.60","210.60","280.59K","0.47%"
"08/17/2021","211.90","210.70","211.90","210.20","186.71K","0.52%"
"08/16/2021","210.80","210.70","211.10","209.60","131.52K","-0.28%"
"08/13/2021","211.40","211.00","211.40","209.80","228.96K","0.19%"
"08/12/2021","211.00","209.10","211.00","209.10","248.58K","0.43%"
"08/11/2021","210.10","210.00","210.30","209.20","199.50K","0.05%"
"08/10/2021","210.00","207.40","210.00","207.40","215.37K","1.25%"
"08/09/2021","207.40","206.00","207.40","205.40","91.22K","0.68%"
"08/06/2021","206.00","206.10","207.00","205.20","118.79K","0.00%"
"08/05/2021","206.00","206.00","208.00","205.40","204.39K","0.05%"
"08/04/2021","205.90","205.00","205.90","203.00","273.50K","0.15%"
"08/03/2021","205.60","203.30","205.60","202.30","196.84K","1.23%"
"08/02/2021","203.10","202.30","203.20","201.10","194.53K","0.40%"
"07/30/2021","202.30","200.80","202.30","199.75","295.60K","0.10%"
"07/29/2021","202.10","202.60","202.90","201.40","131.48K","0.00%"
"07/28/2021","202.10","203.40","203.40","202.10","188.00K","-0.64%"
"07/27/2021","203.40","202.60","203.40","202.10","118.48K","0.44%"
"07/26/2021","202.50","202.10","202.50","201.50","115.07K","0.35%"
"07/23/2021","201.80","201.80","202.50","200.80","178.86K","0.15%"
"07/22/2021","201.50","201.60","201.70","200.40","185.98K","-0.15%"
"07/21/2021","201.80","201.90","202.30","201.30","189.96K","0.35%"
"07/20/2021","201.10","200.10","201.60","199.55","318.82K","0.60%"
"07/19/2021","199.90","203.10","203.10","199.30","211.90K","-2.06%"
"07/16/2021","204.10","204.60","205.90","203.10","298.04K","-0.24%"
"07/15/2021","204.60","203.10","205.50","203.10","434.49K","0.24%"
"07/14/2021","204.10","204.90","207.40","201.80","560.85K","1.04%"
"07/13/2021","202.00","204.20","204.40","201.30","377.72K","-1.27%"
"07/12/2021","204.60","201.60","204.60","200.90","334.51K","1.49%"
"07/09/2021","201.60","194.60","201.80","194.60","578.35K","3.54%"
"07/08/2021","194.70","197.05","197.05","194.55","225.15K","-1.24%"
"07/07/2021","197.15","193.15","197.35","193.05","248.00K","2.15%"
"07/06/2021","193.00","193.70","193.70","192.45","183.99K","-0.26%"
"07/05/2021","193.50","192.90","194.60","192.80","226.18K","0.62%"
"07/02/2021","192.30","191.65","192.30","191.00","243.03K","0.63%"
"07/01/2021","191.10","190.95","191.60","189.20","243.56K","0.68%"
"06/30/2021","189.80","191.20","191.20","187.75","410.68K","-0.99%"
"06/29/2021","191.70","193.15","194.05","191.50","149.81K","-0.62%"
"06/28/2021","192.90","194.05","194.15","192.50","148.50K","-0.54%"
"06/25/2021","193.95","193.80","194.05","192.65","182.60K","0.36%"
"06/24/2021","193.25","192.35","193.80","192.00","183.92K","0.65%"
"06/23/2021","192.00","192.30","192.30","191.15","295.39K","-0.16%"
"06/22/2021","192.30","192.05","192.30","190.30","314.22K","0.16%"
"06/21/2021","192.00","189.85","192.30","188.35","253.90K","0.81%"
"06/18/2021","190.45","191.10","191.40","189.80","735.71K","-0.37%"
"06/17/2021","191.15","195.60","195.60","191.10","311.84K","-1.95%"
"06/16/2021","194.95","193.70","195.60","193.60","403.60K","0.65%"
"06/15/2021","193.70","191.45","194.75","190.70","555.94K","1.71%"
"06/14/2021","190.45","189.10","190.65","188.05","432.89K","1.55%"
"06/11/2021","187.55","183.00","188.10","182.85","612.36K","2.91%"
"06/10/2021","182.25","185.50","186.20","182.25","754.66K","-2.57%"
"06/09/2021","187.05","187.00","187.15","186.15","262.31K","0.11%"
"06/08/2021","186.85","188.00","188.45","186.35","295.96K","-0.56%"
"06/07/2021","187.90","189.40","189.45","187.90","333.91K","-0.53%"
"06/04/2021","188.90","187.70","189.40","187.25","303.45K","0.94%"
"06/03/2021","187.15","186.90","187.15","185.35","257.23K","0.51%"
"06/02/2021","186.20","187.70","188.10","186.15","444.57K","-0.69%"
"06/01/2021","187.50","187.50","188.60","187.00","303.98K","0.43%"
"05/31/2021","186.70","188.85","188.85","186.25","377.14K","-0.88%"
"05/28/2021","188.35","191.50","191.50","187.50","600.41K","-1.49%"
"05/27/2021","191.20","189.00","191.20","188.35","2.01M","1.19%"
"05/26/2021","188.95","192.40","192.40","188.55","271.32K","-1.25%"
"05/25/2021","191.35","192.00","192.80","190.95","459.56K","0.08%"
"05/21/2021","191.20","190.15","191.50","188.25","452.19K","-0.13%"
"05/20/2021","191.45","188.90","191.45","188.05","350.87K","2.11%"
"05/19/2021","187.50","189.55","189.60","187.20","380.33K","-1.21%"
"05/18/2021","189.80","189.85","190.80","189.25","879.85K","0.18%"
"05/14/2021","189.45","189.70","191.25","189.10","265.65K","0.40%"
"05/12/2021","188.70","189.05","189.60","187.15","285.95K","0.24%"
"05/11/2021","188.25","188.70","188.75","187.10","496.16K","-0.45%"
"05/10/2021","189.10","191.00","191.15","188.90","210.10K","-0.53%"
"05/07/2021","190.10","190.10","190.10","189.05","369.89K","0.69%"
"05/06/2021","188.80","189.20","190.05","188.15","694.65K","0.05%"
"05/05/2021","188.70","190.80","191.45","188.55","421.78K","-1.05%"
"05/04/2021","190.70","191.50","191.80","190.00","401.34K","-0.21%"
"05/03/2021","191.10","189.90","192.00","188.70","269.74K","0.87%"
"04/30/2021","189.45","192.10","192.80","189.45","599.71K","-1.28%"
"04/29/2021","191.90","194.30","194.75","191.75","476.73K","-0.90%"
"04/28/2021","193.65","191.35","194.10","191.35","488.10K","1.20%"
"04/27/2021","191.35","193.90","194.25","191.30","697.83K","-0.91%"
"04/26/2021","193.10","195.35","195.85","192.75","472.92K","-0.77%"
"04/23/2021","194.60","195.50","197.55","194.05","534.53K","0.31%"
"04/22/2021","194.00","196.40","196.50","190.40","700.38K","-0.87%"
"04/21/2021","195.70","195.10","196.75","194.70","352.61K","0.44%"
"04/20/2021","194.85","196.80","197.00","194.35","386.98K","-0.97%"
"04/19/2021","196.75","198.00","199.95","196.40","323.72K","-0.03%"
"04/16/2021","196.80","196.45","198.15","196.20","625.42K","0.46%"
"04/15/2021","195.90","198.55","199.35","195.90","445.26K","-1.01%"
"04/14/2021","197.90","201.00","201.00","197.75","492.52K","-1.59%"
"04/13/2021","201.10","201.60","201.90","200.60","223.16K","-0.30%"
"04/12/2021","201.70","201.60","202.70","200.80","489.52K","0.10%"
"04/09/2021","201.50","203.40","203.40","201.00","331.13K","-0.84%"
"04/08/2021","203.20","203.40","204.60","202.70","427.20K","-0.10%"
"04/07/2021","203.40","202.60","203.40","202.20","411.55K","0.49%"
"04/06/2021","202.40","201.70","203.70","201.60","469.44K","0.90%"
"03/31/2021","200.60","200.80","201.80","199.20","328.72K","0.10%"
"03/30/2021","200.40","200.60","201.00","200.00","384.05K","-0.10%"
"03/29/2021","200.60","200.00","201.00","199.60","242.58K","0.30%"
"03/26/2021","200.00","201.00","201.80","199.50","336.69K","0.40%"
"03/25/2021","199.20","201.20","201.40","197.90","691.69K","-4.41%"
"03/24/2021","208.40","208.80","209.80","207.40","490.06K","-0.19%"
"03/23/2021","208.80","206.00","209.40","205.20","316.04K","1.36%"
"03/22/2021","206.00","203.60","207.40","202.20","370.63K","1.08%"
"03/19/2021","203.80","200.40","204.00","200.40","1.08M","0.89%"
"03/18/2021","202.00","201.60","203.00","200.20","536.87K","1.00%"
"03/17/2021","200.00","205.20","206.00","200.00","689.42K","-2.44%"
"03/16/2021","205.00","205.00","206.00","204.60","281.59K","0.39%"
"03/15/2021","204.20","204.00","205.00","203.80","297.98K","0.29%"
"03/12/2021","203.60","202.80","203.60","201.20","372.70K","0.49%"
"03/11/2021","202.60","202.80","203.60","202.00","394.67K","0.20%"
"03/10/2021","202.20","201.40","203.80","201.00","355.81K","0.40%"
"03/09/2021","201.40","203.80","203.80","201.00","336.42K","-0.79%"
"03/08/2021","203.00","200.20","203.00","199.90","296.29K","1.75%"
"03/05/2021","199.50","200.80","200.80","199.10","411.19K","-0.65%"
"03/04/2021","200.80","204.00","204.00","199.70","504.70K","-1.57%"
"03/03/2021","204.00","204.20","205.80","202.60","345.69K","-0.10%"
"03/02/2021","204.20","201.20","204.20","201.20","309.98K","1.49%"
"03/01/2021","201.20","200.40","202.40","199.50","268.23K","1.11%"
"02/26/2021","199.00","200.00","201.20","199.00","454.08K","-1.78%"
"02/25/2021","202.60","204.40","204.60","201.60","251.22K","0.30%"
"02/24/2021","202.00","200.00","202.40","199.80","414.01K","0.60%"
"02/23/2021","200.80","201.80","202.20","197.20","316.64K","-0.69%"
"02/22/2021","202.20","202.00","202.60","201.20","201.46K","-0.30%"
"02/19/2021","202.80","201.80","204.00","201.60","271.57K","0.70%"
"02/18/2021","201.40","203.80","204.40","201.20","272.45K","-1.18%"
"02/17/2021","203.80","204.00","204.20","202.20","186.87K","-0.10%"
"02/16/2021","204.00","205.00","205.00","202.20","189.56K","-0.29%"
"02/15/2021","204.60","204.80","205.40","202.40","204.73K","0.29%"
"02/12/2021","204.00","202.80","204.00","201.60","246.23K","1.29%"
"02/11/2021","201.40","201.60","201.80","200.20","160.76K","0.00%"
"02/10/2021","201.40","201.00","201.80","200.60","257.30K","0.20%"
"02/09/2021","201.00","202.80","202.80","199.50","212.07K","-0.69%"
"02/08/2021","202.40","202.00","203.40","201.20","315.41K","0.50%"
"02/05/2021","201.40","204.60","205.60","201.40","387.53K","-1.76%"
"02/04/2021","205.00","206.20","206.20","203.20","213.57K","-0.19%"
"02/03/2021","205.40","204.60","206.00","204.20","360.77K","0.69%"
"02/02/2021","204.00","202.00","204.80","201.20","420.85K","1.80%"
"02/01/2021","200.40","198.00","200.40","197.00","287.63K","1.21%"
"01/29/2021","198.00","200.20","200.20","196.30","514.64K","-1.20%"
"01/28/2021","200.40","197.00","201.60","194.30","439.36K","1.52%"
"01/27/2021","197.40","201.20","202.60","196.60","545.25K","-2.85%"
"01/26/2021","203.20","203.00","205.60","202.60","402.69K","-0.39%"
"01/25/2021","204.00","206.80","212.00","201.20","910.54K","-1.92%"
"01/22/2021","208.00","204.00","212.80","202.80","1.20M","4.37%"
"01/21/2021","199.30","198.50","201.00","198.20","412.18K","0.66%"
"01/20/2021","198.00","196.80","198.10","196.40","354.33K","0.46%"
"01/19/2021","197.10","196.00","197.50","196.00","267.00K","0.77%"
"01/18/2021","195.60","196.60","197.70","195.10","227.89K","-0.25%"
"01/15/2021","196.10","194.90","196.40","194.40","476.25K","0.72%"
"01/14/2021","194.70","192.10","195.30","191.90","562.45K","1.94%"
"01/13/2021","191.00","191.00","191.70","189.50","346.47K","-0.05%"
"01/12/2021","191.10","192.70","194.00","190.80","228.48K","-0.98%"
"01/11/2021","193.00","195.00","195.50","192.60","395.81K","-0.82%"
"01/08/2021","194.60","189.80","194.60","189.70","551.75K","2.47%"
"01/07/2021","189.90","189.50","190.10","187.70","342.76K","0.80%"
"01/06/2021","188.40","189.00","189.30","186.50","253.87K","0.37%"
"01/05/2021","187.70","188.50","190.40","187.60","278.88K","-1.21%"
"01/04/2021","190.00","191.40","191.70","189.50","375.99K","-0.73%"
"12/30/2020","191.40","190.40","191.40","189.90","239.48K","0.37%"
"12/29/2020","190.70","191.00","191.50","189.40","281.66K","0.42%"
"12/28/2020","189.90","188.70","189.90","187.90","205.76K","1.88%"
"12/23/2020","186.40","185.00","186.70","184.20","295.43K","0.81%"
"12/22/2020","184.90","184.60","186.50","184.10","793.07K","0.49%"
"12/21/2020","184.00","186.50","187.90","183.40","728.56K","-1.97%"
"12/18/2020","187.70","186.30","188.70","186.30","886.29K","0.75%"
"12/17/2020","186.30","191.30","191.70","186.30","523.04K","-2.46%"
"12/16/2020","191.00","186.20","191.00","186.00","518.31K","2.80%"
"12/15/2020","185.80","184.30","185.80","184.30","429.49K","0.81%"
"12/14/2020","184.30","185.60","186.50","183.80","316.11K","-0.43%"
"12/11/2020","185.10","185.00","185.20","183.30","394.34K","0.11%"
"12/10/2020","184.90","185.30","187.10","184.20","538.70K","-0.22%"
"12/09/2020","185.30","187.70","188.80","184.80","495.31K","-0.70%"
"12/08/2020","186.60","187.80","189.00","186.50","402.17K","-0.64%"
"12/07/2020","187.80","190.80","191.20","187.80","479.41K","-1.42%"
"12/04/2020","190.50","192.30","192.70","189.70","376.57K","-0.83%"
"12/03/2020","192.10","194.30","194.60","191.20","377.97K","-1.44%"
"12/02/2020","194.90","193.40","195.00","192.40","466.15K","0.67%"
"12/01/2020","193.60","191.90","193.60","191.50","507.08K","-0.05%"
"11/30/2020","193.70","191.90","193.70","190.20","959.03K","0.89%"
"11/27/2020","192.00","190.60","192.10","189.10","255.98K","0.73%"
"11/26/2020","190.60","193.30","193.40","190.60","216.95K","-0.83%"
"11/25/2020","192.20","192.50","193.40","191.60","357.20K","-0.05%"
"11/24/2020","192.30","194.60","195.10","190.30","682.05K","-1.03%"
"11/23/2020","194.30","196.20","196.50","194.00","365.21K","-0.82%"
"11/20/2020","195.90","195.60","196.80","194.60","370.39K","0.15%"
"11/19/2020","195.60","193.30","195.60","192.90","410.53K","1.19%"
"11/18/2020","193.30","193.60","194.50","192.10","345.41K","-0.31%"
"11/17/2020","193.90","195.50","196.10","192.80","424.30K","-0.72%"
"11/16/2020","195.30","191.90","195.40","190.70","637.55K","2.09%"
"11/13/2020","191.30","190.00","191.70","189.90","372.21K","0.31%"
"11/12/2020","190.70","191.90","191.90","189.80","414.77K","-0.94%"
"11/11/2020","192.50","191.20","193.10","191.10","300.06K","0.79%"
"11/10/2020","191.00","195.00","195.10","190.00","539.51K","-2.00%"
"11/09/2020","194.90","192.20","197.30","191.90","489.13K","1.72%"
"11/06/2020","191.60","189.80","192.00","189.30","333.94K","1.27%"
"11/05/2020","189.20","190.30","190.90","188.70","441.97K","-0.16%"
"11/04/2020","189.50","185.10","189.50","183.40","363.67K","2.38%"
"11/03/2020","185.10","183.80","185.60","183.10","519.29K","0.82%"
"11/02/2020","183.60","182.60","184.00","180.30","361.28K","1.27%"
"10/30/2020","181.30","183.40","184.00","180.70","304.20K","-1.20%"
"10/29/2020","183.50","182.70","184.00","180.20","430.97K","0.66%"
"10/28/2020","182.30","186.80","186.80","181.80","439.52K","-2.41%"
"10/27/2020","186.80","187.60","188.40","185.10","404.17K","-0.43%"
"10/26/2020","187.60","191.00","191.00","186.90","330.99K","-1.99%"
"10/23/2020","191.40","193.00","193.90","191.10","436.94K","-0.67%"
"10/22/2020","192.70","194.20","194.50","191.80","403.28K","-0.77%"
"10/21/2020","194.20","199.00","199.70","194.20","588.55K","-1.12%"
"10/20/2020","196.40","199.90","203.40","194.50","814.09K","1.08%"
"10/19/2020","194.30","194.70","196.40","193.60","303.54K","0.15%"
"10/16/2020","194.00","194.50","196.40","193.90","308.99K","0.15%"
"10/15/2020","193.70","195.80","196.40","193.10","351.25K","-1.48%"
"10/14/2020","196.60","196.50","197.30","195.60","231.10K","0.31%"
"10/13/2020","196.00","196.50","197.30","195.30","263.32K","0.31%"
"10/12/2020","195.40","193.70","196.20","193.60","332.59K","0.93%"
"10/09/2020","193.60","195.00","196.00","193.20","273.27K","-0.72%"
"10/08/2020","195.00","195.00","197.10","195.00","195.13K","0.05%"
"10/07/2020","194.90","196.00","198.10","194.90","389.25K","0.10%"
"10/06/2020","194.70","195.00","195.70","193.50","353.24K","0.15%"
"10/05/2020","194.40","192.50","194.40","191.60","244.91K","2.21%"
"10/02/2020","190.20","192.10","192.10","189.30","256.74K","0.63%"
"10/01/2020","189.00","190.00","190.70","188.10","249.40K","-0.21%"
"09/30/2020","189.40","191.10","193.10","189.40","384.68K","-1.92%"
"09/29/2020","193.10","192.10","193.90","191.20","283.76K","0.63%"
"09/28/2020","191.90","191.90","191.90","190.20","346.48K","1.80%"
"09/25/2020","188.50","187.30","191.40","187.30","736.39K","1.07%"
"09/24/2020","186.50","184.20","187.80","184.00","374.60K","0.21%"
"09/23/2020","186.10","185.40","187.20","184.50","430.98K","0.38%"
"09/22/2020","185.40","185.10","186.70","183.30","642.17K","-2.42%"
"09/21/2020","190.00","197.79","197.79","190.00","623.15K","-4.13%"
"09/18/2020","198.18","192.92","198.38","192.14","964.31K","3.25%"
"09/17/2020","191.95","185.91","192.53","182.60","844.57K","2.71%"
"09/16/2020","186.88","184.45","186.88","183.86","399.24K","1.64%"
"09/15/2020","183.86","184.15","186.20","183.18","454.82K","0.05%"
"09/14/2020","183.76","184.93","185.81","183.76","320.32K","0.05%"
"09/11/2020","183.67","184.54","184.74","182.89","294.45K","-0.48%"
"09/10/2020","184.54","188.05","188.64","184.35","325.00K","-1.86%"
"09/09/2020","188.05","179.28","188.93","178.31","658.80K","4.95%"
"09/08/2020","179.18","180.26","180.65","177.92","239.21K","-0.38%"
"09/07/2020","179.87","179.28","180.16","178.40","131.38K","0.65%"
"09/04/2020","178.70","180.94","181.23","178.50","345.61K","-2.08%"
"09/03/2020","182.50","184.84","185.23","181.33","356.19K","-0.90%"
"09/02/2020","184.15","183.67","186.20","183.47","260.61K","0.27%"
"09/01/2020","183.67","181.33","183.67","180.84","412.72K","1.29%"
"08/31/2020","181.33","185.32","186.59","181.33","369.37K","-2.10%"
"08/28/2020","185.23","187.76","188.34","185.23","244.95K","-1.35%"
"08/27/2020","187.76","187.66","188.44","186.79","305.00K","-0.10%"
"08/26/2020","187.95","186.40","188.05","185.62","296.98K","0.78%"
"08/25/2020","186.49","187.08","188.93","186.49","329.64K","0.16%"
"08/24/2020","186.20","186.69","188.25","185.81","306.79K","0.10%"
"08/21/2020","186.01","181.23","186.20","181.23","330.53K","2.91%"
"08/20/2020","180.74","182.60","182.69","180.65","255.75K","-1.17%"
"08/19/2020","182.89","182.21","183.08","181.72","186.30K","0.00%"
"08/18/2020","182.89","184.25","184.25","182.01","237.22K","-0.90%"
"08/17/2020","184.54","183.76","184.84","183.18","205.96K","0.64%"
"08/14/2020","183.37","185.52","185.62","182.79","290.22K","-1.10%"
"08/13/2020","185.42","184.74","186.10","183.86","257.34K","0.37%"
"08/12/2020","184.74","182.11","184.74","181.23","229.57K","1.34%"
"08/11/2020","182.30","180.74","183.67","180.65","356.36K","1.08%"
"08/10/2020","180.35","181.62","182.50","179.57","227.77K","-0.16%"
"08/07/2020","180.65","180.84","182.11","180.16","239.69K","-0.59%"
"08/06/2020","181.72","182.69","183.28","180.84","244.59K","-0.75%"
"08/05/2020","183.08","184.06","184.06","182.21","256.90K","-0.48%"
"08/04/2020","183.96","184.45","185.62","183.18","277.91K","-0.21%"
"08/03/2020","184.35","181.52","184.45","180.35","289.07K","1.50%"
"07/31/2020","181.62","181.43","183.76","181.04","475.11K","0.76%"
"07/30/2020","180.26","186.10","186.20","180.26","270.25K","-3.04%"
"07/29/2020","185.91","185.62","186.20","183.76","245.73K","0.21%"
"07/28/2020","185.52","187.47","187.47","184.35","186.73K","-0.21%"
"07/27/2020","185.91","185.91","187.27","184.93","274.17K","0.26%"
"07/24/2020","185.42","188.44","188.44","184.54","270.78K","-1.65%"
"07/23/2020","188.54","188.73","189.12","187.86","272.39K","-0.05%"
"07/22/2020","188.64","190.00","190.00","187.08","278.58K","0.00%"
"07/21/2020","188.64","192.14","192.34","188.54","392.23K","-1.73%"
"07/20/2020","191.95","185.91","192.05","185.81","532.29K","3.14%"
"07/17/2020","186.10","188.34","188.54","186.10","381.80K","-1.19%"
"07/16/2020","188.34","191.07","191.17","187.56","474.72K","-1.07%"
"07/15/2020","190.39","187.08","190.78","187.08","839.45K","2.68%"
"07/14/2020","185.42","190.97","191.36","183.28","1.04M","-0.68%"
"07/13/2020","186.69","181.23","186.69","181.23","740.62K","3.34%"
"07/10/2020","180.65","178.70","181.13","177.33","416.15K","0.98%"
"07/09/2020","178.89","181.23","182.21","178.79","556.72K","-1.29%"
"07/08/2020","181.23","180.06","183.76","179.28","525.81K","0.54%"
"07/07/2020","180.26","179.09","180.45","176.36","586.58K","0.49%"
"07/06/2020","179.38","178.70","182.69","178.70","525.25K","1.04%"
"07/03/2020","177.53","177.24","178.50","177.14","242.35K","-0.16%"
"07/02/2020","177.82","173.92","177.92","173.34","464.04K","2.24%"
"07/01/2020","173.92","172.95","174.22","171.68","379.24K","0.79%"
"06/30/2020","172.56","169.64","173.73","169.64","484.56K","1.66%"
"06/29/2020","169.73","168.56","169.83","167.49","359.28K","0.11%"
"06/26/2020","169.54","173.14","173.14","169.54","296.83K","-0.74%"
"06/25/2020","170.81","170.32","170.90","169.05","362.38K","-0.28%"
"06/24/2020","171.29","174.99","176.26","171.29","348.26K","-2.06%"
"06/23/2020","174.90","173.44","176.07","172.75","399.70K","1.70%"
"06/22/2020","171.97","173.24","175.38","171.10","459.69K","-1.62%"
"06/19/2020","174.80","176.85","176.85","174.12","995.03K","0.62%"
"06/18/2020","173.73","176.75","176.75","173.73","305.76K","-1.71%"
"06/17/2020","176.75","177.33","179.18","176.55","457.79K","-0.33%"
"06/16/2020","177.33","174.12","178.99","173.92","867.74K","2.82%"
"06/15/2020","172.46","175.97","176.46","171.49","684.00K","-3.07%"
"06/12/2020","177.92","174.41","178.70","174.02","559.52K","1.16%"
"06/11/2020","175.87","179.57","179.57","175.09","715.33K","-2.75%"
"06/10/2020","180.84","180.16","182.21","179.28","686.30K","0.32%"
"06/09/2020","180.26","175.97","180.74","175.19","881.52K","2.66%"
"06/08/2020","175.58","175.58","175.77","173.34","629.94K","0.11%"
"06/05/2020","175.38","176.65","177.72","174.70","797.76K","-0.72%"
"06/04/2020","176.65","175.38","177.53","174.80","681.64K","0.83%"
"06/03/2020","175.19","172.46","175.19","172.17","709.60K","1.75%"
"06/02/2020","172.17","172.17","172.75","169.64","778.89K","0.23%"
"05/29/2020","171.78","172.66","173.92","170.61","1.21M","-1.07%"
"05/28/2020","173.63","173.92","174.61","171.97","638.35K","0.62%"
"05/27/2020","172.56","176.16","176.46","171.49","820.20K","-2.05%"
"05/26/2020","176.16","173.44","179.09","173.05","629.00K","1.57%"
"05/25/2020","173.44","171.97","173.53","170.61","455.72K","1.66%"
"05/22/2020","170.61","170.51","171.68","170.32","537.07K","-0.28%"
"05/20/2020","171.10","170.42","172.07","170.42","448.21K","-0.23%"
"05/19/2020","171.49","172.46","173.05","170.90","545.13K","-0.56%"
"05/18/2020","172.46","170.51","173.05","170.03","516.77K","1.84%"
"05/15/2020","169.34","170.51","171.00","168.47","501.41K","0.06%"
"05/14/2020","169.25","170.51","171.19","168.66","595.71K","-1.08%"
"05/13/2020","171.10","171.10","172.07","169.73","482.05K","-0.85%"
"05/12/2020","172.56","171.49","173.34","169.73","490.36K","0.23%"
"05/11/2020","172.17","173.92","173.92","170.90","464.38K","-0.67%"
"05/08/2020","173.34","172.46","173.83","171.88","462.23K","1.08%"
"05/07/2020","171.49","172.85","173.34","171.10","567.07K","-0.79%"
"05/06/2020","172.85","171.49","174.02","169.05","621.81K","0.80%"
"05/05/2020","171.49","175.87","175.87","171.00","829.80K","-2.49%"
"05/04/2020","175.87","173.63","176.75","172.56","672.94K","-0.28%"
"04/30/2020","176.36","178.31","178.31","175.38","852.88K","-0.77%"
"04/29/2020","177.72","179.57","179.96","176.16","632.41K","-0.33%"
"04/28/2020","178.31","176.46","179.57","176.46","545.41K","1.33%"
"04/27/2020","175.97","181.91","182.21","175.09","679.18K","-2.43%"
"04/24/2020","180.35","177.82","182.21","176.07","617.53K","1.20%"
"04/23/2020","178.21","175.19","178.21","174.41","600.56K","2.75%"
"04/22/2020","173.44","175.58","177.53","170.42","969.75K","-0.34%"
"04/21/2020","174.02","175.29","175.29","172.75","587.93K","-1.05%"
"04/20/2020","175.87","177.72","178.31","174.41","470.12K","-0.82%"
"04/17/2020","177.33","179.57","181.62","176.85","828.48K","-0.16%"
"04/16/2020","177.63","181.33","182.30","177.33","666.73K","-1.88%"
"04/15/2020","181.04","185.13","185.62","180.55","700.26K","-2.72%"
"04/14/2020","186.10","180.26","186.10","177.04","899.83K","5.52%"
"04/08/2020","176.36","173.44","176.36","171.49","347.60K","1.74%"
"04/07/2020","173.34","175.48","177.14","172.17","711.89K","0.00%"
"04/06/2020","173.34","172.46","174.51","168.76","662.81K","2.18%"
"04/03/2020","169.64","171.97","172.07","167.69","465.40K","-0.57%"
"04/02/2020","170.61","172.66","175.68","169.54","707.05K","-1.19%"
"04/01/2020","172.66","170.81","172.66","168.08","660.59K","-0.48%"
"03/31/2020","173.48","173.00","178.21","170.95","913.92K","2.59%"
"03/30/2020","169.10","165.64","169.10","160.48","711.51K","1.28%"
"03/27/2020","166.96","168.56","170.42","164.76","742.13K","-3.36%"
"03/26/2020","172.75","168.56","172.75","164.47","917.16K","2.19%"
"03/25/2020","169.05","169.05","171.15","160.77","898.79K","0.52%"
"03/24/2020","168.17","163.45","168.17","160.48","875.64K","6.77%"
"03/23/2020","157.51","161.45","165.11","157.51","1.28M","-7.26%"
"03/20/2020","169.83","175.43","176.07","167.64","1.45M","-1.16%"
"03/19/2020","171.83","157.85","171.83","157.65","1.16M","9.13%"
"03/18/2020","157.46","151.46","157.46","148.83","1.31M","1.99%"
"03/17/2020","154.39","150.29","155.12","144.89","1.24M","3.87%"
"03/16/2020","148.64","151.71","154.73","141.53","1.86M","-6.58%"
"03/13/2020","159.11","155.95","166.08","154.34","1.54M","2.38%"
"03/12/2020","155.41","165.40","165.84","153.75","1.11M","-9.40%"
"03/11/2020","171.54","177.33","179.04","171.54","839.45K","-2.95%"
"03/10/2020","176.75","179.28","185.52","176.75","1.14M","-1.06%"
"03/09/2020","178.65","176.89","182.64","175.43","1.02M","-4.36%"
"03/06/2020","186.78","188.78","188.78","184.88","733.06K","-2.34%"
"03/05/2020","191.27","196.33","196.72","189.90","516.53K","-0.98%"
"03/04/2020","193.17","192.34","196.72","191.12","971.47K","0.43%"
"03/03/2020","192.34","189.03","194.63","188.49","872.30K","4.14%"
"03/02/2020","184.69","189.66","189.66","182.94","807.47K","0.29%"
"02/28/2020","184.15","185.86","187.08","181.82","1.47M","-2.02%"
"02/27/2020","187.95","192.92","192.92","187.56","763.10K","-2.70%"
"02/26/2020","193.17","193.46","195.46","188.68","703.85K","-1.37%"
"02/25/2020","195.85","197.79","199.45","194.87","555.49K","-0.50%"
"02/24/2020","196.82","200.72","201.59","196.82","622.18K","-3.26%"
"02/21/2020","203.45","201.69","203.45","200.33","380.30K","0.97%"
"02/20/2020","201.50","201.21","202.08","200.13","239.83K","-0.10%"
"02/19/2020","201.69","201.59","201.69","200.04","275.47K","0.39%"
"02/18/2020","200.91","199.74","201.11","198.87","315.52K","0.59%"
"02/17/2020","199.74","202.18","202.67","199.35","499.72K","-1.20%"
"02/14/2020","202.18","200.91","202.47","200.91","416.64K","0.63%"
"02/13/2020","200.91","197.21","201.11","196.14","498.48K","1.83%"
"02/12/2020","197.31","197.79","197.99","196.63","285.34K","-0.54%"
"02/11/2020","198.38","197.89","199.16","197.31","394.08K","0.49%"
"02/10/2020","197.41","198.77","199.06","197.21","370.30K","-1.03%"
"02/07/2020","199.45","198.96","199.55","197.60","331.57K","0.54%"
"02/06/2020","198.38","198.48","199.06","196.82","432.10K","0.64%"
"02/05/2020","197.11","197.60","198.38","195.55","441.06K","-0.30%"
"02/04/2020","197.70","196.53","198.48","196.14","300.91K","0.50%"
"02/03/2020","196.72","195.85","197.79","195.26","465.29K","0.45%"
"01/31/2020","195.85","197.89","198.57","195.46","457.72K","-0.64%"
"01/30/2020","197.11","195.75","197.70","194.82","399.98K","0.65%"
"01/29/2020","195.85","193.90","195.94","193.61","340.32K","1.49%"
"01/28/2020","192.97","192.97","194.43","192.19","431.86K","0.03%"
"01/27/2020","192.92","193.51","194.87","192.73","411.45K","-1.10%"
"01/24/2020","195.07","195.85","196.33","194.09","549.73K","0.10%"
"01/23/2020","194.87","196.14","197.50","194.29","558.15K","-0.94%"
"01/22/2020","196.72","193.07","200.23","190.88","1.54M","5.79%"
"01/21/2020","185.96","187.56","187.56","185.23","468.64K","-0.99%"
"01/20/2020","187.81","187.08","188.39","186.15","373.48K","0.23%"
"01/17/2020","187.37","184.11","187.61","184.11","462.60K","1.88%"
"01/16/2020","183.91","181.23","184.30","181.08","421.25K","1.48%"
"01/15/2020","181.23","181.04","181.57","180.69","321.63K","0.11%"
"01/14/2020","181.04","179.09","181.08","178.94","418.60K","1.09%"
"01/13/2020","179.09","179.38","180.01","178.94","330.37K","-0.22%"
"01/10/2020","179.48","179.67","179.92","178.89","355.85K","0.00%"
"01/09/2020","179.48","179.43","181.08","179.33","317.55K","0.00%"
"01/08/2020","179.48","179.28","179.96","177.77","345.88K","-0.22%"
"01/07/2020","179.87","178.02","180.84","178.02","511.12K","1.12%"
"01/06/2020","177.87","179.77","179.77","177.53","296.60K","-1.38%"
"01/03/2020","180.35","178.79","180.35","178.79","299.51K","0.52%"
"01/02/2020","179.43","179.23","180.50","178.79","252.88K","-0.05%"
"12/30/2019","179.53","180.16","180.45","179.48","224.35K","-0.35%"
"12/27/2019","180.16","180.16","181.62","179.96","327.26K","0.03%"
"12/23/2019","180.11","180.06","180.40","179.04","258.72K","0.16%"
"12/20/2019","179.82","177.33","180.06","177.28","722.45K","1.12%"
"12/19/2019","177.82","178.41","178.41","177.24","344.25K","-0.30%"
"12/18/2019","178.36","179.23","179.28","177.48","400.67K","-0.49%"
"12/17/2019","179.23","179.38","179.67","177.92","414.07K","-0.08%"
"12/16/2019","179.38","179.28","180.89","178.70","376.08K","-0.03%"
"12/13/2019","179.43","179.28","180.99","178.16","590.41K","0.33%"
"12/12/2019","178.84","176.51","179.33","176.36","421.21K","1.32%"
"12/11/2019","176.51","174.31","176.65","174.31","392.91K","0.92%"
"12/10/2019","174.90","175.19","175.82","173.63","341.60K","-0.53%"
"12/09/2019","175.82","174.80","175.82","173.92","347.41K","0.64%"
"12/06/2019","174.70","172.22","174.99","172.02","364.43K","1.56%"
"12/05/2019","172.02","172.66","174.46","172.02","598.20K","0.68%"
"12/04/2019","170.85","168.71","171.15","168.71","536.82K","1.15%"
"12/03/2019","168.91","167.98","170.03","167.74","578.14K","0.61%"
"12/02/2019","167.88","168.42","169.83","167.49","411.97K","-0.66%"
"11/29/2019","169.00","169.64","170.12","168.91","492.59K","-0.46%"
"11/28/2019","169.78","168.95","169.78","168.61","152.22K","-0.09%"
"11/27/2019","169.93","169.05","170.07","168.17","267.88K","0.63%"
"11/26/2019","168.86","166.66","168.86","166.37","908.96K","1.32%"
"11/25/2019","166.66","166.42","167.44","166.13","219.63K","0.15%"
"11/22/2019","166.42","165.64","167.25","164.76","323.81K","0.65%"
"11/21/2019","165.35","163.94","165.74","163.94","439.89K","-0.09%"
"11/20/2019","165.49","165.59","165.64","163.11","488.04K","0.15%"
"11/19/2019","165.25","163.30","165.40","163.30","351.20K","1.19%"
"11/18/2019","163.30","163.21","164.52","162.91","317.82K","0.36%"
"11/15/2019","162.72","161.84","163.94","161.84","522.82K","0.60%"
"11/14/2019","161.74","160.87","162.38","160.87","381.89K","0.06%"
"11/13/2019","161.65","162.77","162.77","159.55","575.72K","-1.72%"
"11/12/2019","164.47","164.42","164.76","163.69","258.23K","0.06%"
"11/11/2019","164.37","165.35","165.69","163.69","320.84K","-0.74%"
"11/08/2019","165.59","165.64","166.47","164.42","247.58K","-0.12%"
"11/07/2019","165.79","164.67","165.79","164.03","332.75K","0.38%"
"11/06/2019","165.15","164.18","165.15","163.35","411.39K","0.00%"
"11/05/2019","165.15","166.81","166.81","164.13","315.03K","-1.02%"
"11/04/2019","166.86","168.13","168.47","165.93","335.57K","-0.70%"
"11/01/2019","168.03","166.66","168.71","166.62","272.40K","0.32%"
"10/31/2019","167.49","168.37","169.25","167.15","647.22K","-0.52%"
"10/30/2019","168.37","169.00","169.39","167.83","446.62K","-0.40%"
"10/29/2019","169.05","169.05","169.05","167.44","302.20K","0.00%"
"10/28/2019","169.05","170.03","170.03","168.03","389.85K","0.03%"
"10/25/2019","169.00","171.44","171.44","167.88","420.02K","-0.66%"
"10/24/2019","170.12","168.86","170.12","166.91","663.40K","1.04%"
"10/23/2019","168.37","171.78","174.07","166.23","1.54M","-5.37%"
"10/22/2019","177.92","176.07","177.92","175.87","516.76K","0.97%"
"10/21/2019","176.21","175.92","176.94","175.43","333.13K","0.14%"
"10/18/2019","175.97","175.38","177.14","175.38","352.41K","0.19%"
"10/17/2019","175.63","173.73","176.65","173.68","349.31K","1.04%"
"10/16/2019","173.83","175.73","175.73","172.32","359.45K","-1.14%"
"10/15/2019","175.82","176.02","177.19","175.24","313.70K","-0.66%"
"10/14/2019","176.99","177.72","177.87","175.77","225.82K","-0.71%"
"10/11/2019","178.26","176.36","179.14","176.36","228.86K","1.11%"
"10/10/2019","176.31","176.85","177.53","175.09","253.30K","-0.63%"
"10/09/2019","177.43","178.16","179.04","176.85","237.81K","-0.41%"
"10/08/2019","178.16","179.43","181.28","177.53","348.39K","-0.22%"
"10/07/2019","178.55","176.36","178.55","176.07","355.03K","1.27%"
"10/04/2019","176.31","174.41","177.67","174.17","591.06K","2.20%"
"10/03/2019","172.51","171.54","173.14","170.95","322.56K","0.03%"
"10/02/2019","172.46","174.90","174.90","172.02","331.88K","-1.50%"
"10/01/2019","175.09","175.63","176.12","174.61","275.52K","-0.36%"
"09/30/2019","175.73","176.02","176.51","174.90","472.97K","-0.41%"
"09/27/2019","176.46","177.53","177.53","174.95","269.96K","-0.03%"
"09/26/2019","176.51","175.48","177.43","175.48","294.55K","0.56%"
"09/25/2019","175.53","179.77","179.77","175.14","390.51K","-2.62%"
"09/24/2019","180.26","179.23","180.26","178.75","266.77K","0.57%"
"09/23/2019","179.23","179.28","179.48","177.77","247.03K","-0.35%"
"09/20/2019","179.87","177.58","179.87","177.58","805.12K","1.29%"
"09/19/2019","177.58","175.87","177.82","175.87","281.43K","0.50%"
"09/18/2019","176.70","175.87","177.67","174.95","414.69K","0.47%"
"09/17/2019","175.87","175.09","176.31","173.87","438.63K","0.25%"
"09/16/2019","175.43","175.38","175.97","174.36","333.12K","0.06%"
"09/13/2019","175.34","172.95","175.77","172.85","396.76K","1.41%"
"09/12/2019","172.90","173.44","173.68","171.34","430.61K","-0.11%"
"09/11/2019","173.09","173.19","174.17","172.22","601.51K","0.45%"
"09/10/2019","172.32","173.92","173.92","171.68","402.76K","-0.73%"
"09/09/2019","173.58","173.44","173.83","172.71","224.61K","0.00%"
"09/06/2019","173.58","174.12","175.14","173.00","322.98K","-2.86%"
"09/05/2019","178.70","174.70","179.00","174.70","517.91K","2.29%"
"09/04/2019","174.70","175.40","176.45","174.50","262.87K","-0.40%"
"09/03/2019","175.40","175.50","176.25","174.50","287.16K","-0.09%"
"09/02/2019","175.55","174.90","176.40","174.90","189.07K","-0.23%"
"08/30/2019","175.95","173.50","176.50","173.50","344.54K","0.92%"
"08/29/2019","174.35","172.00","174.40","171.90","430.73K","1.31%"
"08/28/2019","172.10","174.80","175.90","171.85","526.90K","-1.57%"
"08/27/2019","174.85","172.00","175.70","171.50","666.41K","1.36%"
"08/26/2019","172.50","171.90","173.20","171.45","274.04K","-0.35%"
"08/23/2019","173.10","172.00","174.25","172.00","417.24K","0.79%"
"08/22/2019","171.75","171.50","172.15","171.15","933.76K","0.03%"
"08/21/2019","171.70","169.95","172.70","169.90","420.11K","1.09%"
"08/20/2019","169.85","169.00","171.20","168.75","301.75K","-0.03%"
"08/19/2019","169.90","167.80","169.90","167.80","537.49K","1.31%"
"08/16/2019","167.70","165.75","167.80","165.75","393.93K","1.18%"
"08/15/2019","165.75","164.40","166.15","162.60","452.60K","0.73%"
"08/14/2019","164.55","166.95","168.45","164.55","357.98K","-1.97%"
"08/13/2019","167.85","169.50","169.50","166.35","327.85K","-1.18%"
"08/12/2019","169.85","170.00","170.75","169.10","240.77K","0.71%"
"08/09/2019","168.65","169.40","170.55","167.80","328.60K","-0.50%"
"08/08/2019","169.50","169.05","171.10","168.75","366.10K","0.95%"
"08/07/2019","167.90","168.00","169.75","167.15","342.69K","-0.18%"
"08/06/2019","168.20","168.40","169.45","167.65","361.97K","0.36%"
"08/05/2019","167.60","171.50","172.45","167.60","479.75K","-2.98%"
"08/02/2019","172.75","172.50","173.35","171.65","300.11K","-0.60%"
"08/01/2019","173.80","172.45","174.30","172.40","368.20K","0.78%"
"07/31/2019","172.45","172.80","173.05","171.15","459.63K","-0.20%"
"07/30/2019","172.80","173.60","173.90","172.15","352.53K","-0.69%"
"07/29/2019","174.00","173.00","174.05","172.60","382.09K","0.58%"
"07/26/2019","173.00","174.00","174.15","172.45","273.08K","-0.40%"
"07/25/2019","173.70","173.70","175.05","173.05","341.19K","-0.12%"
"07/24/2019","173.90","175.40","175.40","173.80","360.88K","-0.03%"
"07/23/2019","173.95","177.00","177.55","173.95","626.62K","-1.92%"
"07/22/2019","177.35","178.70","179.00","176.25","352.13K","-0.76%"
"07/19/2019","178.70","179.10","180.35","178.20","547.72K","-0.22%"
"07/18/2019","179.10","180.50","180.60","178.35","325.56K","-0.78%"
"07/17/2019","180.50","180.00","181.05","179.80","281.76K","0.33%"
"07/16/2019","179.90","178.50","180.55","178.00","355.26K","0.62%"
"07/15/2019","178.80","178.65","181.30","177.85","673.58K","0.06%"
"07/12/2019","178.70","177.85","182.55","177.05","1.56M","4.63%"
"07/11/2019","170.80","172.30","172.90","170.55","429.51K","-1.27%"
"07/10/2019","173.00","172.60","173.10","172.05","483.32K","0.26%"
"07/09/2019","172.55","172.25","173.80","172.10","455.96K","-0.26%"
"07/08/2019","173.00","171.90","173.30","171.85","336.27K","0.49%"
"07/05/2019","172.15","172.90","173.35","171.90","510.14K","-0.43%"
"07/04/2019","172.90","171.30","173.15","170.80","419.37K","-0.06%"
"07/03/2019","173.00","172.80","173.85","172.30","590.23K","0.09%"
"07/02/2019","172.85","172.00","173.50","172.00","505.94K","0.29%"
"07/01/2019","172.35","172.50","174.25","171.50","616.32K","0.32%"
"06/28/2019","171.80","173.65","174.15","169.60","1.04M","-1.07%"
"06/27/2019","173.65","175.95","175.95","173.65","434.10K","-0.77%"
"06/26/2019","175.00","174.40","175.50","174.15","465.25K","0.55%"
"06/25/2019","174.05","174.00","174.25","172.85","422.13K","-0.03%"
"06/24/2019","174.10","173.50","174.80","173.50","472.23K","0.40%"
"06/21/2019","173.40","173.75","175.20","173.10","932.14K","-0.83%"
"06/20/2019","174.85","175.30","176.50","174.40","492.09K","-0.20%"
"06/19/2019","175.20","175.50","175.80","174.00","573.25K","-0.17%"
"06/18/2019","175.50","175.00","175.95","173.75","686.81K","-0.09%"
"06/17/2019","175.65","174.85","176.75","174.35","877.44K","0.31%"
"06/14/2019","175.10","174.50","175.50","174.05","470.54K","0.23%"
"06/13/2019","174.70","175.30","176.90","174.70","514.81K","-1.38%"
"06/12/2019","177.15","176.50","177.30","176.40","382.14K","0.00%"
"06/11/2019","177.15","175.50","177.50","175.50","429.10K","1.23%"
"06/07/2019","175.00","173.50","175.35","173.50","433.54K","0.78%"
"06/06/2019","173.65","172.60","175.30","172.60","428.33K","0.40%"
"06/05/2019","172.95","173.00","174.00","171.55","550.38K","-1.03%"
"06/04/2019","174.75","169.65","174.75","169.65","731.69K","2.28%"
"06/03/2019","170.85","170.00","171.35","169.10","496.17K","0.23%"
"05/31/2019","170.45","167.70","170.90","167.15","647.70K","0.74%"
"05/29/2019","169.20","170.70","171.05","168.80","533.76K","-1.63%"
"05/28/2019","172.00","172.40","172.80","170.45","989.31K","-0.35%"
"05/27/2019","172.60","173.00","173.00","171.50","242.07K","0.32%"
"05/24/2019","172.05","171.10","172.50","171.10","550.28K","0.91%"
"05/23/2019","170.50","172.40","173.20","170.50","508.38K","-1.98%"
"05/22/2019","173.95","173.00","173.95","172.40","418.20K","0.55%"
"05/21/2019","173.00","172.95","174.30","172.70","445.24K","-0.23%"
"05/20/2019","173.40","175.00","175.45","171.95","556.20K","-1.06%"
"05/16/2019","175.25","171.00","175.35","170.75","976.31K","2.58%"
"05/15/2019","170.85","169.80","171.65","169.55","529.78K","0.62%"
"05/14/2019","169.80","167.70","169.80","167.10","396.89K","0.47%"
"05/13/2019","169.00","168.55","169.90","168.05","587.32K","0.39%"
"05/10/2019","168.35","168.05","169.45","167.50","552.33K","1.11%"
"05/09/2019","166.50","168.00","168.80","166.20","600.10K","-1.33%"
"05/08/2019","168.75","165.80","168.75","165.70","588.51K","1.38%"
"05/07/2019","166.45","166.45","167.45","165.70","450.73K","0.00%"
"05/06/2019","166.45","165.85","166.55","164.55","407.98K","-0.66%"
"05/03/2019","167.55","166.00","168.20","165.65","523.92K","0.93%"
"05/02/2019","166.00","167.60","168.00","165.45","557.86K","-0.93%"
"04/30/2019","167.55","166.00","167.55","165.25","1.19M","0.81%"
"04/29/2019","166.20","162.25","166.20","162.25","501.62K","1.99%"
"04/26/2019","162.95","159.15","162.95","159.15","868.54K","2.04%"
"04/25/2019","159.70","159.50","159.80","155.30","775.20K","0.85%"
"04/24/2019","158.35","158.25","159.00","157.30","662.13K","-0.13%"
"04/23/2019","158.55","159.50","159.50","157.45","613.60K","-0.60%"
"04/17/2019","159.50","159.80","160.50","157.65","473.49K","-0.19%"
"04/16/2019","159.80","158.55","159.80","158.50","323.12K","0.66%"
"04/15/2019","158.75","158.30","159.00","158.00","267.75K","0.00%"
"04/12/2019","158.75","157.90","158.75","157.65","386.43K","0.54%"
"04/11/2019","157.90","157.50","158.45","157.00","353.03K","0.25%"
"04/10/2019","157.50","154.00","157.55","153.90","447.71K","1.51%"
"04/09/2019","155.15","156.00","157.20","154.75","678.17K","-0.70%"
"04/08/2019","156.25","155.00","156.45","154.10","472.21K","0.48%"
"04/05/2019","155.50","155.35","155.75","154.30","253.58K","0.06%"
"04/04/2019","155.40","155.00","155.40","154.55","332.62K","0.26%"
"04/03/2019","155.00","150.00","155.00","150.00","894.96K","3.96%"
"04/02/2019","149.10","148.70","150.10","148.50","1.10M","0.07%"
"04/01/2019","149.00","149.00","149.60","148.50","641.91K","0.00%"
"03/29/2019","149.00","151.50","151.90","148.40","853.88K","-5.87%"
"03/28/2019","158.30","159.20","159.50","158.00","483.84K","-0.57%"
"03/27/2019","159.20","160.00","160.00","159.00","483.46K","-0.25%"
"03/26/2019","159.60","159.60","160.90","158.80","456.69K","0.06%"
"03/25/2019","159.50","157.50","159.70","157.20","539.97K","0.69%"
"03/22/2019","158.40","159.60","159.70","158.10","369.96K","-0.63%"
"03/21/2019","159.40","159.80","159.90","158.50","356.52K","-0.25%"
"03/20/2019","159.80","161.10","161.40","159.70","278.84K","-0.75%"
"03/19/2019","161.00","160.30","162.00","160.30","546.65K","0.25%"
"03/18/2019","160.60","160.30","161.00","159.90","476.09K","0.12%"
"03/15/2019","160.40","159.50","161.00","159.20","1.19M","0.50%"
"03/14/2019","159.60","156.40","159.70","156.40","777.55K","2.18%"
"03/13/2019","156.20","156.00","156.40","155.40","425.91K","0.00%"
"03/12/2019","156.20","154.80","156.90","154.80","613.22K","0.90%"
"03/11/2019","154.80","155.30","155.70","154.50","365.74K","-0.19%"
"03/08/2019","155.10","154.30","155.30","153.10","347.41K","-0.13%"
"03/07/2019","155.30","156.00","156.20","154.80","334.00K","-0.58%"
"03/06/2019","156.20","155.40","156.40","155.00","351.39K","0.64%"
"03/05/2019","155.20","154.90","156.00","154.30","450.03K","0.19%"
"03/04/2019","154.90","155.00","155.40","153.90","600.86K","-0.26%"
"03/01/2019","155.30","153.40","155.40","152.70","673.62K","1.24%"
"02/28/2019","153.40","153.00","153.40","152.10","613.50K","0.07%"
"02/27/2019","153.30","153.80","154.00","152.70","314.24K","-0.58%"
"02/26/2019","154.20","153.80","154.60","153.50","362.66K","0.19%"
"02/25/2019","153.90","152.70","154.00","152.60","420.51K","0.79%"
"02/22/2019","152.70","152.00","152.70","151.80","331.11K","0.46%"
"02/21/2019","152.00","151.40","152.40","151.40","508.35K","0.33%"
"02/20/2019","151.50","151.50","152.40","151.50","470.99K","-0.20%"
"02/19/2019","151.80","151.80","153.10","151.40","1.52M","-0.13%"
"02/18/2019","152.00","151.30","152.40","150.80","267.30K","-0.07%"
"02/15/2019","152.10","150.00","152.20","150.00","569.27K","1.20%"
"02/14/2019","150.30","151.90","152.10","150.00","420.80K","-0.86%"
"02/13/2019","151.60","150.00","151.60","149.70","539.37K","1.07%"
"02/12/2019","150.00","150.10","150.10","148.80","584.00K","0.54%"
"02/11/2019","149.20","149.20","150.60","149.00","638.93K","0.00%"
"02/08/2019","149.20","149.50","150.50","148.80","509.06K","-0.80%"
"02/07/2019","150.40","150.30","150.50","149.80","431.15K","0.07%"
"02/06/2019","150.30","149.50","151.00","149.40","499.59K","0.13%"
"02/05/2019","150.10","149.00","150.20","148.10","507.96K","0.40%"
"02/04/2019","149.50","148.00","149.50","147.50","648.12K","0.67%"
"02/01/2019","148.50","145.30","148.80","144.80","727.51K","2.20%"
"01/31/2019","145.30","145.60","147.60","144.70","901.38K","0.28%"
"01/30/2019","144.90","143.90","145.60","143.30","669.31K","0.98%"
"01/29/2019","143.50","143.00","143.80","142.40","561.73K","0.28%"
"01/28/2019","143.10","142.40","143.30","141.20","546.66K","0.77%"
"01/25/2019","142.00","143.00","144.80","141.40","785.16K","-0.70%"
"01/24/2019","143.00","143.00","146.00","142.50","1.85M","0.70%"
"01/23/2019","142.00","142.20","143.00","140.10","1.06M","-0.28%"
"01/22/2019","142.40","138.00","142.40","137.60","927.99K","2.74%"
"01/21/2019","138.60","137.80","139.40","137.40","316.35K","0.73%"
"01/18/2019","137.60","135.70","137.80","135.30","534.59K","1.55%"
"01/17/2019","135.50","134.80","135.80","134.20","413.07K","0.22%"
"01/16/2019","135.20","133.70","135.40","133.00","635.80K","1.12%"
"01/15/2019","133.70","134.40","135.60","133.60","432.52K","-0.22%"
"01/14/2019","134.00","136.30","136.50","133.20","688.88K","-1.47%"
"01/11/2019","136.00","135.20","136.90","135.20","596.69K","0.59%"
"01/10/2019","135.20","133.30","135.60","133.10","574.94K","0.75%"
"01/09/2019","134.20","135.10","135.30","133.70","502.20K","-0.67%"
"01/08/2019","135.10","134.50","136.20","134.40","488.26K","0.52%"
"01/07/2019","134.40","135.10","135.90","134.20","464.32K","-0.59%"
"01/04/2019","135.20","135.60","136.20","134.10","556.50K","0.30%"
"01/03/2019","134.80","135.60","136.20","134.30","318.30K","-0.44%"
"01/02/2019","135.40","135.00","135.70","132.50","344.65K","0.15%"
"12/28/2018","135.20","134.40","136.50","134.20","355.66K","1.12%"
"12/27/2018","133.70","135.00","136.30","133.20","447.47K","-0.82%"
"12/21/2018","134.80","133.60","135.00","133.20","577.69K","0.45%"
"12/20/2018","134.20","133.80","135.30","132.50","598.10K","-0.89%"
"12/19/2018","135.40","132.70","135.40","131.20","558.91K","1.42%"
"12/18/2018","133.50","132.90","133.70","131.20","509.52K","0.38%"
"12/17/2018","133.00","133.60","134.20","132.70","335.07K","-0.45%"
"12/14/2018","133.60","133.00","133.70","131.10","438.78K","0.15%"
"12/13/2018","133.40","133.00","134.90","132.00","284.07K","1.21%"
"12/12/2018","131.80","131.50","133.40","131.50","368.07K","0.46%"
"12/11/2018","131.20","130.80","132.00","130.00","491.26K","1.31%"
"12/10/2018","129.50","129.30","130.60","128.40","347.24K","-0.92%"
"12/07/2018","130.70","128.70","131.00","128.40","489.02K","2.11%"
"12/06/2018","128.00","132.40","132.40","127.50","524.42K","-3.90%"
"12/05/2018","133.20","133.00","133.70","132.60","303.66K","-0.97%"
"12/04/2018","134.50","134.10","135.50","133.90","348.39K","0.07%"
"12/03/2018","134.40","135.90","135.90","134.20","342.59K","0.22%"
"11/30/2018","134.10","137.10","137.10","134.10","1.06M","-2.19%"
"11/29/2018","137.10","135.60","137.30","135.50","510.49K","1.26%"
"11/28/2018","135.40","138.70","138.80","131.20","712.29K","-2.45%"
"11/27/2018","138.80","134.90","139.00","133.70","792.08K","2.89%"
"11/26/2018","134.90","133.80","135.40","133.60","459.94K","1.28%"
"11/23/2018","133.20","132.00","133.20","131.80","284.39K","0.53%"
"11/22/2018","132.50","133.00","133.00","132.00","288.78K","-0.15%"
"11/21/2018","132.70","130.90","132.90","130.90","358.07K","1.69%"
"11/20/2018","130.50","133.00","133.40","130.00","645.86K","-3.05%"
"11/19/2018","134.60","134.50","135.20","133.90","502.27K","0.15%"
"11/16/2018","134.40","134.10","135.30","133.40","390.64K","0.52%"
"11/15/2018","133.70","138.00","138.40","133.40","468.82K","-3.33%"
"11/14/2018","138.30","138.50","138.70","137.00","531.58K","0.22%"
"11/13/2018","138.00","137.20","139.10","136.70","724.88K","0.36%"
"11/12/2018","137.50","137.60","139.60","136.40","672.44K","0.07%"
"11/09/2018","137.40","136.00","137.40","134.60","589.40K","0.88%"
"11/08/2018","136.20","134.80","136.50","134.10","364.04K","1.57%"
"11/07/2018","134.10","132.40","134.70","131.80","362.96K","1.75%"
"11/06/2018","131.80","130.90","132.30","130.30","350.17K","0.92%"
"11/05/2018","130.60","130.30","131.20","130.20","299.74K","-0.31%"
"11/02/2018","131.00","130.90","131.50","130.30","309.24K","0.92%"
"11/01/2018","129.80","130.40","130.60","129.50","499.63K","-0.61%"
"10/31/2018","130.60","129.00","130.60","128.50","693.27K","2.43%"
"10/30/2018","127.50","125.20","128.10","125.20","539.94K","2.00%"
"10/29/2018","125.00","125.20","126.30","124.70","768.15K","0.16%"
"10/26/2018","124.80","126.90","127.50","123.00","704.83K","-1.58%"
"10/25/2018","126.80","119.60","130.20","118.80","1.45M","1.60%"
"10/24/2018","124.80","123.80","125.10","123.40","475.38K","1.30%"
"10/23/2018","123.20","124.50","125.00","122.30","666.22K","-1.52%"
"10/22/2018","125.10","128.00","128.00","124.50","836.51K","-1.88%"
"10/19/2018","127.50","128.50","128.50","126.90","852.66K","-1.16%"
"10/18/2018","129.00","130.00","130.60","128.80","602.48K","-0.77%"
"10/17/2018","130.00","130.00","130.90","129.70","420.36K","-0.08%"
"10/16/2018","130.10","128.10","130.50","126.10","517.92K","0.23%"
"10/15/2018","129.80","128.40","130.40","128.30","512.21K","0.78%"
"10/12/2018","128.80","128.00","129.70","127.50","769.72K","0.47%"
"10/11/2018","128.20","128.00","128.70","126.10","1.14M","-2.88%"
"10/10/2018","132.00","133.30","133.50","131.70","483.95K","-0.98%"
"10/09/2018","133.30","133.90","134.00","132.80","401.77K","-0.15%"
"10/08/2018","133.50","134.00","134.90","133.00","311.26K","-0.37%"
"10/05/2018","134.00","132.50","134.40","132.20","480.61K","1.13%"
"10/04/2018","132.50","133.70","134.30","132.30","740.51K","-0.90%"
"10/03/2018","133.70","135.50","135.80","133.50","515.89K","-1.33%"
"10/02/2018","135.50","136.70","136.70","135.00","463.79K","-0.95%"
"10/01/2018","136.80","137.20","137.60","136.40","455.92K","-0.29%"
"09/28/2018","137.20","139.60","139.80","136.80","587.31K","-2.00%"
"09/27/2018","140.00","137.90","140.00","137.50","556.14K","1.60%"
"09/26/2018","137.80","138.70","139.00","137.60","348.23K","-0.51%"
"09/25/2018","138.50","138.40","139.00","137.70","486.03K","0.07%"
"09/24/2018","138.40","138.80","139.20","138.10","295.26K","-0.57%"
"09/21/2018","139.20","139.70","140.20","138.70","755.42K","-0.78%"
"09/20/2018","140.30","138.60","140.50","138.50","395.06K","1.23%"
"09/19/2018","138.60","138.80","139.30","138.40","293.49K","-0.22%"
"09/18/2018","138.90","139.00","139.00","138.30","316.59K","-0.07%"
"09/17/2018","139.00","135.70","139.00","135.40","535.79K","2.43%"
"09/14/2018","135.70","135.90","136.40","135.50","300.37K","0.00%"
"09/13/2018","135.70","136.30","136.90","135.60","287.57K","-0.51%"
"09/12/2018","136.40","136.70","137.20","135.90","402.22K","-0.22%"
"09/11/2018","136.70","138.30","138.40","136.60","442.55K","-1.01%"
"09/10/2018","138.10","137.00","138.60","136.50","415.80K","0.07%"
"09/07/2018","138.00","139.70","139.90","137.40","434.08K","-0.93%"
"09/06/2018","139.30","137.10","139.60","137.10","432.13K","0.94%"
"09/05/2018","138.00","139.70","139.70","138.00","562.43K","-1.22%"
"09/04/2018","139.70","141.30","141.50","139.20","529.19K","-1.06%"
"09/03/2018","141.20","140.60","141.70","140.10","608.55K","0.64%"
"08/31/2018","140.30","140.50","141.20","140.20","677.67K","-0.43%"
"08/30/2018","140.90","141.50","141.60","140.40","382.74K","-0.49%"
"08/29/2018","141.60","141.40","141.80","141.10","390.68K","0.21%"
"08/28/2018","141.30","140.50","141.50","140.50","321.04K","0.71%"
"08/27/2018","140.30","140.20","140.30","139.60","266.90K","0.21%"
"08/24/2018","140.00","139.90","140.20","139.50","409.54K","0.07%"
"08/23/2018","139.90","139.80","140.20","139.10","360.38K","0.07%"
"08/22/2018","139.80","139.50","139.90","138.00","487.41K","0.22%"
"08/21/2018","139.50","139.80","139.80","138.50","419.34K","-0.14%"
"08/20/2018","139.70","135.00","140.00","135.00","1.14M","4.10%"
"08/17/2018","134.20","132.20","134.40","132.00","541.50K","1.21%"
"08/16/2018","132.60","131.50","133.00","131.50","350.17K","0.53%"
"08/15/2018","131.90","131.30","132.40","131.00","413.40K","0.23%"
"08/14/2018","131.60","131.60","132.40","131.30","272.58K","-0.30%"
"08/13/2018","132.00","131.00","132.60","130.40","376.74K","0.30%"
"08/10/2018","131.60","131.50","132.20","131.00","419.15K","-0.23%"
"08/09/2018","131.90","131.60","132.10","130.20","284.67K","0.30%"
"08/08/2018","131.50","131.80","131.80","130.00","364.84K","0.08%"
"08/07/2018","131.40","130.00","131.40","130.00","218.28K","1.08%"
"08/06/2018","130.00","130.90","130.90","130.00","191.36K","-0.61%"
"08/03/2018","130.80","130.80","131.10","130.40","264.42K","-0.08%"
"08/02/2018","130.90","132.10","132.10","130.70","429.50K","-0.68%"
"08/01/2018","131.80","131.40","132.30","130.60","515.76K","0.69%"
"07/31/2018","130.90","130.10","131.10","130.00","521.78K","0.00%"
"07/30/2018","130.90","130.10","131.40","129.70","402.54K","0.61%"
"07/27/2018","130.10","128.90","130.20","128.30","387.78K","1.32%"
"07/26/2018","128.40","128.90","129.20","128.20","290.00K","-0.39%"
"07/25/2018","128.90","129.90","129.90","128.70","415.39K","-0.54%"
"07/24/2018","129.60","128.00","129.70","128.00","609.87K","1.33%"
"07/23/2018","127.90","127.30","128.20","126.60","487.15K","0.79%"
"07/20/2018","126.90","127.00","127.20","126.30","348.90K","-0.08%"
"07/19/2018","127.00","127.00","127.80","126.50","523.31K","0.24%"
"07/18/2018","126.70","124.80","126.80","124.30","863.34K","2.18%"
"07/17/2018","124.00","123.90","125.50","123.60","939.32K","0.57%"
"07/16/2018","123.30","124.50","126.00","123.30","1.46M","-0.16%"
"07/13/2018","123.50","131.40","131.40","123.20","3.32M","-10.31%"
"07/12/2018","137.70","137.80","139.00","137.20","874.86K","-0.86%"
"07/11/2018","138.90","138.70","139.00","137.80","469.71K","-0.07%"
"07/10/2018","139.00","137.50","139.20","137.30","630.15K","1.09%"
"07/09/2018","137.50","135.80","137.60","135.80","570.97K","1.55%"
"07/06/2018","135.40","134.20","136.00","134.20","709.30K","0.67%"
"07/05/2018","134.50","135.30","136.00","134.30","477.21K","-0.81%"
"07/04/2018","135.60","133.80","135.80","133.50","405.83K","1.57%"
"07/03/2018","133.50","134.20","134.70","133.50","712.96K","-0.15%"
"07/02/2018","133.70","135.50","135.50","132.20","787.25K","0.07%"
"06/29/2018","133.60","129.50","134.30","129.20","1.72M","3.17%"
"06/28/2018","129.50","128.00","129.50","127.80","600.43K","0.47%"
"06/27/2018","128.90","129.50","129.50","126.80","542.00K","-0.54%"
"06/26/2018","129.60","129.70","129.80","128.70","421.18K","0.08%"
"06/25/2018","129.50","129.10","129.90","128.50","609.56K","0.70%"
"06/22/2018","128.60","127.70","129.00","127.40","406.65K","0.55%"
"06/21/2018","127.90","129.00","129.20","127.20","500.39K","-0.85%"
"06/20/2018","129.00","128.00","129.50","128.00","413.24K","0.08%"
"06/19/2018","128.90","128.10","129.20","127.50","547.10K","0.08%"
"06/18/2018","128.80","130.20","130.70","128.80","578.63K","-0.62%"
"06/15/2018","129.60","129.40","130.40","129.10","1.48M","0.15%"
"06/14/2018","129.40","127.90","129.40","127.20","781.34K","1.33%"
"06/13/2018","127.70","127.90","128.30","127.00","598.69K","-0.16%"
"06/12/2018","127.90","128.10","129.90","127.60","752.88K","0.00%"
"06/11/2018","127.90","127.60","128.40","127.50","424.18K","0.55%"
"06/08/2018","127.20","127.80","127.80","126.80","543.81K","-0.47%"
"06/07/2018","127.80","128.50","129.40","127.80","700.53K","0.00%"
"06/06/2018","127.80","128.90","129.50","127.40","570.11K","-0.78%"
"06/05/2018","128.80","130.20","130.20","128.60","519.50K","-1.00%"
"06/04/2018","130.10","130.60","131.20","129.90","467.31K","-0.31%"
"06/01/2018","130.50","130.70","133.90","130.30","1.09M","3.33%"
"05/31/2018","126.30","126.30","127.80","126.20","951.80K","0.24%"
"05/30/2018","126.00","127.00","127.30","126.00","611.70K","-0.79%"
"05/29/2018","127.00","126.60","129.00","126.60","847.00K","0.87%"
"05/28/2018","125.90","127.20","127.20","125.90","260.56K","-0.63%"
"05/25/2018","126.70","126.30","127.30","126.00","717.96K","1.04%"
"05/24/2018","125.40","126.00","126.20","125.20","493.37K","-0.08%"
"05/23/2018","125.50","126.50","127.00","125.30","545.78K","-0.55%"
"05/22/2018","126.20","125.90","127.20","125.80","552.24K","0.40%"
"05/18/2018","125.70","126.60","127.00","125.70","793.33K","-0.87%"
"05/16/2018","126.80","128.40","129.00","126.40","608.02K","-0.86%"
"05/15/2018","127.90","126.20","128.30","126.20","1.12M","1.35%"
"05/14/2018","126.20","126.70","127.00","125.90","480.18K","-0.24%"
"05/11/2018","126.50","128.00","128.50","126.10","661.74K","-1.17%"
"05/09/2018","128.00","127.90","128.20","127.50","455.56K","0.08%"
"05/08/2018","127.90","127.20","127.90","126.80","725.37K","0.55%"
"05/07/2018","127.20","127.20","127.60","126.80","318.52K","0.24%"
"05/04/2018","126.90","127.90","127.90","126.40","527.39K","-0.31%"
"05/03/2018","127.30","129.00","129.00","127.10","549.45K","-1.16%"
"05/02/2018","128.80","128.00","128.80","127.10","788.19K","1.26%"
"04/30/2018","127.20","128.50","128.60","127.20","647.54K","-0.78%"
"04/27/2018","128.20","128.50","130.80","127.90","776.32K","0.47%"
"04/26/2018","127.60","128.30","129.10","126.80","1.47M","0.00%"
"04/25/2018","127.60","131.60","131.60","122.10","3.38M","-6.66%"
"04/24/2018","136.70","136.90","138.50","136.30","591.59K","0.07%"
"04/23/2018","136.60","134.40","136.90","134.30","685.10K","1.79%"
"04/20/2018","134.20","134.50","134.90","134.10","770.24K","-0.15%"
"04/19/2018","134.40","133.80","135.20","133.80","706.44K","0.45%"
"04/18/2018","133.80","134.50","134.70","133.50","517.05K","-0.52%"
"04/17/2018","134.50","134.60","135.00","134.20","445.45K","0.07%"
"04/16/2018","134.40","134.40","135.00","134.00","319.86K","0.15%"
"04/13/2018","134.20","135.00","135.00","134.00","445.07K","0.30%"
"04/12/2018","133.80","133.80","134.10","133.30","399.11K","-0.07%"
"04/11/2018","133.90","134.70","135.00","133.40","612.37K","-0.22%"
"04/10/2018","134.20","134.20","134.90","133.90","454.99K","0.22%"
"04/09/2018","133.90","133.50","135.30","133.30","718.98K","0.60%"
"04/06/2018","133.10","136.50","136.50","133.10","1.13M","-7.57%"
"04/05/2018","144.00","146.00","146.10","143.30","746.72K","-0.14%"
"04/04/2018","144.20","146.50","146.60","143.50","569.18K","-1.37%"
"04/03/2018","146.20","144.00","146.80","143.50","696.44K","1.81%"
"03/28/2018","143.60","142.90","144.40","142.30","339.05K","0.56%"
"03/27/2018","142.80","142.90","143.50","142.50","224.11K","0.78%"
"03/26/2018","141.70","142.00","142.60","141.30","301.78K","0.28%"
"03/23/2018","141.30","142.00","142.00","139.80","491.96K","-0.56%"
"03/22/2018","142.10","144.10","144.20","142.00","366.77K","-1.66%"
"03/21/2018","144.50","144.20","144.70","143.70","301.10K","0.28%"
"03/20/2018","144.10","143.70","144.60","142.60","422.86K","0.28%"
"03/19/2018","143.70","145.00","145.40","143.40","366.00K","-0.76%"
"03/16/2018","144.80","145.30","145.60","144.80","575.18K","-0.28%"
"03/15/2018","145.20","145.00","145.50","144.50","554.06K","0.28%"
"03/14/2018","144.80","145.20","145.70","144.80","378.17K","-0.14%"
"03/13/2018","145.00","146.30","146.30","144.90","411.82K","-0.68%"
"03/12/2018","146.00","147.60","148.40","146.00","430.05K","-1.02%"
"03/09/2018","147.50","147.50","148.50","147.20","306.21K","-0.14%"
"03/08/2018","147.70","146.20","147.90","146.20","398.43K","1.10%"
"03/07/2018","146.10","145.20","146.70","144.70","533.70K","0.62%"
"03/06/2018","145.20","143.00","145.30","143.00","502.72K","2.25%"
"03/05/2018","142.00","141.60","142.80","140.80","299.30K","0.35%"
"03/02/2018","141.50","143.80","143.80","141.30","486.75K","-1.74%"
"03/01/2018","144.00","144.10","144.30","142.60","448.20K","-0.41%"
"02/28/2018","144.60","145.10","145.60","144.50","384.87K","-0.62%"
"02/27/2018","145.50","145.80","146.10","144.70","315.12K","0.28%"
"02/26/2018","145.10","145.00","146.10","145.00","431.40K","0.28%"
"02/23/2018","144.70","143.90","144.90","143.60","344.96K","0.56%"
"02/22/2018","143.90","143.10","144.00","142.60","427.26K","0.35%"
"02/21/2018","143.40","143.60","143.80","142.50","490.25K","-0.35%"
"02/20/2018","143.90","143.00","144.00","142.70","268.97K","0.77%"
"02/19/2018","142.80","143.70","144.20","142.60","236.34K","-0.35%"
"02/16/2018","143.30","142.60","143.30","141.70","622.62K","1.06%"
"02/15/2018","141.80","142.10","142.90","141.80","469.94K","0.35%"
"02/14/2018","141.30","142.70","142.70","140.80","418.83K","-0.49%"
"02/13/2018","142.00","142.40","143.00","141.60","419.95K","-0.07%"
"02/12/2018","142.10","140.20","143.20","140.10","642.60K","1.86%"
"02/09/2018","139.50","139.40","140.30","138.00","762.18K","-1.34%"
"02/08/2018","141.40","142.50","143.20","141.00","574.74K","-0.49%"
"02/07/2018","142.10","142.10","142.50","140.70","594.09K","1.21%"
"02/06/2018","140.40","140.00","142.20","138.00","1.04M","-2.50%"
"02/05/2018","144.00","145.00","145.00","142.60","607.58K","-1.03%"
"02/02/2018","145.50","144.50","146.30","143.50","708.55K","0.62%"
"02/01/2018","144.60","147.30","147.30","143.70","872.88K","-0.55%"
"01/31/2018","145.40","144.50","146.30","144.10","822.87K","0.62%"
"01/30/2018","144.50","145.30","146.30","143.90","1.06M","-0.69%"
"01/29/2018","145.50","149.10","149.20","145.50","1.03M","-2.41%"
"01/26/2018","149.10","152.40","152.40","148.30","3.08M","-6.64%"
"01/25/2018","159.70","160.10","160.30","159.10","458.75K","-0.31%"
"01/24/2018","160.20","158.80","160.80","157.90","624.99K","0.00%"
"01/23/2018","160.20","162.00","162.20","158.80","685.15K","-1.23%"
"01/22/2018","162.20","161.50","162.20","161.00","399.54K","0.43%"
"01/19/2018","161.50","160.30","161.70","160.10","484.92K","0.62%"
"01/18/2018","160.50","161.10","161.30","160.30","360.88K","-0.68%"
"01/17/2018","161.60","161.50","161.90","160.90","415.77K","0.06%"
"01/16/2018","161.50","161.30","161.80","160.80","299.29K","0.19%"
"01/15/2018","161.20","160.40","161.60","160.20","228.06K","0.50%"
"01/12/2018","160.40","161.00","161.30","160.10","427.89K","-0.50%"
"01/11/2018","161.20","160.00","161.30","159.60","363.57K","0.75%"
"01/10/2018","160.00","159.00","160.00","158.60","404.41K","0.50%"
"01/09/2018","159.20","157.80","159.20","157.50","295.40K","0.89%"
"01/08/2018","157.80","157.10","157.80","156.40","331.10K","0.64%"
"01/05/2018","156.80","156.50","157.20","155.70","424.35K","0.19%"
"01/04/2018","156.50","155.80","156.50","154.90","395.70K","0.90%"
"01/03/2018","155.10","155.20","155.40","154.40","288.52K","-0.06%"
"01/02/2018","155.20","155.20","155.80","154.50","298.30K","0.19%"
"12/29/2017","154.90","155.00","155.30","154.70","169.40K","-0.06%"
"12/28/2017","155.00","154.00","155.30","153.90","249.79K","0.71%"
"12/27/2017","153.90","152.80","153.90","152.80","531.71K","0.46%"
"12/22/2017","153.20","152.90","153.90","152.10","155.75K","0.13%"
"12/21/2017","153.00","153.30","153.90","152.60","357.54K","-0.58%"
"12/20/2017","153.90","153.30","154.30","153.30","371.34K","0.39%"
"12/19/2017","153.30","153.00","154.60","152.90","427.31K","0.00%"
"12/18/2017","153.30","151.10","153.90","151.10","423.28K","1.46%"
"12/15/2017","151.10","150.80","151.90","150.00","605.10K","0.27%"
"12/14/2017","150.70","149.10","150.80","149.10","384.71K","0.60%"
"12/13/2017","149.80","150.00","150.20","149.60","307.41K","-0.13%"
"12/12/2017","150.00","146.20","150.00","146.20","346.17K","1.08%"
"12/11/2017","148.40","148.50","148.70","147.20","439.15K","-0.93%"
"12/08/2017","149.80","149.90","150.20","149.40","238.34K","-0.07%"
"12/07/2017","149.90","149.90","150.40","149.00","205.74K","-0.07%"
"12/06/2017","150.00","150.70","150.70","148.80","322.95K","-0.53%"
"12/05/2017","150.80","151.40","151.90","150.50","269.20K","-0.53%"
"12/04/2017","151.60","150.50","151.60","150.50","366.94K","0.40%"
"12/01/2017","151.00","150.80","151.40","150.10","279.69K","0.13%"
"11/30/2017","150.80","152.20","152.20","150.10","765.25K","-0.98%"
"11/29/2017","152.30","151.70","152.30","151.20","290.21K","0.40%"
"11/28/2017","151.70","150.20","151.70","150.00","317.89K","1.34%"
"11/27/2017","149.70","150.00","151.20","149.60","192.67K","-0.27%"
"11/24/2017","150.10","149.50","150.80","149.50","228.02K","0.20%"
"11/23/2017","149.80","150.40","150.40","149.20","160.33K","-0.47%"
"11/22/2017","150.50","151.40","151.40","150.20","354.09K","-0.46%"
"11/21/2017","151.20","150.90","151.60","150.10","292.69K","0.33%"
"11/20/2017","150.70","150.00","150.70","148.80","211.64K","0.20%"
"11/17/2017","150.40","150.80","151.00","149.80","260.00K","-0.40%"
"11/16/2017","151.00","150.30","151.70","150.30","346.09K","0.67%"
"11/15/2017","150.00","150.00","150.50","149.30","333.34K","-0.27%"
"11/14/2017","150.40","149.00","150.40","148.60","255.82K","0.87%"
"11/13/2017","149.10","150.10","150.10","148.60","250.97K","-0.67%"
"11/10/2017","150.10","149.80","150.60","149.40","295.01K","0.27%"
"11/09/2017","149.70","150.30","151.00","149.50","220.92K","-0.53%"
"11/08/2017","150.50","150.90","150.90","149.70","474.01K","-0.27%"
"11/07/2017","150.90","150.00","151.70","149.80","440.37K","0.80%"
"11/06/2017","149.70","150.30","151.10","149.50","409.57K","-0.40%"
"11/03/2017","150.30","150.10","151.30","149.70","408.52K","-0.27%"
"11/02/2017","150.70","153.10","153.10","150.50","381.53K","-1.50%"
"11/01/2017","153.00","154.10","154.20","152.30","417.01K","-0.46%"
"10/31/2017","153.70","153.50","154.20","153.20","394.57K","0.13%"
"10/30/2017","153.50","151.90","153.50","151.00","666.54K","1.19%"
"10/27/2017","151.70","151.00","152.00","150.70","801.57K","-0.26%"
"10/26/2017","152.10","148.50","153.00","148.30","1.99M","5.19%"
"10/25/2017","144.60","145.00","145.30","144.20","433.17K","0.14%"
"10/24/2017","144.40","145.90","146.10","144.30","330.29K","-0.82%"
"10/23/2017","145.60","146.30","147.40","145.60","414.13K","-0.27%"
"10/20/2017","146.00","145.50","146.60","145.50","438.83K","0.34%"
"10/19/2017","145.50","143.80","145.50","143.60","445.90K","1.18%"
"10/18/2017","143.80","143.00","144.20","142.80","414.22K","0.56%"
"10/17/2017","143.00","143.50","143.60","142.50","290.12K","-0.14%"
"10/16/2017","143.20","143.80","144.10","143.20","250.86K","-0.42%"
"10/13/2017","143.80","144.30","144.80","143.60","253.03K","-0.48%"
"10/12/2017","144.50","143.50","145.00","143.30","342.03K","0.77%"
"10/11/2017","143.40","144.10","144.50","143.30","340.72K","0.14%"
"10/10/2017","143.20","144.00","144.20","142.60","403.91K","-0.69%"
"10/09/2017","144.20","143.90","144.90","143.70","270.25K","0.21%"
"10/06/2017","143.90","142.70","144.00","142.40","257.15K","0.84%"
"10/05/2017","142.70","141.70","143.30","141.70","320.71K","0.71%"
"10/04/2017","141.70","142.80","143.00","141.40","364.75K","-0.70%"
"10/03/2017","142.70","144.40","144.40","142.50","343.77K","-1.18%"
"10/02/2017","144.40","141.50","145.50","141.50","979.80K","4.18%"
"09/29/2017","138.60","139.00","139.00","138.00","391.99K","-0.29%"
"09/28/2017","139.00","138.00","139.20","137.20","476.98K","0.72%"
"09/27/2017","138.00","136.30","138.00","135.60","428.55K","1.17%"
"09/26/2017","136.40","137.60","137.60","135.90","300.32K","-0.80%"
"09/25/2017","137.50","136.50","137.50","136.50","369.71K","0.59%"
"09/22/2017","136.70","136.70","137.40","136.70","311.68K","-0.29%"
"09/21/2017","137.10","135.80","137.20","135.80","334.89K","0.96%"
"09/20/2017","135.80","136.20","136.50","135.50","311.09K","-0.37%"
"09/19/2017","136.30","136.50","137.00","136.10","480.24K","-0.15%"
"09/18/2017","136.50","136.60","137.70","136.50","324.25K","0.15%"
"09/15/2017","136.30","136.90","137.20","136.30","819.30K","-0.44%"
"09/14/2017","136.90","137.30","137.50","136.60","278.46K","-0.29%"
"09/13/2017","137.30","137.10","137.90","137.10","557.11K","0.15%"
"09/12/2017","137.10","136.80","137.70","136.80","362.39K","0.22%"
"09/11/2017","136.80","134.80","137.70","134.40","559.21K","1.41%"
"09/08/2017","134.90","133.80","135.20","133.40","515.17K","1.20%"
"09/07/2017","133.30","134.00","134.30","133.30","213.95K","-0.22%"
"09/06/2017","133.60","135.30","135.30","133.60","488.27K","-1.47%"
"09/05/2017","135.60","134.90","136.30","134.60","476.54K","0.52%"
"09/04/2017","134.90","134.60","135.40","134.60","213.94K","-0.15%"
"09/01/2017","135.10","135.80","136.60","134.80","333.21K","-0.52%"
"08/31/2017","135.80","134.50","137.70","134.50","843.80K","1.04%"
"08/30/2017","134.40","133.60","134.90","133.40","327.39K","0.98%"
"08/29/2017","133.10","133.10","133.40","132.40","282.46K","-0.15%"
"08/28/2017","133.30","133.80","134.10","133.20","133.11K","-0.60%"
"08/25/2017","134.10","134.20","134.50","134.10","279.36K","0.00%"
"08/24/2017","134.10","133.30","134.40","133.10","214.90K","0.52%"
"08/23/2017","133.40","133.70","134.00","133.10","224.37K","-0.07%"
"08/22/2017","133.50","134.50","134.90","133.20","282.08K","-0.60%"
"08/21/2017","134.30","134.60","135.50","134.00","238.54K","-0.37%"
"08/18/2017","134.80","134.60","135.20","134.40","321.29K","0.15%"
"08/17/2017","134.60","134.80","135.30","134.20","362.54K","-0.07%"
"08/16/2017","134.70","135.20","135.40","134.20","286.87K","-0.37%"
"08/15/2017","135.20","135.30","135.90","135.00","292.25K","-0.07%"
"08/14/2017","135.30","134.20","135.50","134.20","175.40K","0.82%"
"08/11/2017","134.20","134.90","134.90","133.60","293.59K","-0.59%"
"08/10/2017","135.00","135.70","136.40","135.00","294.26K","-0.74%"
"08/09/2017","136.00","136.70","137.10","135.40","551.60K","-1.02%"
"08/08/2017","137.40","137.70","137.70","137.10","181.44K","-0.43%"
"08/07/2017","138.00","137.90","138.00","136.90","280.81K","0.07%"
"08/04/2017","137.90","138.00","138.00","137.10","211.84K","-0.07%"
"08/03/2017","138.00","137.70","138.10","137.40","301.93K","0.07%"
"08/02/2017","137.90","137.60","138.10","137.00","246.45K","0.07%"
"08/01/2017","137.80","136.20","138.20","136.20","521.30K","1.17%"
"07/31/2017","136.20","136.70","136.90","136.00","716.30K","-0.51%"
"07/28/2017","136.90","137.00","137.00","135.80","345.41K","-0.22%"
"07/27/2017","137.20","137.00","137.70","136.60","301.79K","-0.22%"
"07/26/2017","137.50","136.80","137.50","136.20","331.56K","0.59%"
"07/25/2017","136.70","136.60","137.20","136.00","381.11K","0.15%"
"07/24/2017","136.50","137.00","137.30","135.50","308.23K","-0.36%"
"07/21/2017","137.00","138.80","139.00","136.70","393.33K","-1.37%"
"07/20/2017","138.90","136.60","139.10","136.30","601.07K","1.68%"
"07/19/2017","136.60","136.50","136.80","135.70","391.62K","0.29%"
"07/18/2017","136.20","136.60","137.00","135.50","607.56K","-0.44%"
"07/17/2017","136.80","138.60","138.80","135.20","817.36K","-0.80%"
"07/14/2017","137.90","145.20","145.40","136.10","1.54M","-6.82%"
"07/13/2017","148.00","146.00","148.80","145.90","542.19K","1.44%"
"07/12/2017","145.90","145.30","146.60","145.30","431.49K","0.41%"
"07/11/2017","145.30","145.00","146.30","144.10","423.51K","0.41%"
"07/10/2017","144.70","143.90","144.70","143.60","278.49K","0.56%"
"07/07/2017","143.90","144.00","144.10","143.10","413.36K","-0.14%"
"07/06/2017","144.10","143.20","144.20","143.00","481.68K","0.77%"
"07/05/2017","143.00","143.30","143.80","142.40","424.98K","-0.63%"
"07/04/2017","143.90","143.00","143.90","142.60","529.51K","0.14%"
"07/03/2017","143.70","142.50","143.70","142.00","442.15K","0.84%"
"06/30/2017","142.50","140.20","142.70","139.90","641.94K","1.57%"
"06/29/2017","140.30","141.80","141.80","140.30","375.49K","-0.36%"
"06/28/2017","140.80","139.60","140.90","139.00","440.03K","0.79%"
"06/27/2017","139.70","140.00","140.30","138.80","280.47K","-0.57%"
"06/26/2017","140.50","140.80","141.90","140.50","250.42K","-0.35%"
"06/23/2017","141.00","140.20","141.40","140.00","402.94K","0.79%"
"06/22/2017","139.90","140.30","141.10","139.40","358.43K","-0.36%"
"06/21/2017","140.40","142.00","142.10","140.40","406.41K","-1.34%"
"06/20/2017","142.30","141.10","142.40","140.20","440.24K","0.85%"
"06/19/2017","141.10","136.90","141.70","136.90","793.97K","3.52%"
"06/16/2017","136.30","137.00","137.80","136.30","840.34K","0.15%"
"06/15/2017","136.10","137.50","138.00","135.50","438.93K","-0.95%"
"06/14/2017","137.40","136.50","138.30","136.50","474.89K","0.66%"
"06/13/2017","136.50","137.00","137.10","136.00","301.32K","-0.51%"
"06/12/2017","137.20","135.00","137.30","134.70","333.06K","1.25%"
"06/09/2017","135.50","134.60","135.50","133.30","236.19K","0.67%"
"06/08/2017","134.60","135.30","135.70","134.30","290.62K","-0.44%"
"06/07/2017","135.20","136.50","136.50","134.80","257.41K","-0.66%"
"06/06/2017","136.10","137.00","137.00","135.30","331.28K","-0.66%"
"06/02/2017","137.00","136.90","137.20","136.40","341.58K","0.44%"
"06/01/2017","136.40","136.20","137.00","135.90","429.65K","0.15%"
"05/31/2017","136.20","136.90","136.90","136.00","593.15K","-0.29%"
"05/30/2017","136.60","136.70","137.00","136.20","247.91K","-0.07%"
"05/29/2017","136.70","136.50","136.70","135.90","141.16K","0.15%"
"05/26/2017","136.50","136.90","137.20","135.80","274.35K","-0.36%"
"05/24/2017","137.00","135.80","137.00","135.50","355.74K","0.81%"
"05/23/2017","135.90","136.20","136.20","134.60","290.38K","-0.07%"
"05/22/2017","136.00","136.00","136.30","135.00","263.31K","0.07%"
"05/19/2017","135.90","134.50","135.90","134.20","746.79K","0.82%"
"05/18/2017","134.80","135.70","136.30","133.80","633.24K","-0.81%"
"05/16/2017","135.90","135.30","136.30","135.20","359.28K","-0.07%"
"05/15/2017","136.00","136.40","136.90","135.30","297.10K","-0.22%"
"05/12/2017","136.30","135.90","136.30","134.50","425.12K","0.29%"
"05/11/2017","135.90","137.70","137.80","135.20","442.41K","-1.38%"
"05/10/2017","137.80","136.10","137.80","136.10","597.34K","1.25%"
"05/09/2017","136.10","138.00","138.70","134.90","517.67K","-1.38%"
"05/08/2017","138.00","138.00","138.00","136.20","540.95K","1.10%"
"05/05/2017","136.50","134.50","137.40","134.00","751.49K","1.94%"
"05/04/2017","133.90","134.30","135.50","132.20","707.72K","-0.07%"
"05/03/2017","134.00","134.00","134.00","133.20","538.31K","0.07%"
"05/02/2017","133.90","131.80","134.40","131.40","594.42K","1.52%"
"04/28/2017","131.90","131.80","132.30","130.90","694.52K","0.08%"
"04/27/2017","131.80","130.60","131.90","130.60","428.06K","0.00%"
"04/26/2017","131.80","131.10","131.80","130.30","466.79K","0.53%"
"04/25/2017","131.10","131.00","132.00","130.50","450.15K","0.08%"
"04/24/2017","131.00","129.30","131.00","129.20","555.54K","1.79%"
"04/21/2017","128.70","128.50","129.20","128.00","335.25K","0.16%"
"04/20/2017","128.50","127.70","128.90","127.70","341.75K","0.16%"
"04/19/2017","128.30","127.40","128.70","127.00","406.23K","0.71%"
"04/18/2017","127.40","128.10","129.50","127.40","713.59K","-0.47%"
"04/12/2017","128.00","127.50","128.00","127.10","179.96K","0.31%"
"04/11/2017","127.60","128.10","128.50","127.30","524.99K","0.47%"
"04/10/2017","127.00","127.30","127.40","126.90","390.46K","-0.16%"
"04/07/2017","127.20","128.00","128.00","126.20","567.29K","-4.58%"
"04/06/2017","133.30","133.30","134.80","131.80","978.28K","0.23%"
"04/05/2017","133.00","133.80","133.80","132.60","381.13K","-0.08%"
"04/04/2017","133.10","133.00","134.00","131.90","357.02K","0.38%"
"04/03/2017","132.60","130.90","133.10","130.60","480.71K","1.38%"
"03/31/2017","130.80","132.40","132.60","130.80","634.01K","-0.91%"
"03/30/2017","132.00","132.00","133.00","131.60","339.60K","-0.45%"
"03/29/2017","132.60","133.40","133.50","132.60","351.73K","-0.08%"
"03/28/2017","132.70","132.60","133.20","132.60","432.09K","0.38%"
"03/27/2017","132.20","132.50","132.80","131.30","403.18K","-0.45%"
"03/24/2017","132.80","131.60","133.10","131.20","429.27K","0.99%"
"03/23/2017","131.50","131.00","131.90","130.60","272.92K","0.92%"
"03/22/2017","130.30","132.00","132.00","130.30","446.86K","-1.66%"
"03/21/2017","132.50","133.30","134.10","132.40","463.43K","-0.15%"
"03/20/2017","132.70","130.80","133.20","130.50","422.43K","1.84%"
"03/17/2017","130.30","130.70","131.40","130.30","717.41K","-0.46%"
"03/16/2017","130.90","131.30","131.60","130.70","336.62K","0.08%"
"03/15/2017","130.80","130.50","131.40","130.30","374.35K","0.54%"
"03/14/2017","130.10","131.70","132.00","130.00","415.22K","-1.21%"
"03/13/2017","131.70","132.30","132.40","131.20","386.48K","-0.60%"
"03/10/2017","132.50","130.00","132.50","129.40","949.85K","2.00%"
"03/09/2017","129.90","129.90","131.60","129.60","491.16K","0.00%"
"03/08/2017","129.90","131.40","131.50","129.50","578.82K","-1.22%"
"03/07/2017","131.50","131.60","132.00","131.20","276.87K","-0.08%"
"03/06/2017","131.60","132.00","132.50","131.50","307.49K","-0.15%"
"03/03/2017","131.80","132.40","132.40","131.20","448.28K","-0.75%"
"03/02/2017","132.80","132.90","133.30","132.10","390.01K","0.23%"
"03/01/2017","132.50","131.50","132.80","131.40","344.82K","1.07%"
"02/28/2017","131.10","132.00","132.00","131.10","775.36K","-0.15%"
"02/27/2017","131.30","132.10","132.10","131.20","278.23K","0.00%"
"02/24/2017","131.30","132.90","133.10","131.10","376.90K","-1.13%"
"02/23/2017","132.80","133.00","133.10","131.60","552.25K","0.68%"
"02/22/2017","131.90","132.70","133.10","131.80","503.64K","-0.23%"
"02/21/2017","132.20","131.80","132.40","131.40","393.82K","0.38%"
"02/20/2017","131.70","132.10","132.10","131.00","499.93K","-0.30%"
"02/17/2017","132.10","132.00","132.40","131.20","625.44K","-0.68%"
"02/16/2017","133.00","134.00","134.20","131.80","766.05K","-1.12%"
"02/15/2017","134.50","136.70","136.70","134.10","610.70K","-1.18%"
"02/14/2017","136.10","136.00","136.80","134.20","634.75K","0.07%"
"02/13/2017","136.00","135.30","136.00","134.50","643.15K","0.52%"
"02/10/2017","135.30","136.00","136.00","131.30","1.23M","0.22%"
"02/09/2017","135.00","138.60","138.60","133.10","1.86M","-5.53%"
"02/08/2017","142.90","143.00","144.80","142.50","673.57K","-0.07%"
"02/07/2017","143.00","141.50","143.00","140.80","266.29K","1.06%"
"02/06/2017","141.50","141.60","141.70","140.70","273.95K","0.00%"
"02/03/2017","141.50","141.00","141.70","140.50","285.17K","0.93%"
"02/02/2017","140.20","140.60","141.00","139.20","324.33K","-0.28%"
"02/01/2017","140.60","141.90","142.40","140.50","580.27K","-0.92%"
"01/31/2017","141.90","141.00","142.00","140.50","425.60K","0.64%"
"01/30/2017","141.00","141.90","141.90","140.00","286.71K","-0.77%"
"01/27/2017","142.10","141.40","142.50","140.90","317.17K","0.71%"
"01/26/2017","141.10","140.00","141.40","139.80","480.20K","0.86%"
"01/25/2017","139.90","137.80","140.50","137.80","507.95K","1.82%"
"01/24/2017","137.40","136.30","137.50","136.30","363.66K","0.88%"
"01/23/2017","136.20","136.20","136.40","135.30","741.75K","0.15%"
"01/20/2017","136.00","137.60","137.80","135.70","403.01K","-1.31%"
"01/19/2017","137.80","137.20","138.00","136.90","253.35K","0.73%"
"01/18/2017","136.80","136.50","136.80","136.00","235.35K","0.07%"
"01/17/2017","136.70","137.00","137.40","135.80","204.58K","-0.22%"
"01/16/2017","137.00","137.90","137.90","136.30","290.75K","-0.87%"
"01/13/2017","138.20","137.50","138.40","137.50","395.80K","0.66%"
"01/12/2017","137.30","137.00","137.90","136.40","925.26K","-0.29%"
"01/11/2017","137.70","136.60","138.00","136.00","395.99K","0.88%"
"01/10/2017","136.50","137.80","138.30","136.50","358.32K","-1.09%"
"01/09/2017","138.00","138.20","138.80","137.70","489.71K","-0.22%"
"01/06/2017","138.30","137.90","138.70","137.70","408.64K","-0.07%"
"01/05/2017","138.40","139.20","139.50","137.60","317.36K","-0.93%"
"01/04/2017","139.70","138.50","139.80","138.30","512.08K","0.79%"
"01/03/2017","138.60","138.70","139.80","138.30","491.41K","-0.07%"
"01/02/2017","138.70","137.40","138.70","136.90","133.05K","1.24%"
"12/30/2016","137.00","136.90","137.30","136.40","217.44K","0.00%"
"12/29/2016","137.00","136.00","137.10","136.00","181.32K","0.37%"
"12/28/2016","136.50","136.90","137.20","136.10","216.48K","-0.29%"
"12/27/2016","136.90","136.10","137.50","136.10","197.59K","0.59%"
"12/23/2016","136.10","135.00","136.30","134.50","274.52K","0.81%"
"12/22/2016","135.00","134.00","135.10","134.00","243.30K","0.37%"
"12/21/2016","134.50","134.90","135.80","134.10","395.25K","-0.15%"
"12/20/2016","134.70","133.80","134.90","133.30","640.77K","0.90%"
"12/19/2016","133.50","133.30","134.60","133.00","624.17K","0.23%"
"12/16/2016","133.20","134.50","135.80","133.20","939.13K","-1.11%"
"12/15/2016","134.70","136.10","137.50","134.00","700.99K","-1.03%"
"12/14/2016","136.10","136.00","136.30","135.80","595.60K","-0.22%"
"12/13/2016","136.40","135.80","136.40","135.00","706.16K","0.29%"
"12/12/2016","136.00","136.10","137.20","135.90","734.63K","-0.07%"
"12/09/2016","136.10","136.20","136.60","135.60","636.48K","0.07%"
"12/08/2016","136.00","136.10","137.10","135.70","771.86K","-0.15%"
"12/07/2016","136.20","136.70","137.80","136.00","647.78K","0.52%"
"12/06/2016","135.50","135.00","136.00","135.00","380.26K","-0.15%"
"12/05/2016","135.70","135.00","136.70","134.80","442.14K","0.52%"
"12/02/2016","135.00","135.20","136.30","134.70","408.89K","-0.15%"
"12/01/2016","135.20","136.20","138.00","135.00","636.40K","-0.73%"
"11/30/2016","136.20","138.40","139.20","136.20","1.51M","-1.66%"
"11/29/2016","138.50","139.30","139.70","138.30","375.65K","-0.93%"
"11/28/2016","139.80","140.20","140.60","139.30","374.84K","-0.43%"
"11/25/2016","140.40","139.30","141.20","139.30","345.49K","0.93%"
"11/24/2016","139.10","140.50","141.10","139.10","574.22K","-1.28%"
"11/23/2016","140.90","142.00","143.20","140.50","335.87K","-0.77%"
"11/22/2016","142.00","141.20","142.30","141.10","353.38K","0.64%"
"11/21/2016","141.10","140.80","141.70","140.70","266.06K","0.43%"
"11/18/2016","140.50","141.80","141.90","140.50","526.24K","-0.71%"
"11/17/2016","141.50","141.30","141.80","140.90","358.52K","0.00%"
"11/16/2016","141.50","141.70","141.90","140.80","301.99K","0.35%"
"11/15/2016","141.00","141.80","141.90","141.00","308.42K","-0.56%"
"11/14/2016","141.80","142.20","143.00","141.00","254.80K","-0.14%"
"11/11/2016","142.00","143.60","145.00","141.70","407.64K","-1.25%"
"11/10/2016","143.80","143.10","144.60","142.70","400.72K","1.27%"
"11/09/2016","142.00","137.40","142.80","135.90","435.09K","0.21%"
"11/08/2016","141.70","141.50","142.60","140.70","257.79K","0.07%"
"11/07/2016","141.60","141.10","141.70","140.20","311.88K","1.51%"
"11/04/2016","139.50","141.10","141.20","138.70","369.48K","-1.83%"
"11/03/2016","142.10","142.10","142.10","141.00","278.17K","0.00%"
"11/02/2016","142.10","144.00","144.00","141.30","484.40K","-1.39%"
"11/01/2016","144.10","145.00","145.00","142.40","626.17K","0.00%"
"10/31/2016","144.10","144.00","145.50","143.60","818.89K","0.07%"
"10/28/2016","144.00","144.00","144.10","141.70","571.22K","-0.28%"
"10/27/2016","144.40","142.20","144.60","141.10","1.00M","2.05%"
"10/26/2016","141.50","150.10","150.10","141.40","1.51M","-8.12%"
"10/25/2016","154.00","153.20","154.00","152.50","402.17K","0.52%"
"10/24/2016","153.20","152.80","153.30","152.10","348.94K","0.59%"
"10/21/2016","152.30","152.20","152.90","151.90","235.89K","-2.99%"
"10/20/2016","157.00","155.60","157.00","155.40","314.04K","0.90%"
"10/19/2016","155.60","156.20","156.40","155.30","392.08K","-0.26%"
"10/18/2016","156.00","157.60","158.50","156.00","398.14K","-0.51%"
"10/17/2016","156.80","156.00","156.90","155.20","381.53K","0.19%"
"10/14/2016","156.50","153.60","156.50","153.10","487.62K","1.89%"
"10/13/2016","153.60","153.20","153.60","152.50","589.98K","0.07%"
"10/12/2016","153.50","154.00","154.80","152.80","302.95K","-0.32%"
"10/11/2016","154.00","154.90","155.00","153.50","250.07K","-0.58%"
"10/10/2016","154.90","153.00","154.90","152.20","296.95K","1.37%"
"10/07/2016","152.80","153.20","153.80","152.20","357.12K","-0.13%"
"10/06/2016","153.00","153.40","154.70","151.80","545.80K","-0.07%"
"10/05/2016","153.10","150.50","153.30","150.20","267.15K","1.46%"
"10/04/2016","150.90","150.00","150.90","149.10","372.25K","0.80%"
"10/03/2016","149.70","149.90","150.20","148.70","259.17K","0.34%"
"09/30/2016","149.20","148.00","149.20","147.90","457.32K","0.74%"
"09/29/2016","148.10","149.40","149.50","147.70","465.37K","-0.60%"
"09/28/2016","149.00","148.30","149.00","148.10","379.42K","0.68%"
"09/27/2016","148.00","149.70","149.80","147.90","431.97K","-0.20%"
"09/26/2016","148.30","149.00","149.70","148.00","257.72K","-1.00%"
"09/23/2016","149.80","149.50","149.90","148.90","243.34K","-0.20%"
"09/22/2016","150.10","149.90","150.10","149.30","329.34K","0.27%"
"09/21/2016","149.70","148.90","149.90","148.40","210.02K","0.74%"
"09/20/2016","148.60","147.30","148.60","146.50","202.67K","0.88%"
"09/19/2016","147.30","145.70","147.30","145.60","255.32K","1.10%"
"09/16/2016","145.70","146.20","146.80","145.20","440.64K","-0.34%"
"09/15/2016","146.20","146.60","146.60","145.20","282.30K","0.27%"
"09/14/2016","145.80","146.20","146.90","145.10","220.41K","-0.14%"
"09/13/2016","146.00","147.30","148.10","145.50","338.04K","-0.82%"
"09/12/2016","147.20","148.10","148.10","145.80","318.86K","-1.41%"
"09/09/2016","149.30","149.30","149.90","148.90","327.89K","-0.20%"
"09/08/2016","149.60","148.70","149.60","148.20","417.18K","1.29%"
"09/07/2016","147.70","146.30","147.80","145.60","354.00K","1.16%"
"09/06/2016","146.00","145.60","146.60","145.00","249.62K","0.21%"
"09/05/2016","145.70","146.90","147.00","145.30","210.04K","-0.55%"
"09/02/2016","146.50","143.60","146.70","143.50","364.26K","2.16%"
"09/01/2016","143.40","143.10","144.60","142.60","220.56K","0.21%"
"08/31/2016","143.10","142.30","143.50","141.60","421.42K","0.42%"
"08/30/2016","142.50","140.60","142.50","140.60","235.01K","1.35%"
"08/29/2016","140.60","140.30","141.00","139.70","144.03K","0.00%"
"08/26/2016","140.60","141.50","141.50","139.40","275.93K","-0.71%"
"08/25/2016","141.60","142.50","142.50","140.70","224.74K","-0.07%"
"08/24/2016","141.70","142.50","142.80","141.50","165.13K","-0.56%"
"08/23/2016","142.50","141.50","142.50","140.80","224.10K","0.92%"
"08/22/2016","141.20","140.50","141.20","139.80","266.30K","0.36%"
"08/19/2016","140.70","140.40","140.80","139.40","179.51K","0.57%"
"08/18/2016","139.90","140.00","140.60","138.80","339.05K","0.65%"
"08/17/2016","139.00","141.40","141.70","139.00","240.87K","-1.70%"
"08/16/2016","141.40","142.60","142.60","140.80","216.61K","-0.84%"
"08/15/2016","142.60","142.30","143.30","142.10","166.91K","0.21%"
"08/12/2016","142.30","143.10","143.50","141.70","157.72K","-0.70%"
"08/11/2016","143.30","142.40","143.40","142.30","225.77K","0.77%"
"08/10/2016","142.20","142.50","143.60","142.20","311.16K","-0.84%"
"08/09/2016","143.40","141.80","143.40","141.10","334.33K","1.06%"
"08/08/2016","141.90","140.90","142.10","140.40","245.99K","0.78%"
"08/05/2016","140.80","140.60","140.90","139.10","232.75K","0.64%"
"08/04/2016","139.90","139.20","140.20","138.10","274.69K","0.50%"
"08/03/2016","139.20","141.40","141.40","138.60","285.34K","-1.56%"
"08/02/2016","141.40","141.60","142.00","140.20","252.67K","-0.35%"
"08/01/2016","141.90","142.70","143.40","141.20","198.91K","-0.28%"
"07/29/2016","142.30","140.50","142.40","140.50","389.49K","1.72%"
"07/28/2016","139.90","140.00","141.70","139.90","318.23K","-0.29%"
"07/27/2016","140.30","140.00","141.10","139.00","213.15K","0.57%"
"07/26/2016","139.50","139.90","140.20","138.90","182.83K","-0.21%"
"07/25/2016","139.80","140.50","140.90","139.60","207.33K","-0.07%"
"07/22/2016","139.90","138.90","139.90","138.50","268.01K","0.14%"
"07/21/2016","139.70","141.00","142.00","138.80","437.49K","-0.92%"
"07/20/2016","141.00","140.20","141.00","139.00","331.67K","0.57%"
"07/19/2016","140.20","139.00","140.20","138.00","410.63K","0.94%"
"07/18/2016","138.90","136.50","139.60","136.50","517.47K","1.91%"
"07/15/2016","136.30","143.20","143.30","136.30","917.52K","-4.75%"
"07/14/2016","143.10","142.60","143.40","141.50","335.11K","0.21%"
"07/13/2016","142.80","142.70","143.50","142.30","325.29K","-0.07%"
"07/12/2016","142.90","141.50","143.40","141.30","417.04K","0.63%"
"07/11/2016","142.00","142.70","143.00","141.40","415.14K","0.14%"
"07/08/2016","141.80","139.80","141.80","139.70","308.95K","0.57%"
"07/07/2016","141.00","140.80","141.20","140.10","349.95K","1.37%"
"07/06/2016","139.10","139.00","140.50","138.70","438.57K","0.36%"
"07/05/2016","138.60","140.20","140.60","138.60","233.09K","-1.00%"
"07/04/2016","140.00","141.50","142.50","140.00","353.44K","-1.06%"
"07/01/2016","141.50","139.80","141.50","139.00","413.61K","2.02%"
"06/30/2016","138.70","138.60","139.50","137.00","527.70K","0.14%"
"06/29/2016","138.50","134.50","138.50","132.20","934.86K","2.52%"
"06/28/2016","135.10","135.00","136.20","134.30","581.70K","1.73%"
"06/27/2016","132.80","137.20","138.60","132.80","633.06K","-3.28%"
"06/24/2016","137.30","137.00","138.90","136.00","640.12K","-3.31%"
"06/23/2016","142.00","141.60","142.90","141.00","346.10K","0.28%"
"06/22/2016","141.60","140.20","142.10","140.00","385.97K","1.43%"
"06/21/2016","139.60","140.00","140.10","138.90","353.08K","0.14%"
"06/20/2016","139.40","137.90","139.80","137.60","361.44K","2.20%"
"06/17/2016","136.40","136.80","137.20","135.30","711.14K","1.04%"
"06/16/2016","135.00","137.60","137.60","134.00","688.50K","-2.67%"
"06/15/2016","138.70","136.10","138.70","135.50","661.24K","1.99%"
"06/14/2016","136.00","138.00","138.30","135.70","385.70K","-1.66%"
"06/13/2016","138.30","138.50","139.10","137.60","362.63K","-1.14%"
"06/10/2016","139.90","143.20","143.40","139.40","421.85K","-2.44%"
"06/09/2016","143.40","143.70","144.50","143.40","300.48K","-0.69%"
"06/08/2016","144.40","144.00","144.40","143.50","424.12K","-0.14%"
"06/07/2016","144.60","144.10","144.70","143.30","294.87K","0.28%"
"06/06/2016","144.20","143.30","144.20","143.30","207.81K","0.63%"
"06/03/2016","143.30","143.60","144.90","143.30","408.92K","-0.28%"
"06/02/2016","143.70","144.00","144.20","143.10","418.64K","-0.35%"
"06/01/2016","144.20","144.30","144.60","143.40","460.36K","-0.07%"
"05/31/2016","144.30","143.70","144.90","143.50","1.21M","0.63%"
"05/30/2016","143.40","142.30","143.40","142.30","219.60K","0.63%"
"05/27/2016","142.50","140.50","142.50","140.50","356.68K","1.06%"
"05/26/2016","141.00","140.80","141.00","139.90","313.03K","0.00%"
"05/25/2016","141.00","140.00","141.00","139.60","423.98K","1.00%"
"05/24/2016","139.60","137.40","139.60","137.40","638.54K","1.09%"
"05/23/2016","138.10","138.40","138.80","137.70","183.88K","-0.14%"
"05/20/2016","138.30","137.90","138.30","137.10","734.13K","1.24%"
"05/19/2016","136.60","137.90","137.90","136.50","440.08K","-0.80%"
"05/18/2016","137.70","137.40","137.70","136.50","444.79K","0.22%"
"05/13/2016","137.40","135.80","137.80","135.40","376.19K","0.88%"
"05/12/2016","136.20","136.80","137.30","136.20","384.04K","-0.66%"
"05/11/2016","137.10","136.30","137.20","136.30","355.17K","0.51%"
"05/10/2016","136.40","136.80","137.30","136.10","448.80K","-0.15%"
"05/09/2016","136.60","136.30","137.70","136.30","582.60K","0.22%"
"05/06/2016","136.30","136.90","137.40","135.90","393.30K","-0.44%"
"05/04/2016","136.90","136.90","138.00","136.80","308.81K","0.07%"
"05/03/2016","136.80","137.90","138.00","136.20","515.54K","-0.80%"
"05/02/2016","137.90","138.30","138.30","137.10","368.88K","0.00%"
"04/29/2016","137.90","137.20","138.80","137.10","574.03K","-0.14%"
"04/28/2016","138.10","139.50","141.50","137.80","1.10M","0.73%"
"04/27/2016","137.10","136.70","137.30","136.20","713.59K","0.37%"
"04/26/2016","136.60","136.70","136.70","135.80","461.61K","0.66%"
"04/25/2016","135.70","136.50","137.10","135.40","528.02K","-0.44%"
"04/22/2016","136.30","136.00","136.70","135.00","437.05K","0.37%"
"04/21/2016","135.80","136.30","136.90","135.20","360.42K","0.52%"
"04/20/2016","135.10","135.70","135.80","134.60","335.14K","-0.37%"
"04/19/2016","135.60","133.00","135.70","132.80","485.94K","2.26%"
"04/18/2016","132.60","132.00","133.80","131.20","445.62K","0.08%"
"04/15/2016","132.50","134.60","134.70","132.30","465.37K","-1.56%"
"04/14/2016","134.60","133.00","135.00","132.80","668.00K","1.13%"
"04/13/2016","133.10","134.90","135.20","132.30","1.64M","-0.45%"
"04/12/2016","133.70","132.00","134.00","131.40","423.90K","1.29%"
"04/11/2016","132.00","131.10","132.00","129.10","535.58K","1.15%"
"04/08/2016","130.50","131.00","131.50","129.00","671.84K","-4.11%"
"04/07/2016","136.10","138.50","139.00","136.10","553.49K","-1.02%"
"04/06/2016","137.50","135.20","138.00","134.50","637.74K","2.08%"
"04/05/2016","134.70","136.60","136.80","134.20","514.37K","-1.75%"
"04/04/2016","137.10","136.80","137.60","135.80","296.75K","0.51%"
"04/01/2016","136.40","139.00","139.00","134.80","589.12K","-1.94%"
"03/31/2016","139.10","138.50","139.50","138.50","1.61M","-0.36%"
"03/30/2016","139.60","137.30","139.60","137.30","419.40K","1.90%"
"03/29/2016","137.00","139.30","139.50","136.00","424.39K","-2.91%"
"03/23/2016","141.10","141.90","142.80","141.10","150.04K","-0.56%"
"03/22/2016","141.90","142.60","142.70","141.10","329.60K","-0.49%"
"03/21/2016","142.60","141.00","142.80","140.50","309.91K","0.85%"
"03/18/2016","141.40","139.80","141.40","139.30","435.54K","1.00%"
"03/17/2016","140.00","140.40","140.60","137.20","569.36K","-0.21%"
"03/16/2016","140.30","139.00","140.30","138.60","389.56K","1.23%"
"03/15/2016","138.60","139.00","139.30","137.70","322.28K","-0.07%"
"03/14/2016","138.70","139.70","140.00","137.60","371.21K","-0.72%"
"03/11/2016","139.70","138.10","139.80","137.00","395.63K","1.38%"
"03/10/2016","137.80","137.00","138.60","135.80","503.71K","1.55%"
"03/09/2016","135.70","135.50","135.90","134.00","428.35K","0.00%"
"03/08/2016","135.70","134.00","135.70","132.40","398.84K","0.89%"
"03/07/2016","134.50","137.00","137.00","133.60","287.47K","-1.18%"
"03/04/2016","136.10","134.70","136.40","134.30","357.71K","1.34%"
"03/03/2016","134.30","135.50","136.00","133.80","336.10K","-0.52%"
"03/02/2016","135.00","136.70","138.00","134.30","529.72K","-2.24%"
"03/01/2016","138.10","137.60","139.00","136.60","277.52K","0.95%"
"02/29/2016","136.80","138.00","138.30","135.90","479.40K","-1.30%"
"02/26/2016","138.60","137.50","138.90","137.50","395.98K","1.46%"
"02/25/2016","136.60","136.40","136.70","135.30","283.92K","2.32%"
"02/24/2016","133.50","135.50","136.40","132.90","550.64K","-1.84%"
"02/23/2016","136.00","137.50","137.80","135.70","405.50K","-1.31%"
"02/22/2016","137.80","135.30","137.80","135.30","439.92K","2.84%"
"02/19/2016","134.00","135.00","135.60","133.30","433.73K","-1.18%"
"02/18/2016","135.60","136.20","136.80","134.00","543.28K","0.44%"
"02/17/2016","135.00","132.20","135.00","132.20","623.69K","2.12%"
"02/16/2016","132.20","136.70","136.70","132.10","545.12K","-1.71%"
"02/15/2016","134.50","134.30","135.50","133.50","596.82K","1.82%"
"02/12/2016","132.10","133.20","135.10","131.80","734.33K","-0.38%"
"02/11/2016","132.60","137.10","137.20","132.60","954.95K","-4.26%"
"02/10/2016","138.50","140.50","143.00","138.10","910.72K","-1.42%"
"02/09/2016","140.50","141.80","144.70","140.00","1.05M","-1.06%"
"02/08/2016","142.00","145.30","145.70","141.80","878.70K","-2.14%"
"02/05/2016","145.10","143.60","145.50","143.00","830.29K","1.04%"
"02/04/2016","143.60","143.10","144.70","142.30","913.26K","1.63%"
"02/03/2016","141.30","141.00","143.90","139.00","1.00M","1.73%"
"02/02/2016","138.90","139.00","140.00","138.00","733.95K","-0.07%"
"02/01/2016","139.00","137.70","139.50","137.30","686.31K","0.94%"
"01/29/2016","137.70","136.80","137.70","136.20","871.04K","1.77%"
"01/28/2016","135.30","134.70","135.50","132.00","657.22K","0.82%"
"01/27/2016","134.20","134.70","134.80","132.70","374.37K","-0.45%"
"01/26/2016","134.80","130.50","134.80","130.10","438.35K","1.35%"
"01/25/2016","133.00","135.00","135.00","132.70","331.77K","-1.04%"
"01/22/2016","134.40","133.50","134.60","132.00","678.53K","3.23%"
"01/21/2016","130.20","129.00","131.80","127.30","719.70K","0.93%"
"01/20/2016","129.00","131.10","132.00","128.60","543.44K","-3.52%"
"01/19/2016","133.70","132.30","133.70","131.50","625.01K","2.53%"
"01/18/2016","130.40","130.10","131.80","129.00","443.59K","-0.61%"
"01/15/2016","131.20","132.50","133.50","128.80","502.93K","-0.98%"
"01/14/2016","132.50","135.00","135.00","131.50","585.02K","-2.93%"
"01/13/2016","136.50","137.10","139.00","136.30","433.92K","0.59%"
"01/12/2016","135.70","133.50","136.60","132.00","452.98K","1.27%"
"01/11/2016","134.00","134.90","136.20","133.30","288.50K","-1.03%"
"01/08/2016","135.40","134.50","137.20","134.50","304.81K","0.74%"
"01/07/2016","134.40","136.10","136.10","132.50","464.39K","-2.61%"
"01/06/2016","138.00","138.40","139.20","137.10","330.52K","0.15%"
"01/05/2016","137.80","142.00","142.00","137.50","350.50K","-0.79%"
"01/04/2016","138.90","141.10","141.10","138.30","313.43K","-2.25%"
"12/30/2015","142.10","141.80","142.70","141.50","256.66K","0.21%"
"12/29/2015","141.80","140.60","141.80","140.10","164.62K","0.78%"
"12/28/2015","140.70","140.80","141.40","139.70","132.71K","-0.07%"
"12/23/2015","140.80","138.50","141.00","137.70","221.90K","1.59%"
"12/22/2015","138.60","139.00","139.50","137.30","290.39K","-0.43%"
"12/21/2015","139.20","139.00","139.80","138.00","328.09K","0.00%"
"12/18/2015","139.20","140.60","141.90","139.20","718.63K","-1.76%"
"12/17/2015","141.70","141.40","143.00","141.10","339.64K","0.43%"
"12/16/2015","141.10","139.70","141.30","138.70","475.55K","1.22%"
"12/15/2015","139.40","137.90","139.40","137.70","391.73K","1.09%"
"12/14/2015","137.90","137.00","139.20","136.30","482.94K","0.07%"
"12/11/2015","137.80","138.60","138.70","137.20","472.47K","-0.79%"
"12/10/2015","138.90","139.60","140.20","138.00","337.85K","-0.79%"
"12/09/2015","140.00","140.00","140.30","138.50","432.18K","-0.28%"
"12/08/2015","140.40","141.60","141.80","140.30","434.99K","-0.99%"
"12/07/2015","141.80","140.00","142.20","139.50","290.81K","1.29%"
"12/04/2015","140.00","139.30","140.00","138.10","465.89K","0.07%"
"12/03/2015","139.90","141.50","143.00","139.90","291.17K","-1.62%"
"12/02/2015","142.20","142.70","143.20","141.90","275.98K","-0.35%"
"12/01/2015","142.70","141.50","143.10","141.10","547.18K","1.71%"
"11/30/2015","140.30","140.00","140.80","139.60","718.33K","0.14%"
"11/27/2015","140.10","139.10","140.60","138.70","331.24K","-0.21%"
"11/26/2015","140.40","140.60","140.90","139.90","284.75K","-0.14%"
"11/25/2015","140.60","137.60","140.90","137.60","641.94K","2.18%"
"11/24/2015","137.60","138.40","138.50","136.70","456.99K","-0.51%"
"11/23/2015","138.30","138.40","138.40","137.20","267.96K","0.00%"
"11/20/2015","138.30","137.00","138.40","135.70","553.21K","0.80%"
"11/19/2015","137.20","136.20","138.20","136.00","459.51K","0.81%"
"11/18/2015","136.10","133.90","136.10","133.90","381.66K","1.26%"
"11/17/2015","134.40","133.50","134.90","133.10","440.56K","0.67%"
"11/16/2015","133.50","132.00","133.90","131.40","271.15K","0.38%"
"11/13/2015","133.00","132.70","133.10","131.70","546.55K","0.76%"
"11/12/2015","132.00","133.30","134.20","132.00","452.91K","-0.75%"
"11/11/2015","133.00","131.00","133.30","131.00","470.80K","1.53%"
"11/10/2015","131.00","131.20","131.50","130.00","373.02K","-0.38%"
"11/09/2015","131.50","132.90","133.30","131.20","405.22K","-1.28%"
"11/06/2015","133.20","132.20","133.40","131.20","398.48K","0.15%"
"11/05/2015","133.00","133.00","133.40","132.30","320.94K","-0.37%"
"11/04/2015","133.50","131.70","133.50","131.40","719.94K","1.14%"
"11/03/2015","132.00","131.00","132.00","131.00","403.01K","0.92%"
"11/02/2015","130.80","129.00","130.80","129.00","365.71K","1.24%"
"10/30/2015","129.20","131.60","132.00","128.60","661.20K","-1.90%"
"10/29/2015","131.70","129.70","131.90","129.40","702.64K","1.54%"
"10/28/2015","129.70","128.20","130.00","128.20","373.81K","1.09%"
"10/27/2015","128.30","128.90","130.00","128.10","595.95K","-0.23%"
"10/26/2015","128.60","128.00","131.00","128.00","1.08M","0.47%"
"10/23/2015","128.00","125.80","131.70","122.80","2.66M","12.28%"
"10/22/2015","114.00","115.00","115.00","112.80","476.50K","0.00%"
"10/21/2015","114.00","115.00","115.20","113.50","306.75K","-0.70%"
"10/20/2015","114.80","115.90","115.90","113.80","298.66K","-0.35%"
"10/19/2015","115.20","115.00","116.50","114.70","371.27K","1.05%"
"10/16/2015","114.00","114.00","114.60","114.00","175.42K","0.53%"
"10/15/2015","113.40","112.30","113.90","112.30","281.76K","0.98%"
"10/14/2015","112.30","112.50","113.20","111.90","273.22K","-1.23%"
"10/13/2015","113.70","114.50","114.90","112.70","298.64K","-0.70%"
"10/12/2015","114.50","117.20","117.20","114.50","341.94K","-1.97%"
"10/09/2015","116.80","117.50","118.00","116.80","250.11K","-0.26%"
"10/08/2015","117.10","118.00","118.10","117.10","266.97K","-0.76%"
"10/07/2015","118.00","118.70","118.70","117.20","499.72K","-0.17%"
"10/06/2015","118.20","118.60","118.70","117.00","501.53K","0.00%"
"10/05/2015","118.20","116.70","119.40","116.70","681.03K","3.87%"
"10/02/2015","113.80","114.50","115.50","113.40","406.30K","-0.35%"
"10/01/2015","114.20","114.70","115.50","113.70","596.54K","-0.35%"
"09/30/2015","114.60","112.70","114.80","112.50","522.69K","2.32%"
"09/29/2015","112.00","113.00","113.60","111.00","853.72K","-1.32%"
"09/28/2015","113.50","115.20","115.30","113.50","244.97K","-1.56%"
"09/25/2015","115.30","114.40","115.50","114.00","354.61K","2.13%"
"09/24/2015","112.90","114.30","115.40","112.80","388.20K","-1.40%"
"09/23/2015","114.50","114.60","115.30","114.10","290.65K","-0.17%"
"09/22/2015","114.70","116.00","116.50","113.70","293.83K","-1.12%"
"09/21/2015","116.00","116.00","116.60","115.60","234.14K","0.26%"
"09/18/2015","115.70","117.50","117.60","115.60","498.07K","-1.53%"
"09/17/2015","117.50","115.90","117.80","115.60","549.52K","1.29%"
"09/16/2015","116.00","116.10","116.70","115.50","430.67K","-0.17%"
"09/15/2015","116.20","116.20","116.90","115.50","493.93K","-0.60%"
"09/14/2015","116.90","117.50","117.90","115.80","439.31K","-0.51%"
"09/11/2015","117.50","118.50","119.10","117.50","351.25K","-0.76%"
"09/10/2015","118.40","120.00","120.70","118.20","434.78K","-2.31%"
"09/09/2015","121.20","121.60","122.10","120.50","308.65K","0.83%"
"09/08/2015","120.20","118.30","120.40","118.10","395.43K","1.78%"
"09/07/2015","118.10","120.10","120.50","117.00","568.80K","-1.34%"
"09/04/2015","119.70","120.90","121.60","119.50","390.61K","-2.13%"
"09/03/2015","122.30","120.20","122.30","120.20","425.45K","1.66%"
"09/02/2015","120.30","120.80","121.20","119.50","314.69K","-0.17%"
"09/01/2015","120.50","122.50","122.90","120.20","461.90K","-1.95%"
"08/31/2015","122.90","121.50","122.90","121.10","389.09K","1.07%"
"08/28/2015","121.60","122.80","122.90","120.40","656.67K","-0.73%"
"08/27/2015","122.50","122.60","123.80","121.90","537.17K","0.99%"
"08/26/2015","121.30","120.30","122.00","118.30","539.95K","0.83%"
"08/25/2015","120.30","118.50","121.50","117.70","667.15K","2.21%"
"08/24/2015","117.70","117.30","120.60","115.50","968.56K","-4.62%"
"08/21/2015","123.40","125.00","125.10","123.00","332.16K","-1.36%"
"08/20/2015","125.10","126.10","127.10","124.60","365.58K","-1.18%"
"08/19/2015","126.60","127.70","128.00","125.40","321.04K","-0.86%"
"08/18/2015","127.70","128.10","128.40","127.30","247.17K","-0.08%"
"08/17/2015","127.80","128.40","128.50","127.40","180.15K","0.16%"
"08/14/2015","127.60","128.40","128.70","127.30","311.21K","-0.62%"
"08/13/2015","128.40","127.50","129.40","127.50","314.20K","1.18%"
"08/12/2015","126.90","128.40","128.40","126.90","341.76K","-1.40%"
"08/11/2015","128.70","129.90","130.70","127.70","337.51K","-0.77%"
"08/10/2015","129.70","130.00","130.00","128.80","292.82K","-0.31%"
"08/07/2015","130.10","129.60","130.30","128.70","280.04K","0.39%"
"08/06/2015","129.60","131.40","131.40","128.80","382.00K","-1.22%"
"08/05/2015","131.20","131.80","132.40","130.90","222.78K","-0.68%"
"08/04/2015","132.10","131.30","132.50","131.20","198.60K","0.08%"
"08/03/2015","132.00","130.80","132.30","130.40","268.22K","0.69%"
"07/31/2015","131.10","132.00","132.60","128.40","722.08K","-0.76%"
"07/30/2015","132.10","132.30","133.20","131.40","255.76K","-0.15%"
"07/29/2015","132.30","131.80","132.60","131.50","274.31K","0.38%"
"07/28/2015","131.80","130.30","131.90","130.30","373.21K","0.92%"
"07/27/2015","130.60","132.10","132.40","130.50","383.28K","-1.51%"
"07/24/2015","132.60","132.70","134.30","132.50","398.28K","-0.23%"
"07/23/2015","132.90","133.50","134.00","132.80","238.88K","-0.30%"
"07/22/2015","133.30","133.60","134.40","132.90","511.67K","-0.52%"
"07/21/2015","134.00","134.80","135.50","133.30","358.71K","-0.74%"
"07/20/2015","135.00","134.90","136.00","134.40","411.82K","0.15%"
"07/17/2015","134.80","135.60","136.30","134.10","608.38K","-0.37%"
"07/16/2015","135.30","133.80","135.90","133.80","527.26K","1.35%"
"07/15/2015","133.50","129.80","134.00","129.60","732.81K","3.49%"
"07/14/2015","129.00","131.50","134.70","128.70","1.07M","0.39%"
"07/13/2015","128.50","127.80","128.50","127.60","402.76K","0.86%"
"07/10/2015","127.40","127.00","127.60","126.30","429.60K","0.79%"
"07/09/2015","126.40","123.90","126.50","123.80","389.13K","2.43%"
"07/08/2015","123.40","123.30","123.70","122.10","457.92K","-0.24%"
"07/07/2015","123.70","124.50","124.80","123.20","419.06K","-0.56%"
"07/06/2015","124.40","124.20","125.00","123.20","286.29K","-1.19%"
"07/03/2015","125.90","126.50","126.50","125.30","280.19K","-0.40%"
"07/02/2015","126.40","126.70","126.90","125.80","320.01K","-0.08%"
"07/01/2015","126.50","127.00","127.00","125.00","712.73K","0.08%"
"06/30/2015","126.40","122.90","127.10","122.20","1.09M","2.60%"
"06/29/2015","123.20","120.50","123.90","119.90","808.73K","-1.36%"
"06/26/2015","124.90","123.00","124.90","122.90","497.86K","0.97%"
"06/25/2015","123.70","123.00","124.20","122.70","414.06K","-0.08%"
"06/24/2015","123.80","124.20","124.20","123.30","567.96K","-0.16%"
"06/23/2015","124.00","123.30","124.20","122.90","493.00K","0.65%"
"06/22/2015","123.20","122.00","123.20","121.20","584.89K","1.57%"
"06/19/2015","121.30","120.30","121.50","119.50","721.41K","0.41%"
"06/18/2015","120.80","118.60","121.20","118.60","615.77K","0.83%"
"06/17/2015","119.80","120.00","120.70","119.70","477.95K","0.42%"
"06/16/2015","119.30","119.00","119.80","117.90","699.44K","0.25%"
"06/15/2015","119.00","120.00","120.20","118.60","460.17K","-0.83%"
"06/12/2015","120.00","121.90","121.90","120.00","697.84K","-1.64%"
"06/11/2015","122.00","121.00","122.50","121.00","601.28K","0.83%"
"06/10/2015","121.00","121.10","121.40","120.40","892.32K","-0.08%"
"06/09/2015","121.10","121.50","121.80","120.50","459.25K","-0.82%"
"06/08/2015","122.10","122.40","122.40","121.10","531.25K","-0.25%"
"06/05/2015","122.40","121.00","123.10","120.60","778.27K","0.66%"
"06/04/2015","121.60","121.40","122.00","120.60","639.30K","-0.08%"
"06/03/2015","121.70","120.40","122.20","120.00","653.52K","1.08%"
"06/02/2015","120.40","121.10","121.30","117.90","927.77K","-0.41%"
"06/01/2015","120.90","120.50","121.00","119.40","796.42K","0.75%"
"05/29/2015","120.00","122.00","122.10","119.80","1.20M","-1.64%"
"05/28/2015","122.00","123.80","123.80","121.10","1.11M","-1.53%"
"05/27/2015","123.90","123.60","124.20","122.60","698.51K","0.24%"
"05/26/2015","123.60","126.40","126.60","123.60","1.06M","-2.14%"
"05/22/2015","126.30","129.00","129.30","125.50","924.43K","-1.94%"
"05/21/2015","128.80","128.20","129.00","127.70","352.80K","0.47%"
"05/20/2015","128.20","128.40","129.10","128.20","996.53K","0.00%"
"05/19/2015","128.20","128.30","128.30","127.30","403.48K","0.87%"
"05/18/2015","127.10","127.40","128.40","126.80","468.30K","0.47%"
"05/15/2015","126.50","127.80","128.00","126.50","439.74K","-0.39%"
"05/13/2015","127.00","125.50","127.50","125.10","729.15K","1.44%"
"05/12/2015","125.20","125.40","125.80","123.00","882.92K","-0.08%"
"05/11/2015","125.30","125.50","126.40","124.80","639.80K","-0.08%"
"05/08/2015","125.40","126.10","126.10","124.50","994.63K","-0.32%"
"05/07/2015","125.80","127.00","127.20","124.90","1.10M","-0.71%"
"05/06/2015","126.70","130.00","130.00","124.10","1.50M","-3.72%"
"05/05/2015","131.60","130.00","131.90","128.60","974.97K","0.38%"
"05/04/2015","131.10","132.00","132.40","129.30","618.18K","0.00%"
"04/30/2015","131.10","129.30","131.20","128.90","736.47K","1.71%"
"04/29/2015","128.90","132.80","133.30","128.60","644.77K","-2.94%"
"04/28/2015","132.80","137.00","137.00","131.60","754.19K","-2.35%"
"04/27/2015","136.00","133.50","136.70","133.50","477.24K","1.87%"
"04/24/2015","133.50","133.90","134.40","132.70","616.42K","-3.96%"
"04/23/2015","139.00","140.50","140.80","136.00","820.85K","-0.93%"
"04/22/2015","140.30","142.00","142.30","140.20","431.78K","-1.06%"
"04/21/2015","141.80","141.60","142.90","141.10","354.68K","0.78%"
"04/20/2015","140.70","141.10","142.50","140.20","405.60K","-0.50%"
"04/17/2015","141.40","142.10","142.60","140.70","457.44K","-0.98%"
"04/16/2015","142.80","144.00","144.00","142.00","405.91K","-0.49%"
"04/15/2015","143.50","143.00","143.80","142.00","549.79K","-0.42%"
"04/14/2015","144.10","144.00","144.50","142.80","407.57K","-1.23%"
"04/13/2015","145.90","146.10","146.60","145.50","479.44K","0.07%"
"04/10/2015","145.80","143.70","145.80","143.50","388.24K","1.25%"
"04/09/2015","144.00","143.70","144.00","142.80","474.54K","0.42%"
"04/08/2015","143.40","142.90","143.60","142.80","427.13K","-0.21%"
"04/07/2015","143.70","140.20","143.70","139.80","685.29K","2.94%"
"04/01/2015","139.60","139.00","139.90","138.30","202.34K","0.29%"
"03/31/2015","139.20","139.00","139.90","138.30","722.14K","0.51%"
"03/30/2015","138.50","138.60","139.00","137.80","248.26K","0.07%"
"03/27/2015","138.40","137.80","138.60","136.80","504.49K","0.73%"
"03/26/2015","137.40","139.30","139.30","136.50","518.74K","-2.00%"
"03/25/2015","140.20","140.90","141.00","139.60","528.41K","-0.28%"
"03/24/2015","140.60","139.50","141.00","139.50","375.66K","0.14%"
"03/23/2015","140.40","139.10","140.70","138.10","461.75K","-0.21%"
"03/20/2015","140.70","140.30","141.00","139.30","476.41K","0.50%"
"03/19/2015","140.00","140.50","141.00","139.40","627.66K","-0.36%"
"03/18/2015","140.50","140.20","141.40","139.30","585.64K","1.01%"
"03/17/2015","139.10","138.60","139.40","138.50","372.49K","0.14%"
"03/16/2015","138.90","138.70","139.30","137.50","444.60K","-0.07%"
"03/13/2015","139.00","138.50","139.60","137.20","540.31K","0.87%"
"03/12/2015","137.80","136.90","138.70","136.50","755.98K","1.03%"
"03/11/2015","136.40","134.80","136.70","134.50","361.22K","1.72%"
"03/10/2015","134.10","134.80","135.40","133.80","526.65K","-0.52%"
"03/09/2015","134.80","134.80","135.00","133.10","370.54K","0.00%"
"03/06/2015","134.80","134.00","135.50","133.90","366.76K","0.22%"
"03/05/2015","134.50","134.00","134.50","133.50","679.38K","2.36%"
"03/04/2015","131.40","131.80","132.20","130.20","387.56K","-0.45%"
"03/03/2015","132.00","133.00","133.30","131.70","376.66K","-0.75%"
"03/02/2015","133.00","133.80","134.70","132.10","499.94K","-0.45%"
"02/27/2015","133.60","134.50","134.80","133.10","1.02M","-0.67%"
"02/26/2015","134.50","134.20","134.80","133.00","422.84K","0.67%"
"02/25/2015","133.60","132.00","134.30","131.80","729.18K","1.14%"
"02/24/2015","132.10","132.00","133.00","131.60","726.65K","-0.23%"
"02/23/2015","132.40","133.50","133.80","132.00","439.58K","-0.30%"
"02/20/2015","132.80","131.70","132.80","130.90","548.57K","0.61%"
"02/19/2015","132.00","131.90","132.40","131.10","508.38K","-0.08%"
"02/18/2015","132.10","131.90","132.90","131.50","584.34K","0.46%"
"02/17/2015","131.50","130.00","131.80","129.60","815.69K","1.15%"
"02/16/2015","130.00","130.10","130.40","129.30","548.75K","-0.08%"
"02/13/2015","130.10","130.30","130.80","129.60","915.83K","0.08%"
"02/12/2015","130.00","129.50","130.70","129.10","731.34K","0.54%"
"02/11/2015","129.30","129.80","130.40","128.60","519.23K","-0.31%"
"02/10/2015","129.70","129.90","129.90","128.30","515.34K","0.23%"
"02/09/2015","129.40","129.50","129.70","128.20","596.26K","-0.38%"
"02/06/2015","129.90","128.50","129.90","126.40","977.99K","1.09%"
"02/05/2015","128.50","125.40","128.50","125.20","1.74M","2.80%"
"02/04/2015","125.00","132.50","133.00","124.40","2.17M","-4.87%"
"02/03/2015","131.40","130.70","131.40","130.00","833.91K","0.77%"
"02/02/2015","130.40","130.50","131.00","129.60","507.27K","-0.08%"
"01/30/2015","130.50","131.90","132.50","130.50","872.87K","-0.91%"
"01/29/2015","131.70","131.00","131.70","130.50","864.86K","0.38%"
"01/28/2015","131.20","130.00","132.50","129.80","1.23M","1.08%"
"01/27/2015","129.80","129.40","130.00","129.20","491.37K","0.31%"
"01/26/2015","129.40","128.00","129.40","127.00","492.31K","0.94%"
"01/23/2015","128.20","127.00","128.30","125.80","839.39K","1.50%"
"01/22/2015","126.30","124.90","126.40","124.20","622.99K","1.04%"
"01/21/2015","125.00","123.80","125.00","123.40","576.62K","0.81%"
"01/20/2015","124.00","127.70","128.00","123.90","637.04K","-2.90%"
"01/19/2015","127.70","125.10","127.80","124.70","678.15K","2.24%"
"01/16/2015","124.90","124.00","125.40","123.30","485.84K","0.32%"
"01/15/2015","124.50","124.50","124.80","121.50","814.26K","0.48%"
"01/14/2015","123.90","124.60","124.60","122.80","708.37K","-0.48%"
"01/13/2015","124.50","122.90","124.70","122.40","637.53K","0.97%"
"01/12/2015","123.30","124.60","125.60","123.20","430.83K","-0.88%"
"01/09/2015","124.40","124.10","125.40","123.90","564.97K","0.24%"
"01/08/2015","124.10","124.50","125.00","123.40","557.45K","0.16%"
"01/07/2015","123.90","120.20","124.60","119.60","842.04K","2.91%"
"01/06/2015","120.40","120.30","120.70","118.90","523.87K","0.33%"
"01/05/2015","120.00","122.30","123.20","120.00","649.37K","-1.88%"
"01/02/2015","122.30","122.70","123.10","121.20","348.55K","0.25%"
"12/30/2014","122.00","121.70","122.50","120.70","350.47K","0.25%"
"12/29/2014","121.70","122.50","122.90","121.40","309.93K","-0.65%"
"12/23/2014","122.50","122.90","123.50","122.40","471.17K","-0.49%"
"12/22/2014","123.10","120.20","123.10","120.20","658.28K","2.41%"
"12/19/2014","120.20","120.20","120.40","119.10","1.09M","0.17%"
"12/18/2014","120.00","120.90","120.90","119.50","1.14M","0.17%"
"12/17/2014","119.80","117.50","120.00","116.90","825.88K","1.96%"
"12/16/2014","117.50","116.70","117.90","115.60","835.11K","0.00%"
"12/15/2014","117.50","118.20","120.30","117.50","837.74K","-0.76%"
"12/12/2014","118.40","119.80","120.00","117.60","853.99K","-1.25%"
"12/11/2014","119.90","119.80","120.70","119.00","1.29M","0.08%"
"12/10/2014","119.80","119.30","120.50","118.90","630.27K","0.34%"
"12/09/2014","119.40","120.60","120.70","119.30","654.25K","-1.49%"
"12/08/2014","121.20","121.10","121.60","119.90","561.30K","-0.25%"
"12/05/2014","121.50","122.30","122.30","121.20","692.03K","-0.57%"
"12/04/2014","122.20","122.90","123.20","121.40","613.49K","-0.24%"
"12/03/2014","122.50","121.70","123.70","121.20","616.15K","0.66%"
"12/02/2014","121.70","122.00","122.40","121.20","491.31K","0.50%"
"12/01/2014","121.10","120.00","121.90","118.80","608.62K","0.67%"
"11/28/2014","120.30","122.10","122.30","120.30","940.13K","-1.80%"
"11/27/2014","122.50","122.80","123.40","121.40","500.38K","-0.16%"
"11/26/2014","122.70","123.80","124.20","122.10","675.29K","-1.13%"
"11/25/2014","124.10","123.90","124.80","123.10","1.03M","0.32%"
"11/24/2014","123.70","124.20","124.80","123.50","465.41K","-0.40%"
"11/21/2014","124.20","125.00","125.20","123.30","682.04K","-0.72%"
"11/20/2014","125.10","127.20","127.30","124.80","478.26K","-1.73%"
"11/19/2014","127.30","126.00","127.40","125.60","386.51K","0.87%"
"11/18/2014","126.20","125.30","126.70","125.20","578.21K","0.88%"
"11/17/2014","125.10","124.20","125.10","123.00","381.01K","0.24%"
"11/14/2014","124.80","124.40","125.50","122.80","580.64K","0.56%"
"11/13/2014","124.10","123.90","124.60","123.30","486.62K","0.16%"
"11/12/2014","123.90","124.80","125.50","123.70","502.04K","-0.64%"
"11/11/2014","124.70","123.00","125.50","122.50","837.79K","2.21%"
"11/10/2014","122.00","123.30","123.50","121.60","672.12K","-0.73%"
"11/07/2014","122.90","125.50","125.80","122.40","493.70K","-1.76%"
"11/06/2014","125.10","127.00","127.00","124.20","624.21K","-1.03%"
"11/05/2014","126.40","123.70","126.70","123.70","654.94K","2.10%"
"11/04/2014","123.80","123.50","124.50","122.90","432.40K","0.24%"
"11/03/2014","123.50","122.50","124.40","122.50","672.68K","0.82%"
"10/31/2014","122.50","122.80","124.10","122.20","731.69K","0.66%"
"10/30/2014","121.70","120.90","121.80","119.20","612.58K","0.50%"
"10/29/2014","121.10","121.30","121.90","120.50","670.28K","0.50%"
"10/28/2014","120.50","120.10","121.60","119.60","811.41K","-2.35%"
"10/27/2014","123.40","124.30","124.50","122.60","645.27K","0.24%"
"10/24/2014","123.10","123.00","124.50","122.60","969.43K","0.00%"
"10/23/2014","123.10","122.30","123.90","121.00","1.31M","0.49%"
"10/22/2014","122.50","127.10","127.10","121.30","2.62M","-3.31%"
"10/21/2014","126.70","130.80","132.30","126.20","2.01M","-4.16%"
"10/20/2014","132.20","131.00","132.20","129.40","681.09K","1.61%"
"10/17/2014","130.10","128.00","130.10","126.50","1.05M","1.96%"
"10/16/2014","127.60","130.90","131.50","127.20","987.53K","-2.45%"
"10/15/2014","130.80","133.30","134.00","130.00","827.92K","-1.88%"
"10/14/2014","133.30","130.30","133.30","129.40","611.85K","1.45%"
"10/13/2014","131.40","130.20","131.70","127.80","579.90K","-0.23%"
"10/10/2014","131.70","127.50","132.80","123.80","991.71K","2.25%"
"10/09/2014","128.80","130.20","131.50","128.40","462.18K","-0.54%"
"10/08/2014","129.50","129.40","129.90","126.30","710.71K","-0.31%"
"10/07/2014","129.90","132.30","132.50","127.90","660.56K","-1.96%"
"10/06/2014","132.50","130.80","132.80","130.80","353.70K","0.08%"
"10/03/2014","132.40","132.20","134.00","131.40","521.77K","-0.82%"
"10/02/2014","133.50","135.80","136.00","132.20","489.56K","-2.13%"
"10/01/2014","136.40","135.80","136.60","135.20","323.62K","0.37%"
"09/30/2014","135.90","136.50","137.00","135.00","543.60K","-0.44%"
"09/29/2014","136.50","135.50","136.50","134.60","478.94K","1.49%"
"09/26/2014","134.50","133.80","135.70","133.30","440.87K","0.37%"
"09/25/2014","134.00","133.50","135.30","133.50","410.03K","0.98%"
"09/24/2014","132.70","133.30","133.50","132.10","506.35K","-0.60%"
"09/23/2014","133.50","134.30","134.50","132.80","472.49K","-0.89%"
"09/22/2014","134.70","132.90","134.70","132.90","520.25K","1.43%"
"09/19/2014","132.80","132.90","133.60","132.70","486.66K","0.68%"
"09/18/2014","131.90","131.00","131.90","131.00","290.51K","0.30%"
"09/17/2014","131.50","131.60","131.80","130.40","267.31K","0.92%"
"09/16/2014","130.30","131.70","131.80","130.30","263.40K","-1.06%"
"09/15/2014","131.70","131.00","131.70","130.30","351.72K","0.61%"
"09/12/2014","130.90","129.80","131.50","129.30","360.08K","1.00%"
"09/11/2014","129.60","130.50","131.30","129.10","285.73K","-0.31%"
"09/10/2014","130.00","128.60","130.00","128.30","403.59K","1.09%"
"09/09/2014","128.60","129.70","129.80","128.20","414.17K","-0.62%"
"09/08/2014","129.40","128.50","129.60","128.20","185.49K","0.31%"
"09/05/2014","129.00","130.00","130.00","128.20","403.73K","-0.85%"
"09/04/2014","130.10","130.00","130.50","129.40","384.62K","0.00%"
"09/03/2014","130.10","128.70","130.50","128.60","428.48K","1.32%"
"09/02/2014","128.40","128.00","128.90","127.50","235.45K","0.71%"
"09/01/2014","127.50","128.90","129.20","126.80","286.79K","-1.09%"
"08/29/2014","128.90","128.60","128.90","127.50","610.98K","0.62%"
"08/28/2014","128.10","127.00","129.40","126.80","585.28K","1.18%"
"08/27/2014","126.60","127.00","127.50","126.10","531.51K","0.08%"
"08/26/2014","126.50","125.00","126.80","124.30","670.90K","2.02%"
"08/25/2014","124.00","123.00","124.00","122.80","190.59K","1.06%"
"08/22/2014","122.70","123.00","123.00","121.90","220.26K","0.00%"
"08/21/2014","122.70","122.20","123.00","121.70","289.83K","0.57%"
"08/20/2014","122.00","121.40","122.00","121.00","200.27K","0.66%"
"08/19/2014","121.20","121.90","122.30","121.00","184.65K","-0.57%"
"08/18/2014","121.90","121.40","122.40","121.00","274.39K","0.25%"
"08/15/2014","121.60","118.90","122.30","118.90","471.57K","2.18%"
"08/14/2014","119.00","119.40","120.00","118.80","384.40K","-0.34%"
"08/13/2014","119.40","119.80","120.30","118.60","257.76K","0.00%"
"08/12/2014","119.40","120.70","120.90","119.10","257.19K","-1.08%"
"08/11/2014","120.70","119.40","120.70","119.40","257.48K","1.77%"
"08/08/2014","118.60","118.10","119.60","117.70","521.58K","-0.50%"
"08/07/2014","119.20","118.70","120.10","117.50","298.56K","0.68%"
"08/06/2014","118.40","120.60","120.60","117.90","306.98K","-1.91%"
"08/05/2014","120.70","121.60","122.10","120.20","238.13K","-0.49%"
"08/04/2014","121.30","121.20","121.70","120.80","242.04K","0.33%"
"08/01/2014","120.90","121.00","121.90","119.80","415.82K","-0.58%"
"07/31/2014","121.60","121.40","122.60","121.40","423.86K","0.16%"
"07/30/2014","121.40","122.60","122.70","121.30","202.10K","-0.90%"
"07/29/2014","122.50","121.40","122.90","121.40","316.83K","1.16%"
"07/28/2014","121.10","121.40","121.80","120.90","252.53K","-0.16%"
"07/25/2014","121.30","120.80","121.60","120.50","314.36K","0.66%"
"07/24/2014","120.50","121.00","122.80","120.30","747.88K","-0.58%"
"07/23/2014","121.20","122.50","123.00","120.50","711.57K","-1.54%"
"07/22/2014","123.10","122.40","123.90","122.20","558.92K","0.74%"
"07/21/2014","122.20","122.60","123.10","121.10","397.29K","-0.16%"
"07/18/2014","122.40","123.30","123.30","121.80","462.47K","-1.05%"
"07/17/2014","123.70","122.50","123.70","122.30","522.27K","0.98%"
"07/16/2014","122.50","122.00","123.10","121.00","697.10K","1.32%"
"07/15/2014","120.90","120.00","121.50","118.60","1.29M","3.60%"
"07/14/2014","116.70","114.20","116.90","114.20","436.20K","1.57%"
"07/11/2014","114.90","113.60","115.00","113.50","336.97K","1.06%"
"07/10/2014","113.70","114.60","115.10","112.90","419.30K","-0.52%"
"07/09/2014","114.30","114.10","114.40","113.40","237.67K","0.18%"
"07/08/2014","114.10","115.50","115.50","113.70","422.13K","-1.21%"
"07/07/2014","115.50","115.70","115.70","114.90","218.06K","0.09%"
"07/04/2014","115.40","115.40","116.10","114.60","597.95K","0.35%"
"07/03/2014","115.00","116.50","116.50","114.40","831.33K","2.04%"
"07/02/2014","112.70","112.00","112.90","112.00","492.68K","0.71%"
"07/01/2014","111.90","110.60","112.20","110.20","549.48K","1.73%"
"06/30/2014","110.00","110.50","110.90","109.80","338.06K","-0.36%"
"06/27/2014","110.40","110.10","110.90","109.50","629.07K","0.27%"
"06/26/2014","110.10","111.00","111.00","109.70","555.79K","-0.45%"
"06/25/2014","110.60","111.70","111.90","109.80","491.99K","-1.16%"
"06/24/2014","111.90","112.50","113.10","110.60","416.56K","-0.36%"
"06/23/2014","112.30","112.80","113.40","112.00","331.85K","0.09%"
"06/20/2014","112.20","112.70","113.00","111.90","382.82K","-0.71%"
"06/19/2014","113.00","112.90","113.30","112.50","460.11K","0.53%"
"06/18/2014","112.40","111.50","112.70","111.40","379.98K","0.63%"
"06/17/2014","111.70","113.10","113.20","110.80","388.93K","-1.15%"
"06/16/2014","113.00","113.10","113.40","112.30","369.41K","-0.18%"
"06/13/2014","113.20","115.00","115.00","112.30","328.09K","-1.31%"
"06/12/2014","114.70","115.00","115.40","114.50","187.79K","-0.43%"
"06/11/2014","115.20","115.20","116.10","114.20","266.76K","0.00%"
"06/10/2014","115.20","115.70","116.90","115.10","671.40K","-0.52%"
"06/06/2014","115.80","114.90","115.90","114.70","275.77K","1.05%"
"06/05/2014","114.60","114.00","115.70","113.50","373.00K","0.97%"
"06/04/2014","113.50","112.90","114.10","112.30","441.79K","0.35%"
"06/03/2014","113.10","111.00","113.80","110.60","859.44K","1.98%"
"06/02/2014","110.90","111.00","111.10","110.60","765.55K","0.45%"
"05/30/2014","110.40","110.30","111.10","110.30","670.92K","0.09%"
"05/28/2014","110.30","111.30","111.30","110.00","542.62K","-0.90%"
"05/27/2014","111.30","110.30","111.30","110.00","908.06K","0.91%"
"05/26/2014","110.30","111.40","112.00","110.20","299.43K","-0.99%"
"05/23/2014","111.40","111.50","112.00","110.60","283.75K","-0.09%"
"05/22/2014","111.50","111.90","112.30","111.20","409.30K","-0.09%"
"05/21/2014","111.60","110.00","111.60","110.00","397.72K","1.18%"
"05/20/2014","110.30","112.40","112.80","109.30","579.17K","-1.69%"
"05/19/2014","112.20","111.30","112.80","111.20","511.48K","0.81%"
"05/16/2014","111.30","112.70","113.80","110.10","448.28K","-1.33%"
"05/15/2014","112.80","114.60","114.90","112.10","572.44K","-1.48%"
"05/14/2014","114.50","115.80","117.50","113.20","1.25M","-0.87%"
"05/13/2014","115.50","116.00","116.20","114.50","463.15K","0.17%"
"05/12/2014","115.30","113.00","115.40","112.70","761.29K","2.31%"
"05/09/2014","112.70","112.00","112.70","111.50","395.83K","0.62%"
"05/08/2014","112.00","112.30","112.50","110.80","423.29K","0.09%"
"05/07/2014","111.90","108.10","112.70","107.50","878.09K","2.85%"
"05/06/2014","108.80","110.10","110.10","108.20","318.89K","-0.73%"
"05/05/2014","109.60","109.40","110.80","108.00","247.66K","0.09%"
"05/02/2014","109.50","110.00","110.60","109.10","304.78K","-0.09%"
"04/30/2014","109.60","110.60","110.60","109.30","1.26M","-0.36%"
"04/29/2014","110.00","111.30","111.50","109.50","432.17K","-0.63%"
"04/28/2014","110.70","111.30","112.00","110.50","481.71K","0.18%"
"04/25/2014","110.50","110.10","111.40","109.50","571.35K","-9.72%"
"04/24/2014","122.40","123.50","123.60","121.30","1.01M","0.08%"
"04/23/2014","122.30","124.20","124.40","121.80","721.26K","-1.37%"
"04/22/2014","124.00","122.00","124.50","121.30","567.40K","1.72%"
"04/16/2014","121.90","120.30","121.90","119.70","232.50K","2.09%"
"04/15/2014","119.40","120.30","121.40","119.20","429.13K","-0.83%"
"04/14/2014","120.40","117.90","120.70","117.90","578.04K","2.21%"
"04/11/2014","117.80","119.10","121.30","117.80","550.46K","-1.01%"
"04/10/2014","119.00","122.30","123.50","119.00","886.79K","-2.38%"
"04/09/2014","121.90","123.50","123.70","121.90","420.50K","-0.89%"
"04/08/2014","123.00","125.70","125.80","122.30","439.48K","-2.23%"
"04/07/2014","125.80","126.60","126.80","124.60","525.36K","-0.94%"
"04/04/2014","127.00","125.50","127.00","125.00","497.99K","1.68%"
"04/03/2014","124.90","125.00","125.40","124.00","371.21K","0.24%"
"04/02/2014","124.60","123.00","125.40","123.00","509.42K","1.71%"
"04/01/2014","122.50","122.50","123.90","122.00","359.89K","0.57%"
"03/31/2014","121.80","123.50","124.30","121.50","588.26K","-1.14%"
"03/28/2014","123.20","126.20","126.20","123.00","590.77K","-1.44%"
"03/27/2014","125.00","126.00","126.20","124.10","387.32K","-0.95%"
"03/26/2014","126.20","125.50","126.20","125.20","404.89K","0.56%"
"03/25/2014","125.50","125.00","125.80","124.40","504.84K","0.32%"
"03/24/2014","125.10","125.90","126.00","124.50","340.38K","-0.64%"
"03/21/2014","125.90","125.40","126.00","124.40","591.00K","0.64%"
"03/20/2014","125.10","124.30","125.50","124.10","372.55K","0.64%"
"03/19/2014","124.30","125.90","126.00","124.20","581.02K","-1.11%"
"03/18/2014","125.70","124.50","125.70","124.40","328.58K","0.88%"
"03/17/2014","124.60","122.20","124.80","122.10","262.14K","1.63%"
"03/14/2014","122.60","123.60","124.80","121.70","490.42K","-1.92%"
"03/13/2014","125.00","124.70","125.60","123.80","511.52K","0.16%"
"03/12/2014","124.80","125.00","125.60","124.10","300.85K","-0.32%"
"03/11/2014","125.20","125.20","127.60","124.60","308.74K","-0.16%"
"03/10/2014","125.40","127.00","128.00","125.20","273.36K","-1.34%"
"03/07/2014","127.10","127.60","127.70","126.10","286.90K","-0.47%"
"03/06/2014","127.70","128.00","128.50","127.10","413.42K","0.16%"
"03/05/2014","127.50","128.30","128.40","126.90","413.51K","0.63%"
"03/04/2014","126.70","124.60","126.70","124.60","410.17K","1.77%"
"03/03/2014","124.50","125.20","125.30","123.30","367.43K","-1.11%"
"02/28/2014","125.90","126.00","126.50","125.30","425.36K","-0.16%"
"02/27/2014","126.10","125.50","126.50","124.40","520.49K","0.48%"
"02/26/2014","125.50","126.50","128.00","124.70","916.31K","0.00%"
"02/25/2014","125.50","126.40","127.10","125.20","427.57K","-0.48%"
"02/24/2014","126.10","125.20","126.50","125.20","401.73K","0.72%"
"02/21/2014","125.20","124.70","126.10","124.20","393.06K","1.13%"
"02/20/2014","123.80","122.90","123.80","122.60","443.74K","0.24%"
"02/19/2014","123.50","123.60","123.60","122.50","279.40K","-0.16%"
"02/18/2014","123.70","123.60","124.10","122.90","354.15K","0.16%"
"02/17/2014","123.50","123.40","123.70","123.00","270.65K","0.32%"
"02/14/2014","123.10","122.10","124.00","121.70","439.03K","0.82%"
"02/13/2014","122.10","122.00","122.30","120.80","324.62K","0.00%"
"02/12/2014","122.10","119.10","122.20","119.00","478.26K","1.75%"
"02/11/2014","120.00","120.10","120.50","118.20","1.00M","0.42%"
"02/10/2014","119.50","120.80","120.80","119.00","510.68K","-0.91%"
"02/07/2014","120.60","119.90","121.00","119.20","1.06M","0.75%"
"02/06/2014","119.70","119.20","121.90","118.40","1.52M","0.34%"
"02/05/2014","119.30","122.00","122.90","118.70","842.72K","-0.17%"
"02/04/2014","119.50","120.00","120.40","119.20","594.26K","-0.75%"
"02/03/2014","120.40","120.30","121.60","118.60","473.79K","0.08%"
"01/31/2014","120.30","120.30","120.80","119.60","468.14K","-0.33%"
"01/30/2014","120.70","115.30","122.20","115.30","979.62K","4.05%"
"01/29/2014","116.00","117.50","118.80","115.80","525.88K","-1.28%"
"01/28/2014","117.50","116.80","118.30","116.80","462.46K","0.09%"
"01/27/2014","117.40","118.40","119.00","115.60","657.80K","-0.93%"
"01/24/2014","118.50","120.00","120.40","118.50","461.79K","-1.00%"
"01/23/2014","119.70","120.40","121.30","119.70","484.50K","-1.16%"
"01/22/2014","121.10","121.30","121.80","120.80","316.85K","0.00%"
"01/21/2014","121.10","121.20","122.50","121.00","246.89K","-0.08%"
"01/20/2014","121.20","121.00","121.20","119.70","304.41K","0.08%"
"01/17/2014","121.10","121.40","121.40","119.70","438.40K","-0.33%"
"01/16/2014","121.50","118.50","121.50","117.50","531.49K","2.53%"
"01/15/2014","118.50","115.60","118.60","115.50","597.42K","2.86%"
"01/14/2014","115.20","115.60","116.00","114.90","482.74K","-0.52%"
"01/13/2014","115.80","115.90","116.50","114.60","233.09K","-0.09%"
"01/10/2014","115.90","114.20","116.40","114.10","672.08K","1.67%"
"01/09/2014","114.00","113.50","114.70","113.20","319.06K","-0.35%"
"01/08/2014","114.40","115.00","115.20","113.60","401.97K","-0.52%"
"01/07/2014","115.00","115.00","115.20","114.30","287.66K","-0.09%"
"01/06/2014","115.10","114.40","115.90","114.10","200.32K","0.17%"
"01/03/2014","114.90","115.30","116.10","113.80","627.38K","-0.61%"
"01/02/2014","115.60","115.90","117.00","114.80","355.68K","-0.09%"
"12/30/2013","115.70","115.50","116.70","115.50","268.74K","-0.34%"
"12/27/2013","116.10","114.80","116.10","114.30","235.61K","1.49%"
"12/23/2013","114.40","115.00","115.10","113.10","384.75K","0.62%"
"12/20/2013","113.70","109.50","114.20","109.40","1.04M","3.65%"
"12/19/2013","109.70","108.90","109.90","108.40","625.80K","1.48%"
"12/18/2013","108.10","108.50","109.00","107.00","504.09K","-0.64%"
"12/17/2013","108.80","109.10","109.70","108.40","573.42K","-0.18%"
"12/16/2013","109.00","108.00","109.10","107.90","271.04K","0.46%"
"12/13/2013","108.50","107.50","108.80","107.30","307.15K","0.93%"
"12/12/2013","107.50","108.40","108.50","107.40","373.37K","-0.74%"
"12/11/2013","108.30","110.50","110.60","108.30","435.53K","-1.90%"
"12/10/2013","110.40","111.50","111.80","109.60","376.99K","-1.43%"
"12/09/2013","112.00","111.20","112.00","111.10","229.83K","1.08%"
"12/06/2013","110.80","112.40","112.90","110.20","415.44K","-1.25%"
"12/05/2013","112.20","111.50","112.90","110.70","433.50K","0.63%"
"12/04/2013","111.50","110.60","111.80","110.20","433.98K","0.45%"
"12/03/2013","111.00","111.20","112.20","109.80","571.68K","0.54%"
"12/02/2013","110.40","110.30","111.20","109.50","475.64K","0.09%"
"11/29/2013","110.30","112.50","112.80","110.30","630.95K","-2.30%"
"11/28/2013","112.90","112.30","113.00","112.30","136.28K","0.09%"
"11/27/2013","112.80","113.40","113.40","112.50","197.06K","0.27%"
"11/26/2013","112.50","112.70","113.30","112.30","491.93K","-0.18%"
"11/25/2013","112.70","112.20","112.90","112.20","169.71K","0.45%"
"11/22/2013","112.20","111.10","112.50","110.80","266.57K","0.81%"
"11/21/2013","111.30","112.70","112.70","110.60","577.70K","-1.50%"
"11/20/2013","113.00","112.10","113.20","112.10","272.81K","-0.26%"
"11/19/2013","113.30","112.40","113.80","112.00","545.64K","0.44%"
"11/18/2013","112.80","112.20","112.90","111.80","306.00K","0.18%"
"11/15/2013","112.60","111.70","113.10","111.40","364.67K","0.81%"
"11/14/2013","111.70","114.80","114.80","111.70","530.40K","-1.41%"
"11/13/2013","113.30","114.00","114.00","112.20","373.06K","-0.79%"
"11/12/2013","114.20","113.10","114.30","112.80","427.69K","1.42%"
"11/11/2013","112.60","112.10","112.90","112.10","382.89K","0.72%"
"11/08/2013","111.80","111.70","112.40","111.00","341.16K","-0.53%"
"11/07/2013","112.40","112.70","113.30","111.60","417.45K","-0.18%"
"11/06/2013","112.60","111.00","112.70","110.90","591.52K","1.26%"
"11/05/2013","111.20","111.00","111.30","110.60","421.04K","-0.09%"
"11/04/2013","111.30","110.00","111.30","109.60","320.77K","1.09%"
"11/01/2013","110.10","111.60","111.60","110.10","375.41K","-0.90%"
"10/31/2013","111.10","110.70","111.10","109.90","468.47K","0.36%"
"10/30/2013","110.70","111.00","111.00","110.30","388.59K","-0.09%"
"10/29/2013","110.80","110.50","111.00","109.70","1.64M","0.27%"
"10/28/2013","110.50","111.20","111.30","110.10","448.83K","-0.81%"
"10/25/2013","111.40","110.80","111.40","110.10","446.86K","0.54%"
"10/24/2013","110.80","110.00","111.00","109.50","595.76K","-0.18%"
"10/23/2013","111.00","109.00","111.00","108.20","981.78K","1.46%"
"10/22/2013","109.40","110.20","111.80","107.80","2.07M","8.00%"
"10/21/2013","101.30","101.80","102.00","100.80","742.72K","-0.49%"
"10/18/2013","101.80","99.55","101.80","99.35","1.59M","3.88%"
"10/17/2013","98.00","96.40","98.25","96.15","536.27K","1.77%"
"10/16/2013","96.30","96.80","96.90","95.85","368.74K","-0.21%"
"10/15/2013","96.50","95.10","97.00","95.10","743.91K","1.47%"
"10/14/2013","95.10","94.65","95.35","94.05","263.94K","0.32%"
"10/11/2013","94.80","94.75","94.95","93.90","691.96K","0.42%"
"10/10/2013","94.40","92.40","94.50","92.40","1.29M","3.11%"
"10/09/2013","91.55","92.00","92.05","91.30","1.81M","-0.05%"
"10/08/2013","91.60","91.05","92.00","90.85","842.11K","0.66%"
"10/07/2013","91.00","91.10","91.55","90.60","273.52K","-1.14%"
"10/04/2013","92.05","92.20","92.35","90.90","337.96K","-0.49%"
"10/03/2013","92.50","90.80","92.50","90.45","414.86K","1.20%"
"10/02/2013","91.40","91.05","91.80","90.60","299.66K","-0.65%"
"10/01/2013","92.00","90.35","92.05","90.35","714.81K","1.32%"
"09/30/2013","90.80","90.20","90.80","89.80","578.67K","-0.16%"
"09/27/2013","90.95","90.95","91.05","90.45","342.87K","0.33%"
"09/26/2013","90.65","90.00","90.90","90.00","319.12K","0.72%"
"09/25/2013","90.00","90.00","90.30","89.25","257.19K","-0.11%"
"09/24/2013","90.10","89.65","90.50","89.65","211.86K","0.06%"
"09/23/2013","90.05","90.00","90.60","89.75","158.53K","-0.17%"
"09/20/2013","90.20","90.25","90.60","89.75","353.98K","-0.22%"
"09/19/2013","90.40","90.55","91.30","89.75","382.77K","0.56%"
"09/18/2013","89.90","89.70","90.20","89.15","646.67K","0.39%"
"09/17/2013","89.55","90.20","90.95","89.55","570.41K","-1.27%"
"09/16/2013","90.70","91.70","91.80","90.15","394.83K","-0.27%"
"09/13/2013","90.95","91.65","91.85","90.55","374.96K","-1.03%"
"09/12/2013","91.90","92.10","92.55","91.70","636.26K","-0.33%"
"09/11/2013","92.20","92.30","92.55","91.45","471.97K","-0.05%"
"09/10/2013","92.25","90.90","92.25","90.85","455.60K","1.71%"
"09/09/2013","90.70","90.20","90.85","89.75","351.93K","0.67%"
"09/06/2013","90.10","90.00","90.45","89.15","477.62K","-0.50%"
"09/05/2013","90.55","90.90","90.90","89.60","408.67K","0.44%"
"09/04/2013","90.15","88.30","90.80","87.80","633.02K","2.44%"
"09/03/2013","88.00","89.30","89.30","87.90","206.65K","-0.96%"
"09/02/2013","88.85","87.15","88.95","87.15","281.85K","2.19%"
"08/30/2013","86.95","87.40","88.05","86.85","321.79K","-0.63%"
"08/29/2013","87.50","88.00","88.00","87.05","262.39K","-0.17%"
"08/28/2013","87.65","87.70","87.75","86.80","587.99K","-0.11%"
"08/27/2013","87.75","88.90","89.15","87.75","345.95K","-1.29%"
"08/26/2013","88.90","90.10","90.40","88.80","209.20K","-0.67%"
"08/23/2013","89.50","89.25","89.90","88.95","250.23K","0.67%"
"08/22/2013","88.90","88.40","89.30","88.00","510.05K","0.57%"
"08/21/2013","88.40","89.00","89.20","88.30","367.42K","-0.56%"
"08/20/2013","88.90","89.50","89.80","88.20","612.17K","-0.78%"
"08/19/2013","89.60","90.50","90.95","89.55","446.12K","-0.94%"
"08/16/2013","90.45","90.90","91.00","90.20","410.26K","-0.50%"
"08/15/2013","90.90","91.10","91.15","90.45","459.40K","0.00%"
"08/14/2013","90.90","91.30","91.30","90.50","364.65K","0.50%"
"08/13/2013","90.45","90.60","91.25","90.20","249.29K","-0.22%"
"08/12/2013","90.65","92.50","93.00","90.50","413.07K","-2.05%"
"08/09/2013","92.55","92.95","92.95","92.10","169.31K","0.05%"
"08/08/2013","92.50","92.85","93.15","92.25","195.69K","-0.05%"
"08/07/2013","92.55","93.15","93.55","92.05","481.81K","-0.64%"
"08/06/2013","93.15","94.30","94.35","92.80","333.86K","-0.90%"
"08/05/2013","94.00","94.55","94.80","93.60","323.27K","-0.48%"
"08/02/2013","94.45","92.40","94.55","92.20","460.09K","2.66%"
"08/01/2013","92.00","91.35","92.35","91.05","295.19K","0.82%"
"07/31/2013","91.25","91.00","92.10","90.65","558.19K","0.61%"
"07/30/2013","90.70","90.75","91.90","90.65","564.24K","0.11%"
"07/29/2013","90.60","90.45","92.15","90.15","258.04K","-0.06%"
"07/26/2013","90.65","90.55","90.95","89.85","253.10K","0.17%"
"07/25/2013","90.50","91.50","91.50","90.25","154.78K","-0.82%"
"07/24/2013","91.25","92.50","92.55","91.25","239.80K","-1.14%"
"07/23/2013","92.30","92.30","93.00","91.80","355.28K","0.33%"
"07/22/2013","92.00","92.50","93.15","90.65","333.29K","-0.59%"
"07/19/2013","92.55","92.10","93.40","92.00","551.59K","0.22%"
"07/18/2013","92.35","92.50","93.50","91.80","596.43K","-0.70%"
"07/17/2013","93.00","94.10","94.60","92.40","661.95K","-1.59%"
"07/16/2013","94.50","94.00","96.40","93.30","992.41K","-2.58%"
"07/15/2013","97.00","95.25","97.95","95.25","658.89K","1.57%"
"07/12/2013","95.50","95.00","95.60","94.40","545.89K","0.79%"
"07/11/2013","94.75","94.10","94.90","94.00","394.80K","0.91%"
"07/10/2013","93.90","92.50","93.90","92.25","505.41K","1.51%"
"07/09/2013","92.50","93.90","93.90","92.05","425.75K","-0.80%"
"07/08/2013","93.25","91.95","93.45","91.95","354.55K","1.69%"
"07/05/2013","91.70","91.40","92.20","91.40","301.45K","0.44%"
"07/04/2013","91.30","91.15","91.40","90.45","399.13K","0.83%"
"07/03/2013","90.55","91.10","91.10","90.00","394.54K","-0.60%"
"07/02/2013","91.10","91.00","91.15","90.05","479.02K","0.55%"
"07/01/2013","90.60","89.35","90.60","89.05","364.56K","1.40%"
"06/28/2013","89.35","89.05","89.75","88.95","518.13K","0.39%"
"06/27/2013","89.00","89.00","89.45","87.80","370.00K","0.00%"
"06/26/2013","89.00","86.75","89.00","86.60","433.65K","2.59%"
"06/25/2013","86.75","85.50","87.15","84.50","718.70K","1.23%"
"06/24/2013","85.70","88.85","89.00","85.05","592.08K","-3.71%"
"06/21/2013","89.00","88.35","89.15","88.35","401.43K","0.74%"
"06/20/2013","88.35","87.80","89.45","87.80","626.03K","-2.48%"
"06/19/2013","90.60","91.10","91.70","90.30","759.43K","-0.60%"
"06/18/2013","91.15","90.00","91.35","89.60","698.10K","0.83%"
"06/17/2013","90.40","89.10","90.95","88.90","525.86K","2.03%"
"06/14/2013","88.60","88.50","89.35","88.40","449.18K","0.34%"
"06/13/2013","88.30","88.00","88.90","87.85","346.66K","-0.34%"
"06/12/2013","88.60","87.15","89.10","86.90","852.54K","2.31%"
"06/11/2013","86.60","87.60","87.75","86.50","465.11K","-1.53%"
"06/10/2013","87.95","88.20","88.60","87.65","313.99K","-0.28%"
"06/07/2013","88.20","86.50","88.40","86.15","629.35K","1.67%"
"06/06/2013","86.75","87.45","87.75","85.85","620.36K","-0.74%"
"06/05/2013","87.40","88.50","89.00","87.35","564.34K","-1.35%"
"06/04/2013","88.60","88.60","89.10","88.40","355.84K","-0.11%"
"06/03/2013","88.70","88.40","89.25","88.10","569.57K","-0.34%"
"05/31/2013","89.00","89.25","89.80","89.00","849.27K","-0.95%"
"05/30/2013","89.85","89.20","90.00","89.15","450.02K","0.73%"
"05/29/2013","89.20","89.80","89.80","89.00","526.33K","-0.83%"
"05/28/2013","89.95","89.20","90.00","89.00","497.30K","0.78%"
"05/27/2013","89.25","88.50","89.35","88.10","287.41K","1.54%"
"05/24/2013","87.90","88.05","88.65","87.60","563.46K","-0.06%"
"05/23/2013","87.95","89.35","89.35","87.75","993.04K","-2.55%"
"05/22/2013","90.25","91.45","91.70","89.90","862.59K","-1.63%"
"05/21/2013","91.75","92.20","93.00","91.00","988.56K","0.05%"
"05/16/2013","91.70","90.20","91.85","90.15","773.37K","1.72%"
"05/15/2013","90.15","90.00","90.45","90.00","893.45K","0.17%"
"05/14/2013","90.00","89.30","90.35","89.10","689.19K","0.56%"
"05/13/2013","89.50","89.50","89.95","89.15","675.62K","0.00%"
"05/10/2013","89.50","90.05","90.50","88.70","1.33M","-1.65%"
"05/08/2013","91.00","91.00","91.80","90.75","1.18M","0.00%"
"05/07/2013","91.00","92.90","93.05","88.75","2.82M","-3.19%"
"05/06/2013","94.00","94.35","94.45","93.50","459.19K","-0.37%"
"05/03/2013","94.35","92.95","94.50","92.15","449.63K","1.45%"
"05/02/2013","93.00","93.40","93.85","92.25","634.68K","0.11%"
"04/30/2013","92.90","94.30","95.00","92.80","582.37K","-0.85%"
"04/29/2013","93.70","93.95","94.90","93.05","625.30K","0.21%"
"04/26/2013","93.50","94.80","95.20","93.00","680.08K","-7.61%"
"04/25/2013","101.20","99.55","101.50","99.50","560.18K","1.66%"
"04/24/2013","99.55","99.90","101.30","99.40","689.87K","0.20%"
"04/23/2013","99.35","98.10","99.60","98.10","508.11K","1.38%"
"04/22/2013","98.00","97.15","98.00","96.65","556.14K","1.34%"
"04/19/2013","96.70","96.90","97.25","95.80","373.98K","0.94%"
"04/18/2013","95.80","96.90","96.90","95.30","697.53K","-1.19%"
"04/17/2013","96.95","95.75","97.10","94.85","647.65K","1.52%"
"04/16/2013","95.50","95.95","96.20","95.15","495.88K","-0.93%"
"04/15/2013","96.40","96.30","96.85","95.25","317.71K","0.10%"
"04/12/2013","96.30","96.30","96.65","95.35","396.09K","0.21%"
"04/11/2013","96.10","95.45","97.10","95.45","622.49K","0.68%"
"04/10/2013","95.45","93.50","95.45","93.50","456.39K","2.47%"
"04/09/2013","93.15","94.75","94.75","92.15","899.70K","-1.53%"
"04/08/2013","94.60","95.10","95.85","94.35","302.61K","-0.26%"
"04/05/2013","94.85","96.95","97.30","94.20","686.72K","-2.17%"
"04/04/2013","96.95","97.80","97.95","96.70","419.88K","-0.72%"
"04/03/2013","97.65","96.90","97.85","96.70","848.16K","0.72%"
"04/02/2013","96.95","96.35","96.95","95.45","703.46K","0.62%"
"03/27/2013","96.35","97.10","97.30","96.25","226.58K","-0.77%"
"03/26/2013","97.10","97.10","97.30","96.95","364.12K","0.15%"
"03/25/2013","96.95","96.90","97.50","96.80","405.03K","0.36%"
"03/22/2013","96.60","96.55","97.30","96.50","986.11K","-0.10%"
"03/21/2013","96.70","96.90","96.95","96.40","532.48K","0.16%"
"03/20/2013","96.55","96.20","96.80","96.20","470.93K","0.05%"
"03/19/2013","96.50","96.15","96.65","96.00","462.55K","0.42%"
"03/18/2013","96.10","95.30","96.50","95.30","565.80K","-0.41%"
"03/15/2013","96.50","96.70","96.70","96.10","573.39K","-0.21%"
"03/14/2013","96.70","96.00","96.85","96.00","517.35K","0.78%"
"03/13/2013","95.95","94.90","96.00","94.65","502.70K","1.05%"
"03/12/2013","94.95","95.00","95.20","94.25","624.13K","-0.05%"
"03/11/2013","95.00","94.55","95.00","93.30","635.37K","0.32%"
"03/08/2013","94.70","94.90","95.00","94.35","324.85K","-0.11%"
"03/07/2013","94.80","94.80","95.00","94.50","507.51K","0.32%"
"03/06/2013","94.50","93.80","94.90","93.65","835.18K","0.91%"
"03/05/2013","93.65","93.00","93.75","92.70","693.49K","1.02%"
"03/04/2013","92.70","91.80","92.85","91.80","557.87K","0.43%"
"03/01/2013","92.30","91.40","92.35","91.20","559.41K","0.60%"
"02/28/2013","91.75","91.00","91.80","90.70","516.50K","1.27%"
"02/27/2013","90.60","90.50","91.00","89.90","425.86K","0.11%"
"02/26/2013","90.50","89.50","90.65","89.00","372.02K","-0.44%"
"02/25/2013","90.90","90.25","91.25","90.25","443.13K","0.61%"
"02/22/2013","90.35","90.15","90.65","89.85","649.28K","0.00%"
"02/21/2013","90.35","90.00","90.75","89.65","738.07K","-0.28%"
"02/20/2013","90.60","89.50","90.60","89.35","436.46K","0.72%"
"02/19/2013","89.95","89.10","90.50","89.10","496.56K","0.84%"
"02/18/2013","89.20","88.70","89.35","88.35","283.25K","0.56%"
"02/15/2013","88.70","89.10","89.90","88.70","879.17K","-1.50%"
"02/14/2013","90.05","94.00","95.00","90.00","2.00M","-0.99%"
"02/13/2013","90.95","89.90","91.25","89.50","1.16M","1.17%"
"02/12/2013","89.90","89.05","89.90","89.05","533.41K","0.73%"
"02/11/2013","89.25","89.45","90.00","89.00","408.01K","-0.22%"
"02/08/2013","89.45","88.05","90.20","88.00","1.46M","1.65%"
"02/07/2013","88.00","88.25","88.25","87.70","821.23K","-0.28%"
"02/06/2013","88.25","86.90","88.85","86.90","1.44M","1.79%"
"02/05/2013","86.70","85.45","86.85","85.45","721.46K","0.12%"
"02/04/2013","86.60","86.10","87.00","86.10","656.44K","0.17%"
"02/01/2013","86.45","84.90","86.45","84.90","799.15K","0.64%"
"01/31/2013","85.90","85.75","86.10","85.40","974.10K","0.17%"
"01/30/2013","85.75","84.70","85.80","84.70","538.47K","1.24%"
"01/29/2013","84.70","85.00","85.45","84.70","801.62K","0.24%"
"01/28/2013","84.50","83.50","84.80","83.40","667.17K","1.20%"
"01/25/2013","83.50","82.75","83.75","82.75","662.18K","1.09%"
"01/24/2013","82.60","81.90","82.80","81.50","1.01M","1.41%"
"01/23/2013","81.45","80.95","81.45","80.65","519.68K","0.12%"
"01/22/2013","81.35","81.20","81.35","80.55","480.75K","0.12%"
"01/21/2013","81.25","80.40","81.25","80.05","1.19M","0.87%"
"01/18/2013","80.55","80.65","80.95","80.05","1.11M","-0.06%"
"01/17/2013","80.60","80.10","80.60","79.40","1.24M","0.62%"
"01/16/2013","80.10","80.80","80.80","80.10","566.70K","-0.87%"
"01/15/2013","80.80","81.00","81.45","80.35","550.66K","-0.86%"
"01/14/2013","81.50","82.00","82.00","81.15","511.94K","-0.49%"
"01/11/2013","81.90","82.00","82.25","81.50","449.00K","-0.12%"
"01/10/2013","82.00","81.50","82.00","81.35","311.31K","0.24%"
"01/09/2013","81.80","81.95","81.95","81.25","504.73K","-0.12%"
"01/08/2013","81.90","81.00","81.90","81.00","354.38K","0.92%"
"01/07/2013","81.15","81.40","81.55","81.00","320.72K","-0.49%"
"01/04/2013","81.55","81.60","81.85","80.75","555.08K","-0.73%"
"01/03/2013","82.15","82.50","82.50","81.40","442.03K","0.00%"
"01/02/2013","82.15","81.00","82.20","80.75","934.52K","3.46%"
"12/28/2012","79.40","80.20","80.45","79.20","676.76K","-1.24%"
"12/27/2012","80.40","80.70","81.00","80.20","560.79K","-0.37%"
"12/21/2012","80.70","80.90","81.20","80.00","798.56K","-0.12%"
"12/20/2012","80.80","81.30","81.40","80.05","812.68K","-1.22%"
"12/19/2012","81.80","81.00","81.85","80.90","936.26K","0.74%"
"12/18/2012","81.20","79.80","81.25","79.75","704.75K","1.95%"
"12/17/2012","79.65","79.60","80.00","78.60","824.01K","-0.06%"
"12/14/2012","79.70","80.00","80.55","79.60","419.80K","-0.56%"
"12/13/2012","80.15","80.50","81.20","80.15","1.31M","-0.56%"
"12/12/2012","80.60","80.40","80.70","80.00","704.03K","0.06%"
"12/11/2012","80.55","77.70","80.70","77.70","1.62M","2.87%"
"12/10/2012","78.30","78.10","78.70","77.80","1.46M","-1.51%"
"12/07/2012","79.50","80.15","80.15","78.70","438.67K","-0.81%"
"12/06/2012","80.15","79.80","80.15","79.40","698.34K","1.01%"
"12/05/2012","79.35","80.35","81.00","79.05","554.26K","-1.06%"
"12/04/2012","80.20","79.55","81.00","79.55","459.63K","0.44%"
"12/03/2012","79.85","80.00","80.15","79.55","451.67K","0.00%"
"11/30/2012","79.85","80.20","80.25","79.50","1.28M","0.38%"
"11/29/2012","79.55","80.00","80.35","79.40","748.04K","0.95%"
"11/28/2012","78.80","79.80","80.40","78.65","718.80K","-1.62%"
"11/27/2012","80.10","81.65","81.65","79.90","602.48K","-1.11%"
"11/26/2012","81.00","83.00","83.20","80.75","842.23K","-3.05%"
"11/23/2012","83.55","84.00","84.00","83.10","371.33K","-0.18%"
"11/22/2012","83.70","83.45","84.00","83.00","526.69K","0.97%"
"11/21/2012","82.90","83.60","83.75","82.55","579.21K","-0.36%"
"11/20/2012","83.20","82.35","83.90","82.35","846.36K","0.18%"
"11/19/2012","83.05","81.50","83.25","81.50","326.36K","2.59%"
"11/16/2012","80.95","81.55","81.80","80.00","415.72K","-0.92%"
"11/15/2012","81.70","82.85","82.85","81.40","264.61K","-1.57%"
"11/14/2012","83.00","82.35","83.15","82.20","296.47K","0.48%"
"11/13/2012","82.60","82.90","82.90","81.90","365.65K","-0.36%"
"11/12/2012","82.90","82.75","83.65","82.40","229.06K","0.18%"
"11/09/2012","82.75","82.80","83.15","81.35","432.24K","-0.48%"
"11/08/2012","83.15","83.20","83.80","82.60","411.59K","0.67%"
"11/07/2012","82.60","84.00","84.00","82.60","303.49K","-0.96%"
"11/06/2012","83.40","84.15","84.35","83.20","210.04K","-0.36%"
"11/05/2012","83.70","84.00","84.50","83.35","286.17K","-0.59%"
"11/02/2012","84.20","84.20","84.50","83.80","247.24K","0.60%"
"11/01/2012","83.70","83.60","83.85","83.30","572.44K","0.48%"
"10/31/2012","83.30","81.80","83.70","81.80","594.78K","1.83%"
"10/30/2012","81.80","81.60","82.75","81.60","224.60K","-0.06%"
"10/29/2012","81.85","82.80","82.95","81.80","316.68K","-1.39%"
"10/26/2012","83.00","84.00","84.00","83.00","440.08K","-1.19%"
"10/25/2012","84.00","82.60","84.50","82.15","978.03K","2.69%"
"10/24/2012","81.80","82.65","83.30","81.40","1.16M","1.24%"
"10/23/2012","80.80","82.75","82.85","80.80","442.60K","-2.06%"
"10/22/2012","82.50","82.25","82.80","82.15","241.77K","0.12%"
"10/19/2012","82.40","82.80","82.80","82.05","283.53K","0.06%"
"10/18/2012","82.35","82.00","82.65","81.45","689.26K","0.80%"
"10/17/2012","81.70","82.00","82.00","81.25","362.48K","0.18%"
"10/16/2012","81.55","80.90","81.85","80.90","519.01K","0.80%"
"10/15/2012","80.90","79.45","81.15","79.30","346.83K","1.13%"
"10/12/2012","80.00","80.65","80.85","79.50","361.77K","-1.11%"
"10/11/2012","80.90","80.10","81.00","79.75","254.62K","0.31%"
"10/10/2012","80.65","81.00","81.00","80.00","244.62K","-0.19%"
"10/09/2012","80.80","80.50","81.60","80.10","322.07K","0.75%"
"10/08/2012","80.20","80.25","80.55","80.00","148.11K","-0.68%"
"10/05/2012","80.75","80.00","81.25","79.65","395.12K","0.94%"
"10/04/2012","80.00","79.50","80.35","79.40","224.79K","0.63%"
"10/03/2012","79.50","79.55","79.90","78.40","305.44K","0.00%"
"10/02/2012","79.50","79.00","79.55","78.70","289.40K","0.00%"
"10/01/2012","79.50","78.75","79.50","78.65","516.02K","0.06%"
"09/28/2012","79.45","80.45","80.50","78.45","430.32K","-0.56%"
"09/27/2012","79.90","78.70","80.20","78.60","394.06K","1.85%"
"09/26/2012","78.45","80.65","80.75","78.45","511.05K","-3.03%"
"09/25/2012","80.90","80.00","81.60","78.70","536.81K","1.44%"
"09/24/2012","79.75","79.60","80.60","79.20","445.03K","0.00%"
"09/21/2012","79.75","78.95","79.75","78.35","676.02K","1.72%"
"09/20/2012","78.40","77.50","78.70","77.45","627.39K","0.84%"
"09/19/2012","77.75","78.70","78.95","77.35","634.67K","-0.64%"
"09/18/2012","78.25","77.65","78.25","77.50","301.61K","0.45%"
"09/17/2012","77.90","79.00","79.00","77.25","527.71K","-1.64%"
"09/14/2012","79.20","77.80","79.20","77.70","944.35K","2.39%"
"09/13/2012","77.35","76.60","77.35","76.35","315.04K","0.98%"
"09/12/2012","76.60","77.00","77.25","76.40","362.73K","-0.52%"
"09/11/2012","77.00","75.60","77.00","75.45","365.24K","1.99%"
"09/10/2012","75.50","75.55","75.65","74.75","280.96K","-0.13%"
"09/07/2012","75.60","76.00","76.50","75.50","604.03K","-0.46%"
"09/06/2012","75.95","74.30","76.20","74.30","1.05M","1.74%"
"09/05/2012","74.65","74.15","74.70","74.05","282.33K","0.40%"
"09/04/2012","74.35","75.30","75.30","74.15","325.83K","-1.13%"
"09/03/2012","75.20","74.50","75.20","74.20","283.89K","1.08%"
"08/31/2012","74.40","73.80","74.50","73.70","495.67K","1.02%"
"08/30/2012","73.65","73.80","73.95","73.60","380.53K","-0.41%"
"08/29/2012","73.95","73.65","74.15","73.45","467.06K","0.61%"
"08/28/2012","73.50","73.50","73.95","73.50","222.09K","0.00%"
"08/27/2012","73.50","74.50","74.50","73.50","224.94K","-0.88%"
"08/24/2012","74.15","74.50","74.75","74.05","276.88K","-0.07%"
"08/23/2012","74.20","74.90","74.90","74.05","399.97K","-0.13%"
"08/22/2012","74.30","74.40","74.65","74.05","458.44K","-0.13%"
"08/21/2012","74.40","73.80","74.50","73.65","322.04K","1.02%"
"08/20/2012","73.65","73.85","74.30","73.50","383.64K","-0.67%"
"08/17/2012","74.15","74.75","74.75","74.00","381.30K","-0.67%"
"08/16/2012","74.65","74.70","74.85","74.25","271.36K","-0.07%"
"08/15/2012","74.70","74.15","74.70","74.05","255.93K","0.00%"
"08/14/2012","74.70","74.55","74.70","73.75","206.16K","1.01%"
"08/13/2012","73.95","74.55","74.60","73.75","203.85K","-0.07%"
"08/10/2012","74.00","74.50","74.85","73.90","871.26K","-1.00%"
"08/09/2012","74.75","74.70","75.00","74.00","410.32K","0.47%"
"08/08/2012","74.40","74.80","75.00","73.80","769.98K","-0.67%"
"08/07/2012","74.90","74.80","75.25","74.00","970.63K","-0.07%"
"08/06/2012","74.95","75.00","75.45","74.60","1.07M","0.00%"
"08/03/2012","74.95","74.20","75.00","73.80","514.57K","1.90%"
"08/02/2012","73.55","74.45","75.00","73.55","331.83K","-1.28%"
"08/01/2012","74.50","74.30","74.95","73.60","566.48K","0.68%"
"07/31/2012","74.00","75.00","75.00","73.65","301.80K","-1.00%"
"07/30/2012","74.75","75.20","75.75","74.70","195.99K","-0.60%"
"07/27/2012","75.20","75.15","75.50","74.60","418.83K","0.07%"
"07/26/2012","75.15","73.35","75.45","72.85","423.65K","3.02%"
"07/25/2012","72.95","73.20","73.35","72.70","490.58K","-0.55%"
"07/24/2012","73.35","73.20","73.80","72.35","343.85K","0.00%"
"07/23/2012","73.35","73.95","74.30","73.15","477.04K","-1.74%"
"07/20/2012","74.65","75.00","75.00","74.35","799.75K","-0.47%"
"07/19/2012","75.00","74.05","75.00","74.00","509.53K","1.28%"
"07/18/2012","74.05","73.00","74.25","72.30","723.49K","1.72%"
"07/17/2012","72.80","75.00","75.00","72.35","670.33K","0.41%"
"07/16/2012","72.50","71.15","72.85","71.15","509.07K","-0.14%"
"07/13/2012","72.60","70.85","73.00","70.35","636.54K","2.69%"
"07/12/2012","70.70","69.00","70.95","69.00","845.45K","1.22%"
"07/11/2012","69.85","69.00","69.90","68.70","428.44K","1.23%"
"07/10/2012","69.00","68.00","69.05","67.35","476.45K","2.37%"
"07/09/2012","67.40","68.25","68.30","67.40","344.37K","-0.88%"
"07/06/2012","68.00","69.00","69.15","68.00","371.95K","-1.52%"
"07/05/2012","69.05","69.20","69.40","68.50","413.33K","0.15%"
"07/04/2012","68.95","70.00","70.00","68.75","238.71K","-1.50%"
"07/03/2012","70.00","69.30","70.00","68.80","542.56K","1.97%"
"07/02/2012","68.65","68.70","69.90","68.55","443.63K","-0.72%"
"06/29/2012","69.15","68.85","69.15","68.35","454.98K","1.84%"
"06/28/2012","67.90","68.50","68.85","67.90","532.50K","-1.31%"
"06/27/2012","68.80","68.10","69.00","68.10","500.16K","0.88%"
"06/26/2012","68.20","67.80","68.45","67.50","345.62K","-0.15%"
"06/25/2012","68.30","68.00","68.55","67.90","468.90K","0.44%"
"06/22/2012","68.00","68.00","68.45","67.75","660.92K","-0.58%"
"06/21/2012","68.40","68.70","69.10","68.35","353.92K","-1.01%"
"06/20/2012","69.10","68.55","69.25","68.15","452.09K","0.80%"
"06/19/2012","68.55","68.35","68.90","67.55","354.38K","0.73%"
"06/18/2012","68.05","68.65","69.80","67.70","456.64K","-0.66%"
"06/15/2012","68.50","67.15","68.50","67.00","763.04K","2.01%"
"06/14/2012","67.15","67.25","67.85","66.65","459.87K","0.15%"
"06/13/2012","67.05","66.80","67.95","66.80","844.79K","0.07%"
"06/12/2012","67.00","67.15","67.30","66.40","368.24K","0.53%"
"06/11/2012","66.65","67.65","68.25","66.60","380.25K","-1.04%"
"06/08/2012","67.35","65.45","67.90","65.00","734.53K","2.82%"
"06/07/2012","65.50","65.40","65.50","64.65","1.13M","0.77%"
"06/06/2012","65.00","65.05","65.20","64.60","782.47K","0.70%"
"06/05/2012","64.55","65.75","65.75","64.20","334.06K","0.86%"
"06/04/2012","64.00","64.80","65.00","63.90","494.62K","-1.92%"
"06/01/2012","65.25","66.00","66.20","64.80","1.21M","-0.15%"
"05/31/2012","65.35","66.10","66.20","65.10","552.89K","-1.13%"
"05/30/2012","66.10","67.00","67.00","65.60","420.04K","-0.75%"
"05/29/2012","66.60","67.25","67.25","66.30","336.35K","0.45%"
"05/25/2012","66.30","67.25","67.25","65.95","346.45K","0.08%"
"05/24/2012","66.25","66.50","66.85","66.00","512.02K","0.30%"
"05/23/2012","66.05","68.00","68.20","65.70","462.19K","-3.44%"
"05/22/2012","68.40","68.65","68.65","67.15","334.06K","0.59%"
"05/21/2012","68.00","67.60","68.05","67.00","1.16M","0.97%"
"05/18/2012","67.35","67.60","68.20","67.05","1.21M","-0.81%"
"05/16/2012","67.90","68.50","68.70","67.40","1.38M","-0.59%"
"05/15/2012","68.30","69.25","69.25","68.10","378.72K","-0.65%"
"05/14/2012","68.75","69.50","69.65","68.65","244.98K","-1.36%"
"05/11/2012","69.70","68.50","69.95","68.50","289.52K","0.43%"
"05/10/2012","69.40","69.70","69.70","68.45","615.24K","1.83%"
"05/09/2012","68.15","69.20","69.70","67.50","903.44K","-2.15%"
"05/08/2012","69.65","69.95","69.95","68.95","1.46M","-0.50%"
"05/07/2012","70.00","69.00","70.20","69.00","594.12K","-0.14%"
"05/04/2012","70.10","70.25","71.40","69.75","2.51M","4.63%"
"05/03/2012","67.00","65.45","67.70","65.30","1.31M","3.08%"
"05/02/2012","65.00","64.95","65.20","64.65","541.67K","0.78%"
"04/30/2012","64.50","65.00","65.60","64.50","344.02K","-1.07%"
"04/27/2012","65.20","64.60","65.75","64.50","678.46K","0.62%"
"04/26/2012","64.80","65.00","65.15","64.10","523.71K","-0.08%"
"04/25/2012","64.85","64.90","65.20","64.70","635.77K","0.08%"
"04/24/2012","64.80","65.30","65.30","64.10","622.73K","-0.15%"
"04/23/2012","64.90","65.65","66.30","64.90","680.46K","-2.63%"
"04/20/2012","66.65","66.20","66.75","65.05","700.17K","-5.59%"
"04/19/2012","70.60","70.25","71.15","70.25","831.62K","0.79%"
"04/18/2012","70.05","70.15","70.70","70.00","456.61K","-0.99%"
"04/17/2012","70.75","67.75","70.85","67.75","837.17K","4.27%"
"04/16/2012","67.85","68.10","68.10","67.00","709.13K","-0.37%"
"04/13/2012","68.10","67.80","68.50","67.70","539.73K","0.59%"
"04/12/2012","67.70","67.45","67.80","66.75","725.64K","0.67%"
"04/11/2012","67.25","66.95","67.80","66.75","1.29M","0.37%"
"04/10/2012","67.00","67.90","68.75","67.00","683.79K","-1.47%"
"04/04/2012","68.00","68.20","68.45","67.90","100.58K","-0.87%"
"04/03/2012","68.60","68.20","68.85","68.20","368.10K","0.15%"
"04/02/2012","68.50","67.20","68.50","66.85","433.16K","1.86%"
"03/30/2012","67.25","68.00","68.00","67.15","520.18K","-0.66%"
"03/29/2012","67.70","68.00","68.00","67.20","578.47K","-0.37%"
"03/28/2012","67.95","68.70","68.95","67.95","422.71K","-0.59%"
"03/27/2012","68.35","68.45","68.75","68.05","647.31K","0.00%"
"03/26/2012","68.35","67.30","68.65","67.00","541.10K","1.64%"
"03/23/2012","67.25","67.20","67.40","66.85","491.21K","0.37%"
"03/22/2012","67.00","67.75","67.75","66.05","618.22K","-1.47%"
"03/21/2012","68.00","67.40","68.00","66.95","449.72K","0.89%"
"03/20/2012","67.40","67.70","67.85","67.40","404.53K","-0.30%"
"03/19/2012","67.60","67.50","67.80","66.95","287.98K","0.52%"
"03/16/2012","67.25","67.55","67.65","67.20","505.94K","-0.22%"
"03/15/2012","67.40","67.00","67.65","66.80","535.42K","0.75%"
"03/14/2012","66.90","66.60","67.40","66.05","648.91K","0.75%"
"03/13/2012","66.40","66.70","66.90","66.40","526.17K","-0.15%"
"03/12/2012","66.50","66.20","66.75","66.20","484.16K","-0.15%"
"03/09/2012","66.60","66.50","66.85","66.25","490.48K","0.76%"
"03/08/2012","66.10","65.90","66.40","65.65","511.94K","0.38%"
"03/07/2012","65.85","65.35","65.85","65.00","353.31K","0.77%"
"03/06/2012","65.35","65.60","65.90","64.85","507.53K","-1.21%"
"03/05/2012","66.15","66.70","66.70","66.00","360.02K","-0.90%"
"03/02/2012","66.75","66.80","66.80","66.35","317.17K","0.15%"
"03/01/2012","66.65","66.80","66.90","66.25","498.22K","-0.37%"
"02/29/2012","66.90","66.75","66.95","66.65","570.42K","0.22%"
"02/28/2012","66.75","65.75","66.75","65.30","831.24K","1.60%"
"02/27/2012","65.70","64.85","65.70","64.50","434.45K","1.39%"
"02/24/2012","64.80","64.65","65.05","64.55","374.40K","0.23%"
"02/23/2012","64.65","64.90","65.60","64.50","421.27K","-1.00%"
"02/22/2012","65.30","65.00","65.40","64.40","514.36K","0.69%"
"02/21/2012","64.85","65.00","65.15","64.70","362.60K","-0.23%"
"02/20/2012","65.00","65.25","65.35","64.90","587.68K","0.08%"
"02/17/2012","64.95","65.00","65.30","64.50","400.14K","0.46%"
"02/16/2012","64.65","65.00","65.00","64.25","630.32K","-0.54%"
"02/15/2012","65.00","65.00","65.40","64.70","615.09K","0.15%"
"02/14/2012","64.90","65.50","65.80","64.65","505.76K","-0.76%"
"02/13/2012","65.40","65.75","66.15","65.25","384.88K","-0.23%"
"02/10/2012","65.55","66.25","66.25","65.20","629.57K","-0.38%"
"02/09/2012","65.80","68.00","68.00","65.40","1.59M","-3.59%"
"02/08/2012","68.25","68.35","68.85","67.95","501.59K","-0.66%"
"02/07/2012","68.70","68.70","68.80","67.85","241.87K","0.29%"
"02/06/2012","68.50","68.20","68.75","67.75","313.56K","0.44%"
"02/03/2012","68.20","68.00","68.90","67.70","474.08K","0.00%"
"02/02/2012","68.20","67.90","68.25","67.45","762.67K","1.19%"
"02/01/2012","67.40","67.60","68.15","67.25","552.85K","-0.66%"
"01/31/2012","67.85","67.40","68.00","67.25","461.72K","0.44%"
"01/30/2012","67.55","68.00","68.20","67.25","235.96K","-0.95%"
"01/27/2012","68.20","68.20","69.15","67.60","475.40K","0.00%"
"01/26/2012","68.20","68.15","68.60","67.50","397.75K","0.22%"
"01/25/2012","68.05","69.10","69.25","67.85","312.93K","-1.23%"
"01/24/2012","68.90","68.25","68.90","67.50","574.63K","0.80%"
"01/23/2012","68.35","68.75","69.35","68.05","309.15K","-0.29%"
"01/20/2012","68.55","68.65","69.05","68.15","582.70K","1.11%"
"01/19/2012","67.80","67.70","68.60","67.65","478.33K","0.37%"
"01/18/2012","67.55","67.85","68.50","67.50","232.19K","-0.37%"
"01/17/2012","67.80","68.70","69.10","67.60","381.04K","-0.80%"
"01/16/2012","68.35","67.50","68.55","67.50","234.68K","0.89%"
"01/13/2012","67.75","68.80","68.95","67.60","236.39K","-1.09%"
"01/12/2012","68.50","68.30","69.30","68.10","669.48K","0.29%"
"01/11/2012","68.30","68.45","68.90","68.00","440.16K","-0.22%"
"01/10/2012","68.45","67.60","68.95","67.60","382.96K","1.41%"
"01/09/2012","67.50","68.50","68.50","67.50","435.85K","-1.53%"
"01/06/2012","68.55","68.90","68.90","68.00","377.13K","-0.51%"
"01/05/2012","68.90","69.00","69.00","68.25","326.70K","0.44%"
"01/04/2012","68.60","68.45","68.95","68.10","245.81K","0.22%"
"01/03/2012","68.45","69.00","69.15","68.05","489.51K","-0.51%"
"01/02/2012","68.80","68.55","68.80","68.10","312.25K","-0.72%"
"12/30/2011","69.30","69.00","69.30","68.40","129.39K","0.80%"
"12/29/2011","68.75","67.55","68.75","67.55","248.37K","2.31%"
"12/28/2011","67.20","69.30","69.30","67.10","254.34K","-3.03%"
"12/27/2011","69.30","69.00","69.40","68.75","113.15K","0.29%"
"12/23/2011","69.10","68.90","69.40","68.45","308.01K","0.07%"
"12/22/2011","69.05","68.75","69.20","68.15","315.50K","0.80%"
"12/21/2011","68.50","68.20","69.25","67.85","529.61K","0.29%"
"12/20/2011","68.30","65.55","68.30","65.55","505.01K","3.80%"
"12/19/2011","65.80","65.95","66.55","65.45","333.65K","-0.38%"
"12/16/2011","66.05","66.45","66.60","65.65","383.47K","-0.45%"
"12/15/2011","66.35","65.65","66.50","65.00","410.34K","2.00%"
"12/14/2011","65.05","66.10","66.20","65.05","607.56K","-1.59%"
"12/13/2011","66.10","66.00","66.45","65.00","486.60K","0.08%"
"12/12/2011","66.05","67.20","67.80","66.05","606.70K","-1.71%"
"12/09/2011","67.20","65.90","67.95","65.90","365.34K","0.98%"
"12/08/2011","66.55","66.95","67.65","66.50","571.60K","-0.37%"
"12/07/2011","66.80","67.10","67.65","66.45","315.83K","0.15%"
"12/06/2011","66.70","66.60","67.25","66.35","296.72K","-0.67%"
"12/05/2011","67.15","67.90","68.45","67.05","530.39K","-0.52%"
"12/02/2011","67.50","67.35","67.55","66.65","376.70K","0.45%"
"12/01/2011","67.20","67.00","68.20","66.05","517.03K","0.67%"
"11/30/2011","66.75","64.45","67.00","64.00","886.74K","3.49%"
"11/29/2011","64.50","64.25","64.75","63.50","226.79K","0.55%"
"11/28/2011","64.15","63.00","64.25","62.85","672.63K","2.56%"
"11/25/2011","62.55","62.15","63.00","62.05","357.30K","0.64%"
"11/24/2011","62.15","63.15","63.65","62.00","353.23K","-1.51%"
"11/23/2011","63.10","63.50","64.25","62.70","647.04K","-0.63%"
"11/22/2011","63.50","64.00","64.45","63.50","557.82K","-0.78%"
"11/21/2011","64.00","64.60","64.60","63.45","550.85K","-0.70%"
"11/18/2011","64.45","64.80","65.15","64.25","585.19K","0.23%"
"11/17/2011","64.30","65.00","65.20","64.05","709.35K","-1.08%"
"11/16/2011","65.00","63.60","65.25","63.60","646.05K","1.88%"
"11/15/2011","63.80","64.25","64.50","63.50","488.65K","-1.09%"
"11/14/2011","64.50","64.75","64.80","63.95","1.10M","0.94%"
"11/11/2011","63.90","62.95","64.10","62.95","536.86K","1.91%"
"11/10/2011","62.70","61.80","63.50","61.30","922.58K","1.13%"
"11/09/2011","62.00","64.20","64.20","61.00","1.04M","-2.90%"
"11/08/2011","63.85","62.50","64.90","62.20","723.07K","2.16%"
"11/07/2011","62.50","61.20","62.90","60.20","1.08M","2.54%"
"11/04/2011","60.95","60.50","61.30","60.40","605.98K","0.66%"
"11/03/2011","60.55","59.60","60.90","59.10","1.04M","0.58%"
"11/02/2011","60.20","59.35","60.25","59.25","773.87K","1.43%"
"11/01/2011","59.35","60.60","61.10","59.30","993.49K","-3.02%"
"10/31/2011","61.20","61.95","62.10","61.05","620.72K","-2.08%"
"10/28/2011","62.50","63.75","63.85","62.15","349.47K","-1.96%"
"10/27/2011","63.75","62.10","64.25","62.10","798.73K","3.66%"
"10/26/2011","61.50","61.00","62.15","61.00","662.24K","0.82%"
"10/25/2011","61.00","60.45","61.30","60.10","514.22K","-0.08%"
"10/24/2011","61.05","60.35","61.10","60.25","506.82K","1.24%"
"10/21/2011","60.30","59.90","60.30","59.35","475.63K","1.26%"
"10/20/2011","59.55","60.15","60.60","59.55","385.10K","-0.92%"
"10/19/2011","60.10","60.90","61.50","60.10","640.65K","-1.15%"
"10/18/2011","60.80","59.95","60.80","59.50","645.93K","1.67%"
"10/17/2011","59.80","60.65","60.80","59.65","523.88K","-0.75%"
"10/14/2011","60.25","60.00","60.65","59.60","467.35K","0.67%"
"10/13/2011","59.85","60.00","60.25","59.55","387.69K","-0.25%"
"10/12/2011","60.00","59.80","60.15","59.50","672.18K","0.33%"
"10/11/2011","59.80","61.25","61.25","59.70","487.20K","-2.37%"
"10/10/2011","61.25","60.50","61.30","60.25","442.82K","1.74%"
"10/07/2011","60.20","61.25","61.25","60.05","413.24K","-0.74%"
"10/06/2011","60.65","60.00","61.10","60.00","563.75K","1.42%"
"10/05/2011","59.80","59.10","59.80","58.75","520.39K","2.05%"
"10/04/2011","58.60","58.75","59.95","57.80","1.22M","-0.09%"
"10/03/2011","58.65","60.20","60.50","58.65","739.29K","-4.01%"
"09/30/2011","61.10","60.20","61.10","59.95","647.64K","1.33%"
"09/29/2011","60.30","59.50","60.95","59.35","516.53K","0.50%"
"09/28/2011","60.00","60.40","60.60","59.60","555.56K","-0.58%"
"09/27/2011","60.35","61.00","61.15","60.30","1.24M","0.58%"
"09/26/2011","60.00","59.90","60.40","58.50","987.91K","0.17%"
"09/23/2011","59.90","61.20","61.50","59.70","556.04K","-1.88%"
"09/22/2011","61.05","60.75","61.75","60.60","776.56K","-1.45%"
"09/21/2011","61.95","61.55","62.45","61.55","450.02K","-0.08%"
"09/20/2011","62.00","61.25","62.00","61.20","483.39K","1.22%"
"09/19/2011","61.25","60.65","61.40","60.05","656.84K","-0.33%"
"09/16/2011","61.45","61.45","62.90","60.90","2.79M","0.57%"
"09/15/2011","61.10","60.85","61.70","59.90","1.27M","1.08%"
"09/14/2011","60.45","59.65","60.55","59.55","760.81K","0.75%"
"09/13/2011","60.00","61.10","61.50","59.70","1.05M","-1.15%"
"09/12/2011","60.70","60.20","61.55","60.05","1.14M","-0.82%"
"09/09/2011","61.20","62.25","62.50","61.20","1.14M","-1.05%"
"09/08/2011","61.85","62.70","63.25","61.85","1.10M","-1.36%"
"09/07/2011","62.70","62.00","63.30","61.25","1.06M","2.70%"
"09/06/2011","61.05","61.50","61.95","60.60","813.76K","0.00%"
"09/05/2011","61.05","63.05","63.05","61.05","891.29K","-3.86%"
"09/02/2011","63.50","64.70","64.70","63.50","673.24K","-1.70%"
"09/01/2011","64.60","63.90","65.50","63.30","746.09K","1.57%"
"08/31/2011","63.60","64.00","64.40","63.20","736.57K","-0.55%"
"08/30/2011","63.95","64.50","64.50","63.50","387.51K","0.31%"
"08/29/2011","63.75","63.90","64.15","63.40","360.65K","1.51%"
"08/26/2011","62.80","62.50","62.80","61.35","446.32K","1.21%"
"08/25/2011","62.05","63.00","63.20","61.90","287.93K","-0.88%"
"08/24/2011","62.60","62.00","62.70","61.40","562.57K","1.71%"
"08/23/2011","61.55","64.00","64.00","61.55","535.36K","-2.22%"
"08/22/2011","62.95","63.20","64.30","62.65","569.18K","-0.47%"
"08/19/2011","63.25","62.25","64.35","60.90","998.15K","1.28%"
"08/18/2011","62.45","64.55","64.60","62.45","806.73K","-3.63%"
"08/17/2011","64.80","64.50","65.00","63.90","468.30K","0.08%"
"08/16/2011","64.75","64.05","64.80","63.45","709.83K","1.01%"
"08/15/2011","64.10","65.00","65.60","64.05","931.38K","-0.70%"
"08/12/2011","64.55","63.90","64.75","62.40","1.26M","2.46%"
"08/11/2011","63.00","60.25","63.80","60.25","2.32M","8.43%"
"08/10/2011","58.10","59.30","59.50","57.50","1.62M","1.04%"
"08/09/2011","57.50","58.20","59.75","56.35","2.19M","-2.21%"
"08/08/2011","58.80","59.40","60.80","57.80","1.08M","-1.75%"
"08/05/2011","59.85","60.65","62.40","59.45","1.23M","-3.08%"
"08/04/2011","61.75","63.00","63.50","61.75","1.07M","-0.88%"
"08/03/2011","62.30","60.50","63.50","60.10","749.38K","1.71%"
"08/02/2011","61.25","63.00","63.10","61.25","586.47K","-2.85%"
"08/01/2011","63.05","64.90","64.90","63.00","450.60K","-1.18%"
"07/29/2011","63.80","63.55","64.00","62.90","314.40K","0.00%"
"07/28/2011","63.80","63.85","63.90","63.00","448.29K","-0.08%"
"07/27/2011","63.85","64.50","65.00","63.80","330.87K","-1.16%"
"07/26/2011","64.60","64.20","64.60","63.80","301.24K","1.73%"
"07/25/2011","63.50","63.10","64.05","63.00","261.66K","-0.86%"
"07/22/2011","64.05","64.10","65.25","63.05","542.42K","-0.08%"
"07/21/2011","64.10","63.95","64.45","63.15","411.65K","0.55%"
"07/20/2011","63.75","63.25","64.05","62.60","435.10K","0.87%"
"07/19/2011","63.20","61.50","63.40","61.50","399.34K","2.76%"
"07/18/2011","61.50","61.50","62.00","61.00","343.88K","-0.81%"
"07/15/2011","62.00","62.00","62.25","61.45","456.74K","-0.56%"
"07/14/2011","62.35","62.20","63.35","61.85","639.58K","0.32%"
"07/13/2011","62.15","61.20","62.30","61.20","579.81K","0.32%"
"07/12/2011","61.95","62.50","62.50","60.60","968.44K","-1.59%"
"07/11/2011","62.95","65.00","65.10","62.90","497.74K","-3.15%"
"07/08/2011","65.00","66.30","66.50","64.75","457.59K","-1.59%"
"07/07/2011","66.05","66.20","66.50","66.00","290.23K","0.00%"
"07/06/2011","66.05","66.05","66.20","65.60","510.84K","-0.08%"
"07/05/2011","66.10","66.00","66.50","65.55","418.84K","-0.60%"
"07/04/2011","66.50","67.00","67.00","66.45","203.70K","-0.45%"
"07/01/2011","66.80","65.85","67.00","65.60","501.32K","0.45%"
"06/30/2011","66.50","66.00","66.50","65.15","385.26K","1.22%"
"06/29/2011","65.70","64.10","65.90","63.70","504.65K","2.82%"
"06/28/2011","63.90","63.75","64.00","63.15","515.34K","0.79%"
"06/27/2011","63.40","62.80","64.25","62.80","459.28K","-0.24%"
"06/24/2011","63.55","65.30","65.45","63.55","739.06K","-1.40%"
"06/23/2011","64.45","64.90","65.80","63.60","854.26K","-1.30%"
"06/22/2011","65.30","65.25","65.80","64.75","554.29K","0.85%"
"06/21/2011","64.75","64.25","64.75","63.75","609.48K","1.89%"
"06/20/2011","63.55","64.65","65.35","63.55","943.97K","-2.46%"
"06/17/2011","65.15","65.65","66.20","64.60","1.83M","-0.23%"
"06/16/2011","65.30","66.55","66.55","65.20","1.16M","-2.17%"
"06/15/2011","66.75","68.50","68.50","66.55","635.74K","-2.55%"
"06/14/2011","68.50","67.25","68.90","66.65","603.86K","2.09%"
"06/10/2011","67.10","69.00","69.00","67.10","607.89K","-2.04%"
"06/09/2011","68.50","68.20","68.85","67.60","453.12K","0.59%"
"06/08/2011","68.10","69.10","69.40","67.65","759.28K","-1.45%"
"06/07/2011","69.10","69.35","69.45","68.70","790.56K","-0.29%"
"06/06/2011","69.30","69.40","69.40","68.50","458.25K","-0.29%"
"06/03/2011","69.50","67.80","69.50","67.75","945.70K","2.43%"
"06/01/2011","67.85","69.20","69.20","67.75","1.13M","-1.60%"
"05/31/2011","68.95","69.80","69.80","67.25","13.78M","0.95%"
"05/30/2011","68.30","68.70","69.40","68.30","1.01M","-0.29%"
"05/27/2011","68.50","67.80","68.50","67.35","1.01M","1.63%"
"05/26/2011","67.40","67.50","67.90","66.80","1.20M","-0.15%"
"05/25/2011","67.50","67.00","67.50","66.80","1.01M","0.00%"
"05/24/2011","67.50","66.60","67.50","66.30","1.35M","1.35%"
"05/23/2011","66.60","66.40","67.45","63.00","1.35M","-0.52%"
"05/20/2011","66.95","68.00","68.20","65.80","1.33M","-1.98%"
"05/19/2011","68.30","68.30","69.00","67.10","959.01K","0.59%"
"05/18/2011","67.90","68.95","69.50","67.55","1.55M","-0.88%"
"05/16/2011","68.50","67.00","68.50","65.55","1.39M","1.86%"
"05/13/2011","67.25","67.10","67.80","66.65","769.53K","-0.37%"
"05/12/2011","67.50","68.60","68.60","66.90","1.25M","-1.60%"
"05/11/2011","68.60","69.50","69.90","68.45","1.32M","-1.15%"
"05/10/2011","69.40","69.55","69.95","68.95","720.21K","0.58%"
"05/09/2011","69.00","69.00","69.95","68.80","494.55K","-0.22%"
"05/06/2011","69.15","68.60","69.30","68.45","1.05M","0.80%"
"05/05/2011","68.60","69.35","69.50","68.05","1.05M","-0.15%"
"05/04/2011","68.70","68.55","69.50","68.25","952.35K","0.66%"
"05/03/2011","68.25","68.25","68.50","67.75","680.30K","0.00%"
"05/02/2011","68.25","68.50","69.10","68.00","447.19K","-0.15%"
"04/29/2011","68.35","68.30","68.35","67.10","572.10K","0.00%"
"04/28/2011","68.35","67.90","68.40","67.10","1.03M","-5.46%"
"04/27/2011","72.30","72.90","72.90","71.80","757.51K","-0.34%"