"Date","Price","Open","High","Low","Vol.","Change %"
"12/30/2025","243.20","243.40","243.80","241.40","377.52K","0.16%"
"12/29/2025","242.80","244.00","244.00","241.80","546.35K","1.08%"
"12/23/2025","240.20","243.40","245.00","240.20","515.44K","-1.31%"
"12/22/2025","243.40","242.60","244.00","241.20","589.11K","0.33%"
"12/19/2025","242.60","239.60","243.60","238.60","2.16M","1.42%"
"12/18/2025","239.20","239.60","240.40","237.80","943.32K","-0.50%"
"12/17/2025","240.40","239.40","240.40","238.20","1.45M","1.69%"
"12/16/2025","236.40","235.60","238.40","234.40","668.64K","0.08%"
"12/15/2025","236.20","232.80","236.60","231.60","688.53K","1.20%"
"12/12/2025","233.40","234.80","235.80","233.00","516.61K","-0.60%"
"12/11/2025","234.80","235.40","235.80","232.80","640.75K","-0.51%"
"12/10/2025","236.00","237.00","237.00","234.20","590.45K","-0.17%"
"12/09/2025","236.40","236.40","237.80","235.20","818.61K","-0.51%"
"12/08/2025","237.60","236.60","237.60","235.60","652.92K","0.34%"
"12/05/2025","236.80","235.60","237.40","235.20","839.21K","0.59%"
"12/04/2025","235.40","234.00","236.80","232.40","766.88K","0.68%"
"12/03/2025","233.80","230.00","233.80","228.40","747.31K","2.10%"
"12/02/2025","229.00","228.60","230.40","227.60","787.72K","0.70%"
"12/01/2025","227.40","229.60","229.80","225.60","1.07M","-0.96%"
"11/28/2025","229.60","228.40","231.00","228.40","1.14M","2.14%"
"11/27/2025","224.80","223.40","226.00","222.80","394.42K","0.63%"
"11/26/2025","223.40","221.40","223.40","220.00","939.58K","1.55%"
"11/25/2025","220.00","218.60","220.80","218.00","813.36K","0.46%"
"11/24/2025","219.00","219.80","220.00","217.20","2.54M","0.27%"
"11/21/2025","218.40","217.80","219.20","216.80","607.25K","0.00%"
"11/20/2025","218.40","219.60","219.80","217.20","372.73K","-0.55%"
"11/19/2025","219.60","218.00","220.80","218.00","547.45K","1.10%"
"11/18/2025","217.20","219.00","219.80","216.60","729.11K","-1.27%"
"11/17/2025","220.00","221.20","221.60","219.80","403.35K","-0.63%"
"11/14/2025","221.40","221.20","222.60","219.40","496.24K","-0.98%"
"11/13/2025","223.60","224.80","225.80","223.20","523.99K","-0.62%"
"11/12/2025","225.00","223.20","225.00","221.20","945.07K","0.63%"
"11/11/2025","223.60","225.20","225.40","223.00","557.57K","-0.71%"
"11/10/2025","225.20","223.80","225.60","221.60","880.92K","0.81%"
"11/07/2025","223.40","225.00","226.20","223.20","486.60K","-0.62%"
"11/06/2025","224.80","226.20","227.60","223.40","720.02K","-0.44%"
"11/05/2025","225.80","227.00","228.80","224.80","1.07M","1.99%"
"11/04/2025","221.40","220.40","223.40","218.60","757.09K","0.09%"
"11/03/2025","221.20","222.00","222.60","220.20","653.60K","-0.63%"
"10/31/2025","222.60","224.80","224.80","222.40","536.36K","-0.45%"
"10/30/2025","223.60","223.60","225.40","222.00","673.51K","-1.84%"
"10/29/2025","227.80","229.00","229.20","226.60","599.72K","0.09%"
"10/28/2025","227.60","229.20","229.40","225.60","563.03K","-0.70%"
"10/27/2025","229.20","230.00","230.40","228.60","383.05K","-0.35%"
"10/24/2025","230.00","230.40","230.80","228.20","434.26K","-0.26%"
"10/23/2025","230.60","229.60","230.60","227.60","565.97K","0.79%"
"10/22/2025","228.80","229.60","231.00","228.40","1.02M","-0.44%"
"10/21/2025","229.80","231.00","232.20","228.20","528.90K","-0.61%"
"10/20/2025","231.20","229.00","231.40","228.40","662.17K","0.96%"
"10/17/2025","229.00","226.60","229.20","224.80","602.43K","0.26%"
"10/16/2025","228.40","227.80","229.60","226.60","807.49K","0.53%"
"10/15/2025","227.20","224.00","227.40","222.40","1.00M","1.79%"
"10/14/2025","223.20","223.00","223.80","221.60","525.12K","0.00%"
"10/13/2025","223.20","221.80","225.00","220.00","807.25K","1.00%"
"10/10/2025","221.00","217.60","222.40","217.60","1.11M","2.31%"
"10/09/2025","216.00","214.00","217.40","214.00","775.55K","1.12%"
"10/08/2025","213.60","214.20","216.40","212.40","589.29K","-0.09%"
"10/07/2025","213.80","213.40","215.00","211.60","508.60K","0.28%"
"10/06/2025","213.20","215.00","215.40","212.00","581.13K","-0.56%"
"10/03/2025","214.40","211.40","214.40","210.20","551.27K","1.71%"
"10/02/2025","210.80","215.60","216.40","210.40","562.17K","-2.23%"
"10/01/2025","215.60","211.00","215.60","211.00","643.75K","2.28%"
"09/30/2025","210.80","211.80","212.20","209.00","645.65K","-0.66%"
"09/29/2025","212.20","213.00","213.40","210.80","767.03K","-0.28%"
"09/26/2025","212.80","213.60","214.00","210.20","675.36K","-0.75%"
"09/25/2025","214.40","215.80","218.00","214.00","722.25K","-1.02%"
"09/24/2025","216.60","217.40","218.20","215.40","614.68K","-0.09%"
"09/23/2025","216.80","216.20","219.60","216.00","568.49K","0.37%"
"09/22/2025","216.00","216.20","217.80","215.20","663.88K","0.37%"
"09/19/2025","215.20","216.20","218.60","214.40","3.15M","-0.74%"
"09/18/2025","216.80","218.00","218.60","214.80","816.63K","-0.55%"
"09/17/2025","218.00","217.60","219.00","217.00","1.03M","0.46%"
"09/16/2025","217.00","218.60","220.00","217.00","785.95K","-0.64%"
"09/15/2025","218.40","217.00","219.20","216.40","796.28K","1.20%"
"09/12/2025","215.80","216.20","217.20","215.00","1.08M","0.00%"
"09/11/2025","215.80","213.00","215.80","212.60","938.07K","1.79%"
"09/10/2025","212.00","206.40","213.80","206.40","1.18M","2.81%"
"09/09/2025","206.20","207.40","207.40","204.00","582.00K","-0.58%"
"09/08/2025","207.40","206.80","208.20","205.00","395.46K","0.48%"
"09/05/2025","206.40","206.00","207.00","204.80","4.63M","0.39%"
"09/04/2025","205.60","204.00","207.80","204.00","618.84K","1.18%"
"09/03/2025","203.20","202.00","204.00","202.00","411.51K","0.20%"
"09/02/2025","202.80","205.60","208.20","201.60","778.04K","-1.65%"
"09/01/2025","206.20","207.00","208.00","205.60","340.24K","-0.19%"
"08/29/2025","206.60","203.80","208.20","202.40","913.87K","0.98%"
"08/28/2025","204.60","204.00","205.60","204.00","540.68K","0.29%"
"08/27/2025","204.00","204.60","205.60","203.80","522.65K","-0.78%"
"08/26/2025","205.60","206.80","207.80","203.80","1.36M","-0.68%"
"08/25/2025","207.00","207.00","207.60","205.60","328.46K","0.00%"
"08/22/2025","207.00","208.00","208.80","205.40","471.70K","-0.58%"
"08/21/2025","208.20","204.20","209.60","204.20","790.49K","1.76%"
"08/20/2025","204.60","210.00","210.80","198.70","725.85K","0.29%"
"08/19/2025","204.00","202.00","205.40","201.40","788.02K","1.09%"
"08/18/2025","201.80","202.40","204.60","201.00","499.73K","-0.30%"
"08/15/2025","202.40","201.20","203.20","201.20","528.90K","0.90%"
"08/14/2025","200.60","202.20","203.80","200.60","422.57K","-0.59%"
"08/13/2025","201.80","203.80","205.00","199.40","521.89K","-0.88%"
"08/12/2025","203.60","204.80","205.40","202.80","577.55K","1.29%"
"08/11/2025","201.00","203.00","204.80","200.20","472.12K","-0.50%"
"08/08/2025","202.00","200.00","204.00","200.00","705.38K","1.35%"
"08/07/2025","199.30","194.80","199.80","194.40","758.51K","2.31%"
"08/06/2025","194.80","195.50","197.60","194.10","587.28K","-0.10%"
"08/05/2025","195.00","193.30","195.40","192.60","517.60K","1.14%"
"08/04/2025","192.80","192.10","195.60","192.10","631.36K","0.89%"
"08/01/2025","191.10","192.40","192.60","190.90","422.62K","-1.24%"
"07/31/2025","193.50","191.20","194.10","190.80","560.92K","0.36%"
"07/30/2025","192.80","194.10","195.40","191.50","682.09K","-0.52%"
"07/29/2025","193.80","196.50","196.50","191.50","776.27K","-1.52%"
"07/28/2025","196.80","198.30","199.60","196.60","375.49K","-0.30%"
"07/25/2025","197.40","199.90","200.20","196.70","361.45K","-1.50%"
"07/24/2025","200.40","197.00","201.60","196.70","789.01K","1.78%"
"07/23/2025","196.90","196.90","197.60","195.40","472.12K","0.66%"
"07/22/2025","195.60","194.20","196.80","194.20","367.48K","0.57%"
"07/21/2025","194.50","193.80","195.10","192.30","472.22K","0.41%"
"07/18/2025","193.70","197.80","197.80","192.10","818.03K","-1.63%"
"07/17/2025","196.90","197.00","198.70","196.00","537.09K","0.15%"
"07/16/2025","196.60","199.60","199.90","195.60","660.60K","-1.80%"
"07/15/2025","200.20","203.00","204.40","199.80","1.10M","3.68%"
"07/14/2025","193.10","189.40","193.30","188.70","618.14K","2.06%"
"07/11/2025","189.20","187.00","191.20","187.00","791.89K","0.58%"
"07/10/2025","188.10","188.30","191.00","187.90","838.45K","-2.23%"
"07/09/2025","192.40","192.00","192.70","190.40","432.74K","0.42%"
"07/08/2025","191.60","190.50","191.80","189.00","538.29K","0.26%"
"07/07/2025","191.10","194.00","194.80","190.40","496.57K","-1.44%"
"07/04/2025","193.90","194.70","195.80","193.70","383.97K","-0.77%"
"07/03/2025","195.40","198.30","198.90","194.70","681.81K","-0.96%"
"07/02/2025","197.30","194.00","200.00","193.70","1.03M","2.02%"
"07/01/2025","193.40","194.90","195.30","192.00","813.57K","-0.62%"
"06/30/2025","194.60","192.90","194.80","192.20","1.15M","0.93%"
"06/27/2025","192.80","191.10","194.70","191.10","804.90K","1.53%"
"06/26/2025","189.90","190.40","191.00","189.20","625.00K","-0.16%"
"06/25/2025","190.20","190.70","191.90","190.10","711.39K","-0.16%"
"06/24/2025","190.50","191.30","192.80","190.00","763.95K","0.85%"
"06/23/2025","188.90","189.00","189.80","186.70","805.79K","-0.53%"
"06/20/2025","189.90","188.80","191.10","187.30","1.77M","0.74%"
"06/19/2025","188.50","184.00","188.50","184.00","821.16K","2.00%"
"06/18/2025","184.80","186.80","187.40","182.60","1.49M","-1.07%"
"06/17/2025","186.80","187.20","189.10","186.70","836.41K","-1.11%"
"06/16/2025","188.90","188.30","188.90","186.40","662.74K","0.27%"
"06/13/2025","188.40","188.00","190.00","187.50","1.10M","-1.05%"
"06/12/2025","190.40","191.00","191.70","188.00","956.53K","-0.99%"
"06/11/2025","192.30","193.10","193.10","191.10","674.08K","-0.10%"
"06/10/2025","192.50","191.20","194.10","191.20","955.35K","0.68%"
"06/06/2025","191.20","187.60","193.20","187.60","1.06M","2.08%"
"06/05/2025","187.30","186.80","188.10","185.90","872.36K","0.05%"
"06/04/2025","187.20","185.60","189.60","185.30","1.14M","0.92%"
"06/03/2025","185.50","188.40","189.20","185.40","849.34K","-1.33%"
"06/02/2025","188.00","189.10","189.20","185.70","1.36M","-1.36%"
"05/30/2025","190.60","188.90","190.60","188.10","6.02M","1.01%"
"05/28/2025","188.70","192.20","192.70","187.90","784.83K","-1.67%"
"05/27/2025","191.90","189.80","192.80","189.40","1.04M","1.37%"
"05/26/2025","189.30","190.00","191.30","189.10","489.27K","0.37%"
"05/23/2025","188.60","187.50","190.20","185.20","1.03M","-0.05%"
"05/22/2025","188.70","194.50","194.50","187.60","1.12M","-3.18%"
"05/21/2025","194.90","191.00","196.50","191.00","1.17M","2.04%"
"05/20/2025","191.00","192.40","192.70","188.20","1.70M","-0.68%"
"05/19/2025","192.30","193.00","193.20","190.70","695.48K","-0.77%"
"05/16/2025","193.80","192.40","197.00","191.40","1.59M","1.04%"
"05/15/2025","191.80","188.40","193.10","187.30","1.94M","1.37%"
"05/14/2025","189.20","190.00","193.10","187.40","1.42M","0.00%"
"05/13/2025","189.20","189.20","190.40","188.20","778.08K","0.26%"
"05/12/2025","188.70","189.10","189.40","187.00","727.44K","0.59%"
"05/09/2025","187.60","187.00","189.40","186.00","613.02K","0.64%"
"05/08/2025","186.40","186.90","187.60","186.00","797.79K","-0.11%"
"05/07/2025","186.60","187.20","187.60","184.70","1.08M","-0.32%"
"05/06/2025","187.20","190.40","190.60","186.60","1.53M","-2.80%"
"05/05/2025","192.60","193.10","194.20","191.90","570.09K","-0.36%"
"05/02/2025","193.30","191.90","193.30","190.30","930.78K","1.68%"
"04/30/2025","190.10","189.60","191.40","188.00","1.14M","0.58%"
"04/29/2025","189.00","187.80","189.80","186.50","909.34K","0.91%"
"04/28/2025","187.30","185.40","187.30","184.30","1.33M","1.35%"
"04/25/2025","184.80","189.70","192.10","183.70","1.76M","-4.20%"
"04/24/2025","192.90","193.60","193.80","191.60","929.37K","-0.41%"
"04/23/2025","193.70","189.00","194.40","189.00","1.49M","3.69%"
"04/22/2025","186.80","188.10","188.50","183.50","939.38K","-1.16%"
"04/16/2025","189.00","188.80","189.00","184.70","518.49K","0.21%"
"04/15/2025","188.60","188.60","189.10","187.00","664.29K","0.75%"
"04/14/2025","187.20","188.00","189.00","185.60","834.29K","0.92%"
"04/11/2025","185.50","179.00","187.60","177.20","1.37M","1.15%"
"04/10/2025","183.40","190.00","190.00","181.20","1.39M","1.89%"
"04/09/2025","180.00","179.30","183.80","176.80","1.21M","-1.64%"
"04/08/2025","183.00","182.80","184.20","179.10","1.22M","0.44%"
"04/07/2025","182.20","175.00","184.80","170.30","1.88M","0.05%"
"04/04/2025","182.10","186.00","190.70","181.35","1.35M","-2.85%"
"04/03/2025","187.45","183.00","189.20","181.15","1.31M","-0.40%"
"04/02/2025","188.20","192.00","192.85","187.45","922.42K","-1.75%"
"04/01/2025","191.55","195.40","196.20","191.05","1.44M","-1.57%"
"03/31/2025","194.60","191.50","195.80","191.00","1.48M","0.78%"
"03/28/2025","193.10","204.50","205.70","193.05","1.65M","-5.71%"
"03/27/2025","204.80","204.50","205.20","202.30","984.29K","-0.29%"
"03/26/2025","205.40","207.70","208.50","204.80","968.05K","-1.11%"
"03/25/2025","207.70","206.90","209.20","206.20","915.20K","0.78%"
"03/24/2025","206.10","207.10","209.10","205.90","695.51K","-0.10%"
"03/21/2025","206.30","205.30","206.90","205.20","2.69M","0.34%"
"03/20/2025","205.60","206.30","207.30","204.40","1.12M","-0.19%"
"03/19/2025","206.00","205.20","206.60","204.60","821.99K","0.15%"
"03/18/2025","205.70","204.00","207.30","204.00","1.16M","0.93%"
"03/17/2025","203.80","201.50","203.80","200.60","923.91K","1.14%"
"03/14/2025","201.50","198.15","201.50","197.80","1.13M","1.51%"
"03/13/2025","198.50","195.60","198.50","195.05","1.02M","0.97%"
"03/12/2025","196.60","200.00","200.40","196.60","1.23M","-1.75%"
"03/11/2025","200.10","201.90","201.90","198.05","1.32M","-0.40%"
"03/10/2025","200.90","202.80","202.80","199.55","949.60K","-1.03%"
"03/07/2025","203.00","198.00","203.00","197.80","1.47M","2.47%"
"03/06/2025","198.10","199.55","200.70","197.05","1.16M","-0.48%"
"03/05/2025","199.05","200.00","200.40","197.25","1.67M","0.03%"
"03/04/2025","199.00","205.50","206.00","198.90","1.97M","-3.49%"
"03/03/2025","206.20","209.40","209.40","204.90","1.57M","-1.53%"
"02/28/2025","209.40","208.70","211.10","207.80","2.57M","0.00%"
"02/27/2025","209.40","214.00","214.20","208.90","1.56M","-2.92%"
"02/26/2025","215.70","215.90","216.80","214.30","596.21K","0.33%"
"02/25/2025","215.00","213.80","215.80","213.10","684.96K","0.28%"
"02/24/2025","214.40","215.80","215.90","213.50","747.93K","-0.42%"
"02/21/2025","215.30","214.70","216.60","214.10","892.87K","-0.42%"
"02/20/2025","216.20","219.00","219.70","215.70","663.93K","-1.28%"
"02/19/2025","219.00","220.10","221.30","218.40","804.12K","-0.41%"
"02/18/2025","219.90","222.90","223.20","218.90","722.00K","-0.50%"
"02/17/2025","221.00","223.00","223.00","218.70","800.31K","-0.67%"
"02/14/2025","222.50","219.80","222.50","218.10","1.22M","1.37%"
"02/13/2025","219.50","218.00","219.90","216.70","965.28K","1.48%"
"02/12/2025","216.30","222.00","222.40","214.70","1.26M","-1.19%"
"02/11/2025","218.90","217.00","219.00","216.40","834.51K","0.74%"
"02/10/2025","217.30","215.20","217.90","215.10","751.71K","0.70%"
"02/07/2025","215.80","216.00","217.90","215.30","743.75K","-0.28%"
"02/06/2025","216.40","218.20","219.00","216.30","664.32K","-0.51%"
"02/05/2025","217.50","220.50","220.70","217.20","1.07M","-0.78%"
"02/04/2025","219.20","220.10","221.20","217.90","1.08M","0.18%"
"02/03/2025","218.80","221.50","222.30","217.40","1.72M","-3.74%"
"01/31/2025","227.30","228.10","229.90","225.80","1.07M","-1.17%"
"01/30/2025","230.00","229.50","231.70","226.90","1.83M","3.70%"
"01/29/2025","221.80","220.50","221.90","218.30","842.85K","1.00%"
"01/28/2025","219.60","216.50","219.90","216.50","910.24K","1.90%"
"01/27/2025","215.50","213.60","216.10","211.80","710.14K","0.33%"
"01/24/2025","214.80","216.70","216.70","213.50","829.49K","-0.37%"
"01/23/2025","215.60","212.50","216.90","212.40","1.13M","1.84%"
"01/22/2025","211.70","210.70","212.20","210.20","760.59K","0.38%"
"01/21/2025","210.90","210.00","210.90","209.20","723.07K","0.14%"
"01/20/2025","210.60","210.30","211.20","208.70","485.01K","0.14%"
"01/17/2025","210.30","208.70","211.50","208.30","1.14M","1.30%"
"01/16/2025","207.60","208.00","212.00","206.50","2.05M","2.57%"
"01/15/2025","202.40","198.80","203.50","198.60","1.54M","2.58%"
"01/14/2025","197.30","196.80","199.60","195.55","1.62M","1.94%"
"01/13/2025","193.55","194.15","194.25","190.90","1.08M","-0.85%"
"01/10/2025","195.20","197.10","197.40","194.75","887.21K","-0.99%"
"01/09/2025","197.15","193.75","197.30","193.50","610.75K","1.89%"
"01/08/2025","193.50","195.15","196.35","193.20","770.73K","-1.15%"
"01/07/2025","195.75","196.30","198.00","192.90","883.33K","-0.18%"
"01/06/2025","196.10","197.55","198.50","195.50","710.52K","-0.81%"
"01/03/2025","197.70","198.45","198.50","196.65","624.92K","0.18%"
"01/02/2025","197.35","196.45","198.10","196.10","775.98K","1.34%"
"12/30/2024","194.75","196.05","196.10","194.50","505.07K","-0.49%"
"12/27/2024","195.70","194.60","195.70","194.20","495.31K","0.64%"
"12/23/2024","194.45","195.00","195.70","193.60","646.95K","-0.51%"
"12/20/2024","195.45","195.50","196.55","193.25","1.59M","-0.28%"
"12/19/2024","196.00","196.30","197.75","195.35","794.46K","-1.09%"
"12/18/2024","198.15","199.20","200.50","197.25","862.19K","-0.55%"
"12/17/2024","199.25","201.70","202.10","199.25","992.10K","-1.80%"
"12/16/2024","202.90","206.50","206.60","201.90","979.28K","-2.03%"
"12/13/2024","207.10","207.80","208.30","206.00","538.68K","0.10%"
"12/12/2024","206.90","205.90","208.00","205.60","824.85K","0.63%"
"12/11/2024","205.60","202.00","206.70","201.60","1.12M","1.58%"
"12/10/2024","202.40","204.00","204.90","201.40","773.46K","-0.64%"
"12/09/2024","203.70","204.10","204.70","202.30","481.00K","0.05%"
"12/06/2024","203.60","204.60","205.30","203.60","574.38K","-0.44%"
"12/05/2024","204.50","202.90","205.00","202.10","807.40K","0.74%"
"12/04/2024","203.00","201.30","204.40","200.80","922.42K","0.94%"
"12/03/2024","201.10","201.00","202.50","200.50","800.69K","0.50%"
"12/02/2024","200.10","200.00","202.00","199.40","754.35K","-0.15%"
"11/29/2024","200.40","200.70","202.00","200.10","688.22K","-0.35%"
"11/28/2024","201.10","201.20","202.70","200.00","504.58K","-0.45%"
"11/27/2024","202.00","200.60","202.00","199.95","954.68K","1.00%"
"11/26/2024","200.00","203.60","204.10","200.00","1.01M","-2.06%"
"11/25/2024","204.20","203.30","206.40","202.10","2.26M","0.59%"
"11/22/2024","203.00","201.80","204.20","199.60","758.38K","0.94%"
"11/21/2024","201.10","198.20","201.20","197.40","1.06M","1.00%"
"11/20/2024","199.10","199.30","203.60","199.10","1.20M","0.20%"
"11/19/2024","198.70","198.10","199.10","196.30","1.09M","0.08%"
"11/18/2024","198.55","196.00","199.55","195.95","1.02M","1.22%"
"11/15/2024","196.15","191.65","197.95","191.65","910.75K","0.90%"
"11/14/2024","194.40","194.90","195.15","190.80","881.45K","-0.51%"
"11/13/2024","195.40","194.05","196.15","193.35","767.42K","0.41%"
"11/12/2024","194.60","194.00","195.55","192.75","611.32K","-0.10%"
"11/11/2024","194.80","196.60","197.20","194.75","590.47K","-0.33%"
"11/08/2024","195.45","195.60","197.35","195.10","636.34K","-0.18%"
"11/07/2024","195.80","196.85","198.30","195.05","838.25K","-1.39%"
"11/06/2024","198.55","191.00","200.80","190.40","1.81M","3.98%"
"11/05/2024","190.95","189.10","190.95","187.50","696.23K","0.66%"
"11/04/2024","189.70","190.15","191.40","189.05","485.07K","-0.24%"
"11/01/2024","190.15","189.45","190.40","188.60","573.80K","0.58%"
"10/31/2024","189.05","193.00","193.00","187.35","1.33M","-2.38%"
"10/30/2024","193.65","191.75","194.85","191.45","1.45M","0.60%"
"10/29/2024","192.50","199.00","200.50","191.65","988.23K","-3.34%"
"10/28/2024","199.15","197.80","199.40","195.65","766.26K","0.94%"
"10/25/2024","197.30","195.00","197.50","194.55","685.56K","1.00%"
"10/24/2024","195.35","194.70","197.85","194.55","711.40K","0.49%"
"10/23/2024","194.40","193.60","195.30","193.30","565.92K","0.49%"
"10/22/2024","193.45","196.50","197.95","193.45","494.09K","-1.80%"
"10/21/2024","197.00","196.60","198.05","196.55","458.93K","0.08%"
"10/18/2024","196.85","200.00","200.80","195.85","804.30K","-1.57%"
"10/17/2024","200.00","198.00","201.00","197.60","1.34M","1.91%"
"10/16/2024","196.25","196.00","197.05","194.00","1.07M","-0.18%"
"10/15/2024","196.60","194.55","197.30","193.25","1.33M","1.18%"
"10/14/2024","194.30","194.10","195.30","193.65","500.56K","-0.05%"
"10/11/2024","194.40","194.95","195.60","193.60","461.62K","-0.18%"
"10/10/2024","194.75","192.05","195.60","192.00","631.76K","1.62%"
"10/09/2024","191.65","186.95","191.65","186.95","931.48K","2.10%"
"10/08/2024","187.70","189.50","189.50","186.90","537.46K","-1.21%"
"10/07/2024","190.00","189.60","190.40","188.60","555.94K","-0.18%"
"10/04/2024","190.35","188.50","191.90","188.50","693.02K","0.98%"
"10/03/2024","188.50","187.55","190.45","187.55","598.55K","0.61%"
"10/02/2024","187.35","190.05","190.80","185.90","713.04K","-1.39%"
"10/01/2024","190.00","189.75","193.35","189.30","1.20M","0.13%"
"09/30/2024","189.75","187.60","189.80","187.05","836.56K","1.09%"
"09/27/2024","187.70","187.35","188.65","185.40","882.65K","0.37%"
"09/26/2024","187.00","186.10","190.80","185.40","1.48M","2.75%"
"09/25/2024","182.00","184.45","185.10","181.55","650.48K","-1.46%"
"09/24/2024","184.70","185.45","186.80","183.70","1.04M","-0.32%"
"09/23/2024","185.30","185.50","187.60","184.00","659.85K","-0.11%"
"09/20/2024","185.50","185.20","186.70","184.95","2.02M","0.27%"
"09/19/2024","185.00","184.90","185.80","182.60","628.01K","0.43%"
"09/18/2024","184.20","186.80","187.65","184.00","708.19K","-1.63%"
"09/17/2024","187.25","187.30","188.40","186.70","887.87K","0.13%"
"09/16/2024","187.00","188.55","188.90","186.80","","-0.53%"
"09/13/2024","188.00","185.50","188.45","183.60","747.49K","1.18%"
"09/12/2024","185.80","187.85","187.85","185.40","624.76K","-0.27%"
"09/11/2024","186.30","186.15","188.00","185.10","625.77K","0.32%"
"09/10/2024","185.70","187.45","187.85","185.60","588.74K","-1.01%"
"09/09/2024","187.60","184.00","189.15","184.00","1.03M","3.13%"
"09/06/2024","181.90","183.00","183.70","180.60","432.90K","-0.93%"
"09/05/2024","183.60","183.75","184.95","182.40","631.29K","0.33%"
"09/04/2024","183.00","179.85","183.00","179.60","761.49K","1.24%"
"09/03/2024","180.75","184.50","184.50","180.75","756.19K","-1.87%"
"09/02/2024","184.20","184.65","185.30","183.15","568.59K","-0.27%"
"08/30/2024","184.70","182.85","185.10","182.25","2.36M","0.35%"
"08/29/2024","184.05","187.05","187.05","183.75","701.66K","-1.39%"
"08/28/2024","186.65","188.05","188.15","186.20","582.97K","-0.72%"
"08/27/2024","188.00","188.10","189.15","187.40","454.50K","0.00%"
"08/26/2024","188.00","187.75","189.20","187.15","2.41M","-0.03%"
"08/23/2024","188.05","187.15","188.80","186.45","526.58K","0.27%"
"08/22/2024","187.55","186.60","188.35","185.50","599.32K","0.13%"
"08/21/2024","187.30","188.40","189.95","186.35","829.12K","0.03%"
"08/20/2024","187.25","189.75","190.20","186.45","949.77K","-2.42%"
"08/19/2024","191.90","189.75","191.90","189.75","634.68K","0.92%"
"08/16/2024","190.15","191.00","191.50","189.50","614.69K","-0.55%"
"08/15/2024","191.20","190.90","192.50","190.15","806.22K","0.26%"
"08/14/2024","190.70","190.00","190.70","187.90","998.21K","0.74%"
"08/13/2024","189.30","184.80","189.35","184.70","1.14M","2.71%"
"08/12/2024","184.30","184.75","185.90","184.20","538.77K","0.00%"
"08/09/2024","184.30","183.70","186.50","183.10","598.49K","0.90%"
"08/08/2024","182.65","183.90","184.85","182.65","726.97K","-0.54%"
"08/07/2024","183.65","179.50","184.00","179.20","1.26M","2.60%"
"08/06/2024","179.00","177.40","179.95","177.00","846.06K","1.73%"
"08/05/2024","175.95","178.00","178.50","174.35","1.15M","-3.16%"
"08/02/2024","181.70","183.00","183.00","180.45","652.05K","-1.12%"
"08/01/2024","183.75","184.40","185.80","183.45","685.66K","-0.24%"
"07/31/2024","184.20","183.10","185.15","183.05","1.19M","1.18%"
"07/30/2024","182.05","181.50","182.55","180.40","714.53K","0.52%"
"07/29/2024","181.10","179.00","181.90","178.55","495.91K","1.34%"
"07/26/2024","178.70","178.80","179.90","177.75","665.70K","0.03%"
"07/25/2024","178.65","178.05","178.65","176.10","589.88K","0.34%"
"07/24/2024","178.05","177.35","178.25","176.35","440.75K","0.34%"
"07/23/2024","177.45","177.80","177.90","176.05","353.05K","-0.06%"
"07/22/2024","177.55","177.95","178.60","176.60","298.02K","-0.08%"
"07/19/2024","177.70","177.10","178.80","176.95","496.82K","0.17%"
"07/18/2024","177.40","175.90","177.85","175.25","743.24K","1.28%"
"07/17/2024","175.15","173.60","175.40","172.95","441.32K","0.89%"
"07/16/2024","173.60","172.60","173.60","171.20","583.27K","0.49%"
"07/15/2024","172.75","173.00","176.45","172.25","1.00M","-1.06%"
"07/12/2024","174.60","173.30","174.70","172.70","515.04K","1.13%"
"07/11/2024","172.65","173.75","173.75","172.10","686.39K","-0.35%"
"07/10/2024","173.25","174.55","175.45","173.15","557.36K","-0.77%"
"07/09/2024","174.60","177.15","177.15","174.60","554.31K","-1.58%"
"07/08/2024","177.40","177.10","178.35","176.80","438.22K","0.23%"
"07/05/2024","177.00","177.00","178.30","176.35","745.91K","0.40%"
"07/04/2024","176.30","176.10","176.90","175.35","579.36K","0.06%"
"07/03/2024","176.20","178.00","178.20","176.10","678.82K","-0.93%"
"07/02/2024","177.85","176.80","177.85","174.75","1.24M","-0.11%"
"07/01/2024","178.05","177.95","178.50","176.60","740.83K","0.20%"
"06/28/2024","177.70","176.00","178.20","174.50","1.28M","-0.14%"
"06/27/2024","177.95","179.45","179.90","177.85","886.16K","-1.14%"
"06/26/2024","180.00","183.65","183.65","180.00","1.12M","-1.64%"
"06/25/2024","183.00","184.80","184.80","182.55","781.11K","-1.03%"
"06/24/2024","184.90","183.20","184.90","181.35","703.13K","0.87%"
"06/21/2024","183.30","183.75","184.50","182.25","1.53M","-0.43%"
"06/20/2024","184.10","186.45","186.85","183.15","1.12M","-2.39%"
"06/19/2024","188.60","188.40","190.00","188.15","492.28K","0.03%"
"06/18/2024","188.55","189.40","190.35","187.60","641.00K","-0.11%"
"06/17/2024","188.75","189.65","190.50","187.75","531.82K","-0.37%"
"06/14/2024","189.45","186.30","190.50","186.30","798.34K","1.36%"
"06/13/2024","186.90","185.15","187.45","184.40","710.97K","0.92%"
"06/12/2024","185.20","185.30","185.80","183.70","659.94K","0.05%"
"06/11/2024","185.10","185.00","185.70","183.95","712.15K","0.46%"
"06/10/2024","184.25","186.15","187.15","183.95","809.74K","-1.73%"
"06/07/2024","187.50","187.40","188.15","186.35","672.57K","0.05%"
"06/06/2024","187.40","185.70","187.45","185.10","592.42K","1.05%"
"06/05/2024","185.45","186.90","187.25","184.80","956.52K","-0.51%"
"06/04/2024","186.40","188.30","188.50","184.40","1.10M","-1.01%"
"06/03/2024","188.30","188.00","189.05","187.25","778.57K","0.27%"
"05/31/2024","187.80","187.65","188.85","186.70","2.98M","0.27%"
"05/30/2024","187.30","188.20","188.75","186.30","1.02M","-0.40%"
"05/29/2024","188.05","191.65","192.15","188.05","979.57K","-2.06%"
"05/28/2024","192.00","194.00","194.40","191.25","857.89K","-0.90%"
"05/27/2024","193.75","192.70","194.05","191.50","573.26K","0.60%"
"05/24/2024","192.60","194.10","194.65","192.45","700.35K","-1.26%"
"05/23/2024","195.05","195.60","198.10","194.85","680.42K","-0.36%"
"05/22/2024","195.75","196.50","196.70","194.40","508.58K","-0.41%"
"05/21/2024","196.55","198.40","199.15","196.55","1.23M","-0.93%"
"05/16/2024","198.40","196.05","199.80","194.40","813.25K","-0.10%"
"05/15/2024","198.60","198.80","201.40","197.90","1.04M","-0.10%"
"05/14/2024","198.80","198.00","199.85","195.95","927.20K","0.05%"
"05/13/2024","198.70","197.15","198.90","195.00","899.15K","0.79%"
"05/10/2024","197.15","197.60","199.70","197.15","1.44M","0.95%"
"05/08/2024","195.30","193.00","198.95","193.00","1.08M","1.11%"
"05/07/2024","193.15","190.45","195.85","189.70","1.50M","0.65%"
"05/06/2024","191.90","193.70","194.00","191.80","676.29K","-1.13%"
"05/03/2024","194.10","194.15","196.00","193.45","891.28K","0.26%"
"05/02/2024","193.60","195.25","195.35","191.55","939.73K","-1.20%"
"04/30/2024","195.95","194.60","196.05","194.20","1.06M","0.82%"
"04/29/2024","194.35","193.90","196.00","193.15","649.50K","0.60%"
"04/26/2024","193.20","191.00","193.80","190.50","741.05K","1.10%"
"04/25/2024","191.10","188.65","191.40","187.10","871.26K","1.11%"
"04/24/2024","189.00","188.45","189.00","186.85","456.19K","0.53%"
"04/23/2024","188.00","189.55","190.00","187.80","536.72K","-0.61%"
"04/22/2024","189.15","187.30","190.25","186.50","803.76K","1.75%"
"04/19/2024","185.90","183.95","186.70","182.60","1.06M","1.01%"
"04/18/2024","184.05","181.15","185.95","180.65","1.81M","-1.34%"
"04/17/2024","186.55","185.85","187.65","185.35","911.05K","0.38%"
"04/16/2024","185.85","190.05","190.05","185.50","1.02M","-2.67%"
"04/15/2024","190.95","191.30","191.40","189.35","695.32K","-0.05%"
"04/12/2024","191.05","194.25","194.40","190.95","1.00M","-1.57%"
"04/11/2024","194.10","195.20","196.20","193.15","825.44K","-0.72%"
"04/10/2024","195.50","195.60","196.05","193.85","651.00K","0.23%"
"04/09/2024","195.05","195.00","195.90","194.30","711.13K","0.13%"
"04/08/2024","194.80","194.05","196.00","194.05","698.43K","0.59%"
"04/05/2024","193.65","193.70","195.00","193.00","648.01K","-0.44%"
"04/04/2024","194.50","194.00","195.60","192.00","1.02M","0.15%"
"04/03/2024","194.20","196.05","196.60","192.10","1.60M","-1.35%"
"04/02/2024","196.85","202.00","202.00","193.65","2.10M","-1.06%"
"03/27/2024","198.95","196.80","199.10","196.25","512.91K","1.09%"
"03/26/2024","196.80","198.55","198.70","195.05","921.92K","-0.96%"
"03/25/2024","198.70","202.10","202.10","197.90","809.98K","-1.68%"
"03/22/2024","202.10","199.90","202.90","199.30","645.52K","1.13%"
"03/21/2024","199.85","201.50","202.30","199.05","954.03K","-0.72%"
"03/20/2024","201.30","199.20","201.50","197.85","1.05M","1.18%"
"03/19/2024","198.95","198.60","201.90","198.55","696.97K","0.30%"
"03/18/2024","198.35","199.00","201.00","196.70","716.89K","-0.23%"
"03/15/2024","198.80","200.30","200.40","196.65","2.23M","-0.85%"
"03/14/2024","200.50","201.00","202.70","200.30","740.47K","-0.15%"
"03/13/2024","200.80","199.70","200.80","196.70","945.81K","1.62%"
"03/12/2024","197.60","201.50","201.50","197.15","1.23M","-1.05%"
"03/11/2024","199.70","203.60","203.60","199.25","825.16K","-1.92%"
"03/08/2024","203.60","203.30","204.70","202.80","409.74K","0.15%"
"03/07/2024","203.30","204.00","204.00","201.70","927.07K","-0.68%"
"03/06/2024","204.70","207.00","208.70","204.20","592.00K","-1.44%"
"03/05/2024","207.70","205.40","209.00","205.10","674.58K","0.87%"
"03/04/2024","205.90","207.40","207.70","204.90","481.94K","-0.72%"
"03/01/2024","207.40","206.30","208.80","205.40","820.57K","1.22%"
"02/29/2024","204.90","204.50","208.10","204.20","2.74M","0.24%"
"02/28/2024","204.40","200.80","205.20","200.80","979.76K","2.38%"
"02/27/2024","199.65","200.60","201.50","199.30","416.53K","-0.37%"
"02/26/2024","200.40","200.70","201.50","199.90","615.61K","0.05%"
"02/23/2024","200.30","202.30","203.00","199.00","616.58K","-1.23%"
"02/22/2024","202.80","203.00","204.90","202.00","712.65K","-0.10%"
"02/21/2024","203.00","201.70","203.70","201.60","692.04K","0.05%"
"02/20/2024","202.90","200.80","202.90","200.50","681.23K","0.59%"
"02/19/2024","201.70","201.60","202.90","199.10","685.88K","-0.10%"
"02/16/2024","201.90","202.00","204.30","201.20","862.70K","0.20%"
"02/15/2024","201.50","199.00","204.90","198.70","1.31M","1.97%"
"02/14/2024","197.60","197.20","200.20","193.00","1.89M","3.37%"
"02/13/2024","191.15","190.45","192.10","189.70","1.06M","0.47%"
"02/12/2024","190.25","191.00","191.25","189.10","429.99K","-0.21%"
"02/09/2024","190.65","190.00","191.00","188.50","902.31K","0.37%"
"02/08/2024","189.95","192.90","192.90","189.65","505.50K","-1.58%"
"02/07/2024","193.00","194.00","195.00","192.35","581.26K","-0.72%"
"02/06/2024","194.40","193.25","195.90","193.15","696.19K","0.60%"
"02/05/2024","193.25","191.75","195.35","191.75","607.06K","1.34%"
"02/02/2024","190.70","190.00","192.95","189.05","777.46K","1.27%"
"02/01/2024","188.30","189.00","190.55","187.35","564.88K","-0.79%"
"01/31/2024","189.80","189.60","190.15","188.40","838.70K","0.40%"
"01/30/2024","189.05","190.00","190.40","188.45","610.86K","-0.34%"
"01/29/2024","189.70","186.35","189.70","185.75","833.71K","1.58%"
"01/26/2024","186.75","186.10","186.80","184.65","791.24K","0.27%"
"01/25/2024","186.25","193.00","194.00","179.40","3.32M","-4.34%"
"01/24/2024","194.70","194.00","195.30","193.10","585.83K","0.72%"
"01/23/2024","193.30","193.45","194.95","191.65","545.46K","0.18%"
"01/22/2024","192.95","196.10","197.40","191.90","643.34K","-1.30%"
"01/19/2024","195.50","194.00","197.85","193.40","1.58M","3.69%"
"01/18/2024","188.55","188.90","191.95","187.00","1.70M","3.12%"
"01/17/2024","182.85","181.90","183.10","180.75","581.74K","-0.30%"
"01/16/2024","183.40","182.55","184.25","181.90","616.86K","0.08%"
"01/15/2024","183.25","184.85","185.00","182.10","431.20K","-0.65%"
"01/12/2024","184.45","182.50","185.35","181.50","702.50K","1.07%"
"01/11/2024","182.50","187.30","189.90","180.45","1.43M","-2.25%"
"01/10/2024","186.70","188.00","188.95","186.00","803.62K","-1.06%"
"01/09/2024","188.70","188.45","190.35","187.15","792.83K","0.16%"
"01/08/2024","188.40","187.85","189.25","186.85","657.08K","-0.16%"
"01/05/2024","188.70","188.95","190.95","188.05","701.16K","-0.05%"
"01/04/2024","188.80","185.50","189.50","185.40","1.35M","1.72%"
"01/03/2024","185.60","183.35","185.90","183.35","717.37K","1.23%"
"01/02/2024","183.35","183.80","185.00","182.10","671.50K","0.74%"
"12/29/2023","182.00","180.90","182.00","180.70","485.51K","0.94%"
"12/28/2023","180.30","179.60","180.50","178.55","540.52K","0.50%"
"12/27/2023","179.40","176.00","180.10","176.00","655.35K","2.02%"
"12/22/2023","175.85","175.30","176.40","174.00","767.11K","-0.57%"
"12/21/2023","176.85","176.30","178.30","176.10","673.50K","-0.11%"
"12/20/2023","177.05","184.00","184.00","176.85","1.84M","-3.99%"
"12/19/2023","184.40","183.40","185.65","182.60","755.02K","0.41%"
"12/18/2023","183.65","182.00","184.55","181.90","636.12K","0.85%"
"12/15/2023","182.10","185.90","186.20","181.75","2.28M","-2.25%"
"12/14/2023","186.30","186.05","188.10","184.55","977.08K","1.11%"
"12/13/2023","184.25","184.30","185.00","182.00","827.74K","-0.51%"
"12/12/2023","185.20","186.00","188.50","184.35","825.37K","-0.27%"
"12/11/2023","185.70","183.90","186.00","182.40","651.99K","1.12%"
"12/08/2023","183.65","184.25","184.90","181.70","1.08M","-0.65%"
"12/07/2023","184.85","186.40","186.55","184.40","530.42K","-0.88%"
"12/06/2023","186.50","190.45","190.45","186.40","884.35K","-2.15%"
"12/05/2023","190.60","190.20","191.50","189.70","623.59K","0.08%"
"12/04/2023","190.45","191.40","192.00","189.05","393.84K","-0.55%"
"12/01/2023","191.50","192.00","193.00","191.35","406.08K","-0.42%"
"11/30/2023","192.30","194.80","194.85","191.65","3.32M","0.03%"
"11/29/2023","192.25","191.00","193.70","190.60","371.06K","0.52%"
"11/28/2023","191.25","192.00","192.30","189.85","506.18K","-0.80%"
"11/27/2023","192.80","193.15","196.50","192.80","709.13K","0.10%"
"11/24/2023","192.60","190.65","193.15","190.35","425.50K","0.92%"
"11/23/2023","190.85","188.45","191.40","188.00","427.55K","1.27%"
"11/22/2023","188.45","186.50","188.75","186.00","991.88K","1.15%"
"11/21/2023","186.30","186.70","187.80","184.85","417.57K","-0.24%"
"11/20/2023","186.75","186.20","188.80","186.05","779.22K","0.21%"
"11/17/2023","186.35","185.30","187.95","183.05","632.83K","-0.67%"
"11/16/2023","187.60","189.80","190.60","186.65","578.18K","-0.95%"
"11/15/2023","189.40","188.60","190.50","187.10","798.72K","0.50%"
"11/14/2023","188.45","187.20","188.60","184.60","608.07K","0.53%"
"11/13/2023","187.45","188.25","188.25","186.80","690.31K","-0.35%"
"11/10/2023","188.10","189.60","189.90","187.70","687.50K","-0.87%"
"11/09/2023","189.75","185.55","192.00","185.50","948.21K","2.29%"
"11/08/2023","185.50","179.50","185.75","177.65","1.29M","5.70%"
"11/07/2023","175.50","178.15","178.15","174.70","936.19K","-2.17%"
"11/06/2023","179.40","180.20","181.10","179.10","661.66K","-0.64%"
"11/03/2023","180.55","182.10","182.45","180.15","433.96K","-0.61%"
"11/02/2023","181.65","180.05","182.25","180.05","561.02K","1.06%"
"11/01/2023","179.75","180.40","180.65","176.80","899.34K","-0.85%"
"10/31/2023","181.30","179.15","181.85","179.10","678.77K","1.77%"
"10/30/2023","178.15","178.15","179.20","176.65","450.24K","0.06%"
"10/27/2023","178.05","177.05","182.10","176.85","535.70K","0.56%"
"10/26/2023","177.05","176.10","178.00","174.65","443.97K","0.06%"
"10/25/2023","176.95","175.85","178.95","174.95","558.94K","0.88%"
"10/24/2023","175.40","173.65","176.55","172.35","1.33M","0.54%"
"10/23/2023","174.45","176.25","177.00","173.30","651.64K","-0.94%"
"10/20/2023","176.10","181.30","181.55","176.10","1.03M","-3.32%"
"10/19/2023","182.15","183.85","184.80","181.70","640.07K","-1.43%"
"10/18/2023","184.80","182.00","186.00","180.50","1.19M","-1.57%"
"10/17/2023","187.75","188.35","189.00","187.20","518.61K","-0.32%"
"10/16/2023","188.35","187.00","188.55","185.80","535.85K","0.91%"
"10/13/2023","186.65","187.70","189.35","185.25","565.90K","-0.98%"
"10/12/2023","188.50","188.20","190.00","188.00","610.39K","0.37%"
"10/11/2023","187.80","185.20","189.50","184.40","767.81K","1.08%"
"10/10/2023","185.80","185.00","186.15","183.25","899.61K","1.12%"
"10/09/2023","183.75","184.05","184.85","182.45","605.32K","-0.11%"
"10/06/2023","183.95","185.75","186.50","183.85","460.60K","-1.08%"
"10/05/2023","185.95","185.00","186.95","184.05","488.71K","0.95%"
"10/04/2023","184.20","186.65","187.60","183.90","622.70K","-1.79%"
"10/03/2023","187.55","189.70","191.00","187.35","742.58K","-1.16%"
"10/02/2023","189.75","189.75","192.90","189.75","1.17M","0.11%"
"09/29/2023","189.55","189.05","191.80","189.00","663.83K","0.74%"
"09/28/2023","188.15","189.75","190.70","187.50","789.76K","-0.95%"
"09/27/2023","189.95","186.90","191.50","185.40","1.18M","1.63%"
"09/26/2023","186.90","186.85","187.80","184.40","485.35K","-0.32%"
"09/25/2023","187.50","192.00","192.00","187.50","616.56K","-2.50%"
"09/22/2023","192.30","193.90","193.90","192.05","447.13K","-1.13%"
"09/21/2023","194.50","196.50","197.20","193.50","633.45K","-1.04%"
"09/20/2023","196.55","196.60","197.25","195.55","569.39K","0.51%"
"09/19/2023","195.55","196.00","197.45","194.95","582.84K","-0.28%"
"09/18/2023","196.10","193.65","196.85","193.65","545.94K","0.38%"
"09/15/2023","195.35","197.90","199.30","194.10","2.23M","-0.84%"
"09/14/2023","197.00","193.65","198.10","192.75","1.44M","2.47%"
"09/13/2023","192.25","192.55","193.70","191.70","725.19K","-0.18%"
"09/12/2023","192.60","193.80","195.35","192.55","707.53K","-0.41%"
"09/11/2023","193.40","191.40","194.00","191.40","864.99K","1.04%"
"09/08/2023","191.40","191.00","192.55","190.55","640.51K","0.53%"
"09/07/2023","190.40","190.50","192.55","190.35","682.53K","-0.37%"
"09/06/2023","191.10","194.05","195.40","190.60","823.45K","-0.68%"
"09/05/2023","192.40","191.45","193.25","191.20","610.22K","0.21%"
"09/04/2023","192.00","192.55","193.65","191.25","509.80K","0.00%"
"09/01/2023","192.00","190.75","193.45","190.15","616.81K","-0.52%"
"08/31/2023","193.00","191.25","193.35","189.90","1.30M","1.21%"
"08/30/2023","190.70","191.10","192.55","190.05","701.07K","-0.03%"
"08/29/2023","190.75","193.40","194.05","190.15","754.39K","-1.14%"
"08/28/2023","192.95","188.95","193.40","188.50","499.67K","2.44%"
"08/25/2023","188.35","187.00","190.70","186.70","832.80K","0.32%"
"08/24/2023","187.75","184.75","188.70","180.50","1.22M","1.54%"
"08/23/2023","184.90","180.60","187.95","179.15","1.44M","2.92%"
"08/22/2023","179.65","182.45","183.00","178.80","826.83K","-1.48%"
"08/21/2023","182.35","181.90","185.15","181.90","731.27K","0.39%"
"08/18/2023","181.65","186.25","186.40","180.50","770.60K","-2.55%"
"08/17/2023","186.40","184.60","186.90","184.25","805.96K","0.92%"
"08/16/2023","184.70","181.75","184.75","181.40","549.91K","1.62%"
"08/15/2023","181.75","183.00","185.75","181.60","498.82K","-0.03%"
"08/14/2023","181.80","180.00","183.55","179.80","539.33K","0.97%"
"08/11/2023","180.05","178.05","181.80","177.85","470.69K","0.56%"
"08/10/2023","179.05","179.55","179.85","176.95","585.26K","-0.58%"
"08/09/2023","180.10","178.40","180.90","176.90","732.60K","1.27%"
"08/08/2023","177.85","177.00","178.10","175.70","621.61K","0.42%"
"08/07/2023","177.10","177.60","178.95","176.45","398.25K","-0.28%"
"08/04/2023","177.60","178.55","178.60","175.90","427.93K","-0.22%"
"08/03/2023","178.00","177.45","179.80","177.25","421.47K","0.00%"
"08/02/2023","178.00","180.75","182.75","178.00","578.04K","-1.52%"
"08/01/2023","180.75","177.55","180.75","176.75","522.99K","1.40%"
"07/31/2023","178.25","176.00","179.45","176.00","626.10K","1.39%"
"07/28/2023","175.80","178.40","178.90","175.65","486.45K","-1.79%"
"07/27/2023","179.00","176.00","179.00","175.80","496.00K","1.99%"
"07/26/2023","175.50","176.00","177.30","174.20","418.98K","-0.43%"
"07/25/2023","176.25","176.80","177.50","175.20","369.11K","-0.40%"
"07/24/2023","176.95","177.75","178.50","175.90","350.88K","-0.81%"
"07/21/2023","178.40","178.10","178.95","176.95","558.30K","0.68%"
"07/20/2023","177.20","174.70","178.50","174.70","683.74K","0.91%"
"07/19/2023","175.60","170.10","176.10","170.10","546.92K","3.23%"
"07/18/2023","170.10","168.80","170.45","168.45","490.90K","0.65%"
"07/17/2023","169.00","171.60","171.60","167.75","700.74K","-1.92%"
"07/14/2023","172.30","175.00","176.00","171.45","518.76K","-0.98%"
"07/13/2023","174.00","174.80","174.80","171.90","908.49K","0.29%"
"07/12/2023","173.50","171.80","173.90","170.35","695.96K","1.40%"
"07/11/2023","171.10","168.35","171.45","166.80","1.01M","1.33%"
"07/10/2023","168.85","168.10","169.00","165.85","596.23K","0.45%"
"07/07/2023","168.10","169.30","170.10","167.80","607.90K","-0.88%"
"07/06/2023","169.60","169.65","172.00","169.45","695.71K","-0.91%"
"07/05/2023","171.15","172.10","174.35","169.65","949.62K","-1.47%"
"07/04/2023","173.70","172.90","174.60","172.10","775.20K","0.72%"
"07/03/2023","172.45","170.70","172.75","169.35","800.81K","1.32%"
"06/30/2023","170.20","170.55","171.95","168.90","1.14M","-0.09%"
"06/29/2023","170.35","169.30","171.25","168.35","660.36K","0.50%"
"06/28/2023","169.50","169.00","169.70","167.40","872.78K","0.74%"
"06/27/2023","168.25","170.40","171.45","167.60","850.12K","-0.97%"
"06/26/2023","169.90","170.85","171.35","168.35","576.61K","-0.15%"
"06/23/2023","170.15","173.00","173.80","169.70","1.11M","-2.10%"
"06/22/2023","173.80","171.75","173.85","171.30","732.25K","0.61%"
"06/21/2023","172.75","172.90","174.30","169.70","2.05M","-2.15%"
"06/20/2023","176.55","178.05","178.45","174.10","1.19M","-1.26%"
"06/19/2023","178.80","183.50","183.50","178.10","838.76K","-3.30%"
"06/16/2023","184.90","180.25","185.25","179.70","2.18M","2.58%"
"06/15/2023","180.25","187.05","187.95","179.65","1.09M","-3.35%"
"06/14/2023","186.50","182.65","188.05","182.50","978.11K","1.36%"
"06/13/2023","184.00","181.10","184.00","179.90","1.11M","2.11%"
"06/12/2023","180.20","182.20","182.20","178.20","1.09M","-1.37%"
"06/09/2023","182.70","186.00","186.45","182.60","854.47K","-1.48%"
"06/08/2023","185.45","187.00","187.85","184.20","486.31K","-1.09%"
"06/07/2023","187.50","189.00","190.05","187.50","1.16M","-0.13%"
"06/06/2023","187.75","193.00","193.55","187.75","744.13K","-3.02%"
"06/05/2023","193.60","191.30","194.90","191.00","998.89K","1.89%"
"06/02/2023","190.00","192.45","193.45","189.10","1.10M","-0.81%"
"06/01/2023","191.55","191.25","194.10","189.65","795.27K","0.55%"
"05/31/2023","190.50","189.80","194.45","188.85","3.63M","-0.18%"
"05/30/2023","190.85","191.00","195.30","190.85","846.75K","0.74%"
"05/26/2023","189.45","198.25","199.50","187.65","1.23M","-3.91%"
"05/25/2023","197.15","185.20","203.30","183.45","2.41M","6.28%"
"05/24/2023","185.50","186.00","186.60","184.20","552.63K","-0.22%"
"05/23/2023","185.90","186.90","188.20","184.95","747.94K","-0.54%"
"05/22/2023","186.90","188.00","188.40","185.70","690.85K","-0.24%"
"05/19/2023","187.35","188.35","188.75","185.70","841.39K","-0.05%"
"05/16/2023","187.45","191.65","191.65","183.85","1.32M","-2.52%"
"05/15/2023","192.30","191.30","193.75","188.40","505.33K","0.47%"
"05/12/2023","191.40","193.10","193.65","189.20","798.98K","-0.75%"
"05/11/2023","192.85","194.00","198.40","192.30","1.29M","0.94%"
"05/10/2023","191.05","188.85","193.05","187.30","1.29M","0.03%"
"05/09/2023","191.00","193.40","193.75","187.60","1.26M","-1.29%"
"05/08/2023","193.50","192.95","194.20","191.75","666.69K","1.12%"
"05/05/2023","191.35","197.30","197.80","189.75","967.26K","-2.62%"
"05/04/2023","196.50","199.00","199.10","195.35","772.52K","-1.65%"
"05/03/2023","199.80","200.90","202.00","198.50","867.51K","-0.89%"
"05/02/2023","201.60","203.00","205.80","201.20","475.09K","-0.74%"
"04/28/2023","203.10","201.80","203.50","200.30","699.22K","0.84%"
"04/27/2023","201.40","202.50","203.30","199.80","488.22K","-0.54%"
"04/26/2023","202.50","199.80","203.10","198.40","983.59K","1.91%"
"04/25/2023","198.70","200.00","201.20","197.50","901.89K","-0.38%"
"04/24/2023","199.45","200.80","201.80","197.40","776.31K","-0.72%"
"04/21/2023","200.90","200.60","201.80","199.80","703.20K","0.20%"
"04/20/2023","200.50","201.10","202.90","199.50","568.21K","-0.69%"
"04/19/2023","201.90","199.70","203.40","199.20","849.80K","0.85%"
"04/18/2023","200.20","204.30","205.30","199.50","1.24M","0.10%"
"04/17/2023","200.00","200.00","201.80","199.20","944.73K","0.76%"
"04/14/2023","198.50","196.30","198.60","194.20","876.64K","2.06%"
"04/13/2023","194.50","191.90","195.50","190.70","1.18M","1.99%"
"04/12/2023","190.70","190.50","192.30","188.60","828.20K","-0.21%"
"04/11/2023","191.10","189.00","191.15","187.40","759.41K","1.19%"
"04/05/2023","188.85","189.30","189.80","186.30","296.75K","-0.50%"
"04/04/2023","189.80","190.25","190.75","188.55","543.75K","-0.05%"
"04/03/2023","189.90","194.00","194.00","188.30","741.87K","-1.81%"
"03/31/2023","193.40","188.80","194.00","188.40","1.11M","2.84%"
"03/30/2023","188.05","183.45","189.55","182.25","964.96K","2.65%"
"03/29/2023","183.20","183.55","185.85","182.45","1.20M","0.11%"
"03/28/2023","183.00","178.55","184.40","176.40","2.19M","0.52%"
"03/27/2023","182.05","181.40","185.30","181.05","812.44K","0.97%"
"03/24/2023","180.30","185.60","185.60","180.05","1.30M","-2.83%"
"03/23/2023","185.55","184.35","188.45","183.30","1.62M","0.30%"
"03/22/2023","185.00","177.75","190.55","175.85","1.97M","4.23%"
"03/21/2023","177.50","174.00","178.85","174.00","795.51K","2.36%"
"03/20/2023","173.40","172.15","173.90","168.30","738.05K","0.14%"
"03/17/2023","173.15","178.95","181.75","173.15","3.03M","-3.64%"
"03/16/2023","179.70","176.00","182.70","176.00","1.42M","1.76%"
"03/15/2023","176.60","178.60","182.40","176.10","1.13M","-1.29%"
"03/14/2023","178.90","173.30","180.30","173.30","1.11M","3.23%"
"03/13/2023","173.30","176.25","177.00","171.75","882.02K","0.20%"
"03/10/2023","172.95","170.90","175.35","169.20","712.27K","0.79%"
"03/09/2023","171.60","172.35","173.15","171.00","486.96K","-0.92%"
"03/08/2023","173.20","173.30","174.70","171.50","498.25K","-0.09%"
"03/07/2023","173.35","176.00","176.00","173.35","617.87K","-1.48%"
"03/06/2023","175.95","175.00","177.00","173.80","839.84K","0.49%"
"03/03/2023","175.10","176.70","177.95","173.40","738.92K","-0.51%"
"03/02/2023","176.00","176.00","178.00","175.65","709.47K","-0.40%"
"03/01/2023","176.70","178.90","180.35","175.70","1.12M","-1.64%"
"02/28/2023","179.65","174.80","179.65","173.75","2.49M","2.66%"
"02/27/2023","175.00","173.00","176.80","172.90","951.76K","1.69%"
"02/24/2023","172.10","171.85","173.20","170.75","772.29K","0.15%"
"02/23/2023","171.85","173.30","173.60","171.25","757.18K","-0.66%"
"02/22/2023","173.00","171.05","174.15","169.15","784.44K","1.05%"
"02/21/2023","171.20","174.85","174.85","170.25","1.19M","-2.62%"
"02/20/2023","175.80","178.00","178.50","175.50","690.68K","-0.71%"
"02/17/2023","177.05","174.05","177.90","172.25","1.87M","1.29%"
"02/16/2023","174.80","178.10","178.10","172.35","1.50M","-0.71%"
"02/15/2023","176.05","178.00","179.60","174.15","1.13M","-0.71%"
"02/14/2023","177.30","178.10","179.20","176.55","847.46K","-0.64%"
"02/13/2023","178.45","179.95","179.95","176.70","673.10K","-0.39%"
"02/10/2023","179.15","182.50","182.50","178.90","612.23K","-1.46%"
"02/09/2023","181.80","182.40","183.30","180.50","601.33K","-0.22%"
"02/08/2023","182.20","180.80","184.95","180.55","719.24K","0.80%"
"02/07/2023","180.75","180.00","180.75","177.20","662.82K","0.53%"
"02/06/2023","179.80","178.85","180.10","176.20","665.35K","0.50%"
"02/03/2023","178.90","180.00","181.90","177.40","620.70K","-0.31%"
"02/02/2023","179.45","187.00","188.55","171.20","2.52M","-3.86%"
"02/01/2023","186.65","184.35","187.40","183.05","983.26K","1.41%"
"01/31/2023","184.05","185.25","186.25","183.25","708.33K","-0.86%"
"01/30/2023","185.65","183.15","187.00","183.10","866.29K","1.50%"
"01/27/2023","182.90","182.85","183.80","180.75","1.03M","-0.05%"
"01/26/2023","183.00","185.10","187.25","182.75","1.14M","-0.54%"
"01/25/2023","184.00","180.95","186.85","178.30","1.64M","2.31%"
"01/24/2023","179.85","180.55","186.40","179.00","2.26M","2.16%"
"01/23/2023","176.05","176.50","177.60","174.65","679.45K","-0.54%"
"01/20/2023","177.00","176.70","177.05","173.95","797.05K","0.34%"
"01/19/2023","176.40","175.40","177.25","173.75","1.18M","-0.14%"
"01/18/2023","176.65","179.05","180.40","175.00","1.56M","-0.70%"
"01/17/2023","177.90","177.10","179.45","176.90","1.29M","0.54%"
"01/16/2023","176.95","177.00","177.25","174.75","1.25M","1.70%"
"01/13/2023","174.00","174.65","175.45","171.20","865.56K","-0.17%"
"01/12/2023","174.30","172.00","177.80","171.35","863.74K","1.31%"
"01/11/2023","172.05","175.45","175.45","171.70","726.30K","-0.98%"
"01/10/2023","173.75","173.90","175.35","172.35","575.82K","0.00%"
"01/09/2023","173.75","178.50","178.50","172.35","1.21M","-1.75%"
"01/06/2023","176.85","175.00","179.50","172.70","1.11M","1.23%"
"01/05/2023","174.70","173.90","176.75","171.70","1.46M","1.45%"
"01/04/2023","172.20","170.80","173.10","167.10","1.24M","1.00%"
"01/03/2023","170.50","165.95","170.75","165.45","1.67M","3.52%"
"01/02/2023","164.70","167.60","168.65","164.25","541.03K","-1.50%"
"12/30/2022","167.20","167.00","169.00","165.50","1.10M","0.12%"
"12/29/2022","167.00","166.75","167.20","163.30","732.30K","0.12%"
"12/28/2022","166.80","165.95","167.20","164.25","726.74K","0.69%"
"12/27/2022","165.65","165.80","166.00","164.10","564.98K","0.24%"
"12/23/2022","165.25","164.00","165.55","163.15","604.27K","0.43%"
"12/22/2022","164.55","165.55","167.45","164.15","1.01M","-0.72%"
"12/21/2022","165.75","160.80","166.55","160.35","2.37M","2.79%"
"12/20/2022","161.25","159.20","163.50","157.90","1.49M","0.69%"
"12/19/2022","160.15","158.35","161.25","157.75","1.70M","1.39%"
"12/16/2022","157.95","157.70","159.85","156.00","2.80M","-0.06%"
"12/15/2022","158.05","160.10","161.65","157.70","1.66M","-1.74%"
"12/14/2022","160.85","161.55","163.35","160.40","1.42M","-0.71%"
"12/13/2022","162.00","159.70","162.70","158.90","1.95M","1.85%"
"12/12/2022","159.05","156.15","161.15","155.80","1.44M","2.15%"
"12/09/2022","155.70","151.45","155.80","150.10","1.20M","2.81%"
"12/08/2022","151.45","151.25","153.65","149.20","1.29M","0.43%"
"12/07/2022","150.80","151.40","152.80","149.95","790.94K","-0.79%"
"12/06/2022","152.00","153.75","153.75","150.15","1.12M","-1.49%"
"12/05/2022","154.30","154.95","157.30","154.30","909.05K","-0.45%"
"12/02/2022","155.00","155.45","156.10","153.10","1.03M","-0.42%"
"12/01/2022","155.65","155.00","157.70","153.80","1.58M","1.30%"
"11/30/2022","153.65","153.60","155.60","152.70","2.40M","0.00%"
"11/29/2022","153.65","154.25","155.35","151.90","860.21K","-0.42%"
"11/28/2022","154.30","155.00","155.25","153.30","639.30K","-0.55%"
"11/25/2022","155.15","154.75","157.50","153.30","880.83K","0.29%"
"11/24/2022","154.70","151.85","155.10","151.75","814.10K","2.25%"
"11/23/2022","151.30","151.10","151.60","149.00","854.80K","0.17%"
"11/22/2022","151.05","151.20","153.10","150.25","818.09K","-0.07%"
"11/21/2022","151.15","150.00","152.65","146.60","1.19M","0.53%"
"11/18/2022","150.35","156.00","156.20","148.80","2.48M","-4.51%"
"11/17/2022","157.45","157.10","158.85","155.30","1.54M","-0.66%"
"11/16/2022","158.50","154.00","160.25","154.00","2.07M","2.99%"
"11/15/2022","153.90","155.30","158.75","153.10","1.26M","-0.87%"
"11/14/2022","155.25","154.30","156.10","151.65","1.11M","1.34%"
"11/11/2022","153.20","157.00","162.20","152.70","1.22M","-1.89%"
"11/10/2022","156.15","155.35","157.00","151.75","1.19M","0.58%"
"11/09/2022","155.25","157.20","160.50","153.40","1.39M","-0.80%"
"11/08/2022","156.50","156.80","158.40","154.30","891.75K","-0.29%"
"11/07/2022","156.95","155.30","156.95","152.95","963.18K","1.06%"
"11/04/2022","155.30","154.95","155.60","152.35","792.55K","1.30%"
"11/03/2022","153.30","151.40","154.00","150.50","747.34K","0.13%"
"11/02/2022","153.10","155.60","156.70","151.95","1.19M","-1.38%"
"11/01/2022","155.25","156.90","158.60","152.85","1.39M","0.13%"
"10/31/2022","155.05","149.80","155.60","149.20","1.83M","4.83%"
"10/28/2022","147.90","148.00","149.65","146.45","1.23M","0.68%"
"10/27/2022","146.90","147.70","148.90","145.20","910.58K","-0.24%"
"10/26/2022","147.25","146.00","149.00","144.65","1.95M","4.51%"
"10/25/2022","140.90","137.80","140.90","136.90","946.82K","2.73%"
"10/24/2022","137.15","140.00","140.25","134.85","984.90K","-0.69%"
"10/21/2022","138.10","140.35","142.15","137.20","976.22K","-2.51%"
"10/20/2022","141.65","138.10","141.65","135.90","1.28M","2.68%"
"10/19/2022","137.95","141.70","141.70","137.25","2.07M","-2.34%"
"10/18/2022","141.25","144.35","144.45","140.20","1.69M","-1.43%"
"10/17/2022","143.30","138.00","144.75","137.90","1.24M","4.90%"
"10/14/2022","136.60","140.30","141.20","135.85","1.50M","-1.34%"
"10/13/2022","138.45","136.90","141.00","136.65","1.23M","1.02%"
"10/12/2022","137.05","140.20","140.95","135.50","1.35M","-2.25%"
"10/11/2022","140.20","138.15","140.75","135.70","2.24M","0.94%"
"10/10/2022","138.90","135.20","141.25","134.55","1.33M","2.09%"
"10/07/2022","136.05","138.00","138.05","134.85","1.20M","-1.41%"
"10/06/2022","138.00","140.00","140.70","136.25","1.32M","-0.22%"
"10/05/2022","138.30","144.20","144.90","137.10","1.92M","-1.81%"
"10/04/2022","140.85","143.25","147.30","139.50","1.75M","-1.12%"
"10/03/2022","142.45","138.50","144.85","137.65","1.96M","2.85%"
"09/30/2022","138.50","135.30","138.70","133.10","3.91M","3.71%"
"09/29/2022","133.55","135.45","138.25","130.15","4.25M","-3.15%"
"09/28/2022","137.90","155.00","155.45","134.50","5.97M","-18.91%"
"09/27/2022","170.05","174.80","176.35","169.90","1.86M","-1.96%"
"09/26/2022","173.45","177.85","179.55","173.10","993.25K","-2.91%"
"09/23/2022","178.65","185.30","186.40","178.65","1.13M","-3.28%"
"09/22/2022","184.70","182.00","185.85","181.30","883.65K","0.85%"
"09/21/2022","183.15","183.35","185.95","182.55","1.15M","0.00%"
"09/20/2022","183.15","189.70","192.20","183.15","1.02M","-3.02%"
"09/19/2022","188.85","186.90","189.75","182.40","1.18M","0.94%"
"09/16/2022","187.10","187.90","188.25","185.10","2.72M","-0.95%"
"09/15/2022","188.90","192.35","192.90","188.70","1.04M","-1.61%"
"09/14/2022","192.00","192.35","194.00","190.65","1.06M","-0.98%"
"09/13/2022","193.90","197.35","198.65","193.30","894.73K","-1.82%"
"09/12/2022","197.50","197.35","198.00","194.60","787.80K","0.33%"
"09/09/2022","196.85","194.70","199.35","193.75","681.76K","1.50%"
"09/08/2022","193.95","195.45","197.50","192.15","671.90K","-0.41%"
"09/07/2022","194.75","196.10","197.00","192.20","1.19M","-1.09%"
"09/06/2022","196.90","199.00","200.50","195.10","806.01K","-0.71%"
"09/05/2022","198.30","202.30","202.90","198.30","957.48K","-2.22%"
"09/02/2022","202.80","205.50","205.90","201.10","677.94K","-1.65%"
"09/01/2022","206.20","204.00","208.00","203.70","1.07M","0.93%"
"08/31/2022","204.30","205.20","206.40","202.20","1.13M","0.10%"
"08/30/2022","204.10","202.20","207.10","202.00","1.20M","1.49%"
"08/29/2022","201.10","204.00","204.00","200.50","1.12M","-2.66%"
"08/26/2022","206.60","213.20","213.20","206.20","841.76K","-2.68%"
"08/25/2022","212.30","211.50","214.40","206.20","1.18M","0.81%"
"08/24/2022","210.60","208.00","222.00","203.20","1.82M","-3.53%"
"08/23/2022","218.30","219.50","220.90","216.20","692.82K","-0.68%"
"08/22/2022","219.80","220.50","222.00","219.20","544.88K","-0.54%"
"08/19/2022","221.00","218.70","221.00","217.80","798.48K","1.05%"
"08/18/2022","218.70","216.70","218.70","216.00","571.94K","0.97%"
"08/17/2022","216.60","214.20","217.70","214.20","577.48K","0.88%"
"08/16/2022","214.70","217.20","218.80","213.70","757.97K","-1.01%"
"08/15/2022","216.90","216.20","219.20","213.50","598.38K","0.65%"
"08/12/2022","215.50","215.80","219.30","212.70","1.37M","-1.69%"
"08/11/2022","219.20","218.50","221.00","217.80","620.79K","0.46%"
"08/10/2022","218.20","221.20","221.50","215.90","669.24K","-1.71%"
"08/09/2022","222.00","221.00","223.30","220.30","445.71K","0.14%"
"08/08/2022","221.70","225.10","226.50","221.70","437.56K","-1.90%"
"08/05/2022","226.00","226.50","227.60","225.30","243.35K","-0.13%"
"08/04/2022","226.30","225.20","228.60","224.50","470.02K","0.35%"
"08/03/2022","225.50","227.70","228.80","224.90","642.30K","-1.27%"
"08/02/2022","228.40","223.00","230.30","220.90","702.69K","2.33%"
"08/01/2022","223.20","222.10","226.60","221.80","402.67K","0.45%"
"07/29/2022","222.20","220.80","222.90","219.60","753.86K","1.14%"
"07/28/2022","219.70","223.40","226.70","218.10","568.49K","-1.96%"
"07/27/2022","224.10","218.90","224.90","218.10","511.94K","2.52%"
"07/26/2022","218.60","218.80","220.70","216.40","454.03K","0.28%"
"07/25/2022","218.00","218.60","219.50","216.50","511.71K","-0.77%"
"07/22/2022","219.70","218.20","221.30","215.40","664.13K","0.46%"
"07/21/2022","218.70","223.90","224.20","216.50","648.28K","-2.50%"
"07/20/2022","224.30","222.70","226.10","222.00","517.87K","1.31%"
"07/19/2022","221.40","221.20","222.20","219.20","517.73K","0.18%"
"07/18/2022","221.00","224.80","224.80","219.10","675.13K","-0.45%"
"07/15/2022","222.00","221.40","222.00","214.70","798.46K","0.91%"
"07/14/2022","220.00","228.00","228.00","219.80","920.36K","-2.96%"
"07/13/2022","226.70","232.20","233.30","223.90","638.16K","-1.73%"
"07/12/2022","230.70","231.80","235.00","229.70","778.37K","-2.66%"
"07/11/2022","237.00","234.50","237.60","232.70","551.31K","0.94%"
"07/08/2022","234.80","237.40","237.40","230.70","619.08K","-0.76%"
"07/07/2022","236.60","229.40","237.00","229.00","729.45K","3.50%"
"07/06/2022","228.60","231.50","234.50","227.10","755.79K","-1.47%"
"07/05/2022","232.00","234.00","237.40","231.80","924.73K","0.00%"
"07/04/2022","232.00","229.40","233.00","228.00","1.16M","1.53%"
"07/01/2022","228.50","227.00","231.40","224.20","785.72K","1.96%"
"06/30/2022","224.10","227.00","228.40","222.30","1.66M","-2.05%"
"06/29/2022","228.80","233.70","235.40","227.00","996.04K","-0.87%"
"06/28/2022","230.80","227.30","231.10","227.10","1.01M","2.08%"
"06/27/2022","226.10","226.20","230.00","223.80","1.09M","0.13%"
"06/24/2022","225.80","223.90","226.60","221.50","689.24K","1.71%"
"06/23/2022","222.00","224.00","226.50","218.20","1.32M","1.05%"
"06/22/2022","219.70","222.00","225.00","216.70","3.47M","-7.26%"
"06/21/2022","236.90","246.50","247.50","235.40","428.66K","-3.54%"
"06/20/2022","245.60","239.80","245.70","239.20","430.18K","2.42%"
"06/17/2022","239.80","236.60","245.80","232.20","1.80M","0.38%"
"06/16/2022","238.90","241.30","246.00","237.00","782.17K","-1.77%"
"06/15/2022","243.20","239.00","244.60","235.90","1.17M","1.63%"
"06/14/2022","239.30","234.20","239.80","233.80","770.56K","1.87%"
"06/13/2022","234.90","234.60","236.50","230.00","692.67K","0.13%"
"06/10/2022","234.60","235.70","238.00","232.90","909.15K","-1.05%"
"06/09/2022","237.10","231.30","238.20","228.70","743.30K","2.46%"
"06/08/2022","231.40","234.00","235.00","228.80","824.72K","-0.86%"
"06/07/2022","233.40","235.60","236.00","224.90","1.24M","-0.89%"
"06/03/2022","235.50","242.10","242.30","233.20","641.77K","-2.20%"
"06/02/2022","240.80","241.00","242.50","239.60","388.91K","-0.17%"
"06/01/2022","241.20","245.50","246.90","240.40","784.27K","-1.43%"
"05/31/2022","244.70","241.70","244.70","238.20","3.89M","1.45%"
"05/30/2022","241.20","243.30","244.10","239.40","762.40K","-0.82%"
"05/27/2022","243.20","247.80","247.80","242.00","1.15M","-2.05%"
"05/25/2022","248.30","249.00","249.40","246.30","757.60K","0.20%"
"05/24/2022","247.80","241.50","248.40","240.30","786.25K","2.40%"
"05/23/2022","242.00","240.40","243.00","236.00","552.30K","0.71%"
"05/20/2022","240.30","236.30","243.30","234.70","1.15M","1.69%"
"05/19/2022","236.30","236.50","238.30","234.30","1.08M","-1.54%"
"05/18/2022","240.00","240.00","242.50","236.20","1.44M","1.35%"
"05/16/2022","236.80","238.90","242.30","235.00","973.88K","0.17%"
"05/13/2022","236.40","237.20","237.40","229.80","1.28M","-0.30%"
"05/12/2022","237.10","246.20","246.20","228.00","1.56M","-1.90%"
"05/11/2022","241.70","243.70","246.60","239.40","1.02M","-0.78%"
"05/10/2022","243.60","245.20","245.40","236.90","1.18M","-0.61%"
"05/09/2022","245.10","242.10","250.90","240.80","725.74K","-0.33%"
"05/06/2022","245.90","246.30","250.50","244.50","685.96K","-0.85%"
"05/05/2022","248.00","258.50","258.60","247.70","1.04M","-3.50%"
"05/04/2022","257.00","263.60","265.50","257.00","885.00K","-2.32%"
"05/03/2022","263.10","261.80","266.20","260.90","544.68K","0.80%"
"05/02/2022","261.00","265.50","265.50","244.90","665.86K","-2.14%"
"04/29/2022","266.70","265.00","267.20","263.50","861.65K","0.98%"
"04/28/2022","264.10","260.40","265.20","259.00","730.92K","1.69%"
"04/27/2022","259.70","254.40","260.40","254.20","995.31K","1.29%"
"04/26/2022","256.40","255.50","257.00","254.00","619.76K","1.02%"
"04/25/2022","253.80","253.00","254.80","250.50","758.57K","-1.05%"
"04/22/2022","256.50","254.50","257.80","253.50","719.86K","0.12%"
"04/21/2022","256.20","255.10","257.30","253.10","714.03K","0.04%"
"04/20/2022","256.10","252.60","257.50","252.60","728.27K","0.55%"
"04/19/2022","254.70","253.20","257.20","247.50","1.03M","1.47%"
"04/13/2022","251.00","251.80","252.00","247.70","491.77K","0.88%"
"04/12/2022","248.80","251.10","253.50","246.20","956.46K","-1.85%"
"04/11/2022","253.50","250.50","257.80","249.50","1.03M","1.40%"
"04/08/2022","250.00","246.50","250.90","246.50","1.02M","2.21%"
"04/07/2022","244.60","245.20","248.10","243.40","697.18K","0.04%"
"04/06/2022","244.50","247.10","249.60","242.50","863.25K","-0.93%"
"04/05/2022","246.80","243.40","247.40","243.40","798.54K","1.15%"
"04/04/2022","244.00","245.00","245.90","242.30","894.08K","-0.08%"
"04/01/2022","244.20","238.40","244.90","238.00","1.09M","2.61%"
"03/31/2022","238.00","243.00","243.60","236.30","1.18M","-2.06%"
"03/30/2022","243.00","241.90","245.60","240.30","928.03K","1.25%"
"03/29/2022","240.00","243.20","244.50","238.30","1.17M","-0.95%"
"03/28/2022","242.30","243.50","245.80","242.10","706.26K","-0.98%"
"03/25/2022","244.70","237.00","246.60","237.00","1.37M","3.69%"
"03/24/2022","236.00","237.00","239.30","235.30","916.59K","-0.42%"
"03/23/2022","237.00","238.50","241.00","235.00","707.01K","-0.55%"
"03/22/2022","238.30","235.30","239.90","234.50","787.60K","1.10%"
"03/21/2022","235.70","231.80","236.60","230.30","730.34K","1.42%"
"03/18/2022","232.40","227.10","234.90","226.60","2.31M","3.43%"
"03/17/2022","224.70","230.00","232.70","223.40","860.09K","-2.64%"
"03/16/2022","230.80","227.20","231.50","225.90","647.15K","3.22%"
"03/15/2022","223.60","222.50","226.70","219.60","763.38K","-0.04%"
"03/14/2022","223.70","222.60","224.70","220.20","562.62K","1.22%"
"03/11/2022","221.00","217.60","222.10","217.10","733.44K","2.84%"
"03/10/2022","214.90","217.00","220.20","212.80","852.79K","0.05%"
"03/09/2022","214.80","212.30","219.40","210.80","1.01M","3.92%"
"03/08/2022","206.70","210.00","213.00","204.50","1.12M","-2.45%"
"03/07/2022","211.90","214.00","214.90","205.00","1.29M","-2.98%"
"03/04/2022","218.40","224.00","224.00","215.20","905.92K","-2.67%"
"03/03/2022","224.40","231.70","231.80","221.50","909.13K","-3.23%"
"03/02/2022","231.90","230.90","234.40","229.40","977.50K","-0.34%"
"03/01/2022","232.70","227.70","233.70","225.50","1.02M","2.78%"
"02/28/2022","226.40","224.00","226.40","221.90","1.30M","0.27%"
"02/25/2022","225.80","218.00","227.70","216.70","1.05M","3.53%"
"02/24/2022","218.10","220.00","224.60","216.20","950.93K","-4.34%"
"02/23/2022","228.00","221.70","230.40","221.70","1.08M","3.07%"
"02/22/2022","221.20","224.50","227.50","220.30","981.67K","-3.62%"
"02/21/2022","229.50","229.20","230.00","226.50","896.17K","0.39%"
"02/18/2022","228.60","231.00","231.90","226.30","1.01M","-1.80%"
"02/17/2022","232.80","238.60","240.00","232.50","926.99K","-2.72%"
"02/16/2022","239.30","235.00","239.90","235.00","1.06M","2.22%"
"02/15/2022","234.10","235.00","238.60","233.60","784.56K","-0.47%"
"02/14/2022","235.20","234.50","237.40","231.30","1.07M","-0.97%"
"02/11/2022","237.50","235.60","239.00","232.10","967.06K","0.64%"
"02/10/2022","236.00","235.00","237.70","233.50","873.15K","1.33%"
"02/09/2022","232.90","231.60","234.10","231.20","761.88K","1.04%"
"02/08/2022","230.50","232.30","232.60","228.30","696.80K","-0.30%"
"02/07/2022","231.20","225.80","231.20","224.30","912.69K","2.44%"
"02/04/2022","225.70","225.10","226.50","219.40","766.53K","1.39%"
"02/03/2022","222.60","224.60","227.50","221.50","821.52K","-1.11%"
"02/02/2022","225.10","223.80","226.50","222.60","1.10M","1.53%"
"02/01/2022","221.70","221.00","223.30","218.60","1.14M","1.98%"
"01/31/2022","217.40","216.50","218.80","214.50","1.05M","1.83%"
"01/28/2022","213.50","213.50","215.50","211.20","901.01K","0.14%"
"01/27/2022","213.20","206.30","213.60","204.70","1.00M","2.21%"
"01/26/2022","208.60","203.00","208.70","202.40","1.10M","3.42%"
"01/25/2022","201.70","203.20","205.00","200.40","816.14K","0.25%"
"01/24/2022","201.20","207.40","210.40","200.80","1.07M","-2.57%"
"01/21/2022","206.50","204.50","209.50","204.30","1.07M","0.54%"
"01/20/2022","205.40","207.50","208.30","204.40","857.22K","-0.92%"
"01/19/2022","207.30","208.40","210.00","205.00","901.45K","-0.38%"
"01/18/2022","208.10","206.90","208.50","203.00","1.04M","0.48%"
"01/17/2022","207.10","209.60","210.90","203.50","994.75K","-1.15%"
"01/14/2022","209.50","209.50","211.90","208.80","791.28K","0.00%"
"01/13/2022","209.50","209.90","212.30","209.40","731.29K","-0.29%"
"01/12/2022","210.10","206.80","211.20","205.40","857.34K","2.24%"
"01/11/2022","205.50","203.20","207.30","203.20","912.89K","2.29%"
"01/10/2022","200.90","209.10","209.10","200.90","1.08M","-3.51%"
"01/07/2022","208.20","210.80","211.00","207.10","630.45K","-0.86%"
"01/06/2022","210.00","209.00","210.50","207.40","724.76K","-0.71%"
"01/05/2022","211.50","210.10","211.70","209.00","477.53K","0.95%"
"01/04/2022","209.50","212.80","213.30","208.50","666.08K","-0.57%"
"01/03/2022","210.70","211.00","213.80","209.70","529.86K","0.96%"
"12/30/2021","208.70","208.80","208.80","206.80","413.93K","0.05%"
"12/29/2021","208.60","209.00","209.90","207.00","417.36K","-0.48%"
"12/28/2021","209.60","210.00","210.40","208.10","533.26K","0.19%"
"12/27/2021","209.20","207.80","209.20","206.00","457.08K","0.87%"
"12/23/2021","207.40","206.40","209.30","205.50","473.49K","0.78%"
"12/22/2021","205.80","203.80","205.80","202.10","578.68K","1.58%"
"12/21/2021","202.60","201.10","204.30","200.10","830.43K","1.50%"
"12/20/2021","199.60","202.80","203.70","199.30","1.43M","-3.11%"
"12/17/2021","206.00","206.80","208.60","204.30","1.47M","-0.29%"
"12/16/2021","206.60","207.30","209.90","205.80","1.01M","1.13%"
"12/15/2021","204.30","205.20","207.70","202.10","1.30M","-0.44%"
"12/14/2021","205.20","210.70","211.20","205.20","925.82K","-2.24%"
"12/13/2021","209.90","215.00","217.00","209.40","1.09M","-1.36%"
"12/10/2021","212.80","211.10","213.80","207.40","1.19M","1.24%"
"12/09/2021","210.20","208.40","210.80","207.00","952.84K","1.50%"
"12/08/2021","207.10","207.40","210.80","206.40","944.78K","0.15%"
"12/07/2021","206.80","205.40","207.90","204.20","696.47K","1.47%"
"12/06/2021","203.80","201.50","204.80","201.20","643.51K","0.54%"
"12/03/2021","202.70","204.20","206.10","202.70","776.55K","-0.73%"
"12/02/2021","204.20","204.90","206.30","201.80","781.71K","-1.21%"
"12/01/2021","206.70","206.00","210.40","205.10","1.42M","0.24%"
"11/30/2021","206.20","209.60","209.60","204.40","1.58M","-2.00%"
"11/29/2021","210.40","211.30","212.50","209.80","778.07K","-0.28%"
"11/26/2021","211.00","215.00","217.60","210.40","1.09M","-4.61%"
"11/25/2021","221.20","221.00","223.90","219.20","474.73K","-0.32%"
"11/24/2021","221.90","221.00","223.90","218.70","698.74K","0.63%"
"11/23/2021","220.50","228.00","228.60","220.20","1.07M","-3.33%"
"11/22/2021","228.10","235.90","235.90","228.10","886.06K","-2.94%"
"11/19/2021","235.00","235.80","236.30","232.80","970.50K","-0.42%"
"11/18/2021","236.00","233.00","236.30","229.50","705.95K","1.94%"
"11/17/2021","231.50","234.00","234.00","227.70","888.52K","-1.28%"
"11/16/2021","234.50","238.30","238.30","234.50","640.45K","-1.59%"
"11/15/2021","238.30","234.10","238.30","233.10","501.22K","1.27%"
"11/12/2021","235.30","232.80","235.40","231.30","507.78K","0.90%"
"11/11/2021","233.20","237.60","238.90","230.00","1.20M","-2.59%"
"11/10/2021","239.40","235.00","244.80","233.60","933.30K","0.72%"
"11/09/2021","237.70","237.50","239.60","234.30","752.78K","-0.25%"
"11/08/2021","238.30","241.30","241.30","237.40","659.75K","-1.61%"
"11/05/2021","242.20","240.00","242.20","238.00","751.99K","0.50%"
"11/04/2021","241.00","243.80","243.80","239.40","747.94K","-0.74%"
"11/03/2021","242.80","240.20","243.70","240.20","671.63K","0.87%"
"11/02/2021","240.70","242.00","243.80","238.00","856.22K","-1.67%"
"11/01/2021","244.80","244.70","246.50","241.30","727.90K","0.08%"
"10/29/2021","244.60","244.80","247.80","243.60","668.19K","-0.41%"
"10/28/2021","245.60","247.50","249.70","244.50","679.41K","-0.85%"
"10/27/2021","247.70","248.20","250.80","246.90","884.32K","-0.20%"
"10/26/2021","248.20","247.20","248.70","246.50","454.11K","0.20%"
"10/25/2021","247.70","243.20","248.40","243.20","652.62K","0.90%"
"10/22/2021","245.50","244.60","245.90","241.70","620.45K","0.66%"
"10/21/2021","243.90","239.00","243.90","238.90","777.99K","1.75%"
"10/20/2021","239.70","235.00","239.70","234.60","1.12M","2.61%"
"10/19/2021","233.60","234.00","234.60","230.30","864.00K","0.69%"
"10/18/2021","232.00","232.80","234.60","228.30","604.50K","-0.43%"
"10/15/2021","233.00","231.20","233.00","228.40","663.94K","0.87%"
"10/14/2021","231.00","226.60","231.00","225.50","788.94K","2.53%"
"10/13/2021","225.30","223.00","226.60","221.90","419.34K","0.99%"
"10/12/2021","223.10","222.10","226.00","222.10","458.86K","-0.40%"
"10/11/2021","224.00","225.50","226.80","222.50","518.10K","-0.58%"
"10/08/2021","225.30","225.30","225.50","222.50","544.65K","0.22%"
"10/07/2021","224.80","223.40","226.60","221.30","523.05K","1.77%"
"10/06/2021","220.90","224.50","224.70","218.50","546.39K","-1.43%"
"10/05/2021","224.10","223.40","224.30","219.40","720.60K","0.81%"
"10/04/2021","222.30","222.00","224.40","220.40","436.40K","-0.04%"
"10/01/2021","222.40","219.90","223.70","215.40","564.21K","0.14%"
"09/30/2021","222.10","229.40","230.80","221.40","1.11M","-3.01%"
"09/29/2021","229.00","236.70","237.00","227.60","1.17M","-2.80%"
"09/28/2021","235.60","240.00","240.60","233.20","913.79K","-0.88%"
"09/27/2021","237.70","237.20","238.90","236.50","358.04K","0.51%"
"09/24/2021","236.50","239.00","239.20","234.90","430.48K","-1.13%"
"09/23/2021","239.20","237.40","239.20","235.60","502.31K","1.83%"
"09/22/2021","234.90","234.50","237.50","233.60","692.38K","0.86%"
"09/21/2021","232.90","227.80","234.10","227.60","465.43K","1.93%"
"09/20/2021","228.50","231.50","232.00","226.50","529.01K","-1.97%"
"09/17/2021","233.10","235.10","237.70","233.10","1.60M","-0.26%"
"09/16/2021","233.70","234.50","237.30","233.60","721.66K","0.13%"
"09/15/2021","233.40","232.80","235.90","232.80","618.43K","0.34%"
"09/14/2021","232.60","235.70","236.30","232.60","548.82K","-0.94%"
"09/13/2021","234.80","231.70","236.00","231.70","723.82K","1.29%"
"09/10/2021","231.80","232.80","234.40","231.20","429.05K","-0.34%"
"09/09/2021","232.60","232.40","235.10","232.10","448.95K","-0.73%"
"09/08/2021","234.30","231.70","234.40","228.50","733.74K","1.69%"
"09/07/2021","230.40","234.10","234.30","230.10","416.74K","-1.71%"
"09/06/2021","234.40","232.20","234.40","231.90","537.63K","0.99%"
"09/03/2021","232.10","237.80","238.00","231.10","549.98K","-3.41%"
"09/02/2021","240.30","236.00","241.20","235.40","1.03M","1.82%"
"09/01/2021","236.00","235.00","236.80","234.40","542.47K","1.33%"
"08/31/2021","232.90","236.30","238.20","232.90","1.22M","-1.40%"
"08/30/2021","236.20","236.00","237.40","235.30","462.94K","0.13%"
"08/27/2021","235.90","233.60","238.00","232.90","586.71K","0.98%"
"08/26/2021","233.60","233.50","234.60","231.40","700.13K","-0.30%"
"08/25/2021","234.30","225.90","236.70","225.90","1.06M","4.41%"
"08/24/2021","224.40","225.00","225.30","223.20","493.64K","-0.27%"
"08/23/2021","225.00","224.90","225.30","223.30","525.87K","0.31%"
"08/20/2021","224.30","221.30","224.60","220.40","679.33K","1.49%"
"08/19/2021","221.00","221.50","221.50","215.80","922.72K","-0.90%"
"08/18/2021","223.00","226.30","226.30","222.70","393.19K","-1.11%"
"08/17/2021","225.50","225.90","227.40","224.00","372.65K","-0.40%"
"08/16/2021","226.40","225.70","228.00","225.70","246.24K","-0.04%"
"08/13/2021","226.50","226.10","226.50","224.20","300.66K","0.35%"
"08/12/2021","225.70","224.60","226.00","223.40","295.77K","0.18%"
"08/11/2021","225.30","227.70","228.10","224.10","321.20K","-0.62%"
"08/10/2021","226.70","226.50","228.00","225.70","456.47K","0.31%"
"08/09/2021","226.00","226.30","227.70","225.20","335.11K","-0.44%"
"08/06/2021","227.00","229.10","230.70","225.80","372.51K","-1.13%"
"08/05/2021","229.60","231.60","231.90","228.40","326.78K","-0.56%"
"08/04/2021","230.90","228.00","231.60","228.00","557.33K","1.85%"
"08/03/2021","226.70","226.30","228.50","226.20","216.90K","0.09%"
"08/02/2021","226.50","225.70","228.80","225.70","276.61K","0.58%"
"07/30/2021","225.20","224.90","225.80","223.00","496.20K","-0.18%"
"07/29/2021","225.60","225.70","228.20","225.20","478.51K","-0.31%"
"07/28/2021","226.30","225.00","227.20","225.00","409.00K","0.58%"
"07/27/2021","225.00","226.20","226.60","223.90","381.81K","-0.49%"
"07/26/2021","226.10","225.60","227.30","225.40","266.62K","-0.31%"
"07/23/2021","226.80","225.80","228.60","225.70","404.46K","1.07%"
"07/22/2021","224.40","225.00","225.70","223.10","347.78K","-0.22%"
"07/21/2021","224.90","226.70","228.10","223.40","489.66K","-0.44%"
"07/20/2021","225.90","223.00","227.50","223.00","562.57K","2.03%"
"07/19/2021","221.40","225.70","226.30","220.00","534.94K","-1.51%"
"07/16/2021","224.80","225.00","227.80","224.80","617.78K","-0.09%"
"07/15/2021","225.00","220.80","225.40","220.30","639.70K","1.90%"
"07/14/2021","220.80","222.80","224.40","219.20","890.35K","-2.13%"
"07/13/2021","225.60","225.10","225.90","222.10","371.45K","0.22%"
"07/12/2021","225.10","224.20","225.10","223.10","560.67K","0.58%"
"07/09/2021","223.80","223.90","225.80","222.90","428.90K","0.18%"
"07/08/2021","223.40","228.60","228.80","221.70","748.06K","-2.27%"
"07/07/2021","228.60","226.40","230.00","226.40","663.70K","0.57%"
"07/06/2021","227.30","225.20","227.80","222.70","540.12K","0.09%"
"07/05/2021","227.10","225.60","227.80","225.00","478.35K","0.93%"
"07/02/2021","225.00","223.10","226.00","221.50","878.40K","-0.04%"
"07/01/2021","225.10","220.20","225.60","219.80","683.35K","2.79%"
"06/30/2021","219.00","220.00","221.30","218.20","1.04M","-0.82%"
"06/29/2021","220.80","221.10","223.20","220.10","692.39K","-0.81%"
"06/28/2021","222.60","227.70","228.50","220.40","1.14M","-2.15%"
"06/25/2021","227.50","222.20","228.40","221.60","842.83K","-0.52%"
"06/24/2021","228.70","233.20","233.20","227.80","723.25K","-1.51%"
"06/23/2021","232.20","235.90","237.80","232.10","822.20K","-1.07%"
"06/22/2021","234.70","232.60","235.80","232.60","1.50M","0.04%"
"06/21/2021","234.60","233.10","234.70","230.00","535.23K","0.34%"
"06/18/2021","233.80","234.00","237.40","233.00","1.74M","0.00%"
"06/17/2021","233.80","231.10","236.60","230.80","798.23K","0.17%"
"06/16/2021","233.40","229.50","234.00","228.30","953.40K","1.79%"
"06/15/2021","229.30","230.20","231.10","227.70","556.20K","-0.09%"
"06/14/2021","229.50","229.50","230.40","227.80","703.79K","0.09%"
"06/11/2021","229.30","228.50","230.30","227.30","506.24K","0.66%"
"06/10/2021","227.80","230.40","230.60","226.50","511.03K","-1.00%"
"06/09/2021","230.10","230.30","230.60","228.50","479.98K","-0.13%"
"06/08/2021","230.40","230.00","233.40","229.50","711.57K","0.26%"
"06/07/2021","229.80","230.00","230.30","227.60","488.82K","0.17%"
"06/04/2021","229.40","226.80","230.50","226.60","726.61K","1.15%"
"06/03/2021","226.80","227.70","233.50","222.90","1.46M","1.61%"
"06/02/2021","223.20","218.50","224.90","218.50","1.23M","2.57%"
"06/01/2021","217.60","217.30","219.60","215.20","801.25K","0.14%"
"05/31/2021","217.30","215.60","219.20","215.60","472.07K","-0.18%"
"05/28/2021","217.70","212.30","218.00","211.50","852.03K","2.83%"
"05/27/2021","211.70","215.70","217.10","211.70","2.77M","-1.99%"
"05/26/2021","216.00","214.20","216.40","214.00","787.79K","0.75%"
"05/25/2021","214.40","214.30","214.60","211.60","955.49K","0.42%"
"05/21/2021","213.50","210.10","213.90","208.80","1.54M","1.67%"
"05/20/2021","210.00","209.50","210.00","205.30","795.17K","1.01%"
"05/19/2021","207.90","207.50","207.90","204.30","952.84K","-0.67%"
"05/18/2021","209.30","209.90","211.50","207.90","1.02M","-0.85%"
"05/14/2021","211.10","211.10","213.20","210.10","557.83K","-0.05%"
"05/12/2021","211.20","214.10","215.30","210.90","1.21M","-2.54%"
"05/11/2021","216.70","219.00","219.90","214.50","647.12K","-1.50%"
"05/10/2021","220.00","218.30","220.00","217.20","714.53K","0.59%"
"05/07/2021","218.70","217.50","218.70","215.60","628.86K","0.64%"
"05/06/2021","217.30","215.90","218.80","213.00","1.09M","0.74%"
"05/05/2021","215.70","214.50","217.40","213.50","837.83K","0.23%"
"05/04/2021","215.20","208.20","215.20","207.50","1.13M","3.71%"
"05/03/2021","207.50","205.50","207.90","204.80","393.77K","0.92%"
"04/30/2021","205.60","209.30","209.70","204.40","1.17M","-1.96%"
"04/29/2021","209.70","215.40","216.00","209.30","962.44K","-2.69%"
"04/28/2021","215.50","209.90","215.80","209.40","1.47M","2.91%"
"04/27/2021","209.40","209.80","210.50","207.40","467.44K","0.05%"
"04/26/2021","209.30","205.10","209.90","205.00","547.17K","1.85%"
"04/23/2021","205.50","206.60","208.40","203.90","755.40K","-0.87%"
"04/22/2021","207.30","206.10","208.00","206.10","514.65K","0.10%"
"04/21/2021","207.10","208.90","209.30","205.70","721.27K","-0.86%"
"04/20/2021","208.90","209.00","210.30","206.10","1.07M","2.40%"
"04/19/2021","204.00","204.00","206.00","203.30","641.59K","0.00%"
"04/16/2021","204.00","202.80","204.30","201.00","1.20M","0.74%"
"04/15/2021","202.50","200.30","205.10","200.00","949.70K","-0.30%"
"04/14/2021","203.10","206.90","207.80","202.70","915.79K","-1.98%"
"04/13/2021","207.20","205.40","208.10","204.70","765.40K","0.93%"
"04/12/2021","205.30","209.00","209.60","203.90","1.15M","-3.16%"
"04/09/2021","212.00","210.30","212.80","209.00","742.68K","0.86%"
"04/08/2021","210.20","211.60","211.60","207.90","637.20K","-0.71%"
"04/07/2021","211.70","211.70","214.30","210.90","682.63K","-0.14%"
"04/06/2021","212.00","215.00","216.80","211.30","1.01M","-0.09%"
"03/31/2021","212.20","212.40","212.60","209.90","399.11K","0.66%"
"03/30/2021","210.80","210.00","213.60","208.90","580.00K","0.52%"
"03/29/2021","209.70","208.60","210.20","206.10","611.09K","0.82%"
"03/26/2021","208.00","204.90","208.00","201.90","737.57K","1.22%"
"03/25/2021","205.50","206.00","206.00","201.20","865.50K","-0.24%"
"03/24/2021","206.00","203.10","207.50","202.70","555.31K","0.98%"
"03/23/2021","204.00","205.20","206.60","202.60","1.02M","-0.92%"
"03/22/2021","205.90","208.10","209.50","205.60","813.19K","-0.63%"
"03/19/2021","207.20","208.80","213.70","207.20","2.77M","-0.77%"
"03/18/2021","208.80","212.90","213.20","208.80","1.03M","-1.69%"
"03/17/2021","212.40","211.20","213.90","211.20","614.71K","0.09%"
"03/16/2021","212.20","213.40","214.30","210.80","663.61K","-0.33%"
"03/15/2021","212.90","210.60","213.80","210.00","908.60K","1.77%"
"03/12/2021","209.20","208.50","212.80","208.50","823.27K","-0.14%"
"03/11/2021","209.50","213.80","214.20","207.80","1.24M","-1.92%"
"03/10/2021","213.60","216.90","217.90","213.60","1.05M","-1.52%"
"03/09/2021","216.90","219.00","219.00","215.60","939.11K","-1.05%"
"03/08/2021","219.20","215.90","219.20","215.90","796.44K","1.06%"
"03/05/2021","216.90","216.00","217.80","214.90","1.01M","0.42%"
"03/04/2021","216.00","216.20","217.90","214.30","852.69K","-0.18%"
"03/03/2021","216.40","217.00","218.00","215.20","787.40K","-0.28%"
"03/02/2021","217.00","217.10","219.30","215.70","865.83K","-0.18%"
"03/01/2021","217.40","210.00","217.40","210.00","966.30K","3.82%"
"02/26/2021","209.40","211.00","212.40","209.40","1.59M","-2.51%"
"02/25/2021","214.80","210.90","214.80","208.40","978.30K","1.27%"
"02/24/2021","212.10","210.00","212.10","208.20","835.85K","0.86%"
"02/23/2021","210.30","209.00","211.90","206.40","1.40M","0.24%"
"02/22/2021","209.80","199.85","209.80","198.45","2.09M","4.90%"
"02/19/2021","200.00","194.90","200.00","194.30","2.56M","3.55%"
"02/18/2021","193.15","190.45","195.15","190.00","807.56K","1.18%"
"02/17/2021","190.90","191.50","193.70","188.85","1.09M","-0.55%"
"02/16/2021","191.95","192.05","193.25","190.70","765.47K","0.16%"
"02/15/2021","191.65","191.35","191.90","187.80","585.02K","-0.36%"
"02/12/2021","192.35","190.25","193.25","190.10","1.03M","0.79%"
"02/11/2021","190.85","192.50","192.75","190.40","612.50K","-0.75%"
"02/10/2021","192.30","192.05","193.75","191.40","773.68K","1.40%"
"02/09/2021","189.65","193.75","193.75","189.65","1.19M","-2.14%"
"02/08/2021","193.80","194.80","195.95","192.80","994.05K","-0.05%"
"02/05/2021","193.90","193.40","194.85","193.30","749.26K","0.15%"
"02/04/2021","193.60","193.10","194.70","191.65","885.44K","-0.10%"
"02/03/2021","193.80","197.00","198.40","193.25","1.23M","-0.69%"
"02/02/2021","195.15","193.90","197.70","193.10","1.48M","0.70%"
"02/01/2021","193.80","189.75","194.95","189.00","1.47M","1.97%"
"01/29/2021","190.05","189.15","190.80","187.95","1.52M","-0.26%"
"01/28/2021","190.55","189.95","191.50","186.75","2.09M","-0.08%"
"01/27/2021","190.70","186.25","191.60","185.60","1.56M","2.91%"
"01/26/2021","185.30","184.85","188.15","183.30","1.18M","-0.13%"
"01/25/2021","185.55","187.75","187.80","182.35","1.46M","-1.51%"
"01/22/2021","188.40","189.05","190.50","186.60","957.71K","-0.50%"
"01/21/2021","189.35","189.50","191.40","188.55","988.68K","0.91%"
"01/20/2021","187.65","190.35","190.35","186.60","1.09M","-1.42%"
"01/19/2021","190.35","188.00","190.80","187.00","1.94M","2.56%"
"01/18/2021","185.60","180.30","187.00","180.20","1.02M","0.65%"
"01/15/2021","184.40","182.90","186.20","182.75","997.62K","0.38%"
"01/14/2021","183.70","183.30","184.25","182.55","1.30M","0.38%"
"01/13/2021","183.00","190.00","191.50","182.50","2.00M","-4.06%"
"01/12/2021","190.75","189.00","191.30","187.95","1.17M","0.77%"
"01/11/2021","189.30","189.00","191.40","188.00","1.23M","0.08%"
"01/08/2021","189.15","189.50","191.60","188.60","1.23M","1.34%"
"01/07/2021","186.65","186.70","189.60","184.70","1.23M","-0.13%"
"01/06/2021","186.90","186.30","189.50","184.75","1.34M","1.08%"
"01/05/2021","184.90","184.95","188.50","184.20","1.23M","-0.08%"
"01/04/2021","185.05","191.00","192.50","185.05","1.11M","-3.12%"
"12/30/2020","191.00","190.00","192.90","189.35","833.34K","0.24%"
"12/29/2020","190.55","187.25","192.55","187.25","1.13M","1.76%"
"12/28/2020","187.25","188.15","188.80","185.40","906.62K","-0.37%"
"12/23/2020","187.95","182.40","188.10","182.20","1.33M","3.04%"
"12/22/2020","182.40","182.35","182.90","180.80","817.69K","0.80%"
"12/21/2020","180.95","180.20","182.05","178.25","1.63M","-0.90%"
"12/18/2020","182.60","181.25","184.35","179.10","1.94M","0.14%"
"12/17/2020","182.35","180.50","182.40","179.25","1.03M","1.02%"
"12/16/2020","180.50","180.25","181.30","177.10","1.45M","0.28%"
"12/15/2020","180.00","177.90","180.05","177.50","1.49M","0.93%"
"12/14/2020","178.35","179.00","180.10","177.55","645.82K","-0.11%"
"12/11/2020","178.55","178.65","179.60","177.15","888.18K","-0.25%"
"12/10/2020","179.00","180.00","181.15","178.35","1.17M","-0.47%"
"12/09/2020","179.85","178.45","180.50","178.15","920.27K","1.32%"
"12/08/2020","177.50","177.85","179.20","176.80","1.04M","-0.25%"
"12/07/2020","177.95","177.00","180.00","176.30","1.06M","0.51%"
"12/04/2020","177.05","179.05","183.30","174.85","1.68M","-0.81%"
"12/03/2020","178.50","179.20","180.30","176.50","1.11M","-0.42%"
"12/02/2020","179.25","184.85","184.85","178.80","1.44M","-2.85%"
"12/01/2020","184.50","180.45","184.80","180.45","1.30M","2.47%"
"11/30/2020","180.05","183.45","183.45","179.50","2.74M","-1.69%"
"11/27/2020","183.15","180.60","183.60","179.15","967.37K","1.41%"
"11/26/2020","180.60","174.10","182.25","173.15","1.74M","3.44%"
"11/25/2020","174.60","177.60","177.60","173.00","1.42M","-1.33%"
"11/24/2020","176.95","176.70","178.80","175.50","1.40M","0.94%"
"11/23/2020","175.30","173.30","177.20","173.30","1.21M","1.39%"
"11/20/2020","172.90","175.75","177.30","172.40","1.65M","-1.90%"
"11/19/2020","176.25","182.00","182.30","176.10","2.29M","-4.16%"
"11/18/2020","183.90","187.65","187.65","181.90","1.63M","-2.60%"
"11/17/2020","188.80","187.50","190.20","186.85","1.62M","-0.26%"
"11/16/2020","189.30","183.30","190.45","183.20","2.03M","4.04%"
"11/13/2020","181.95","181.00","182.15","179.65","979.10K","-0.08%"
"11/12/2020","182.10","183.60","187.85","180.40","1.91M","-1.86%"
"11/11/2020","185.55","179.10","185.90","178.95","2.45M","3.40%"
"11/10/2020","179.45","173.00","180.65","172.05","2.97M","0.87%"
"11/09/2020","177.90","159.60","177.90","155.40","5.01M","12.20%"
"11/06/2020","158.55","156.00","159.50","153.90","1.33M","3.19%"
"11/05/2020","153.65","154.50","155.55","149.90","1.82M","-0.52%"
"11/04/2020","154.45","151.95","154.60","149.45","1.22M","0.95%"
"11/03/2020","153.00","154.85","156.60","151.65","1.76M","-0.78%"
"11/02/2020","154.20","151.80","154.20","149.85","1.24M","2.36%"
"10/30/2020","150.65","150.15","152.10","148.95","1.22M","-1.12%"
"10/29/2020","152.35","151.50","153.70","149.75","1.56M","0.89%"
"10/28/2020","151.00","154.35","154.35","150.65","1.39M","-2.86%"
"10/27/2020","155.45","156.35","158.00","153.80","1.21M","-0.48%"
"10/26/2020","156.20","163.60","163.60","156.20","1.28M","-4.79%"
"10/23/2020","164.05","163.00","165.05","161.95","756.10K","1.08%"
"10/22/2020","162.30","163.45","165.50","162.30","1.06M","-1.46%"
"10/21/2020","164.70","170.40","170.40","164.40","1.20M","-3.06%"
"10/20/2020","169.90","171.90","172.20","169.20","758.44K","-0.26%"
"10/19/2020","170.35","168.65","171.50","167.30","775.39K","1.25%"
"10/16/2020","168.25","170.35","171.35","167.00","934.10K","0.00%"
"10/15/2020","168.25","173.50","175.60","167.65","2.60M","-0.53%"
"10/14/2020","169.15","170.75","170.90","167.05","1.61M","-0.97%"
"10/13/2020","170.80","170.30","171.60","169.15","1.37M","-0.70%"
"10/12/2020","172.00","172.80","173.00","171.05","986.96K","-0.58%"
"10/09/2020","173.00","173.25","174.00","171.80","1.57M","-0.03%"
"10/08/2020","173.05","168.95","173.05","167.55","1.55M","2.43%"
"10/07/2020","168.95","168.90","169.35","166.80","1.18M","0.78%"
"10/06/2020","167.65","164.15","168.55","164.15","992.35K","2.13%"
"10/05/2020","164.15","165.35","166.50","163.40","883.28K","-0.18%"
"10/02/2020","164.45","165.20","165.20","163.00","784.79K","-0.54%"
"10/01/2020","165.35","166.60","167.20","164.20","1.21M","-0.30%"
"09/30/2020","165.85","160.00","167.00","158.50","4.51M","4.51%"
"09/29/2020","158.70","160.00","161.05","158.05","1.18M","-0.94%"
"09/28/2020","160.20","160.45","160.45","158.00","1.46M","0.53%"
"09/25/2020","159.35","161.20","162.80","158.50","1.85M","-1.94%"
"09/24/2020","162.50","163.95","164.30","161.80","1.14M","-1.28%"
"09/23/2020","164.60","164.00","167.40","163.85","1.27M","0.37%"
"09/22/2020","164.00","166.15","168.40","163.95","1.82M","-1.15%"
"09/21/2020","165.90","173.00","173.25","165.90","1.24M","-4.16%"
"09/18/2020","173.10","172.50","173.55","170.15","1.84M","0.23%"
"09/17/2020","172.70","177.00","177.20","172.65","1.60M","-2.40%"
"09/16/2020","176.95","178.90","181.00","176.90","1.13M","-0.65%"
"09/15/2020","178.10","176.50","179.30","174.85","1.02M","1.02%"
"09/14/2020","176.30","178.00","178.60","176.20","871.18K","-0.06%"
"09/11/2020","176.40","175.30","177.30","174.40","808.63K","0.54%"
"09/10/2020","175.45","178.50","178.90","175.20","848.23K","-1.49%"
"09/09/2020","178.10","174.45","178.20","174.35","1.08M","2.21%"
"09/08/2020","174.25","175.95","177.50","173.05","932.71K","-0.94%"
"09/07/2020","175.90","172.45","176.15","172.45","800.35K","1.21%"
"09/04/2020","173.80","169.80","175.75","169.60","1.31M","0.81%"
"09/03/2020","172.40","171.30","172.75","169.20","1.41M","2.25%"
"09/02/2020","168.60","171.15","172.10","168.60","1.31M","-1.49%"
"09/01/2020","171.15","171.00","173.00","170.15","1.01M","0.18%"
"08/31/2020","170.85","170.00","171.45","169.00","1.36M","0.83%"
"08/28/2020","169.45","169.25","171.55","168.60","1.29M","-0.91%"
"08/27/2020","171.00","173.00","174.50","169.55","2.15M","-1.44%"
"08/26/2020","173.50","179.70","179.75","172.25","3.62M","-6.37%"
"08/25/2020","185.30","183.70","185.80","183.40","1.30M","1.09%"
"08/24/2020","183.30","179.80","183.30","179.25","951.52K","2.83%"
"08/21/2020","178.25","182.95","183.65","177.65","1.32M","-2.22%"
"08/20/2020","182.30","183.85","184.00","181.65","1.05M","-1.25%"
"08/19/2020","184.60","182.30","186.60","182.00","1.03M","1.18%"
"08/18/2020","182.45","183.80","184.30","181.20","957.69K","-1.22%"
"08/17/2020","184.70","182.85","185.20","181.25","1.09M","0.76%"
"08/14/2020","183.30","184.70","184.70","179.90","1.16M","-0.62%"
"08/13/2020","184.45","183.90","184.85","182.00","1.11M","0.03%"
"08/12/2020","184.40","179.00","184.85","178.55","1.53M","3.42%"
"08/11/2020","178.30","173.10","180.00","173.10","1.66M","3.57%"
"08/10/2020","172.15","171.55","173.15","170.55","867.10K","0.55%"
"08/07/2020","171.20","172.40","173.80","170.40","732.84K","0.23%"
"08/06/2020","170.80","170.00","171.15","168.95","808.93K","0.12%"
"08/05/2020","170.60","171.60","173.05","170.10","1.11M","-0.58%"
"08/04/2020","171.60","171.10","171.85","167.20","1.11M","0.76%"
"08/03/2020","170.30","163.80","170.90","163.80","1.47M","3.97%"
"07/31/2020","163.80","164.50","166.55","163.80","1.50M","-0.21%"
"07/30/2020","164.15","165.90","167.80","164.15","1.49M","-3.13%"
"07/29/2020","169.45","169.60","170.90","168.05","1.09M","0.24%"
"07/28/2020","169.05","166.40","169.10","165.40","1.07M","1.59%"
"07/27/2020","166.40","166.40","167.95","165.20","995.48K","-0.69%"
"07/24/2020","167.55","168.55","168.70","166.45","1.33M","-0.89%"
"07/23/2020","169.05","171.00","171.25","168.85","1.35M","-1.11%"
"07/22/2020","170.95","171.80","172.20","170.00","1.25M","0.35%"
"07/21/2020","170.35","175.00","175.55","170.35","1.60M","-2.27%"
"07/20/2020","174.30","175.35","176.30","173.05","1.05M","-0.40%"
"07/17/2020","175.00","174.45","176.80","174.10","942.95K","0.78%"
"07/16/2020","173.65","176.90","178.80","172.35","1.49M","-2.99%"
"07/15/2020","179.00","177.00","180.20","176.15","2.40M","6.77%"
"07/14/2020","167.65","168.10","169.80","167.20","1.66M","-0.80%"
"07/13/2020","169.00","168.55","169.90","167.30","1.49M","1.08%"
"07/10/2020","167.20","170.00","170.00","165.15","2.05M","-2.14%"
"07/09/2020","170.85","176.30","176.70","170.85","2.15M","-3.77%"
"07/08/2020","177.55","178.25","179.90","176.85","993.91K","-0.50%"
"07/07/2020","178.45","179.30","181.35","177.20","1.14M","-0.08%"
"07/06/2020","178.60","179.50","179.50","177.45","1.03M","1.19%"
"07/03/2020","176.50","178.10","179.30","176.45","851.93K","-0.59%"
"07/02/2020","177.55","178.75","179.85","176.00","1.41M","-1.88%"
"07/01/2020","180.95","181.85","182.45","178.45","913.88K","-0.93%"
"06/30/2020","182.65","181.70","183.35","179.80","786.57K","0.52%"
"06/29/2020","181.70","177.50","182.30","177.10","1.08M","1.37%"
"06/26/2020","179.25","178.00","180.50","177.45","824.20K","1.04%"
"06/25/2020","177.40","176.00","179.05","175.50","1.31M","-0.34%"
"06/24/2020","178.00","178.75","179.15","174.50","1.37M","-0.28%"
"06/23/2020","178.50","179.15","181.10","178.10","1.16M","0.88%"
"06/22/2020","176.95","179.75","180.90","176.85","3.16M","-2.43%"
"06/19/2020","181.35","181.50","182.50","177.65","3.29M","0.64%"
"06/18/2020","180.20","184.40","184.90","179.50","1.34M","-2.54%"
"06/17/2020","184.90","177.50","184.90","177.50","2.23M","4.05%"
"06/16/2020","177.70","178.90","179.45","175.55","2.45M","0.59%"
"06/15/2020","176.65","174.00","178.40","169.00","3.33M","-5.81%"
"06/12/2020","187.55","187.90","190.85","185.05","1.69M","-0.66%"
"06/11/2020","188.80","191.85","194.20","188.60","1.64M","-2.81%"
"06/10/2020","194.25","192.95","196.70","192.95","1.24M","0.13%"
"06/09/2020","194.00","194.00","197.60","192.50","1.82M","-0.67%"
"06/08/2020","195.30","195.50","196.20","192.75","1.44M","-0.71%"
"06/05/2020","196.70","195.05","197.00","192.85","1.48M","1.71%"
"06/04/2020","193.40","196.30","196.40","191.00","1.32M","-1.48%"
"06/03/2020","196.30","194.90","196.30","191.90","1.68M","0.93%"
"06/02/2020","194.50","185.90","194.80","184.85","1.95M","6.26%"
"05/29/2020","183.05","183.85","184.80","179.15","2.50M","-0.52%"
"05/28/2020","184.00","185.00","186.30","183.40","1.70M","0.22%"
"05/27/2020","183.60","187.00","187.00","182.55","1.39M","-1.37%"
"05/26/2020","186.15","187.50","188.45","184.60","1.64M","-0.29%"
"05/25/2020","186.70","185.30","186.80","183.95","732.37K","1.63%"
"05/22/2020","183.70","189.00","189.05","183.35","1.49M","-3.29%"
"05/20/2020","189.95","188.80","190.35","186.95","1.41M","1.58%"
"05/19/2020","187.00","184.75","188.35","182.80","1.96M","2.86%"
"05/18/2020","181.80","183.00","184.75","178.85","1.59M","-0.36%"
"05/15/2020","182.45","180.10","183.00","179.55","1.74M","1.98%"
"05/14/2020","178.90","182.40","183.05","173.40","3.05M","-2.45%"
"05/13/2020","183.40","182.60","184.00","176.10","1.96M","0.88%"
"05/12/2020","181.80","181.60","185.30","179.00","2.11M","0.86%"
"05/11/2020","180.25","181.20","183.30","177.65","1.27M","0.14%"
"05/08/2020","180.00","177.45","180.45","176.20","1.39M","2.89%"
"05/07/2020","174.95","175.35","176.05","173.90","975.68K","0.09%"
"05/06/2020","174.80","173.25","175.80","172.00","1.19M","1.19%"
"05/05/2020","172.75","175.00","175.40","172.00","1.47M","-1.12%"
"05/04/2020","174.70","172.20","178.40","171.60","1.67M","-0.46%"
"04/30/2020","175.50","180.35","180.35","173.80","2.24M","-1.40%"
"04/29/2020","178.00","179.85","180.95","175.35","1.88M","0.17%"
"04/28/2020","177.70","174.00","177.95","173.00","2.18M","3.31%"
"04/27/2020","172.00","174.00","174.10","169.25","1.65M","0.91%"
"04/24/2020","170.45","174.00","174.80","170.45","1.92M","-2.43%"
"04/23/2020","174.70","167.50","176.15","167.50","1.94M","3.37%"
"04/22/2020","169.00","172.00","173.20","168.50","2.94M","-1.20%"
"04/21/2020","171.05","171.50","174.00","167.80","2.43M","-0.84%"
"04/20/2020","172.50","175.00","175.00","166.55","4.36M","-6.66%"
"04/17/2020","184.80","183.10","185.30","181.00","2.47M","3.01%"
"04/16/2020","179.40","185.00","185.00","176.75","2.59M","-1.16%"
"04/15/2020","181.50","177.35","183.50","176.60","1.98M","0.53%"
"04/14/2020","180.55","175.55","180.55","170.25","2.91M","4.97%"
"04/08/2020","172.00","176.90","176.90","168.50","1.07M","-2.05%"
"04/07/2020","175.60","167.80","177.55","166.55","2.83M","6.39%"
"04/06/2020","165.05","165.00","166.75","162.15","2.33M","2.80%"
"04/03/2020","160.55","163.00","165.35","158.85","2.29M","-1.80%"
"04/02/2020","163.50","165.65","169.05","161.15","2.99M","-4.05%"
"04/01/2020","170.40","157.80","170.40","156.15","3.60M","7.41%"
"03/31/2020","158.65","156.60","162.30","155.00","4.59M","1.86%"
"03/30/2020","155.75","156.60","156.95","145.55","3.99M","-0.76%"
"03/27/2020","156.95","164.00","167.60","156.10","3.75M","-6.02%"
"03/26/2020","167.00","170.60","171.10","162.50","3.53M","-3.50%"
"03/25/2020","173.05","180.00","183.80","170.15","2.75M","-3.05%"
"03/24/2020","178.50","183.15","186.50","175.45","2.59M","1.94%"
"03/23/2020","175.10","170.00","180.40","168.00","3.81M","-0.23%"
"03/20/2020","175.50","205.00","205.00","175.50","4.16M","-10.16%"
"03/19/2020","195.35","199.50","207.10","182.30","3.99M","5.42%"
"03/18/2020","185.30","178.00","185.30","171.40","3.46M","5.28%"
"03/17/2020","176.00","177.00","182.50","172.50","3.09M","1.82%"
"03/16/2020","172.85","168.45","174.90","160.25","3.19M","-2.34%"
"03/13/2020","177.00","172.00","183.20","172.00","3.21M","4.21%"
"03/12/2020","169.85","164.00","174.90","164.00","3.48M","-5.51%"
"03/11/2020","179.75","193.00","195.40","179.00","2.41M","-6.55%"
"03/10/2020","192.35","190.00","201.70","190.00","2.63M","1.77%"
"03/09/2020","189.00","175.00","195.25","172.35","3.67M","0.72%"
"03/06/2020","187.65","191.75","193.70","186.20","1.95M","-3.27%"
"03/05/2020","194.00","199.00","200.90","193.20","1.74M","-2.09%"
"03/04/2020","198.15","196.85","201.00","195.00","5.12M","0.71%"
"03/03/2020","196.75","199.00","200.90","194.70","2.85M","1.08%"
"03/02/2020","194.65","203.90","205.00","194.55","2.26M","-1.67%"
"02/28/2020","197.95","195.20","203.80","193.05","3.45M","-2.63%"
"02/27/2020","203.30","211.50","211.50","203.30","1.91M","-5.31%"
"02/26/2020","214.70","214.30","216.70","208.50","2.03M","-1.51%"
"02/25/2020","218.00","217.60","220.70","213.90","1.85M","0.18%"
"02/24/2020","217.60","222.80","223.50","216.80","1.67M","-3.16%"
"02/21/2020","224.70","226.00","226.40","223.80","1.64M","-0.84%"
"02/20/2020","226.60","228.90","229.00","224.30","1.09M","-0.61%"
"02/19/2020","228.00","226.50","230.30","226.50","1.44M","1.06%"
"02/18/2020","225.60","223.00","226.20","222.70","1.03M","0.85%"
"02/17/2020","223.70","225.10","227.20","223.50","942.83K","-0.31%"
"02/14/2020","224.40","219.00","224.60","218.30","1.35M","2.37%"
"02/13/2020","219.20","221.00","223.20","218.80","1.40M","-0.81%"
"02/12/2020","221.00","218.40","222.80","218.40","1.69M","-0.05%"
"02/11/2020","221.10","220.70","221.40","218.90","1.35M","0.36%"
"02/10/2020","220.30","219.60","220.70","217.40","1.02M","0.69%"
"02/07/2020","218.80","223.80","224.80","218.80","961.42K","-1.80%"
"02/06/2020","222.80","221.40","223.30","218.10","2.02M","0.95%"
"02/05/2020","220.70","217.50","221.90","216.70","1.39M","1.47%"
"02/04/2020","217.50","219.90","221.10","217.20","1.36M","-0.82%"
"02/03/2020","219.30","219.20","220.60","217.70","1.08M","-0.41%"
"01/31/2020","220.20","219.00","222.00","219.00","1.56M","0.55%"
"01/30/2020","219.00","224.00","224.80","218.60","1.29M","-2.67%"
"01/29/2020","225.00","226.60","227.20","224.50","869.70K","-0.44%"
"01/28/2020","226.00","224.10","226.00","224.00","646.32K","0.89%"
"01/27/2020","224.00","224.30","226.00","222.00","1.26M","-0.13%"
"01/24/2020","224.30","221.10","224.30","219.80","1.11M","2.51%"
"01/23/2020","218.80","222.00","222.20","218.80","1.27M","-1.44%"
"01/22/2020","222.00","223.30","225.70","222.00","1.31M","-0.36%"
"01/21/2020","222.80","222.00","222.90","219.50","1.05M","-0.09%"
"01/20/2020","223.00","222.50","223.70","221.70","748.51K","0.22%"
"01/17/2020","222.50","221.40","223.70","219.70","1.61M","0.77%"
"01/16/2020","220.80","222.00","222.20","218.60","3.20M","-3.92%"
"01/15/2020","229.80","227.20","232.10","227.20","1.30M","0.75%"
"01/14/2020","228.10","229.60","229.80","226.40","1.11M","-0.39%"
"01/13/2020","229.00","228.30","230.40","227.90","826.17K","0.31%"
"01/10/2020","228.30","229.00","229.80","225.80","750.90K","-0.13%"
"01/09/2020","228.60","226.70","229.40","226.70","865.80K","0.84%"
"01/08/2020","226.70","226.40","227.10","224.80","1.11M","-0.22%"
"01/07/2020","227.20","229.30","230.40","227.00","725.89K","-0.87%"
"01/06/2020","229.20","228.00","229.60","226.60","704.72K","-0.26%"
"01/03/2020","229.80","230.00","231.50","228.70","683.33K","0.13%"
"01/02/2020","229.50","228.60","232.60","228.60","719.71K","0.57%"
"12/30/2019","228.20","231.40","231.70","228.20","646.97K","-1.38%"
"12/27/2019","231.40","231.50","233.40","230.20","749.99K","-0.04%"
"12/23/2019","231.50","230.30","231.70","229.50","624.53K","0.87%"
"12/20/2019","229.50","227.80","230.60","227.40","1.35M","1.01%"
"12/19/2019","227.20","225.60","227.80","225.10","1.36M","0.66%"
"12/18/2019","225.70","224.30","226.40","223.10","1.33M","0.71%"
"12/17/2019","224.10","229.00","229.00","223.70","1.35M","-2.14%"
"12/16/2019","229.00","228.60","230.10","228.10","899.51K","0.17%"
"12/13/2019","228.60","229.90","230.60","227.00","753.80K","-0.09%"
"12/12/2019","228.80","228.60","230.20","228.60","818.81K","0.09%"
"12/11/2019","228.60","228.00","229.70","226.30","1.05M","-0.31%"
"12/10/2019","229.30","231.50","232.10","228.60","952.57K","-0.95%"
"12/09/2019","231.50","227.00","231.60","227.00","604.25K","0.52%"
"12/06/2019","230.30","229.90","230.80","229.30","651.25K","0.44%"
"12/05/2019","229.30","227.80","230.50","225.70","979.90K","0.84%"
"12/04/2019","227.40","225.60","228.80","224.20","967.52K","1.20%"
"12/03/2019","224.70","225.40","227.30","224.70","1.05M","0.22%"
"12/02/2019","224.20","228.80","230.40","224.20","1.35M","-1.92%"
"11/29/2019","228.60","225.10","228.80","224.20","1.30M","2.14%"
"11/28/2019","223.80","224.80","226.90","223.70","646.84K","-0.97%"
"11/27/2019","226.00","227.40","228.60","225.70","754.26K","-0.35%"
"11/26/2019","226.80","225.00","228.10","223.90","1.56M","0.80%"
"11/25/2019","225.00","221.40","225.40","221.10","681.06K","1.31%"
"11/22/2019","222.10","221.60","223.20","220.30","922.68K","-0.05%"
"11/21/2019","222.20","220.50","222.50","218.50","1.16M","0.45%"
"11/20/2019","221.20","223.10","223.70","220.80","1.28M","-0.90%"
"11/19/2019","223.20","224.90","225.00","220.80","1.08M","-0.76%"
"11/18/2019","224.90","218.70","225.40","218.00","1.76M","2.23%"
"11/15/2019","220.00","223.50","225.70","217.10","2.55M","-3.64%"
"11/14/2019","228.30","227.10","229.00","226.70","963.01K","0.57%"
"11/13/2019","227.00","229.20","229.60","226.60","970.81K","0.09%"
"11/12/2019","226.80","229.00","230.00","226.20","1.02M","-0.57%"
"11/11/2019","228.10","225.50","228.20","224.40","1.07M","1.15%"
"11/08/2019","225.50","222.80","225.50","222.10","870.86K","0.18%"
"11/07/2019","225.10","223.10","226.00","222.80","1.40M","0.45%"
"11/06/2019","224.10","224.60","226.70","222.40","1.09M","1.04%"
"11/05/2019","221.80","221.90","223.00","219.00","1.54M","0.32%"
"11/04/2019","221.10","222.80","222.80","218.10","1.55M","-1.73%"
"11/01/2019","225.00","224.20","226.10","223.60","1.06M","0.36%"
"10/31/2019","224.20","228.20","230.10","222.60","2.26M","-2.52%"
"10/30/2019","230.00","225.50","234.80","225.00","1.87M","0.79%"
"10/29/2019","228.20","229.80","230.40","226.60","1.63M","-1.89%"
"10/28/2019","232.60","228.90","233.00","226.60","1.10M","2.02%"
"10/25/2019","228.00","228.00","230.10","226.20","1.14M","-0.65%"
"10/24/2019","229.50","229.60","231.50","225.90","996.94K","0.57%"
"10/23/2019","228.20","230.90","232.90","227.60","1.62M","-0.91%"
"10/22/2019","230.30","234.50","235.40","229.90","1.32M","-2.17%"
"10/21/2019","235.40","232.00","236.30","230.70","1.12M","1.82%"
"10/18/2019","231.20","227.00","231.80","225.50","1.96M","1.63%"
"10/17/2019","227.50","221.60","229.50","221.00","1.93M","2.11%"
"10/16/2019","222.80","213.00","223.30","212.10","2.68M","5.09%"
"10/15/2019","212.00","205.90","213.70","205.20","1.80M","2.17%"
"10/14/2019","207.50","209.00","209.70","206.30","787.38K","-1.47%"
"10/11/2019","210.60","212.50","213.60","210.50","1.02M","-0.75%"
"10/10/2019","212.20","212.70","213.20","210.70","1.01M","0.33%"
"10/09/2019","211.50","211.40","213.40","209.30","1.32M","0.48%"
"10/08/2019","210.50","214.60","214.80","209.80","865.36K","-1.36%"
"10/07/2019","213.40","209.70","213.70","209.70","1.85M","2.11%"
"10/04/2019","209.00","204.40","209.20","204.20","919.52K","2.25%"
"10/03/2019","204.40","202.20","205.70","201.40","1.98M","0.29%"
"10/02/2019","203.80","206.60","207.90","202.50","1.60M","-1.59%"
"10/01/2019","207.10","208.90","209.00","204.90","1.39M","-1.33%"
"09/30/2019","209.90","210.00","211.70","208.30","1.13M","0.05%"
"09/27/2019","209.80","209.40","210.30","208.10","803.67K","0.96%"
"09/26/2019","207.80","207.80","209.50","206.60","636.01K","0.10%"
"09/25/2019","207.60","208.50","209.80","205.50","1.13M","-0.29%"
"09/24/2019","208.20","214.30","216.30","206.70","1.63M","-2.71%"
"09/23/2019","214.00","214.10","216.20","213.70","1.13M","0.42%"
"09/20/2019","213.10","205.30","213.10","205.10","2.39M","3.80%"
"09/19/2019","205.30","207.30","207.30","202.50","1.46M","-1.01%"
"09/18/2019","207.40","207.00","208.80","204.30","2.46M","-1.57%"
"09/17/2019","210.70","206.00","211.00","204.40","1.65M","2.28%"
"09/16/2019","206.00","203.70","206.70","199.65","1.72M","1.08%"
"09/13/2019","203.80","209.40","209.40","202.40","1.52M","-2.02%"
"09/12/2019","208.00","211.70","211.90","205.80","1.23M","-1.19%"
"09/11/2019","210.50","207.50","210.50","204.50","1.86M","2.43%"
"09/10/2019","205.50","208.60","209.90","204.40","1.39M","-1.49%"
"09/09/2019","208.60","216.10","216.10","208.60","1.34M","-3.34%"
"09/06/2019","215.80","216.80","218.00","214.00","1.24M","-0.46%"
"09/05/2019","216.80","219.00","220.00","216.20","1.37M","-0.55%"
"09/04/2019","218.00","219.00","219.00","217.20","797.06K","-0.05%"
"09/03/2019","218.10","218.90","218.90","216.80","919.62K","0.05%"
"09/02/2019","218.00","219.00","220.20","217.90","587.99K","0.00%"
"08/30/2019","218.00","224.10","224.20","217.70","1.30M","-2.81%"
"08/29/2019","224.30","220.30","225.50","220.00","1.32M","2.65%"
"08/28/2019","218.50","220.70","220.90","217.30","1.22M","-1.04%"
"08/27/2019","220.80","221.00","222.50","218.50","1.13M","-0.72%"
"08/26/2019","222.40","219.30","223.30","218.40","634.88K","0.91%"
"08/23/2019","220.40","219.80","221.80","219.30","843.77K","-0.05%"
"08/22/2019","220.50","221.00","223.00","217.00","1.50M","-1.12%"
"08/21/2019","223.00","225.00","226.10","217.20","2.16M","-2.11%"
"08/20/2019","227.80","228.40","230.50","227.50","914.45K","0.40%"
"08/19/2019","226.90","230.80","230.80","222.80","1.40M","-1.90%"
"08/16/2019","231.30","225.70","232.30","225.20","1.74M","2.35%"
"08/15/2019","226.00","229.50","230.50","225.30","1.52M","-1.01%"
"08/14/2019","228.30","230.30","230.70","225.80","1.05M","-0.91%"
"08/13/2019","230.40","226.00","231.10","225.10","1.24M","2.72%"
"08/12/2019","224.30","222.70","224.90","222.10","639.95K","0.31%"
"08/09/2019","223.60","224.80","225.50","223.10","565.71K","-0.58%"
"08/08/2019","224.90","221.00","224.90","221.00","906.99K","2.00%"
"08/07/2019","220.50","219.00","221.80","219.00","920.51K","0.50%"
"08/06/2019","219.40","212.50","219.80","212.50","1.05M","2.62%"
"08/05/2019","213.80","219.10","219.70","212.90","1.17M","-2.69%"
"08/02/2019","219.70","216.60","220.60","215.90","1.18M","0.69%"
"08/01/2019","218.20","212.20","218.90","211.30","1.37M","2.39%"
"07/31/2019","213.10","213.60","214.00","211.20","1.17M","0.00%"
"07/30/2019","213.10","213.80","215.10","212.30","726.95K","-0.33%"
"07/29/2019","213.80","217.60","218.00","212.80","754.82K","-1.75%"
"07/26/2019","217.60","218.90","222.00","216.70","982.93K","-0.18%"
"07/25/2019","218.00","222.40","223.60","217.80","946.57K","-1.58%"
"07/24/2019","221.50","221.30","222.80","220.60","894.07K","0.14%"
"07/23/2019","221.20","220.00","221.90","219.50","1.10M","0.96%"
"07/22/2019","219.10","218.70","219.50","217.10","721.60K","0.23%"
"07/19/2019","218.60","217.60","219.40","217.60","772.81K","0.69%"
"07/18/2019","217.10","217.00","218.20","215.80","687.07K","-0.18%"
"07/17/2019","217.50","215.90","218.50","214.70","983.51K","1.02%"
"07/16/2019","215.30","215.50","216.80","213.30","1.39M","-0.87%"
"07/15/2019","217.20","214.00","217.90","212.50","997.33K","1.97%"
"07/12/2019","213.00","213.50","214.30","211.70","650.80K","-0.28%"
"07/11/2019","213.60","213.10","214.70","212.60","692.92K","-0.60%"
"07/10/2019","214.90","217.00","217.90","213.50","847.02K","-1.01%"
"07/09/2019","217.10","214.90","217.30","214.70","1.14M","1.26%"
"07/08/2019","214.40","211.50","214.60","211.50","575.06K","0.89%"
"07/05/2019","212.50","213.10","214.30","211.80","783.52K","-0.47%"
"07/04/2019","213.50","209.40","213.70","208.30","1.03M","2.01%"
"07/03/2019","209.30","206.80","209.30","206.40","1.02M","1.16%"
"07/02/2019","206.90","201.10","207.10","201.10","1.25M","3.14%"
"07/01/2019","200.60","199.40","201.60","199.25","706.01K","0.58%"
"06/28/2019","199.45","198.95","201.30","198.55","1.27M","-0.28%"
"06/27/2019","200.00","201.70","201.70","199.05","965.90K","-1.04%"
"06/26/2019","202.10","204.80","205.00","201.50","1.01M","-1.13%"
"06/25/2019","204.40","205.00","206.60","203.70","1.18M","-0.29%"
"06/24/2019","205.00","202.50","206.70","202.30","1.08M","0.59%"
"06/21/2019","203.80","202.30","205.50","202.30","2.02M","0.89%"
"06/20/2019","202.00","205.70","206.60","202.00","1.15M","-1.94%"
"06/19/2019","206.00","206.50","206.60","199.80","2.06M","0.29%"
"06/18/2019","205.40","204.70","206.80","203.00","942.99K","0.69%"
"06/17/2019","204.00","205.00","205.70","202.90","1.25M","-0.63%"
"06/14/2019","205.30","202.50","206.40","202.20","922.73K","1.38%"
"06/13/2019","202.50","206.20","206.90","202.30","1.41M","-2.17%"
"06/12/2019","207.00","207.80","208.90","206.70","861.15K","-1.00%"
"06/11/2019","209.10","209.00","209.60","206.20","1.25M","0.53%"
"06/07/2019","208.00","208.20","209.50","206.60","786.20K","0.63%"
"06/06/2019","206.70","204.00","209.10","204.00","1.19M","1.32%"
"06/05/2019","204.00","204.70","205.70","203.50","1.21M","-0.58%"
"06/04/2019","205.20","209.80","209.80","204.50","1.19M","-2.56%"
"06/03/2019","210.60","201.90","210.60","201.60","1.40M","3.74%"
"05/31/2019","203.00","202.10","205.00","201.00","1.65M","-1.41%"
"05/29/2019","205.90","212.30","212.30","205.00","1.65M","-3.51%"
"05/28/2019","213.40","214.00","215.00","209.90","2.48M","-0.09%"
"05/27/2019","213.60","209.40","213.60","209.20","681.02K","2.01%"
"05/24/2019","209.40","207.70","210.40","207.70","1.13M","0.34%"
"05/23/2019","208.70","204.00","210.50","203.00","1.58M","2.05%"
"05/22/2019","204.50","203.00","204.70","202.30","1.36M","0.00%"
"05/21/2019","204.50","207.00","208.40","203.70","1.48M","-1.21%"
"05/20/2019","207.00","206.00","209.30","204.10","1.88M","2.48%"
"05/16/2019","202.00","199.50","202.00","199.05","2.20M","0.75%"
"05/15/2019","200.50","196.00","201.40","196.00","1.50M","2.40%"
"05/14/2019","195.80","196.70","197.65","195.00","1.15M","-0.91%"
"05/13/2019","197.60","199.05","199.55","197.20","1.24M","-0.45%"
"05/10/2019","198.50","191.85","198.70","191.85","2.09M","3.49%"
"05/09/2019","191.80","191.70","193.35","190.90","1.51M","0.29%"
"05/08/2019","191.25","189.80","192.25","188.30","1.66M","1.16%"
"05/07/2019","189.05","189.20","190.75","188.05","1.44M","0.64%"
"05/06/2019","187.85","187.60","188.75","186.70","777.60K","0.03%"
"05/03/2019","187.80","187.00","188.15","186.00","1.02M","0.00%"
"05/02/2019","187.80","187.10","189.15","186.80","1.04M","0.48%"
"04/30/2019","186.90","188.00","188.95","185.60","1.30M","-0.82%"
"04/29/2019","188.45","186.40","189.15","186.40","521.29K","0.72%"
"04/26/2019","187.10","187.90","190.40","185.80","1.01M","0.13%"
"04/25/2019","186.85","189.20","191.10","186.65","1.41M","-2.63%"
"04/24/2019","191.90","187.75","192.00","186.25","1.43M","1.80%"
"04/23/2019","188.50","187.80","189.90","186.60","1.78M","0.43%"
"04/17/2019","187.70","190.35","191.35","186.65","1.48M","-1.98%"
"04/16/2019","191.50","192.30","192.70","189.95","1.62M","0.05%"
"04/15/2019","191.40","186.90","192.45","186.55","1.70M","2.57%"
"04/12/2019","186.60","185.90","187.15","185.60","1.62M","-0.80%"
"04/11/2019","188.10","189.00","190.10","186.40","1.22M","-0.48%"
"04/10/2019","189.00","187.40","189.45","187.40","960.99K","0.21%"
"04/09/2019","188.60","190.50","190.90","188.00","1.58M","-1.46%"
"04/08/2019","191.40","190.70","191.65","189.35","964.27K","-0.16%"
"04/05/2019","191.70","194.70","195.20","190.20","1.41M","-1.54%"
"04/04/2019","194.70","193.00","195.55","193.00","1.29M","1.25%"
"04/03/2019","192.30","192.20","192.45","188.10","1.53M","-0.34%"
"04/02/2019","192.95","193.75","195.50","192.20","1.19M","-1.05%"
"04/01/2019","195.00","193.50","195.00","192.25","1.00M","1.30%"
"03/29/2019","192.50","201.40","201.90","192.50","2.80M","-4.42%"
"03/28/2019","201.40","198.40","201.50","197.00","1.27M","1.82%"
"03/27/2019","197.80","195.90","197.80","195.55","1.15M","0.76%"
"03/26/2019","196.30","198.30","199.00","195.70","1.18M","-1.26%"
"03/25/2019","198.80","197.20","200.20","197.20","886.35K","-0.48%"
"03/22/2019","199.75","202.40","202.70","199.60","1.08M","-0.97%"
"03/21/2019","201.70","199.20","201.70","198.10","923.44K","1.41%"
"03/20/2019","198.90","201.10","201.70","198.50","945.83K","-1.53%"
"03/19/2019","202.00","200.80","202.40","199.40","1.26M","0.95%"
"03/18/2019","200.10","199.00","200.70","197.30","1.73M","0.05%"
"03/15/2019","200.00","200.70","202.90","198.00","4.42M","-3.71%"
"03/14/2019","207.70","207.90","208.30","205.80","1.05M","0.34%"
"03/13/2019","207.00","206.70","207.50","205.20","1.15M","0.05%"
"03/12/2019","206.90","208.50","208.70","206.30","836.93K","-0.53%"
"03/11/2019","208.00","209.50","209.60","206.20","884.00K","-0.34%"
"03/08/2019","208.70","205.80","208.70","204.70","1.09M","1.56%"
"03/07/2019","205.50","208.20","209.30","205.50","1.42M","-1.15%"
"03/06/2019","207.90","206.00","208.40","205.50","1.43M","1.12%"
"03/05/2019","205.60","205.00","206.00","203.00","1.28M","0.34%"
"03/04/2019","204.90","201.80","204.90","200.30","1.36M","2.14%"
"03/01/2019","200.60","199.40","201.00","198.25","1.50M","1.62%"
"02/28/2019","197.40","198.60","200.10","197.40","3.39M","-1.23%"
"02/27/2019","199.85","200.00","203.00","198.65","1.46M","-0.42%"
"02/26/2019","200.70","200.00","201.40","198.55","1.08M","-0.45%"
"02/25/2019","201.60","198.00","201.80","197.75","1.38M","2.08%"
"02/22/2019","197.50","196.20","198.40","194.65","1.72M","-0.60%"
"02/21/2019","198.70","195.80","198.85","195.30","1.52M","1.69%"
"02/20/2019","195.40","199.00","199.20","192.60","2.57M","-2.25%"
"02/19/2019","199.90","199.30","202.10","198.45","2.21M","0.30%"
"02/18/2019","199.30","198.45","199.95","196.85","1.39M","0.76%"
"02/15/2019","197.80","196.45","198.65","195.10","1.68M","0.69%"
"02/14/2019","196.45","199.80","199.90","195.55","1.84M","-1.03%"
"02/13/2019","198.50","191.00","198.50","189.05","3.15M","6.09%"
"02/12/2019","187.10","191.15","191.35","186.05","1.82M","-1.94%"
"02/11/2019","190.80","189.20","191.45","188.65","1.25M","1.46%"
"02/08/2019","188.05","191.50","192.25","188.00","1.31M","-1.78%"
"02/07/2019","191.45","187.80","191.50","187.75","1.02M","1.94%"
"02/06/2019","187.80","187.30","189.60","187.25","837.48K","0.27%"
"02/05/2019","187.30","185.50","187.65","184.90","994.53K","1.24%"
"02/04/2019","185.00","186.70","187.00","184.65","922.90K","-0.59%"
"02/01/2019","186.10","187.00","187.00","184.55","1.10M","0.27%"
"01/31/2019","185.60","190.45","191.55","185.55","1.92M","-2.34%"
"01/30/2019","190.05","191.50","192.00","188.95","1.01M","0.24%"
"01/29/2019","189.60","187.90","190.00","187.50","1.01M","1.63%"
"01/28/2019","186.55","187.90","187.95","184.90","1.30M","-0.72%"
"01/25/2019","187.90","189.65","190.40","187.45","1.06M","-0.27%"
"01/24/2019","188.40","191.00","191.40","187.50","974.91K","-1.36%"
"01/23/2019","191.00","191.40","192.35","190.60","794.43K","0.08%"
"01/22/2019","190.85","192.00","194.10","190.60","1.53M","-1.06%"
"01/21/2019","192.90","189.00","192.90","189.00","1.00M","1.53%"
"01/18/2019","190.00","187.00","190.40","185.45","1.73M","2.62%"
"01/17/2019","185.15","180.75","185.60","180.55","1.64M","1.04%"
"01/16/2019","183.25","187.20","187.25","182.70","2.21M","-2.01%"
"01/15/2019","187.00","189.40","190.55","185.35","1.13M","-0.74%"
"01/14/2019","188.40","188.10","189.50","185.70","1.49M","0.69%"
"01/11/2019","187.10","184.60","187.60","183.70","1.32M","1.35%"
"01/10/2019","184.60","181.50","186.15","180.75","1.81M","1.76%"
"01/09/2019","181.40","180.00","182.85","178.55","2.62M","2.54%"
"01/08/2019","176.90","178.00","180.20","176.20","2.43M","-1.17%"
"01/07/2019","179.00","183.40","183.95","178.20","1.98M","-2.98%"
"01/04/2019","184.50","183.15","184.55","181.50","1.73M","0.82%"
"01/03/2019","183.00","188.80","188.80","182.00","1.65M","-1.03%"
"01/02/2019","184.90","183.95","185.85","180.10","1.33M","1.20%"
"12/28/2018","182.70","184.00","185.30","182.10","1.20M","-0.05%"
"12/27/2018","182.80","190.95","192.00","182.35","1.34M","-4.94%"
"12/21/2018","192.30","189.85","192.30","188.25","2.53M","1.32%"
"12/20/2018","189.80","191.95","192.05","188.20","1.39M","-2.49%"
"12/19/2018","194.65","187.90","194.70","185.95","2.01M","4.09%"
"12/18/2018","187.00","186.20","188.20","184.50","1.60M","-0.19%"
"12/17/2018","187.35","187.00","190.10","185.90","1.48M","0.21%"
"12/14/2018","186.95","189.55","191.60","186.95","1.58M","-1.81%"
"12/13/2018","190.40","193.45","193.60","190.35","1.58M","-1.35%"
"12/12/2018","193.00","187.75","194.05","187.60","1.29M","2.80%"
"12/11/2018","187.75","187.60","190.50","187.15","1.57M","0.35%"
"12/10/2018","187.10","192.15","192.40","186.60","1.47M","-3.41%"
"12/07/2018","193.70","191.90","196.80","191.90","1.38M","0.89%"
"12/06/2018","192.00","198.00","198.15","191.35","2.44M","-3.47%"
"12/05/2018","198.90","203.70","203.70","197.75","1.25M","-2.60%"
"12/04/2018","204.20","202.40","204.50","202.10","1.13M","0.69%"
"12/03/2018","202.80","203.00","204.00","201.70","1.23M","0.85%"
"11/30/2018","201.10","199.30","201.10","197.20","2.76M","1.06%"
"11/29/2018","199.00","197.60","199.30","196.20","1.19M","1.30%"
"11/28/2018","196.45","198.85","199.55","193.70","1.50M","-1.16%"
"11/27/2018","198.75","197.55","201.00","196.75","1.33M","0.61%"
"11/26/2018","197.55","198.75","199.65","197.25","1.13M","-0.10%"
"11/23/2018","197.75","197.35","197.85","196.05","861.44K","-0.13%"
"11/22/2018","198.00","197.90","198.85","196.60","1.09M","-0.25%"
"11/21/2018","198.50","195.35","199.00","195.35","1.46M","1.69%"
"11/20/2018","195.20","197.70","199.05","194.60","1.51M","-1.29%"
"11/19/2018","197.75","196.00","198.00","194.65","1.50M","1.93%"
"11/16/2018","194.00","192.00","196.30","192.00","2.11M","0.44%"
"11/15/2018","193.15","196.50","197.25","192.75","1.96M","-1.83%"
"11/14/2018","196.75","199.00","199.90","196.40","1.13M","-1.13%"
"11/13/2018","199.00","204.00","204.30","198.00","1.42M","-2.07%"
"11/12/2018","203.20","204.00","204.10","201.70","938.66K","-0.15%"
"11/09/2018","203.50","199.00","204.80","198.50","1.52M","1.80%"
"11/08/2018","199.90","198.80","202.70","198.80","1.68M","1.14%"
"11/07/2018","197.65","204.70","205.00","197.20","2.27M","-3.30%"
"11/06/2018","204.40","205.90","206.00","201.00","1.28M","-0.87%"
"11/05/2018","206.20","203.60","207.50","203.00","1.02M","1.58%"
"11/02/2018","203.00","205.00","205.00","201.30","1.16M","-0.15%"
"11/01/2018","203.30","204.00","205.40","202.30","1.13M","-0.34%"
"10/31/2018","204.00","202.20","205.50","199.95","1.57M","1.24%"
"10/30/2018","201.50","202.20","203.60","200.20","1.22M","0.15%"
"10/29/2018","201.20","195.70","203.50","195.70","988.16K","2.39%"
"10/26/2018","196.50","199.00","199.20","195.45","1.19M","-1.50%"
"10/25/2018","199.50","195.00","199.95","194.00","1.72M","1.42%"
"10/24/2018","196.70","199.45","200.50","196.00","1.82M","-1.63%"
"10/23/2018","199.95","199.00","204.60","198.20","2.06M","-0.72%"
"10/22/2018","201.40","203.00","204.20","200.70","1.14M","-0.74%"
"10/19/2018","202.90","200.40","202.90","199.30","1.52M","1.40%"
"10/18/2018","200.10","200.20","204.00","199.75","1.76M","-0.05%"
"10/17/2018","200.20","199.00","201.70","198.15","2.04M","0.60%"
"10/16/2018","199.00","194.00","199.15","193.85","2.16M","3.27%"
"10/15/2018","192.70","192.00","193.55","190.80","2.47M","2.17%"
"10/12/2018","188.60","185.10","189.20","185.00","1.31M","2.22%"
"10/11/2018","184.50","182.55","185.75","180.30","2.44M","-0.97%"
"10/10/2018","186.30","191.20","192.50","185.90","2.18M","-2.82%"
"10/09/2018","191.70","193.85","193.85","189.15","1.12M","-0.67%"
"10/08/2018","193.00","191.65","193.90","190.90","1.02M","0.73%"
"10/05/2018","191.60","193.95","194.85","190.60","1.12M","-0.96%"
"10/04/2018","193.45","196.15","196.25","193.00","1.31M","-1.35%"
"10/03/2018","196.10","196.80","196.80","195.15","1.16M","0.00%"
"10/02/2018","196.10","192.95","196.75","192.45","1.92M","1.66%"
"10/01/2018","192.90","188.70","193.75","188.70","1.44M","2.31%"
"09/28/2018","188.55","188.55","190.20","188.00","1.15M","0.13%"
"09/27/2018","188.30","188.60","189.50","187.60","996.96K","-0.37%"
"09/26/2018","189.00","189.45","189.45","187.20","1.36M","-0.50%"
"09/25/2018","189.95","189.45","190.45","187.90","1.16M","1.14%"
"09/24/2018","187.80","184.90","187.80","184.45","1.40M","1.95%"
"09/21/2018","184.20","187.25","187.60","184.20","2.62M","-1.39%"
"09/20/2018","186.80","184.45","187.25","183.15","1.29M","1.52%"
"09/19/2018","184.00","185.70","185.85","183.85","1.17M","-1.00%"
"09/18/2018","185.85","186.05","186.35","183.75","1.33M","0.41%"
"09/17/2018","185.10","186.70","187.05","184.50","1.15M","-0.72%"
"09/14/2018","186.45","184.80","187.30","184.05","1.77M","1.33%"
"09/13/2018","184.00","183.50","185.00","182.40","1.29M","0.19%"
"09/12/2018","183.65","182.65","184.65","182.30","1.34M","0.91%"
"09/11/2018","182.00","181.60","183.05","181.60","1.34M","0.66%"
"09/10/2018","180.80","180.50","182.20","180.30","1.06M","0.28%"
"09/07/2018","180.30","182.80","183.05","180.00","1.45M","-1.37%"
"09/06/2018","182.80","182.90","184.75","182.25","1.94M","-0.08%"
"09/05/2018","182.95","179.00","183.30","178.50","2.05M","1.64%"
"09/04/2018","180.00","181.05","181.85","178.70","1.29M","-0.17%"
"09/03/2018","180.30","180.00","181.50","178.90","1.10M","-0.47%"
"08/31/2018","181.15","178.10","182.00","177.75","4.80M","0.42%"
"08/30/2018","180.40","180.15","182.65","179.25","1.78M","-0.06%"
"08/29/2018","180.50","177.45","180.85","175.70","2.40M","2.09%"
"08/28/2018","176.80","177.00","177.45","175.55","1.16M","0.08%"
"08/27/2018","176.65","176.30","179.95","176.20","870.90K","0.23%"
"08/24/2018","176.25","178.55","178.75","175.90","1.05M","-1.04%"
"08/23/2018","178.10","178.95","179.95","176.60","1.64M","-0.45%"
"08/22/2018","178.90","174.30","181.05","172.00","3.75M","-1.19%"
"08/21/2018","181.05","182.45","183.05","180.65","1.81M","-1.87%"
"08/20/2018","184.50","182.20","188.05","181.80","2.24M","1.71%"
"08/17/2018","181.40","178.95","181.90","178.85","1.15M","1.37%"
"08/16/2018","178.95","175.55","180.60","175.55","1.57M","2.84%"
"08/15/2018","174.00","178.00","178.00","173.45","1.51M","-1.61%"
"08/14/2018","176.85","177.30","177.80","176.15","1.07M","-0.31%"
"08/13/2018","177.40","179.00","179.00","175.50","1.07M","-0.95%"
"08/10/2018","179.10","182.00","182.00","179.10","1.50M","-2.13%"
"08/09/2018","183.00","184.35","185.15","182.40","1.55M","-0.71%"
"08/08/2018","184.30","179.05","184.30","178.30","1.64M","3.02%"
"08/07/2018","178.90","177.90","179.50","176.75","878.89K","0.45%"
"08/06/2018","178.10","177.65","180.00","177.20","866.54K","0.65%"
"08/03/2018","176.95","184.15","184.15","176.50","2.51M","-3.78%"
"08/02/2018","183.90","180.00","184.55","180.00","2.02M","1.86%"
"08/01/2018","180.55","179.35","180.95","178.50","1.87M","1.23%"
"07/31/2018","178.35","173.60","179.40","173.45","2.99M","2.74%"
"07/30/2018","173.60","171.00","174.25","170.80","990.18K","1.17%"
"07/27/2018","171.60","171.85","172.25","170.85","593.31K","0.18%"
"07/26/2018","171.30","172.30","173.25","170.75","868.11K","-0.38%"
"07/25/2018","171.95","169.30","172.35","169.25","947.54K","1.63%"
"07/24/2018","169.20","172.05","172.30","169.20","1.01M","-1.48%"
"07/23/2018","171.75","171.00","174.90","170.90","866.44K","-0.09%"
"07/20/2018","171.90","170.45","172.90","170.20","1.52M","1.06%"
"07/19/2018","170.10","167.60","171.40","167.50","1.25M","1.37%"
"07/18/2018","167.80","166.95","168.25","166.20","861.44K","0.60%"
"07/17/2018","166.80","165.85","167.30","164.50","1.12M","0.36%"
"07/16/2018","166.20","163.00","166.55","162.15","1.24M","-1.07%"
"07/13/2018","168.00","168.75","169.25","167.50","792.83K","-0.36%"
"07/12/2018","168.60","167.45","169.15","166.90","821.91K","0.75%"
"07/11/2018","167.35","166.50","167.70","166.30","929.34K","0.15%"
"07/10/2018","167.10","166.50","167.55","164.45","1.29M","0.36%"
"07/09/2018","166.50","166.75","167.25","165.95","882.35K","0.30%"
"07/06/2018","166.00","166.00","168.20","165.15","1.81M","0.00%"
"07/05/2018","166.00","163.00","166.25","161.80","2.09M","1.72%"
"07/04/2018","163.20","164.50","164.50","162.30","790.29K","-0.79%"
"07/03/2018","164.50","164.20","164.85","163.05","1.15M","0.12%"
"07/02/2018","164.30","162.20","164.70","161.50","1.04M","1.29%"
"06/29/2018","162.20","164.00","164.90","162.20","2.11M","-0.95%"
"06/28/2018","163.75","163.50","165.85","163.50","1.69M","-0.58%"
"06/27/2018","164.70","164.50","165.35","162.70","1.42M","0.09%"
"06/26/2018","164.55","162.50","165.70","160.85","1.73M","0.34%"
"06/25/2018","164.00","165.15","165.95","163.05","1.90M","-0.46%"
"06/22/2018","164.75","164.95","166.15","162.60","1.31M","-0.24%"
"06/21/2018","165.15","165.00","166.50","163.75","1.26M","0.15%"
"06/20/2018","164.90","167.35","168.10","164.50","1.77M","-1.17%"
"06/19/2018","166.85","167.10","169.95","166.70","1.92M","-0.39%"
"06/18/2018","167.50","170.60","170.60","167.20","1.90M","-2.25%"
"06/15/2018","171.35","171.50","171.95","168.70","3.41M","0.03%"
"06/14/2018","171.30","173.00","173.95","170.10","1.78M","-0.03%"
"06/13/2018","171.35","171.40","173.05","170.90","2.10M","0.20%"
"06/12/2018","171.00","170.00","171.95","169.25","1.91M","1.39%"
"06/11/2018","168.65","169.80","170.60","167.50","1.32M","0.00%"
"06/08/2018","168.65","163.70","169.25","162.75","1.93M","3.09%"
"06/07/2018","163.60","163.80","164.95","162.60","1.64M","0.09%"
"06/06/2018","163.45","162.45","164.90","162.45","1.61M","0.83%"
"06/05/2018","162.10","161.55","163.35","160.70","1.36M","-0.25%"
"06/04/2018","162.50","161.90","163.65","161.10","2.97M","1.06%"
"06/01/2018","160.80","164.45","165.90","160.50","2.32M","-1.77%"
"05/31/2018","163.70","166.00","166.90","163.50","3.65M","-0.82%"
"05/30/2018","165.05","165.20","167.85","163.60","1.52M","-0.09%"
"05/29/2018","165.20","165.70","165.95","163.20","1.44M","-0.66%"
"05/28/2018","166.30","164.50","167.30","163.90","964.83K","1.31%"
"05/25/2018","164.15","167.10","168.30","162.90","2.10M","-1.41%"
"05/24/2018","166.50","164.50","167.80","164.40","1.94M","1.34%"
"05/23/2018","164.30","164.60","165.65","163.15","1.81M","0.00%"
"05/22/2018","164.30","169.45","169.55","163.50","2.03M","-2.49%"
"05/18/2018","168.50","168.60","169.95","166.80","2.02M","-1.14%"
"05/16/2018","170.45","170.00","171.60","169.25","2.18M","0.44%"
"05/15/2018","169.70","170.00","172.85","169.20","2.41M","-0.15%"
"05/14/2018","169.95","169.80","170.85","168.80","1.26M","0.38%"
"05/11/2018","169.30","173.00","173.30","168.60","2.53M","-3.53%"
"05/09/2018","175.50","180.05","180.35","174.00","2.75M","-0.57%"
"05/08/2018","176.50","178.25","178.25","175.40","1.52M","-0.90%"
"05/07/2018","178.10","176.40","178.25","175.25","1.22M","1.14%"
"05/04/2018","176.10","174.55","177.00","173.85","2.05M","1.21%"
"05/03/2018","174.00","171.60","175.20","171.15","2.47M","1.81%"
"05/02/2018","170.90","174.50","174.60","169.55","4.10M","-2.15%"
"04/30/2018","174.65","178.85","178.85","170.90","3.61M","-2.97%"
"04/27/2018","180.00","178.50","180.70","178.45","1.30M","0.90%"
"04/26/2018","178.40","175.35","178.70","174.80","1.60M","2.06%"
"04/25/2018","174.80","173.50","176.25","172.40","1.46M","0.63%"
"04/24/2018","173.70","173.00","174.50","172.70","1.33M","0.64%"
"04/23/2018","172.60","170.20","172.90","168.85","1.88M","1.74%"
"04/20/2018","169.65","171.90","173.60","169.30","2.06M","-1.71%"
"04/19/2018","172.60","175.25","175.95","172.40","1.65M","-1.51%"
"04/18/2018","175.25","172.20","177.55","170.65","2.72M","0.72%"
"04/17/2018","174.00","174.05","174.20","171.20","1.53M","0.37%"
"04/16/2018","173.35","172.50","173.60","170.60","1.62M","-0.94%"
"04/13/2018","175.00","174.65","175.10","172.65","1.63M","0.23%"
"04/12/2018","174.60","174.90","176.70","173.80","2.39M","-0.17%"
"04/11/2018","174.90","170.00","175.00","170.00","4.35M","1.98%"
"04/10/2018","171.50","168.10","171.50","167.10","3.38M","3.84%"
"04/09/2018","165.15","164.35","166.75","163.90","2.02M","0.36%"
"04/06/2018","164.55","162.25","164.65","161.80","2.13M","1.39%"
"04/05/2018","162.30","161.40","162.90","160.90","1.84M","1.56%"
"04/04/2018","159.80","162.95","163.60","159.00","2.33M","-1.96%"
"04/03/2018","163.00","156.15","163.10","155.90","3.41M","3.69%"
"03/28/2018","157.20","157.00","158.35","156.80","979.53K","-0.47%"
"03/27/2018","157.95","156.95","158.70","156.30","1.95M","0.80%"
"03/26/2018","156.70","156.00","157.50","155.20","1.54M","1.06%"
"03/23/2018","155.05","151.65","156.20","150.40","2.37M","0.91%"
"03/22/2018","153.65","153.35","155.20","152.75","1.61M","-0.39%"
"03/21/2018","154.25","153.00","155.25","152.95","1.38M","0.82%"
"03/20/2018","153.00","150.15","154.90","150.15","2.25M","1.19%"
"03/19/2018","151.20","151.00","152.10","149.25","1.63M","-0.26%"
"03/16/2018","151.60","153.00","154.40","151.10","5.34M","-1.30%"
"03/15/2018","153.60","154.15","154.90","152.35","2.00M","-0.87%"
"03/14/2018","154.95","157.20","157.75","154.45","2.06M","-1.40%"
"03/13/2018","157.15","159.60","159.60","156.65","2.21M","-1.78%"
"03/12/2018","160.00","157.50","160.00","157.45","3.52M","2.24%"
"03/09/2018","156.50","156.20","157.50","155.35","1.76M","0.13%"
"03/08/2018","156.30","154.90","157.00","154.70","2.45M","1.46%"
"03/07/2018","154.05","151.05","156.25","150.80","3.02M","1.52%"
"03/06/2018","151.75","152.45","153.10","151.50","1.80M","-0.03%"
"03/05/2018","151.80","150.65","152.25","150.00","1.46M","0.76%"
"03/02/2018","150.65","152.85","153.80","149.75","2.19M","-1.76%"
"03/01/2018","153.35","153.00","153.50","150.70","1.40M","-0.20%"
"02/28/2018","153.65","152.20","154.95","151.30","1.92M","0.36%"
"02/27/2018","153.10","155.55","155.70","152.00","2.11M","-1.13%"
"02/26/2018","154.85","157.50","157.85","153.60","2.69M","-1.81%"
"02/23/2018","157.70","152.00","157.70","151.80","3.34M","2.44%"
"02/22/2018","153.95","149.80","153.95","149.65","2.26M","2.39%"
"02/21/2018","150.35","149.30","151.55","148.60","3.29M","-0.10%"
"02/20/2018","150.50","150.95","152.10","149.70","1.63M","-0.20%"
"02/19/2018","150.80","153.40","154.90","150.80","2.39M","-1.98%"
"02/16/2018","153.85","151.30","154.00","149.00","3.36M","1.82%"
"02/15/2018","151.10","145.10","152.25","144.05","3.89M","3.71%"
"02/14/2018","145.70","143.00","148.55","142.90","4.42M","-1.79%"
"02/13/2018","148.35","146.00","148.35","145.35","2.61M","1.68%"
"02/12/2018","145.90","146.90","147.00","143.30","2.58M","-0.55%"
"02/09/2018","146.70","143.50","147.00","142.75","3.26M","1.17%"
"02/08/2018","145.00","139.90","145.55","139.50","4.39M","3.57%"
"02/07/2018","140.00","136.05","140.20","135.35","3.45M","3.74%"
"02/06/2018","134.95","133.35","135.85","132.35","2.98M","-1.21%"
"02/05/2018","136.60","138.80","138.80","136.05","2.22M","-2.01%"
"02/02/2018","139.40","137.00","140.30","136.50","3.39M","2.27%"
"02/01/2018","136.30","135.00","136.95","133.10","2.81M","2.14%"
"01/31/2018","133.45","134.15","136.35","133.00","2.71M","0.15%"
"01/30/2018","133.25","132.90","134.50","132.65","2.16M","0.38%"
"01/29/2018","132.75","134.65","134.65","132.70","1.39M","-1.23%"
"01/26/2018","134.40","135.15","135.80","133.40","1.43M","-0.48%"
"01/25/2018","135.05","134.85","135.45","133.95","2.01M","0.19%"
"01/24/2018","134.80","136.30","136.90","134.40","1.99M","-1.14%"
"01/23/2018","136.35","136.15","136.75","135.30","2.05M","1.00%"
"01/22/2018","135.00","133.50","135.00","132.05","3.08M","2.78%"
"01/19/2018","131.35","130.00","133.30","129.60","2.54M","1.04%"
"01/18/2018","130.00","132.75","132.80","129.20","3.94M","-2.11%"
"01/17/2018","132.80","135.00","137.00","131.60","4.65M","-3.73%"
"01/16/2018","137.95","136.90","138.55","135.20","3.90M","1.70%"
"01/15/2018","135.65","134.80","135.85","133.30","1.84M","0.56%"
"01/12/2018","134.90","137.00","137.20","134.60","2.77M","-0.85%"
"01/11/2018","136.05","140.30","140.30","135.10","3.04M","-2.19%"
"01/10/2018","139.10","138.75","140.90","138.10","2.12M","0.47%"
"01/09/2018","138.45","138.45","139.20","137.10","1.81M","0.25%"
"01/08/2018","138.10","142.00","142.30","137.35","2.95M","-1.99%"
"01/05/2018","140.90","139.50","141.50","138.15","2.91M","2.06%"
"01/04/2018","138.05","136.15","138.50","135.60","2.39M","1.99%"
"01/03/2018","135.35","137.55","137.75","135.15","1.91M","-1.28%"
"01/02/2018","137.10","139.20","139.80","136.40","1.64M","-1.37%"
"12/29/2017","139.00","139.50","139.50","138.20","1.55M","-0.07%"
"12/28/2017","139.10","137.20","139.90","135.60","2.08M","1.53%"
"12/27/2017","137.00","136.10","137.20","135.60","1.75M","1.18%"
"12/22/2017","135.40","135.60","136.20","134.40","1.44M","0.30%"
"12/21/2017","135.00","135.00","135.60","134.30","2.22M","0.00%"
"12/20/2017","135.00","135.50","136.00","134.00","2.99M","-1.03%"
"12/19/2017","136.40","138.00","138.20","135.70","3.02M","-1.66%"
"12/18/2017","138.70","137.40","138.80","136.70","2.51M","1.84%"
"12/15/2017","136.20","138.00","138.70","134.90","4.52M","0.89%"
"12/14/2017","135.00","138.80","139.00","134.60","4.37M","-3.71%"
"12/13/2017","140.20","139.70","141.90","138.90","3.80M","0.65%"
"12/12/2017","139.30","136.90","139.50","134.50","4.16M","1.09%"
"12/11/2017","137.80","138.40","139.40","136.00","3.07M","0.07%"
"12/08/2017","137.70","140.60","141.70","136.80","4.69M","-2.06%"
"12/07/2017","140.60","143.20","143.80","140.60","3.61M","-3.03%"
"12/06/2017","145.00","142.10","145.10","141.10","2.95M","1.26%"
"12/05/2017","143.20","146.30","146.30","142.30","2.70M","-2.19%"
"12/04/2017","146.40","147.70","148.10","145.10","2.38M","-0.14%"
"12/01/2017","146.60","147.50","147.50","143.00","3.04M","0.14%"
"11/30/2017","146.40","142.00","146.60","141.60","5.25M","3.32%"
"11/29/2017","141.70","145.80","146.30","141.70","3.58M","-2.28%"
"11/28/2017","145.00","144.50","145.50","143.30","3.29M","-0.34%"
"11/27/2017","145.50","146.00","147.00","144.60","2.36M","-0.41%"
"11/24/2017","146.10","149.90","150.00","145.60","5.26M","-2.79%"
"11/23/2017","150.30","152.40","152.50","150.30","2.56M","-1.76%"
"11/22/2017","153.00","153.50","157.00","152.10","3.47M","-0.20%"
"11/21/2017","153.30","151.30","153.40","150.00","2.44M","1.39%"
"11/20/2017","151.20","149.20","151.90","147.30","2.17M","0.93%"
"11/17/2017","149.80","154.50","154.60","148.40","3.77M","-3.67%"
"11/16/2017","155.50","156.40","157.60","154.20","3.76M","-0.58%"
"11/15/2017","156.40","155.50","157.30","155.50","2.74M","0.77%"
"11/14/2017","155.20","154.00","155.50","153.40","2.22M","-0.19%"
"11/13/2017","155.50","153.10","155.70","152.00","2.77M","1.63%"
"11/10/2017","153.00","154.60","154.60","148.20","3.60M","-0.78%"
"11/09/2017","154.20","155.80","156.40","152.90","2.74M","-0.90%"
"11/08/2017","155.60","153.40","157.30","153.30","5.47M","1.57%"
"11/07/2017","153.20","155.00","155.30","152.00","3.31M","-1.03%"
"11/06/2017","154.80","154.30","156.50","152.80","2.69M","0.78%"
"11/03/2017","153.60","154.60","156.00","151.90","3.24M","-0.39%"
"11/02/2017","154.20","157.20","158.70","153.50","5.08M","-3.56%"
"11/01/2017","159.90","162.40","163.20","158.30","3.73M","0.25%"
"10/31/2017","159.50","158.80","159.50","157.80","1.58M","-0.06%"
"10/30/2017","159.60","157.40","159.80","156.30","1.69M","1.40%"
"10/27/2017","157.40","158.80","159.40","155.90","3.69M","-0.69%"
"10/26/2017","158.50","160.70","161.60","157.40","3.97M","-1.67%"
"10/25/2017","161.20","162.80","163.40","160.50","1.84M","-0.49%"
"10/24/2017","162.00","165.00","165.40","161.80","2.14M","-1.88%"
"10/23/2017","165.10","164.60","165.50","164.10","1.13M","0.30%"
"10/20/2017","164.60","166.30","166.80","163.70","3.57M","-0.84%"
"10/19/2017","166.00","164.00","166.00","163.70","2.44M","0.79%"
"10/18/2017","164.70","162.30","165.10","161.80","1.56M","1.23%"
"10/17/2017","162.70","163.50","164.20","162.60","1.51M","-0.49%"
"10/16/2017","163.50","165.40","165.40","162.40","2.21M","-0.85%"
"10/13/2017","164.90","162.70","165.40","162.70","2.30M","1.17%"
"10/12/2017","163.00","160.30","164.00","160.30","2.78M","1.68%"
"10/11/2017","160.30","160.00","161.70","159.40","2.90M","-0.06%"
"10/10/2017","160.40","157.50","160.80","157.40","1.80M","1.84%"
"10/09/2017","157.50","157.20","157.60","156.60","1.28M","0.45%"
"10/06/2017","156.80","159.00","159.00","156.10","2.01M","-1.38%"
"10/05/2017","159.00","159.70","161.40","158.80","2.39M","-0.13%"
"10/04/2017","159.20","156.70","159.80","156.70","2.01M","1.53%"
"10/03/2017","156.80","156.10","157.20","155.70","1.17M","0.26%"
"10/02/2017","156.40","158.00","158.50","156.40","1.68M","-0.70%"
"09/29/2017","157.50","156.80","158.00","155.50","1.66M","0.64%"
"09/28/2017","156.50","154.70","156.80","153.10","1.65M","1.62%"
"09/27/2017","154.00","156.00","156.00","152.90","1.72M","-1.16%"
"09/26/2017","155.80","157.10","157.10","155.10","1.69M","-0.76%"
"09/25/2017","157.00","154.50","157.80","154.40","2.28M","1.55%"
"09/22/2017","154.60","153.20","154.70","152.40","1.72M","1.05%"
"09/21/2017","153.00","154.00","154.20","152.50","1.67M","-0.46%"
"09/20/2017","153.70","154.00","154.10","153.00","2.05M","-0.52%"
"09/19/2017","154.50","152.70","154.80","152.60","1.32M","0.72%"
"09/18/2017","153.40","154.30","155.00","152.90","1.13M","-0.26%"
"09/15/2017","153.80","152.80","154.90","152.60","3.06M","0.39%"
"09/14/2017","153.20","153.20","154.20","152.40","1.68M","-0.58%"
"09/13/2017","154.10","153.40","154.30","152.60","1.50M","0.65%"
"09/12/2017","153.10","153.20","153.60","152.40","1.44M","0.07%"
"09/11/2017","153.00","151.40","153.30","151.10","2.01M","1.46%"
"09/08/2017","150.80","151.40","151.50","149.60","2.18M","-0.40%"
"09/07/2017","151.40","153.30","153.80","151.10","3.17M","-1.11%"
"09/06/2017","153.10","153.90","154.00","152.50","1.40M","-0.91%"
"09/05/2017","154.50","153.30","155.00","152.90","1.63M","0.78%"
"09/04/2017","153.30","151.80","153.40","151.70","1.25M","0.59%"
"09/01/2017","152.40","151.50","152.60","149.80","2.47M","-1.10%"
"08/31/2017","154.10","151.70","155.70","150.90","4.75M","1.31%"
"08/30/2017","152.10","152.00","152.60","149.00","3.64M","0.40%"
"08/29/2017","151.50","151.00","152.20","150.10","3.00M","0.13%"
"08/28/2017","151.30","152.00","152.90","151.10","1.55M","-0.46%"
"08/25/2017","152.00","155.00","155.00","151.20","2.60M","-2.38%"
"08/24/2017","155.70","153.60","156.30","150.20","5.65M","-0.83%"
"08/23/2017","157.00","157.90","157.90","156.40","1.69M","-0.82%"
"08/22/2017","158.30","158.50","158.80","156.70","2.45M","0.38%"
"08/21/2017","157.70","155.30","159.20","155.20","3.84M","2.01%"
"08/18/2017","154.60","152.00","155.20","151.90","2.06M","0.98%"
"08/17/2017","153.10","153.50","154.30","152.20","1.61M","0.07%"
"08/16/2017","153.00","150.10","153.30","149.60","2.20M","1.66%"
"08/15/2017","150.50","151.80","152.30","150.40","1.55M","-0.92%"
"08/14/2017","151.90","150.60","152.10","150.60","1.05M","0.86%"
"08/11/2017","150.60","150.00","151.30","149.80","2.42M","-0.53%"
"08/10/2017","151.40","152.90","153.00","151.00","2.14M","-1.05%"
"08/09/2017","153.00","150.00","153.50","149.70","3.82M","2.41%"
"08/08/2017","149.40","150.00","150.10","148.20","1.36M","-0.66%"
"08/07/2017","150.40","151.60","151.70","148.80","1.58M","-0.53%"
"08/04/2017","151.20","148.60","151.40","148.50","2.15M","1.54%"
"08/03/2017","148.90","148.30","149.30","147.50","2.08M","0.61%"
"08/02/2017","148.00","149.20","150.00","147.60","1.49M","-0.80%"
"08/01/2017","149.20","146.80","149.70","146.40","1.95M","1.84%"
"07/31/2017","146.50","147.60","148.00","145.90","1.81M","-0.88%"
"07/28/2017","147.80","147.90","148.10","146.80","1.16M","0.34%"
"07/27/2017","147.30","149.40","149.40","147.20","1.81M","-0.20%"
"07/26/2017","147.60","145.20","148.20","144.80","1.50M","2.00%"
"07/25/2017","144.70","144.80","146.50","144.30","1.36M","-0.28%"
"07/24/2017","145.10","144.10","145.60","143.70","1.79M","1.19%"
"07/21/2017","143.40","144.40","145.00","143.10","1.65M","-0.83%"
"07/20/2017","144.60","143.20","145.70","143.00","1.59M","1.54%"
"07/19/2017","142.40","143.00","143.30","142.00","1.03M","0.07%"
"07/18/2017","142.30","143.00","143.70","141.60","1.24M","-0.97%"
"07/17/2017","143.70","141.40","143.70","141.10","1.75M","1.91%"
"07/14/2017","141.00","144.40","145.60","141.00","2.65M","-1.95%"
"07/13/2017","143.80","142.30","144.40","141.60","1.88M","1.05%"
"07/12/2017","142.30","139.90","143.00","139.90","1.96M","1.28%"
"07/11/2017","140.50","141.50","141.60","139.70","2.14M","-0.50%"
"07/10/2017","141.20","140.50","142.20","140.40","1.47M","0.79%"
"07/07/2017","140.10","140.70","141.50","139.30","1.59M","-0.64%"
"07/06/2017","141.00","142.00","142.00","139.50","2.69M","0.57%"
"07/05/2017","140.20","141.30","141.40","140.00","1.28M","-0.71%"
"07/04/2017","141.20","140.30","141.80","140.10","1.33M","0.57%"
"07/03/2017","140.40","142.50","144.00","139.80","1.96M","-1.75%"
"06/30/2017","142.90","140.30","142.90","140.00","3.50M","1.85%"
"06/29/2017","140.30","142.80","143.10","140.30","2.47M","-1.34%"
"06/28/2017","142.20","142.30","143.20","141.00","2.72M","-0.28%"
"06/27/2017","142.60","145.60","145.60","142.30","2.53M","-2.19%"
"06/26/2017","145.80","145.60","146.60","145.10","1.50M","0.14%"
"06/23/2017","145.60","149.00","149.00","145.10","1.84M","-2.54%"
"06/22/2017","149.40","149.80","149.80","147.40","1.75M","-0.13%"
"06/21/2017","149.60","149.30","150.10","147.30","2.20M","0.27%"
"06/20/2017","149.20","146.80","149.90","146.60","1.96M","1.98%"
"06/19/2017","146.30","146.00","146.60","145.30","1.16M","0.83%"
"06/16/2017","145.10","146.00","146.40","144.50","2.42M","0.00%"
"06/15/2017","145.10","145.30","146.40","143.30","1.98M","-0.21%"
"06/14/2017","145.40","145.30","147.40","144.70","2.61M","0.28%"
"06/13/2017","145.00","148.90","149.00","144.50","3.28M","-2.82%"
"06/12/2017","149.20","147.00","149.20","145.80","2.75M","1.77%"
"06/09/2017","146.60","149.80","150.50","145.70","2.13M","-1.74%"
"06/08/2017","149.20","148.30","151.10","148.30","2.74M","0.74%"
"06/07/2017","148.10","149.80","150.60","147.60","2.75M","-1.20%"
"06/06/2017","149.90","149.00","150.60","146.50","1.89M","0.60%"
"06/02/2017","149.00","148.60","150.00","147.80","2.25M","-1.32%"
"06/01/2017","151.00","148.00","151.60","147.70","2.89M","2.03%"
"05/31/2017","148.00","147.60","148.70","145.40","3.38M","0.00%"
"05/30/2017","148.00","145.00","148.40","142.80","3.72M","2.00%"
"05/29/2017","145.10","145.70","145.90","144.20","2.34M","-0.34%"
"05/26/2017","145.60","151.30","151.40","145.00","3.59M","-4.15%"
"05/24/2017","151.90","151.10","151.90","150.60","2.22M","0.86%"
"05/23/2017","150.60","152.20","152.60","149.10","2.85M","-1.25%"
"05/22/2017","152.50","154.40","154.40","151.20","2.08M","-1.36%"
"05/19/2017","154.60","150.30","154.60","149.40","4.90M","3.07%"
"05/18/2017","150.00","152.00","152.00","148.10","4.72M","-1.51%"
"05/16/2017","152.30","148.80","152.50","148.30","2.71M","2.63%"
"05/15/2017","148.40","149.50","150.40","147.60","2.14M","-0.74%"
"05/12/2017","149.50","146.80","150.10","146.00","2.63M","1.70%"
"05/11/2017","147.00","149.70","152.10","147.00","4.35M","-2.52%"
"05/10/2017","150.80","153.90","154.50","149.70","3.40M","-1.44%"
"05/09/2017","153.00","150.40","154.80","150.40","4.04M","1.73%"
"05/08/2017","150.40","150.20","151.10","148.80","2.74M","0.20%"
"05/05/2017","150.10","143.00","150.10","142.60","5.03M","5.26%"
"05/04/2017","142.60","144.50","144.50","142.00","2.18M","-0.56%"
"05/03/2017","143.40","143.40","144.60","142.30","2.61M","-0.62%"
"05/02/2017","144.30","140.00","144.40","139.90","2.88M","1.05%"
"04/28/2017","142.80","141.40","143.10","140.20","3.93M","1.13%"
"04/27/2017","141.20","139.50","142.20","138.80","2.86M","1.58%"
"04/26/2017","139.00","139.10","139.80","137.10","2.26M","0.22%"
"04/25/2017","138.70","135.70","138.70","135.30","2.13M","2.29%"
"04/24/2017","135.60","133.90","135.70","132.00","1.94M","1.57%"
"04/21/2017","133.50","134.80","135.20","132.80","2.53M","-1.11%"
"04/20/2017","135.00","137.70","137.80","133.60","3.84M","0.67%"
"04/19/2017","134.10","137.70","137.70","133.70","2.93M","-2.19%"
"04/18/2017","137.10","136.50","138.40","135.70","3.05M","3.01%"
"04/12/2017","133.10","133.40","133.70","132.30","1.24M","-0.45%"
"04/11/2017","133.70","133.00","133.70","132.00","1.63M","0.53%"
"04/10/2017","133.00","133.80","134.00","132.50","1.57M","-0.52%"
"04/07/2017","133.70","134.50","136.00","133.30","2.71M","-0.22%"
"04/06/2017","134.00","131.00","134.40","130.00","3.37M","3.16%"
"04/05/2017","129.90","129.50","130.40","128.20","2.77M","0.23%"
"04/04/2017","129.60","131.00","131.40","129.20","2.74M","-0.99%"
"04/03/2017","130.90","131.60","132.00","130.40","1.98M","0.00%"
"03/31/2017","130.90","132.80","133.00","128.50","5.37M","-1.65%"
"03/30/2017","133.10","132.30","133.90","132.20","1.75M","0.45%"
"03/29/2017","132.50","135.50","135.70","131.30","2.48M","-1.78%"
"03/28/2017","134.90","133.00","134.90","131.30","2.92M","1.50%"
"03/27/2017","132.90","132.20","133.80","130.60","3.82M","-1.04%"
"03/24/2017","134.30","137.30","137.50","133.60","4.31M","-2.40%"
"03/23/2017","137.60","138.10","139.80","135.60","3.32M","-0.79%"
"03/22/2017","138.70","140.50","141.10","138.30","1.67M","-1.84%"
"03/21/2017","141.30","141.50","141.50","139.60","2.75M","0.28%"
"03/20/2017","140.90","140.90","141.40","139.70","1.46M","0.36%"
"03/17/2017","140.40","140.00","141.30","140.00","2.28M","-0.14%"
"03/16/2017","140.60","140.50","141.20","139.60","2.30M","0.43%"
"03/15/2017","140.00","140.00","140.80","139.60","1.97M","0.00%"
"03/14/2017","140.00","140.30","140.50","139.10","1.59M","-0.21%"
"03/13/2017","140.30","140.00","140.30","138.70","1.57M","0.21%"
"03/10/2017","140.00","139.90","140.40","139.30","2.08M","0.65%"
"03/09/2017","139.10","137.50","139.70","137.10","3.13M","0.87%"
"03/08/2017","137.90","137.20","138.40","136.30","2.82M","-1.01%"
"03/07/2017","139.30","137.90","139.60","135.80","3.22M","0.22%"
"03/06/2017","139.00","138.90","141.00","138.60","3.40M","-0.71%"
"03/03/2017","140.00","145.20","145.30","138.70","4.04M","-3.98%"
"03/02/2017","145.80","145.00","147.60","144.60","2.25M","0.55%"
"03/01/2017","145.00","147.30","148.70","144.40","2.55M","-1.09%"
"02/28/2017","146.60","146.00","146.80","145.30","1.94M","0.27%"
"02/27/2017","146.20","145.20","146.20","145.00","994.60K","0.69%"
"02/24/2017","145.20","146.90","146.90","143.80","1.83M","-2.09%"
"02/23/2017","148.30","149.20","149.50","147.30","1.67M","-0.54%"
"02/22/2017","149.10","149.30","150.40","148.40","2.02M","-0.07%"
"02/21/2017","149.20","146.80","149.80","146.80","2.71M","1.77%"
"02/20/2017","146.60","145.50","146.70","144.60","1.72M","1.81%"
"02/17/2017","144.00","142.60","145.00","142.60","2.37M","0.00%"
"02/16/2017","144.00","144.60","146.10","143.10","3.34M","-0.41%"
"02/15/2017","144.60","151.00","151.00","144.30","6.47M","-4.87%"
"02/14/2017","152.00","151.50","152.00","150.10","2.35M","0.46%"
"02/13/2017","151.30","151.60","151.90","150.90","1.04M","0.13%"
"02/10/2017","151.10","152.80","153.00","150.50","1.74M","-1.11%"
"02/09/2017","152.80","151.40","153.30","151.20","1.88M","0.07%"
"02/08/2017","152.70","148.90","153.30","148.30","2.80M","2.69%"
"02/07/2017","148.70","146.10","149.50","146.10","1.26M","1.29%"
"02/06/2017","146.80","148.20","148.40","146.00","1.33M","-0.88%"
"02/03/2017","148.10","147.40","148.40","147.10","1.12M","0.68%"
"02/02/2017","147.10","147.60","148.30","146.60","1.94M","-0.27%"
"02/01/2017","147.50","146.50","150.30","146.40","1.93M","1.17%"
"01/31/2017","145.80","146.00","147.50","145.10","1.95M","-0.14%"
"01/30/2017","146.00","148.00","148.20","146.00","2.15M","-1.68%"
"01/27/2017","148.50","148.50","149.50","147.30","1.74M","-0.34%"
"01/26/2017","149.00","151.00","151.20","148.50","3.58M","-2.17%"
"01/25/2017","152.30","155.80","156.00","152.20","2.97M","-2.06%"
"01/24/2017","155.50","155.30","155.50","153.10","1.66M","0.91%"
"01/23/2017","154.10","154.00","155.90","154.00","1.59M","-1.28%"
"01/20/2017","156.10","156.50","157.00","156.10","1.68M","0.00%"
"01/19/2017","156.10","155.90","156.70","155.50","2.43M","1.04%"
"01/18/2017","154.50","153.00","155.40","152.00","4.79M","3.90%"
"01/17/2017","148.70","148.70","150.00","148.50","1.40M","0.27%"
"01/16/2017","148.30","149.20","149.50","147.20","1.47M","-0.13%"
"01/13/2017","148.50","149.70","149.90","148.50","1.26M","-0.40%"
"01/12/2017","149.10","150.20","150.30","148.30","4.82M","-0.33%"
"01/11/2017","149.60","147.10","150.10","147.00","2.03M","1.77%"
"01/10/2017","147.00","146.00","147.20","145.60","2.60M","1.03%"
"01/09/2017","145.50","150.60","151.10","145.20","3.81M","-3.13%"
"01/06/2017","150.20","149.30","151.20","148.80","2.12M","0.67%"
"01/05/2017","149.20","152.00","154.40","148.60","4.17M","-3.24%"
"01/04/2017","154.20","154.70","155.10","152.30","1.89M","-0.13%"
"01/03/2017","154.40","157.00","157.40","153.90","2.09M","-1.34%"
"01/02/2017","156.50","155.80","157.00","155.60","921.19K","0.51%"
"12/30/2016","155.70","157.30","157.30","155.70","1.42M","-0.70%"
"12/29/2016","156.80","157.20","157.20","155.80","801.79K","-0.19%"
"12/28/2016","157.10","157.00","157.60","156.60","807.93K","0.13%"
"12/27/2016","156.90","157.00","157.70","156.70","826.01K","0.19%"
"12/23/2016","156.60","153.70","157.00","153.60","1.77M","2.09%"
"12/22/2016","153.40","154.90","154.90","152.30","1.74M","-0.71%"
"12/21/2016","154.50","154.70","155.00","152.60","1.83M","0.32%"
"12/20/2016","154.00","156.40","156.40","153.50","2.59M","-0.96%"
"12/19/2016","155.50","153.40","157.00","152.90","4.09M","1.63%"
"12/16/2016","153.00","154.50","155.30","151.50","3.06M","-0.97%"
"12/15/2016","154.50","154.50","154.90","153.40","3.02M","-0.32%"
"12/14/2016","155.00","154.20","155.10","153.40","1.59M","0.45%"
"12/13/2016","154.30","153.30","154.90","153.20","1.70M","0.72%"
"12/12/2016","153.20","152.90","153.60","152.10","1.68M","-0.07%"
"12/09/2016","153.30","151.50","153.60","150.90","1.98M","1.12%"
"12/08/2016","151.60","152.00","152.00","149.60","2.25M","0.73%"
"12/07/2016","150.50","152.70","152.70","150.00","1.75M","-0.99%"
"12/06/2016","152.00","151.70","152.50","151.30","1.25M","0.00%"
"12/05/2016","152.00","151.20","152.70","151.20","1.80M","0.60%"
"12/02/2016","151.10","150.30","151.40","149.80","1.63M","0.53%"
"12/01/2016","150.30","153.00","153.10","150.30","2.37M","-1.83%"
"11/30/2016","153.10","155.00","155.40","151.90","3.39M","-1.03%"
"11/29/2016","154.70","153.80","155.40","153.40","1.73M","0.39%"
"11/28/2016","154.10","154.10","154.70","153.10","1.02M","0.06%"
"11/25/2016","154.00","151.10","154.90","151.10","2.26M","2.12%"
"11/24/2016","150.80","151.20","151.40","150.00","823.90K","-0.53%"
"11/23/2016","151.60","150.90","151.90","150.30","1.43M","0.40%"
"11/22/2016","151.00","151.30","151.90","149.40","1.47M","-0.07%"
"11/21/2016","151.10","150.40","151.10","148.50","1.62M","1.00%"
"11/18/2016","149.60","149.10","150.10","147.80","2.34M","0.34%"
"11/17/2016","149.10","147.80","150.00","147.60","4.21M","1.08%"
"11/16/2016","147.50","147.50","147.90","146.10","1.67M","-0.07%"
"11/15/2016","147.60","145.50","148.20","145.20","2.11M","2.15%"
"11/14/2016","144.50","144.60","145.40","143.70","1.92M","0.42%"
"11/11/2016","143.90","142.50","144.40","142.20","2.41M","-0.28%"
"11/10/2016","144.30","147.50","147.50","141.50","4.45M","-1.16%"
"11/09/2016","146.00","144.00","147.30","143.90","2.25M","-1.48%"
"11/08/2016","148.20","146.90","148.70","146.50","1.56M","1.51%"
"11/07/2016","146.00","146.90","147.10","144.90","1.97M","1.18%"
"11/04/2016","144.30","145.60","145.90","142.80","1.98M","-0.76%"
"11/03/2016","145.40","145.70","148.70","145.00","3.05M","0.97%"
"11/02/2016","144.00","151.50","151.50","143.30","5.39M","-4.38%"
"11/01/2016","150.60","150.80","151.00","148.80","1.73M","0.47%"
"10/31/2016","149.90","148.70","150.90","148.20","1.89M","0.54%"
"10/28/2016","149.10","148.80","150.00","147.70","1.52M","-0.40%"
"10/27/2016","149.70","148.20","150.50","148.10","1.75M","0.54%"
"10/26/2016","148.90","151.10","151.60","148.80","1.67M","-1.19%"
"10/25/2016","150.70","151.00","151.30","149.50","2.04M","1.34%"
"10/24/2016","148.70","149.50","149.50","147.60","2.56M","0.27%"
"10/21/2016","148.30","149.40","150.00","148.10","2.91M","-0.47%"
"10/20/2016","149.00","151.00","152.00","149.00","2.34M","-0.40%"
"10/19/2016","149.60","147.90","149.80","147.30","1.86M","1.49%"
"10/18/2016","147.40","147.20","149.30","147.20","2.86M","0.55%"
"10/17/2016","146.60","147.00","148.00","145.00","3.94M","-4.06%"
"10/14/2016","152.80","150.50","153.20","150.40","1.99M","1.73%"
"10/13/2016","150.20","148.80","150.90","148.50","2.03M","0.94%"
"10/12/2016","148.80","150.00","151.20","148.80","1.80M","-0.87%"
"10/11/2016","150.10","148.30","150.60","148.10","2.56M","1.08%"
"10/10/2016","148.50","144.10","149.00","144.10","2.22M","2.84%"
"10/07/2016","144.40","146.10","146.60","143.40","2.07M","-0.89%"
"10/06/2016","145.70","145.40","146.20","144.60","1.77M","0.34%"
"10/05/2016","145.20","145.00","146.30","144.60","2.03M","-0.62%"
"10/04/2016","146.10","142.60","146.10","142.50","3.02M","1.81%"
"10/03/2016","143.50","144.20","144.30","142.20","2.23M","0.28%"
"09/30/2016","143.10","138.60","144.10","138.20","3.91M","2.29%"
"09/29/2016","139.90","139.50","139.90","138.10","2.77M","0.94%"
"09/28/2016","138.60","136.70","139.30","136.60","2.03M","1.76%"
"09/27/2016","136.20","137.50","137.70","134.60","1.77M","-0.22%"
"09/26/2016","136.50","136.30","137.70","136.20","2.20M","-1.44%"
"09/23/2016","138.50","137.40","138.50","135.30","2.44M","0.51%"
"09/22/2016","137.80","135.30","137.80","134.50","2.28M","2.15%"
"09/21/2016","134.90","134.70","135.20","133.40","1.78M","0.07%"
"09/20/2016","134.80","132.10","134.80","131.50","2.16M","2.04%"
"09/19/2016","132.10","132.00","132.50","131.00","1.66M","0.38%"
"09/16/2016","131.60","129.10","131.70","127.80","2.65M","2.02%"
"09/15/2016","129.00","129.50","130.60","129.00","2.22M","-0.54%"
"09/14/2016","129.70","124.80","129.90","123.60","2.92M","4.01%"
"09/13/2016","124.70","125.80","126.20","123.20","1.33M","-0.40%"
"09/12/2016","125.20","125.00","125.20","123.20","2.15M","-0.71%"
"09/09/2016","126.10","129.80","130.50","125.70","2.33M","-2.93%"
"09/08/2016","129.90","130.00","131.00","129.10","2.55M","-0.15%"
"09/07/2016","130.10","130.00","130.70","129.50","1.70M","0.54%"
"09/06/2016","129.40","132.00","132.20","129.20","1.38M","-1.75%"
"09/05/2016","131.70","132.50","132.90","131.30","1.23M","0.00%"
"09/02/2016","131.70","130.00","132.00","129.50","1.72M","1.23%"
"09/01/2016","130.10","129.50","131.00","128.20","1.98M","1.01%"
"08/31/2016","128.80","128.60","129.40","127.90","1.73M","-0.46%"
"08/30/2016","129.40","127.80","129.40","127.40","1.28M","1.17%"
"08/29/2016","127.90","127.80","128.60","126.70","1.07M","-0.54%"
"08/26/2016","128.60","130.80","130.80","128.30","1.52M","-3.31%"
"08/25/2016","133.00","131.50","133.00","130.50","1.65M","1.37%"
"08/24/2016","131.20","132.20","133.40","131.10","1.73M","-0.98%"
"08/23/2016","132.50","130.70","132.50","129.60","3.13M","1.53%"
"08/22/2016","130.50","128.80","130.50","126.60","2.31M","1.56%"
"08/19/2016","128.50","127.30","129.30","126.70","2.73M","0.55%"
"08/18/2016","127.80","133.50","134.00","127.10","4.28M","-2.96%"
"08/17/2016","131.70","132.80","134.30","131.30","2.08M","-0.75%"
"08/16/2016","132.70","132.10","132.90","130.60","2.48M","-0.75%"
"08/15/2016","133.70","136.30","136.60","131.50","3.65M","-3.40%"
"08/12/2016","138.40","139.60","140.60","138.10","1.41M","-0.57%"
"08/11/2016","139.20","137.90","140.00","137.70","1.66M","1.38%"
"08/10/2016","137.30","137.10","137.80","136.50","1.88M","-1.36%"
"08/09/2016","139.20","137.30","139.50","136.90","1.75M","0.72%"
"08/08/2016","138.20","142.80","142.80","137.20","2.47M","-3.36%"
"08/05/2016","143.00","142.50","143.30","142.10","1.01M","0.85%"
"08/04/2016","141.80","141.30","141.90","140.20","1.29M","0.42%"
"08/03/2016","141.20","141.00","142.50","140.30","1.39M","-0.14%"
"08/02/2016","141.40","141.70","142.10","141.00","1.39M","-0.77%"
"08/01/2016","142.50","144.90","144.90","142.20","1.12M","-0.77%"
"07/29/2016","143.60","145.30","145.30","143.00","1.48M","-0.49%"
"07/28/2016","144.30","143.10","145.10","142.60","1.64M","0.84%"
"07/27/2016","143.10","142.90","143.40","141.80","1.36M","0.14%"
"07/26/2016","142.90","143.00","143.40","142.10","1.71M","-0.14%"
"07/25/2016","143.10","144.40","144.80","143.00","1.02M","-1.04%"
"07/22/2016","144.60","145.50","146.00","144.30","1.19M","-0.69%"
"07/21/2016","145.60","146.30","146.50","144.50","2.55M","-0.07%"
"07/20/2016","145.70","143.80","146.80","143.80","1.46M","1.32%"
"07/19/2016","143.80","142.50","144.30","141.40","1.60M","0.35%"
"07/18/2016","143.30","139.00","143.90","138.80","2.04M","-0.97%"
"07/15/2016","144.70","145.10","145.70","143.70","1.82M","-1.03%"
"07/14/2016","146.20","146.00","148.30","145.60","1.61M","0.34%"
"07/13/2016","145.70","144.00","145.70","142.70","1.40M","1.18%"
"07/12/2016","144.00","144.20","144.70","142.90","1.24M","-0.28%"
"07/11/2016","144.40","142.00","144.60","141.10","1.72M","2.05%"
"07/08/2016","141.50","140.20","141.50","138.60","1.60M","0.64%"
"07/07/2016","140.60","138.60","140.60","138.10","1.78M","1.22%"
"07/06/2016","138.90","138.20","141.30","137.20","2.22M","0.22%"
"07/05/2016","138.60","140.50","141.00","137.40","1.94M","-1.21%"
"07/04/2016","140.30","143.40","144.00","140.10","1.95M","-1.89%"
"07/01/2016","143.00","140.80","143.00","140.60","2.99M","2.51%"
"06/30/2016","139.50","142.90","143.50","137.20","6.74M","-3.79%"
"06/29/2016","145.00","144.50","146.00","143.00","2.99M","2.18%"
"06/28/2016","141.90","141.40","142.70","139.00","2.59M","2.53%"
"06/27/2016","138.40","140.00","141.60","138.30","2.47M","-1.84%"
"06/24/2016","141.00","135.00","142.10","134.20","3.00M","-1.54%"
"06/23/2016","143.20","143.50","144.90","142.50","1.46M","-0.07%"
"06/22/2016","143.30","145.30","146.80","143.00","2.57M","-1.17%"
"06/21/2016","145.00","141.50","145.60","141.20","2.74M","3.20%"
"06/20/2016","140.50","139.90","141.20","139.40","2.06M","2.11%"
"06/17/2016","137.60","140.50","140.50","137.20","3.72M","-1.08%"
"06/16/2016","139.10","139.80","140.00","137.60","3.12M","-1.00%"
"06/15/2016","140.50","139.30","141.80","139.30","2.46M","0.86%"
"06/14/2016","139.30","138.90","140.30","138.70","2.12M","0.00%"
"06/13/2016","139.30","139.90","140.00","138.60","2.13M","-1.28%"
"06/10/2016","141.10","143.00","143.50","140.50","2.16M","-1.05%"
"06/09/2016","142.60","142.30","142.90","141.10","2.48M","0.56%"
"06/08/2016","141.80","142.00","142.60","140.20","2.01M","0.14%"
"06/07/2016","141.60","139.50","141.70","139.10","2.82M","1.80%"
"06/06/2016","139.10","139.60","139.90","138.50","1.54M","0.22%"
"06/03/2016","138.80","139.80","140.60","138.70","2.20M","-0.72%"
"06/02/2016","139.80","139.90","141.10","137.90","2.68M","0.00%"
"06/01/2016","139.80","139.60","140.50","138.80","2.79M","0.07%"
"05/31/2016","139.70","140.20","140.80","138.40","22.34M","0.14%"
"05/30/2016","139.50","137.70","140.70","137.70","2.49M","1.45%"
"05/27/2016","137.50","138.60","139.30","136.50","2.32M","-0.94%"
"05/26/2016","138.80","137.30","138.90","136.20","2.43M","1.46%"
"05/25/2016","136.80","137.20","137.50","135.30","2.87M","0.22%"
"05/24/2016","136.50","133.00","136.70","132.80","3.72M","2.79%"
"05/23/2016","132.80","132.90","133.70","131.90","2.13M","-0.38%"
"05/20/2016","133.30","129.00","133.40","128.80","4.47M","2.54%"
"05/19/2016","130.00","130.80","131.40","129.20","3.43M","-0.61%"
"05/18/2016","130.80","131.90","132.20","130.20","2.52M","-0.91%"
"05/13/2016","132.00","132.50","132.50","130.80","3.52M","1.07%"
"05/12/2016","130.60","127.20","131.70","127.20","3.77M","0.38%"
"05/11/2016","130.10","131.00","132.40","128.30","3.73M","-0.38%"
"05/10/2016","130.60","132.20","133.70","129.60","2.64M","-1.06%"
"05/09/2016","132.00","129.40","132.00","129.30","2.86M","2.64%"
"05/06/2016","128.60","128.50","129.90","127.70","1.86M","0.86%"
"05/04/2016","127.50","127.20","128.20","125.80","2.82M","0.39%"
"05/03/2016","127.00","127.50","127.60","124.80","2.04M","-0.55%"
"05/02/2016","127.70","125.70","128.40","125.20","1.92M","1.92%"
"04/29/2016","125.30","125.90","126.40","124.80","1.62M","-0.40%"
"04/28/2016","125.80","126.00","126.30","123.90","1.98M","-0.47%"
"04/27/2016","126.40","125.90","127.20","124.70","1.65M","0.64%"
"04/26/2016","125.60","124.50","126.20","124.10","2.46M","1.29%"
"04/25/2016","124.00","123.60","124.20","122.40","1.47M","0.57%"
"04/22/2016","123.30","123.70","124.60","122.30","3.50M","-1.20%"
"04/21/2016","124.80","129.30","129.30","123.60","3.43M","-3.41%"
"04/20/2016","129.20","131.50","132.00","128.40","3.00M","-2.12%"
"04/19/2016","132.00","133.50","133.50","131.10","1.87M","-0.60%"
"04/18/2016","132.80","130.00","133.10","130.00","2.95M","2.47%"
"04/15/2016","129.60","130.00","131.30","128.90","1.87M","-0.31%"
"04/14/2016","130.00","129.00","130.50","127.80","3.50M","-1.59%"
"04/13/2016","132.10","133.00","134.30","129.60","2.77M","-0.45%"
"04/12/2016","132.70","134.20","134.50","131.00","2.76M","-1.48%"
"04/11/2016","134.70","134.10","134.70","131.10","3.56M","0.45%"
"04/08/2016","134.10","134.00","136.00","132.70","2.66M","1.98%"
"04/07/2016","131.50","133.40","133.70","130.50","2.65M","-1.35%"
"04/06/2016","133.30","132.00","134.10","130.70","2.51M","1.21%"
"04/05/2016","131.70","128.20","131.80","127.50","2.29M","2.33%"
"04/04/2016","128.70","128.30","129.90","127.90","1.69M","0.47%"
"04/01/2016","128.10","126.60","129.10","125.50","2.70M","0.47%"
"03/31/2016","127.50","131.20","131.70","127.50","3.38M","-3.56%"
"03/30/2016","132.20","131.90","132.70","131.00","2.10M","-0.45%"
"03/29/2016","132.80","133.10","133.50","131.70","2.61M","-0.30%"
"03/23/2016","133.20","131.80","133.40","131.60","1.09M","1.37%"
"03/22/2016","131.40","129.70","131.40","128.90","1.64M","1.23%"
"03/21/2016","129.80","128.90","130.60","128.50","1.89M","0.00%"
"03/18/2016","129.80","130.00","130.40","128.30","3.68M","-0.15%"
"03/17/2016","130.00","130.60","131.00","127.70","3.24M","0.08%"
"03/16/2016","129.90","129.10","130.90","128.70","3.28M","0.70%"
"03/15/2016","129.00","127.70","129.70","127.40","3.13M","0.39%"
"03/14/2016","128.50","125.70","128.50","125.20","6.16M","3.88%"
"03/11/2016","123.70","120.50","124.40","120.40","4.38M","2.32%"
"03/10/2016","120.90","121.50","121.70","119.40","4.92M","1.77%"
"03/09/2016","118.80","117.00","119.90","116.50","3.19M","1.54%"
"03/08/2016","117.00","117.10","117.80","116.00","2.52M","0.00%"
"03/07/2016","117.00","118.50","119.10","116.40","2.18M","-1.10%"
"03/04/2016","118.30","117.00","119.40","117.00","3.90M","1.72%"
"03/03/2016","116.30","118.00","118.00","115.00","4.91M","-1.94%"
"03/02/2016","118.60","118.80","120.00","116.90","9.66M","-5.87%"
"03/01/2016","126.00","123.50","127.80","122.70","1.76M","1.12%"
"02/29/2016","124.60","124.50","124.70","123.50","1.39M","-0.32%"
"02/26/2016","125.00","126.70","128.20","124.40","1.84M","-1.11%"
"02/25/2016","126.40","125.00","126.40","125.00","2.50M","1.61%"
"02/24/2016","124.40","123.90","126.20","123.60","2.97M","0.65%"
"02/23/2016","123.60","125.00","125.20","122.50","2.69M","-1.20%"
"02/22/2016","125.10","124.60","126.40","123.90","2.44M","0.72%"
"02/19/2016","124.20","125.20","126.20","123.20","3.95M","-1.19%"
"02/18/2016","125.70","122.30","126.60","122.20","5.15M","2.70%"
"02/17/2016","122.40","117.90","122.90","116.60","5.12M","6.07%"
"02/16/2016","115.40","117.80","118.40","115.40","2.25M","-1.28%"
"02/15/2016","116.90","116.80","118.50","116.70","1.88M","1.30%"
"02/12/2016","115.40","114.60","115.80","114.20","2.28M","0.44%"
"02/11/2016","114.90","115.60","115.70","113.60","2.20M","-1.20%"
"02/10/2016","116.30","114.00","117.40","113.70","1.81M","1.93%"
"02/09/2016","114.10","112.70","114.80","112.00","2.28M","1.33%"
"02/08/2016","112.60","117.40","117.50","112.40","2.82M","-3.92%"
"02/05/2016","117.20","117.80","117.80","116.10","1.89M","-0.09%"
"02/04/2016","117.30","120.10","120.80","116.50","2.69M","-1.76%"
"02/03/2016","119.40","118.60","120.50","117.90","2.54M","1.02%"
"02/02/2016","118.20","117.80","118.80","117.10","1.34M","0.34%"
"02/01/2016","117.80","118.00","119.00","116.80","1.78M","0.00%"
"01/29/2016","117.80","116.90","117.90","116.20","2.07M","1.64%"
"01/28/2016","115.90","117.00","118.40","115.50","2.11M","-0.94%"
"01/27/2016","117.00","115.30","117.30","115.10","2.28M","0.78%"
"01/26/2016","116.10","114.30","116.70","113.90","2.00M","0.69%"
"01/25/2016","115.30","114.10","116.30","113.60","1.62M","1.50%"
"01/22/2016","113.60","113.00","115.90","112.50","2.39M","2.07%"
"01/21/2016","111.30","107.50","114.00","107.50","3.14M","-0.18%"
"01/20/2016","111.50","112.60","113.70","111.50","2.21M","-2.87%"
"01/19/2016","114.80","112.40","114.80","112.30","1.86M","3.52%"
"01/18/2016","110.90","111.70","113.00","110.70","1.64M","-1.25%"
"01/15/2016","112.30","113.50","114.50","110.60","2.03M","-0.80%"
"01/14/2016","113.20","117.00","117.00","113.10","2.31M","-3.90%"
"01/13/2016","117.80","118.00","119.80","117.80","2.29M","0.34%"
"01/12/2016","117.40","117.00","118.30","115.60","2.28M","0.60%"
"01/11/2016","116.70","113.70","117.60","113.60","2.33M","2.37%"
"01/08/2016","114.00","114.50","115.30","113.40","1.94M","-0.44%"
"01/07/2016","114.50","115.00","115.50","113.40","2.11M","-2.05%"
"01/06/2016","116.90","115.50","117.70","115.00","1.42M","1.30%"
"01/05/2016","115.40","117.30","117.50","114.90","1.80M","-1.45%"
"01/04/2016","117.10","118.40","118.40","116.50","1.23M","-2.09%"
"12/30/2015","119.60","117.60","119.90","117.20","1.19M","1.70%"
"12/29/2015","117.60","116.30","117.60","116.00","808.83K","1.38%"
"12/28/2015","116.00","115.60","117.30","115.60","790.86K","0.69%"
"12/23/2015","115.20","113.00","115.30","113.00","843.25K","2.22%"
"12/22/2015","112.70","114.50","114.70","112.50","1.60M","-1.57%"
"12/21/2015","114.50","114.30","115.70","113.80","1.50M","0.09%"
"12/18/2015","114.40","115.70","116.10","113.80","2.91M","-1.63%"
"12/17/2015","116.30","115.80","117.50","115.60","1.98M","1.22%"
"12/16/2015","114.90","114.10","115.50","112.30","2.07M","1.32%"
"12/15/2015","113.40","110.50","113.80","110.00","1.59M","2.81%"
"12/14/2015","110.30","113.00","113.00","110.00","1.92M","-2.30%"
"12/11/2015","112.90","113.80","115.30","111.90","1.38M","-0.79%"
"12/10/2015","113.80","114.50","115.40","112.80","1.73M","-1.56%"
"12/09/2015","115.60","117.00","117.60","114.50","1.89M","-1.03%"
"12/08/2015","116.80","117.40","118.20","116.50","1.65M","-0.60%"
"12/07/2015","117.50","118.10","119.60","116.90","1.42M","-0.17%"
"12/04/2015","117.70","117.90","118.20","116.60","1.76M","-0.42%"
"12/03/2015","118.20","119.00","121.00","118.20","2.01M","-0.84%"
"12/02/2015","119.20","119.80","120.20","118.80","1.51M","0.00%"
"12/01/2015","119.20","118.00","119.40","117.50","2.38M","1.45%"
"11/30/2015","117.50","116.60","118.00","116.20","1.46M","0.86%"
"11/27/2015","116.50","115.90","117.00","115.30","1.17M","0.26%"
"11/26/2015","116.20","115.70","116.50","115.00","1.05M","0.26%"
"11/25/2015","115.90","116.00","116.90","115.30","1.20M","0.17%"
"11/24/2015","115.70","116.20","116.40","115.00","743.88K","-0.43%"
"11/23/2015","116.20","117.00","117.00","115.80","1.06M","-0.60%"
"11/20/2015","116.90","117.10","117.90","116.50","1.70M","0.17%"
"11/19/2015","116.70","116.30","117.20","115.90","1.33M","0.78%"
"11/18/2015","115.80","115.10","116.00","115.00","982.96K","0.09%"
"11/17/2015","115.70","114.80","115.90","114.50","988.80K","0.96%"
"11/16/2015","114.60","114.00","114.70","113.50","1.30M","0.26%"
"11/13/2015","114.30","113.50","115.50","113.00","1.57M","1.06%"
"11/12/2015","113.10","113.00","115.30","112.60","1.72M","-0.18%"
"11/11/2015","113.30","113.20","114.00","112.70","1.48M","0.18%"
"11/10/2015","113.10","113.00","113.50","111.90","1.70M","0.09%"
"11/09/2015","113.00","113.70","114.40","112.50","1.78M","-0.62%"
"11/06/2015","113.70","116.00","116.30","113.70","1.83M","-2.82%"
"11/05/2015","117.00","116.00","117.50","115.50","1.36M","1.39%"
"11/04/2015","115.40","114.90","116.50","114.40","1.71M","0.52%"
"11/03/2015","114.80","116.50","117.00","114.60","1.55M","0.44%"
"11/02/2015","114.30","114.00","116.40","114.00","2.06M","0.35%"
"10/30/2015","113.90","114.50","115.50","112.80","2.56M","-0.09%"
"10/29/2015","114.00","113.00","114.40","112.20","4.41M","-1.89%"
"10/28/2015","116.20","112.00","116.80","111.90","3.45M","5.44%"
"10/27/2015","110.20","112.20","112.70","110.20","1.45M","-1.87%"
"10/26/2015","112.30","113.00","114.10","112.30","1.63M","-0.62%"
"10/23/2015","113.00","110.50","113.10","110.40","1.89M","2.45%"
"10/22/2015","110.30","108.30","110.30","108.30","1.39M","1.47%"
"10/21/2015","108.70","108.00","108.90","107.80","1.14M","0.46%"
"10/20/2015","108.20","108.10","108.40","107.00","1.38M","-0.28%"
"10/19/2015","108.50","107.10","108.50","106.90","1.41M","1.40%"
"10/16/2015","107.00","108.70","108.90","106.80","1.78M","-1.56%"
"10/15/2015","108.70","106.80","108.90","105.90","2.89M","-0.73%"
"10/14/2015","109.50","109.50","111.40","109.40","1.56M","-0.36%"
"10/13/2015","109.90","109.20","111.30","108.90","1.72M","1.01%"
"10/12/2015","108.80","109.30","110.00","108.30","1.95M","0.65%"
"10/09/2015","108.10","108.00","109.30","107.90","1.36M","0.46%"
"10/08/2015","107.60","107.50","108.50","107.00","1.40M","-1.19%"
"10/07/2015","108.90","110.70","110.90","107.80","2.29M","-1.54%"
"10/06/2015","110.60","110.40","112.00","109.50","2.17M","0.27%"
"10/05/2015","110.30","108.50","112.00","107.80","3.61M","3.57%"
"10/02/2015","106.50","106.60","108.00","106.00","1.19M","0.09%"
"10/01/2015","106.40","108.70","109.00","106.10","1.87M","-1.85%"
"09/30/2015","108.40","106.70","108.40","106.40","1.72M","2.55%"
"09/29/2015","105.70","104.70","106.90","103.70","2.34M","0.57%"
"09/28/2015","105.10","106.30","106.50","105.10","1.65M","-1.41%"
"09/25/2015","106.60","103.40","106.60","102.90","3.69M","4.10%"
"09/24/2015","102.40","100.60","103.30","100.60","3.25M","1.99%"
"09/23/2015","100.40","99.95","101.10","99.35","970.32K","0.30%"
"09/22/2015","100.10","101.30","101.50","99.85","859.08K","-1.57%"
"09/21/2015","101.70","101.30","102.00","100.70","1.41M","0.79%"
"09/18/2015","100.90","101.30","102.30","100.30","1.67M","-0.49%"
"09/17/2015","101.40","101.20","101.70","100.50","2.07M","0.50%"
"09/16/2015","100.90","98.90","101.20","98.75","1.78M","2.33%"
"09/15/2015","98.60","98.00","98.60","97.45","741.78K","0.51%"
"09/14/2015","98.10","98.15","99.15","97.65","1.64M","0.10%"
"09/11/2015","98.00","96.00","98.15","96.00","7.09M","2.03%"
"09/10/2015","96.05","96.15","96.85","95.75","1.49M","-0.98%"
"09/09/2015","97.00","98.00","98.00","96.65","1.82M","0.15%"
"09/08/2015","96.85","96.35","98.00","96.25","1.74M","0.78%"
"09/07/2015","96.10","96.45","96.85","95.40","1.18M","-0.05%"
"09/04/2015","96.15","97.50","97.75","95.95","1.66M","-2.39%"
"09/03/2015","98.50","98.40","98.50","97.65","1.77M","0.87%"
"09/02/2015","97.65","97.05","98.60","96.70","1.83M","0.72%"
"09/01/2015","96.95","99.30","99.45","96.65","1.80M","-2.86%"
"08/31/2015","99.80","98.00","99.80","97.45","1.92M","1.73%"
"08/28/2015","98.10","98.85","99.15","97.55","1.60M","-0.30%"
"08/27/2015","98.40","99.00","99.85","97.95","2.05M","0.82%"
"08/26/2015","97.60","97.30","98.40","94.85","2.30M","-0.10%"
"08/25/2015","97.70","93.35","97.70","92.90","3.53M","5.34%"
"08/24/2015","92.75","92.90","94.40","90.70","4.09M","-3.89%"
"08/21/2015","96.50","98.00","98.60","96.15","3.26M","-4.17%"
"08/20/2015","100.70","102.80","103.20","100.60","2.62M","-2.42%"
"08/19/2015","103.20","103.00","103.40","102.10","1.27M","-0.29%"
"08/18/2015","103.50","102.00","103.80","101.60","2.13M","1.47%"
"08/17/2015","102.00","104.00","104.00","101.50","1.51M","-1.35%"
"08/14/2015","103.40","103.10","103.80","101.70","1.47M","0.10%"
"08/13/2015","103.30","103.90","104.40","102.40","1.66M","-0.39%"
"08/12/2015","103.70","101.50","103.90","100.20","2.61M","-0.29%"
"08/11/2015","104.00","104.70","104.80","103.00","1.42M","-0.48%"
"08/10/2015","104.50","102.50","104.80","102.50","1.50M","1.65%"
"08/07/2015","102.80","103.70","104.20","102.50","1.25M","-0.68%"
"08/06/2015","103.50","104.80","104.90","103.30","1.30M","-1.24%"
"08/05/2015","104.80","104.20","104.90","103.60","1.69M","0.67%"
"08/04/2015","104.10","104.10","104.10","103.10","1.86M","0.00%"
"08/03/2015","104.10","101.00","104.30","100.60","2.92M","3.17%"
"07/31/2015","100.90","100.50","101.40","99.90","1.00M","0.50%"
"07/30/2015","100.40","100.80","101.50","100.00","1.34M","-0.59%"
"07/29/2015","101.00","99.50","101.00","99.40","1.66M","1.81%"
"07/28/2015","99.20","98.50","100.10","98.50","1.08M","1.02%"
"07/27/2015","98.20","100.00","100.00","98.00","1.06M","-2.09%"
"07/24/2015","100.30","100.00","101.00","99.90","808.10K","0.10%"
"07/23/2015","100.20","100.00","100.60","99.80","909.24K","0.30%"
"07/22/2015","99.90","100.00","100.30","98.85","686.71K","-0.10%"
"07/21/2015","100.00","100.20","100.70","100.00","896.31K","-0.10%"
"07/20/2015","100.10","100.20","101.30","99.70","1.01M","0.00%"
"07/17/2015","100.10","99.60","101.70","99.60","2.27M","0.55%"
"07/16/2015","99.55","96.30","99.65","96.30","3.12M","3.64%"
"07/15/2015","96.05","95.90","96.85","95.65","1.57M","0.84%"
"07/14/2015","95.25","95.80","95.95","95.00","1.41M","-0.37%"
"07/13/2015","95.60","95.75","95.95","95.05","1.28M","0.84%"
"07/10/2015","94.80","95.85","96.45","94.55","1.53M","-0.21%"
"07/09/2015","95.00","93.00","95.05","93.00","2.05M","2.26%"
"07/08/2015","92.90","91.30","93.30","90.75","1.77M","1.98%"
"07/07/2015","91.10","90.65","91.75","90.55","2.42M","0.50%"
"07/06/2015","90.65","89.35","91.20","89.00","1.62M","0.78%"
"07/03/2015","89.95","90.50","91.15","89.15","1.60M","-0.99%"
"07/02/2015","90.85","91.05","91.90","90.75","1.31M","0.33%"
"07/01/2015","90.55","90.50","91.30","90.20","1.89M","0.72%"
"06/30/2015","89.90","90.25","91.10","89.90","2.73M","-1.48%"
"06/29/2015","91.25","90.30","91.70","89.70","3.31M","-1.88%"
"06/26/2015","93.00","93.90","94.00","92.90","1.57M","-1.06%"
"06/25/2015","94.00","93.95","94.40","93.65","1.45M","-0.69%"
"06/24/2015","94.65","95.60","95.90","94.15","1.65M","-0.68%"
"06/23/2015","95.30","94.80","95.80","94.75","2.17M","1.17%"
"06/22/2015","94.20","92.80","94.45","92.80","1.36M","2.06%"
"06/19/2015","92.30","92.30","92.50","91.65","2.75M","0.22%"
"06/18/2015","92.10","90.90","92.20","90.30","1.68M","0.55%"
"06/17/2015","91.60","92.00","92.60","90.95","1.96M","-0.33%"
"06/16/2015","91.90","92.70","92.80","90.15","2.81M","-1.18%"
"06/15/2015","93.00","93.55","94.25","92.85","1.61M","-1.17%"
"06/12/2015","94.10","94.00","94.65","93.40","2.00M","0.00%"
"06/11/2015","94.10","93.05","94.90","92.90","1.99M","1.35%"
"06/10/2015","92.85","93.00","93.25","92.25","2.17M","0.05%"
"06/09/2015","92.80","92.40","93.60","92.05","1.57M","-1.07%"
"06/08/2015","93.80","94.00","94.05","92.65","1.55M","-0.05%"
"06/05/2015","93.85","92.20","94.80","91.75","2.37M","1.19%"
"06/04/2015","92.75","92.65","92.90","90.90","1.87M","-0.16%"
"06/03/2015","92.90","91.20","93.80","90.70","2.93M","2.43%"
"06/02/2015","90.70","91.00","91.30","90.20","1.88M","0.44%"
"06/01/2015","90.30","89.80","91.85","89.75","1.85M","0.73%"
"05/29/2015","89.65","90.40","91.00","88.55","1.74M","-0.11%"
"05/28/2015","89.75","87.55","90.65","87.55","2.05M","2.16%"
"05/27/2015","87.85","87.35","88.20","87.15","1.50M","-1.57%"
"05/26/2015","89.25","88.10","89.70","87.50","1.59M","0.45%"
"05/22/2015","88.85","89.90","90.45","88.35","2.17M","-1.11%"
"05/21/2015","89.85","91.50","91.50","89.65","2.44M","-0.44%"
"05/20/2015","90.25","91.75","91.85","89.90","2.64M","-0.99%"
"05/19/2015","91.15","91.05","92.50","90.95","1.54M","0.50%"
"05/18/2015","90.70","91.00","92.00","90.35","942.35K","0.00%"
"05/15/2015","90.70","92.20","92.60","90.70","1.05M","-1.31%"
"05/13/2015","91.90","88.60","92.15","88.60","2.68M","4.73%"
"05/12/2015","87.75","88.35","89.00","87.50","3.30M","-2.12%"
"05/11/2015","89.65","89.75","90.50","89.30","1.37M","-0.06%"
"05/08/2015","89.70","90.00","90.55","88.30","2.23M","1.13%"
"05/07/2015","88.70","91.35","92.50","88.50","3.96M","-3.59%"
"05/06/2015","92.00","90.50","92.45","90.40","2.07M","1.32%"
"05/05/2015","90.80","91.85","93.00","90.30","2.16M","-1.68%"
"05/04/2015","92.35","92.20","93.75","91.50","1.91M","0.33%"
"04/30/2015","92.05","93.10","93.65","91.95","2.30M","-1.13%"
"04/29/2015","93.10","93.55","95.90","91.30","3.81M","-1.53%"
"04/28/2015","94.55","97.00","97.35","94.10","3.33M","-3.72%"
"04/27/2015","98.20","97.65","99.75","97.30","3.96M","0.56%"
"04/24/2015","97.65","93.80","98.00","93.80","4.37M","3.94%"
"04/23/2015","93.95","92.75","94.40","91.80","2.79M","1.24%"
"04/22/2015","92.80","94.10","94.20","92.70","1.79M","-1.28%"
"04/21/2015","94.00","93.85","94.25","93.25","2.35M","0.86%"
"04/20/2015","93.20","94.90","95.50","93.05","2.45M","-1.74%"
"04/17/2015","94.85","94.90","96.00","93.30","3.45M","0.00%"
"04/16/2015","94.85","95.00","95.95","93.35","4.71M","0.26%"
"04/15/2015","94.60","93.85","94.95","93.20","2.98M","0.32%"
"04/14/2015","94.30","96.05","97.05","93.65","4.11M","-2.18%"
"04/13/2015","96.40","93.70","96.60","93.50","3.74M","2.88%"
"04/10/2015","93.70","93.25","94.80","92.55","4.43M","0.70%"
"04/09/2015","93.05","93.55","94.50","92.65","2.14M","-0.43%"
"04/08/2015","93.45","95.25","95.25","93.45","3.19M","-2.45%"
"04/07/2015","95.80","92.10","96.05","92.10","3.75M","3.85%"
"04/01/2015","92.25","92.40","93.25","91.85","1.19M","-0.32%"
"03/31/2015","92.55","93.00","93.55","92.05","2.17M","-0.48%"
"03/30/2015","93.00","92.70","94.25","92.00","2.33M","0.92%"
"03/27/2015","92.15","91.30","92.30","90.25","3.04M","1.04%"
"03/26/2015","91.20","92.85","93.20","89.70","4.75M","-2.25%"
"03/25/2015","93.30","96.95","97.60","91.60","8.27M","-5.61%"
"03/24/2015","98.85","97.60","98.90","97.60","1.89M","0.76%"
"03/23/2015","98.10","98.35","99.00","97.50","1.75M","-0.71%"
"03/20/2015","98.80","96.30","99.00","96.20","5.05M","2.70%"
"03/19/2015","96.20","97.60","98.50","95.05","4.76M","-2.34%"
"03/18/2015","98.50","98.25","99.35","97.85","2.65M","0.36%"
"03/17/2015","98.15","96.30","98.55","96.00","5.51M","1.50%"
"03/16/2015","96.70","98.75","98.80","95.90","7.62M","-4.64%"
"03/13/2015","101.40","100.00","101.90","99.30","3.36M","1.60%"
"03/12/2015","99.80","99.75","100.90","99.15","1.99M","0.05%"
"03/11/2015","99.75","96.95","100.30","96.90","1.91M","3.10%"
"03/10/2015","96.75","98.60","99.90","96.60","1.94M","-2.03%"
"03/09/2015","98.75","99.55","100.40","98.60","1.74M","-0.95%"
"03/06/2015","99.70","98.70","100.60","98.70","2.60M","1.01%"
"03/05/2015","98.70","96.80","98.90","96.50","1.46M","2.23%"
"03/04/2015","96.55","96.75","97.10","95.05","2.49M","-0.10%"
"03/03/2015","96.65","97.05","98.50","96.65","2.43M","-0.62%"
"03/02/2015","97.25","96.70","97.50","96.50","2.10M","0.52%"
"02/27/2015","96.75","97.00","97.25","95.70","2.48M","-0.51%"
"02/26/2015","97.25","98.00","98.35","96.60","2.26M","0.21%"
"02/25/2015","97.05","94.15","97.40","94.05","2.04M","3.24%"
"02/24/2015","94.00","95.00","95.25","93.35","3.05M","-1.00%"
"02/23/2015","94.95","94.40","96.10","94.40","2.18M","0.80%"
"02/20/2015","94.20","93.40","94.90","91.40","4.23M","0.59%"
"02/19/2015","93.65","96.20","97.15","93.60","4.33M","-2.55%"
"02/18/2015","96.10","98.00","98.50","95.80","3.05M","-2.73%"
"02/17/2015","98.80","99.30","100.30","98.80","1.79M","-0.50%"
"02/16/2015","99.30","100.00","100.10","98.60","1.46M","-1.10%"
"02/13/2015","100.40","101.60","103.00","100.30","2.48M","-1.57%"
"02/12/2015","102.00","97.00","102.00","96.90","4.26M","4.83%"
"02/11/2015","97.30","99.40","99.90","97.30","2.05M","-1.47%"
"02/10/2015","98.75","96.90","99.00","96.80","2.48M","2.17%"
"02/09/2015","96.65","98.40","98.55","96.30","2.65M","-1.93%"
"02/06/2015","98.55","100.40","100.50","97.20","3.59M","-1.84%"
"02/05/2015","100.40","97.95","100.80","97.55","4.00M","2.66%"
"02/04/2015","97.80","102.60","102.90","97.30","4.55M","-2.88%"
"02/03/2015","100.70","101.60","102.00","99.90","2.81M","-0.40%"
"02/02/2015","101.10","101.60","102.70","101.00","1.94M","-0.39%"
"01/30/2015","101.50","102.50","102.50","101.20","1.95M","-0.20%"
"01/29/2015","101.70","100.30","102.50","100.20","2.07M","1.09%"
"01/28/2015","100.60","99.05","100.60","98.90","2.56M","2.18%"
"01/27/2015","98.45","100.70","101.30","98.10","2.80M","-1.35%"
"01/26/2015","99.80","97.65","100.80","95.45","3.18M","1.84%"
"01/23/2015","98.00","100.60","101.30","97.05","6.96M","-2.97%"
"01/22/2015","101.00","104.00","104.20","100.10","9.36M","-6.39%"
"01/21/2015","107.90","109.80","109.80","106.80","1.90M","-1.37%"
"01/20/2015","109.40","110.10","110.10","107.50","2.41M","-0.64%"
"01/19/2015","110.10","106.10","110.30","105.60","4.33M","5.76%"
"01/16/2015","104.10","103.90","105.70","103.60","1.39M","-0.67%"
"01/15/2015","104.80","107.00","107.00","102.20","3.02M","-1.23%"
"01/14/2015","106.10","106.20","108.10","105.50","2.25M","-0.47%"
"01/13/2015","106.60","105.50","106.90","105.40","1.94M","1.04%"
"01/12/2015","105.50","105.20","106.30","104.80","1.72M","0.48%"
"01/09/2015","105.00","106.00","106.10","104.20","1.98M","-0.94%"
"01/08/2015","106.00","106.40","106.40","104.90","1.84M","0.76%"
"01/07/2015","105.20","105.60","106.00","104.50","1.73M","-0.47%"
"01/06/2015","105.70","104.10","106.10","104.00","1.76M","1.25%"
"01/05/2015","104.40","105.00","107.00","104.40","3.36M","-0.57%"
"01/02/2015","105.00","103.00","105.00","102.00","1.75M","2.04%"
"12/30/2014","102.90","103.00","103.00","101.60","989.26K","-0.48%"
"12/29/2014","103.40","102.80","103.50","101.70","999.01K","0.78%"
"12/23/2014","102.60","102.50","102.80","101.60","1.69M","0.59%"
"12/22/2014","102.00","103.00","103.00","101.10","2.44M","-0.78%"
"12/19/2014","102.80","99.60","103.00","98.85","3.81M","4.31%"
"12/18/2014","98.55","99.30","100.00","98.00","3.02M","0.46%"
"12/17/2014","98.10","95.65","98.75","95.00","3.28M","2.51%"
"12/16/2014","95.70","97.70","98.05","90.00","5.01M","-2.64%"
"12/15/2014","98.30","97.00","98.90","96.15","1.88M","0.25%"
"12/12/2014","98.05","98.50","98.75","97.35","2.38M","-0.81%"
"12/11/2014","98.85","99.90","100.60","97.65","3.00M","-1.35%"
"12/10/2014","100.20","99.00","101.90","98.90","1.94M","1.31%"
"12/09/2014","98.90","99.80","100.90","98.60","2.41M","-2.18%"
"12/08/2014","101.10","101.80","101.90","99.55","1.82M","-0.98%"
"12/05/2014","102.10","102.50","103.20","101.60","2.07M","0.00%"
"12/04/2014","102.10","103.50","103.80","101.60","2.04M","-0.87%"
"12/03/2014","103.00","101.50","103.70","101.50","2.98M","2.08%"
"12/02/2014","100.90","100.20","103.00","100.20","2.84M","0.90%"
"12/01/2014","100.00","99.60","101.40","98.80","2.41M","0.50%"
"11/28/2014","99.50","100.30","101.00","97.95","2.49M","-0.15%"
"11/27/2014","99.65","98.45","100.40","98.25","1.87M","0.91%"
"11/26/2014","98.75","100.10","100.40","97.40","3.07M","-1.55%"
"11/25/2014","100.30","102.70","102.70","98.75","3.17M","-2.90%"
"11/24/2014","103.30","103.90","104.50","102.50","1.48M","-0.19%"
"11/21/2014","103.50","102.00","103.60","101.60","1.37M","1.47%"
"11/20/2014","102.00","102.50","103.10","101.30","1.18M","-0.58%"
"11/19/2014","102.60","102.00","102.70","101.60","1.09M","0.88%"
"11/18/2014","101.70","103.00","103.50","101.20","2.09M","-0.78%"
"11/17/2014","102.50","100.50","102.50","100.00","1.91M","1.69%"
"11/14/2014","100.80","100.70","101.60","99.40","1.43M","0.60%"
"11/13/2014","100.20","100.90","101.10","99.00","1.62M","-0.20%"
"11/12/2014","100.40","99.90","101.40","99.30","3.00M","0.50%"
"11/11/2014","99.90","98.10","99.90","97.70","3.12M","3.26%"
"11/10/2014","96.75","97.10","98.10","96.55","1.08M","0.26%"
"11/07/2014","96.50","98.50","98.65","95.85","1.55M","-1.08%"
"11/06/2014","97.55","98.00","99.00","97.50","1.81M","-0.20%"
"11/05/2014","97.75","96.45","98.05","96.45","2.36M","1.98%"
"11/04/2014","95.85","94.55","96.35","94.20","1.84M","1.37%"
"11/03/2014","94.55","95.20","95.80","94.05","1.44M","-0.99%"
"10/31/2014","95.50","94.70","95.50","93.65","2.06M","0.95%"
"10/30/2014","94.60","94.20","94.80","93.25","2.00M","0.48%"
"10/29/2014","94.15","93.05","94.50","93.05","1.77M","1.24%"
"10/28/2014","93.00","92.00","93.60","92.00","2.21M","1.36%"
"10/27/2014","91.75","93.15","93.20","90.90","1.13M","0.44%"
"10/24/2014","91.35","92.00","92.50","90.40","2.09M","-0.65%"
"10/23/2014","91.95","92.00","94.50","90.35","3.21M","-0.16%"
"10/22/2014","92.10","90.00","92.25","87.60","4.63M","4.07%"
"10/21/2014","88.50","86.30","88.50","85.80","2.64M","2.73%"
"10/20/2014","86.15","85.85","86.25","84.80","1.84M","1.06%"
"10/17/2014","85.25","83.00","85.25","82.80","2.51M","3.33%"
"10/16/2014","82.50","84.50","85.50","79.50","4.83M","-1.49%"
"10/15/2014","83.75","85.90","86.85","82.80","2.84M","-1.64%"
"10/14/2014","85.15","84.00","86.25","83.85","3.93M","4.61%"
"10/13/2014","81.40","81.00","83.40","81.00","2.50M","-1.03%"
"10/10/2014","82.25","82.35","83.20","81.00","2.83M","-0.90%"
"10/09/2014","83.00","86.90","86.90","82.95","3.01M","-3.21%"
"10/08/2014","85.75","85.05","85.95","84.70","1.99M","0.47%"
"10/07/2014","85.35","86.25","86.25","85.00","2.05M","-1.33%"
"10/06/2014","86.50","86.75","87.00","85.45","1.61M","0.00%"
"10/03/2014","86.50","86.30","87.50","85.20","1.72M","0.58%"
"10/02/2014","86.00","88.20","88.25","84.55","4.62M","-3.91%"
"10/01/2014","89.50","90.15","90.90","88.80","1.76M","-0.44%"
"09/30/2014","89.90","89.00","90.50","89.00","1.73M","1.18%"
"09/29/2014","88.85","89.35","89.95","88.50","1.10M","-0.56%"
"09/26/2014","89.35","88.90","89.50","87.65","1.08M","0.39%"
"09/25/2014","89.00","89.20","90.45","89.00","1.76M","0.34%"
"09/24/2014","88.70","87.00","88.95","86.55","1.61M","2.07%"
"09/23/2014","86.90","88.35","88.55","86.40","2.02M","-2.08%"
"09/22/2014","88.75","88.50","89.45","87.30","2.40M","-0.95%"
"09/19/2014","89.60","88.45","90.75","88.35","5.97M","1.99%"
"09/18/2014","87.85","87.80","88.45","87.25","1.56M","0.34%"
"09/17/2014","87.55","87.05","87.85","86.75","1.26M","0.63%"
"09/16/2014","87.00","87.30","87.45","85.75","1.37M","-0.11%"
"09/15/2014","87.10","85.45","87.10","85.45","1.77M","1.69%"
"09/12/2014","85.65","84.70","85.80","84.65","1.79M","1.66%"
"09/11/2014","84.25","84.85","84.95","83.95","1.44M","-0.24%"
"09/10/2014","84.45","83.40","84.55","82.95","1.37M","1.32%"
"09/09/2014","83.35","84.45","84.45","83.05","1.82M","-0.89%"
"09/08/2014","84.10","84.20","84.95","83.40","1.35M","-0.06%"
"09/05/2014","84.15","86.80","86.80","84.00","2.25M","-3.05%"
"09/04/2014","86.80","84.65","86.80","84.55","2.42M","2.00%"
"09/03/2014","85.10","84.80","87.20","84.30","3.53M","0.35%"
"09/02/2014","84.80","84.10","84.85","82.80","2.78M","1.37%"
"09/01/2014","83.65","84.35","84.95","83.55","1.35M","-0.24%"
"08/29/2014","83.85","85.10","85.55","83.45","1.44M","-1.47%"
"08/28/2014","85.10","83.10","85.45","82.55","1.97M","1.92%"
"08/27/2014","83.50","85.20","85.95","83.00","3.17M","-2.68%"
"08/26/2014","85.80","85.00","86.20","84.65","1.89M","1.60%"
"08/25/2014","84.45","84.95","85.15","84.15","1.51M","0.84%"
"08/22/2014","83.75","84.50","85.40","83.05","2.87M","0.30%"
"08/21/2014","83.50","82.20","83.50","81.70","2.00M","1.64%"
"08/20/2014","82.15","81.55","83.50","81.05","2.21M","0.31%"
"08/19/2014","81.90","81.45","82.20","79.50","2.91M","1.30%"
"08/18/2014","80.85","80.25","82.40","79.80","1.62M","0.81%"
"08/15/2014","80.20","80.95","80.95","79.80","1.16M","-0.31%"
"08/14/2014","80.45","80.55","81.50","79.50","2.99M","0.19%"
"08/13/2014","80.30","80.00","80.90","79.50","2.13M","1.45%"
"08/12/2014","79.15","80.40","80.40","78.90","2.61M","-0.44%"
"08/11/2014","79.50","77.80","79.65","77.10","4.78M","4.33%"
"08/08/2014","76.20","78.35","78.65","75.20","7.81M","-4.15%"
"08/07/2014","79.50","85.90","85.90","76.35","11.92M","-8.30%"
"08/06/2014","86.70","87.00","87.00","85.65","1.50M","-0.80%"
"08/05/2014","87.40","85.95","88.20","85.95","1.63M","2.46%"
"08/04/2014","85.30","84.00","86.10","83.90","1.03M","1.67%"
"08/01/2014","83.90","85.15","85.15","83.80","1.11M","-2.21%"
"07/31/2014","85.80","84.15","86.05","83.75","1.48M","1.42%"
"07/30/2014","84.60","86.50","86.55","84.20","1.35M","-2.53%"
"07/29/2014","86.80","87.35","87.50","86.40","583.29K","-0.46%"
"07/28/2014","87.20","88.65","88.65","86.75","860.68K","-1.36%"
"07/25/2014","88.40","87.55","88.40","87.10","763.18K","0.97%"
"07/24/2014","87.55","88.25","89.40","87.50","1.08M","-1.13%"
"07/23/2014","88.55","87.35","88.60","87.15","1.52M","1.78%"
"07/22/2014","87.00","85.90","87.00","85.30","1.36M","1.75%"
"07/21/2014","85.50","85.30","85.55","84.20","790.34K","0.18%"
"07/18/2014","85.35","84.75","85.55","84.60","919.52K","0.00%"
"07/17/2014","85.35","85.90","86.55","84.65","1.25M","-0.76%"
"07/16/2014","86.00","85.20","86.00","84.90","1.71M","1.47%"
"07/15/2014","84.75","85.20","86.60","84.60","2.36M","0.12%"
"07/14/2014","84.65","83.40","84.80","83.40","1.00M","1.93%"
"07/11/2014","83.05","81.85","83.35","81.85","1.11M","1.10%"
"07/10/2014","82.15","84.35","84.35","81.50","1.90M","-2.78%"
"07/09/2014","84.50","84.80","85.30","84.40","1.40M","-0.53%"
"07/08/2014","84.95","85.05","85.65","84.55","1.58M","-0.35%"
"07/07/2014","85.25","84.95","85.75","84.70","1.02M","0.24%"
"07/04/2014","85.05","84.50","85.20","84.40","1.11M","0.24%"
"07/03/2014","84.85","84.00","84.85","82.70","2.70M","0.12%"
"07/02/2014","84.75","84.65","85.00","84.20","1.62M","0.53%"
"07/01/2014","84.30","83.75","84.95","83.20","1.86M","0.66%"
"06/30/2014","83.75","83.50","83.95","82.85","1.49M","0.78%"
"06/27/2014","83.10","83.15","83.35","82.10","1.34M","-0.06%"
"06/26/2014","83.15","82.50","83.40","82.15","1.64M","0.79%"
"06/25/2014","82.50","82.65","83.70","81.30","2.42M","-0.60%"
"06/24/2014","83.00","83.05","83.35","81.80","2.57M","0.12%"
"06/23/2014","82.90","80.50","82.90","80.50","3.42M","3.56%"
"06/20/2014","80.05","81.50","81.70","79.30","4.51M","-1.48%"
"06/19/2014","81.25","79.95","81.35","78.85","3.87M","2.20%"
"06/18/2014","79.50","77.00","79.50","76.90","3.72M","3.79%"
"06/17/2014","76.60","75.55","77.00","75.45","2.69M","1.59%"
"06/16/2014","75.40","74.20","75.40","73.75","1.83M","1.34%"
"06/13/2014","74.40","74.00","74.55","73.80","1.38M","0.20%"
"06/12/2014","74.25","74.00","74.35","73.60","1.39M","0.20%"
"06/11/2014","74.10","74.30","74.45","73.40","1.10M","-0.20%"
"06/10/2014","74.25","74.00","74.60","73.70","1.99M","1.09%"
"06/06/2014","73.45","73.05","73.60","72.75","1.94M","0.82%"
"06/05/2014","72.85","71.65","73.15","71.60","2.09M","1.32%"
"06/04/2014","71.90","71.65","72.30","71.50","1.38M","0.35%"
"06/03/2014","71.65","71.95","72.10","71.25","2.36M","-0.62%"
"06/02/2014","72.10","71.90","72.10","71.05","2.63M","0.42%"
"05/30/2014","71.80","69.70","71.80","69.00","4.22M","3.09%"
"05/28/2014","69.65","69.40","70.20","69.10","1.95M","0.36%"
"05/27/2014","69.40","68.90","69.75","68.55","2.23M","0.80%"
"05/26/2014","68.85","71.60","71.70","68.85","3.18M","-3.44%"
"05/23/2014","71.30","71.00","71.90","70.40","3.74M","-6.06%"
"05/22/2014","75.90","75.45","76.40","75.35","2.93M","1.20%"
"05/21/2014","75.00","73.65","75.15","73.45","2.09M","1.97%"
"05/20/2014","73.55","74.95","75.00","73.00","3.06M","-2.06%"
"05/19/2014","75.10","75.20","75.65","74.80","1.44M","-0.13%"
"05/16/2014","75.20","75.60","75.85","74.40","1.62M","-0.27%"
"05/15/2014","75.40","76.20","76.50","75.40","1.52M","-0.79%"
"05/14/2014","76.00","75.55","76.40","75.55","1.72M","0.80%"
"05/13/2014","75.40","75.70","75.95","75.20","1.86M","-0.26%"
"05/12/2014","75.60","74.10","75.70","73.50","2.42M","2.37%"
"05/09/2014","73.85","73.90","74.05","73.20","1.84M","-0.34%"
"05/08/2014","74.10","73.60","74.15","73.25","2.63M","1.02%"
"05/07/2014","73.35","72.00","73.50","72.00","2.04M","1.66%"
"05/06/2014","72.15","72.20","72.40","71.80","1.62M","0.00%"
"05/05/2014","72.15","72.25","72.50","71.45","1.56M","-0.76%"
"05/02/2014","72.70","73.50","73.75","72.55","2.44M","-0.14%"
"04/30/2014","72.80","72.70","73.45","72.40","2.65M","0.76%"
"04/29/2014","72.25","71.95","72.55","71.75","2.10M","1.05%"
"04/28/2014","71.50","71.50","71.70","70.85","1.57M","-0.07%"
"04/25/2014","71.55","71.65","71.70","70.80","2.21M","-0.14%"
"04/24/2014","71.65","71.70","72.40","71.10","5.16M","-1.31%"
"04/23/2014","72.60","72.15","72.95","71.80","2.99M","0.48%"
"04/22/2014","72.25","69.40","72.40","69.30","3.98M","5.01%"
"04/16/2014","68.80","69.30","69.35","68.65","791.99K","-0.07%"
"04/15/2014","68.85","69.95","70.00","68.65","2.67M","-1.15%"
"04/14/2014","69.65","68.50","69.95","68.50","4.46M","3.80%"
"04/11/2014","67.10","68.00","68.80","66.65","2.81M","-2.19%"
"04/10/2014","68.60","66.80","68.60","66.70","5.50M","3.08%"
"04/09/2014","66.55","66.55","67.05","66.15","1.85M","0.15%"
"04/08/2014","66.45","67.45","67.65","66.35","2.26M","-1.56%"
"04/07/2014","67.50","67.00","67.50","66.30","2.02M","0.07%"
"04/04/2014","67.45","67.80","67.80","67.00","1.99M","0.00%"
"04/03/2014","67.45","67.75","67.90","67.00","2.35M","-0.22%"
"04/02/2014","67.60","68.30","68.65","67.40","2.47M","-0.88%"
"04/01/2014","68.20","67.80","68.95","67.60","2.64M","0.59%"
"03/31/2014","67.80","68.50","68.95","66.95","5.37M","-1.74%"
"03/28/2014","69.00","70.05","70.75","68.75","3.64M","-0.79%"
"03/27/2014","69.55","69.00","70.30","68.20","6.82M","2.35%"
"03/26/2014","67.95","65.30","67.95","65.25","5.28M","4.38%"
"03/25/2014","65.10","63.95","65.10","63.80","2.50M","2.12%"
"03/24/2014","63.75","63.90","64.20","63.35","1.94M","0.31%"
"03/21/2014","63.55","63.80","64.35","63.45","3.63M","0.08%"
"03/20/2014","63.50","63.95","64.30","62.70","2.85M","-0.86%"
"03/19/2014","64.05","64.90","64.90","63.80","2.46M","-1.08%"
"03/18/2014","64.75","64.90","65.25","64.00","2.75M","0.08%"
"03/17/2014","64.70","63.95","64.95","63.50","2.15M","1.09%"
"03/14/2014","64.00","63.20","64.40","63.00","7.09M","-0.16%"
"03/13/2014","64.10","64.75","65.65","64.10","3.06M","-0.47%"
"03/12/2014","64.40","65.80","65.90","64.20","3.67M","-2.57%"
"03/11/2014","66.10","65.30","66.45","65.30","2.78M","1.46%"
"03/10/2014","65.15","65.30","66.10","64.80","3.39M","-0.31%"
"03/07/2014","65.35","64.05","66.15","63.70","3.96M","2.11%"
"03/06/2014","64.00","64.45","64.50","63.65","2.27M","0.00%"
"03/05/2014","64.00","65.10","66.10","64.00","4.80M","-1.31%"
"03/04/2014","64.85","63.95","65.40","63.70","4.22M","2.77%"
"03/03/2014","63.10","65.00","65.25","63.05","5.36M","-4.90%"
"02/28/2014","66.35","66.45","67.35","66.25","2.09M","-0.30%"
"02/27/2014","66.55","67.20","67.25","65.85","2.59M","-0.89%"
"02/26/2014","67.15","66.10","67.15","65.60","2.53M","2.21%"
"02/25/2014","65.70","66.70","67.10","65.60","1.75M","-1.35%"
"02/24/2014","66.60","67.10","67.25","66.20","2.48M","-0.82%"
"02/21/2014","67.15","66.35","67.30","65.80","3.38M","1.82%"
"02/20/2014","65.95","65.90","67.25","65.50","3.41M","-1.20%"
"02/19/2014","66.75","68.20","68.45","66.75","3.09M","-3.61%"
"02/18/2014","69.25","70.00","70.40","69.25","2.59M","-1.07%"
"02/17/2014","70.00","70.00","70.10","69.10","2.95M","1.30%"
"02/14/2014","69.10","68.10","69.45","67.25","7.54M","1.92%"
"02/13/2014","67.80","68.70","68.70","67.40","2.05M","-1.02%"
"02/12/2014","68.50","68.25","68.80","67.30","2.80M","1.11%"
"02/11/2014","67.75","68.10","68.30","67.10","3.32M","-0.37%"
"02/10/2014","68.00","69.95","70.50","67.70","3.85M","-2.72%"
"02/07/2014","69.90","69.90","70.70","69.45","4.05M","0.94%"
"02/06/2014","69.25","70.25","70.45","68.10","6.71M","-1.49%"
"02/05/2014","70.30","74.80","75.25","70.00","6.48M","-4.16%"
"02/04/2014","73.35","72.80","73.95","72.10","2.19M","-0.20%"
"02/03/2014","73.50","73.00","74.10","72.75","1.94M","1.87%"
"01/31/2014","72.15","73.30","73.30","71.50","3.04M","-1.23%"
"01/30/2014","73.05","73.50","73.70","68.05","2.42M","-1.42%"
"01/29/2014","74.10","75.65","76.45","73.80","2.32M","-1.13%"
"01/28/2014","74.95","75.30","77.25","74.80","2.73M","-0.07%"
"01/27/2014","75.00","75.40","75.50","65.20","3.79M","-1.06%"
"01/24/2014","75.80","78.00","78.20","75.80","3.32M","-2.94%"
"01/23/2014","78.10","78.00","78.30","76.90","2.77M","0.13%"
"01/22/2014","78.00","78.20","79.50","77.55","3.00M","-0.13%"
"01/21/2014","78.10","77.35","79.35","77.35","5.41M","1.49%"
"01/20/2014","76.95","75.00","76.95","75.00","2.83M","2.60%"
"01/17/2014","75.00","74.90","75.90","74.50","5.95M","0.13%"
"01/16/2014","74.90","74.00","75.00","73.40","3.64M","1.22%"
"01/15/2014","74.00","74.20","74.70","73.65","4.19M","0.00%"
"01/14/2014","74.00","71.10","74.00","70.55","6.59M","3.79%"
"01/13/2014","71.30","72.00","72.20","71.30","1.73M","-0.28%"
"01/10/2014","71.50","71.85","72.50","71.40","1.77M","-0.42%"
"01/09/2014","71.80","71.90","72.05","70.70","1.97M","-0.42%"
"01/08/2014","72.10","72.55","72.80","71.60","2.72M","0.28%"
"01/07/2014","71.90","72.80","73.50","71.85","2.50M","-1.30%"
"01/06/2014","72.85","73.95","74.25","72.80","1.40M","-1.49%"
"01/03/2014","73.95","73.60","74.30","73.20","1.73M","0.54%"
"01/02/2014","73.55","74.10","74.90","73.50","2.17M","-0.41%"
"12/30/2013","73.85","72.55","74.25","72.50","2.14M","1.86%"
"12/27/2013","72.50","72.10","72.80","71.25","1.38M","0.55%"
"12/23/2013","72.10","72.50","72.75","71.65","1.11M","-0.55%"
"12/20/2013","72.50","71.35","72.50","71.20","4.31M","1.90%"
"12/19/2013","71.15","71.80","71.80","70.50","3.22M","0.21%"
"12/18/2013","71.00","71.20","71.80","70.80","1.54M","0.28%"
"12/17/2013","70.80","71.90","72.10","70.75","4.50M","-1.19%"
"12/16/2013","71.65","71.10","72.45","70.45","2.02M","0.92%"
"12/13/2013","71.00","71.05","71.75","70.85","1.21M","-0.28%"
"12/12/2013","71.20","71.90","71.90","69.85","2.91M","-0.77%"
"12/11/2013","71.75","72.65","73.35","71.75","1.46M","-1.31%"
"12/10/2013","72.70","72.75","73.30","72.15","1.99M","-0.07%"
"12/09/2013","72.75","73.10","73.60","72.45","1.79M","0.14%"
"12/06/2013","72.65","72.10","73.50","71.90","3.20M","0.48%"
"12/05/2013","72.30","71.15","72.85","70.75","3.55M","2.26%"
"12/04/2013","70.70","71.00","71.60","70.25","1.76M","-0.42%"
"12/03/2013","71.00","72.00","72.65","71.00","3.06M","-1.39%"
"12/02/2013","72.00","71.00","72.15","70.80","3.04M","1.91%"
"11/29/2013","70.65","70.95","71.60","70.65","2.29M","-0.28%"
"11/28/2013","70.85","69.65","70.90","69.60","2.97M","2.09%"
"11/27/2013","69.40","69.30","69.50","68.65","1.71M","0.73%"
"11/26/2013","68.90","67.65","69.65","67.65","2.96M","1.85%"
"11/25/2013","67.65","67.70","67.95","67.30","994.14K","0.45%"
"11/22/2013","67.35","68.10","68.15","67.10","1.10M","0.37%"
"11/21/2013","67.10","68.40","68.40","67.10","1.41M","-1.40%"
"11/20/2013","68.05","68.15","68.70","67.80","1.26M","-0.15%"
"11/19/2013","68.15","68.50","69.40","67.85","1.50M","-0.80%"
"11/18/2013","68.70","69.45","69.60","68.50","1.39M","-1.58%"
"11/15/2013","69.80","69.90","70.05","69.50","1.69M","-0.14%"
"11/14/2013","69.90","69.50","69.90","68.50","2.04M","2.04%"
"11/13/2013","68.50","68.80","68.80","67.60","3.03M","-1.08%"
"11/12/2013","69.25","69.60","69.75","68.75","1.65M","-0.43%"
"11/11/2013","69.55","69.40","69.90","69.10","1.17M","0.43%"
"11/08/2013","69.25","69.20","69.75","68.60","1.85M","-0.07%"
"11/07/2013","69.30","69.70","70.60","69.20","2.72M","-0.36%"
"11/06/2013","69.55","67.95","69.65","67.95","2.14M","2.28%"
"11/05/2013","68.00","68.90","69.00","67.40","2.79M","-1.31%"
"11/04/2013","68.90","69.85","69.85","68.65","1.69M","-1.50%"
"11/01/2013","69.95","70.00","70.50","69.50","1.32M","0.21%"
"10/31/2013","69.80","69.40","70.20","69.30","1.48M","0.72%"
"10/30/2013","69.30","70.60","70.75","68.85","2.89M","-1.49%"
"10/29/2013","70.35","70.50","71.45","70.05","2.10M","-1.81%"
"10/28/2013","71.65","71.85","71.95","70.80","1.72M","-0.07%"
"10/25/2013","71.70","71.85","71.90","71.20","2.08M","-0.28%"
"10/24/2013","71.90","71.05","71.90","70.50","3.44M","2.42%"
"10/23/2013","70.20","70.65","71.50","69.70","3.42M","-0.14%"
"10/22/2013","70.30","70.10","70.70","69.70","2.33M","0.43%"
"10/21/2013","70.00","70.30","70.85","69.95","2.49M","0.36%"
"10/18/2013","69.75","70.00","70.30","69.75","1.57M","0.07%"
"10/17/2013","69.70","69.70","70.40","69.15","2.78M","0.14%"
"10/16/2013","69.60","67.90","69.65","67.80","2.61M","1.16%"
"10/15/2013","68.80","67.50","68.90","67.25","2.37M","1.40%"
"10/14/2013","67.85","67.00","68.10","66.75","2.39M","1.42%"
"10/11/2013","66.90","66.10","67.40","65.75","3.47M","1.59%"
"10/10/2013","65.85","64.80","66.20","64.25","3.66M","3.70%"
"10/09/2013","63.50","63.30","64.05","63.00","1.39M","-0.24%"
"10/08/2013","63.65","63.80","64.15","62.70","2.02M","-0.70%"
"10/07/2013","64.10","64.40","64.45","63.55","1.38M","0.08%"
"10/04/2013","64.05","65.30","65.30","63.90","1.66M","-1.84%"
"10/03/2013","65.25","64.30","65.25","64.10","1.42M","1.48%"
"10/02/2013","64.30","65.00","65.05","64.05","1.14M","-0.85%"
"10/01/2013","64.85","64.50","65.70","64.50","1.54M","1.01%"
"09/30/2013","64.20","64.40","64.50","63.80","1.38M","-0.47%"
"09/27/2013","64.50","65.30","65.50","64.45","1.82M","-0.85%"
"09/26/2013","65.05","63.70","65.20","63.65","4.59M","2.20%"
"09/25/2013","63.65","62.95","64.10","62.65","2.98M","1.84%"
"09/24/2013","62.50","62.15","63.25","61.70","1.78M","0.40%"
"09/23/2013","62.25","62.35","62.80","62.05","1.86M","-0.16%"
"09/20/2013","62.35","62.70","63.20","62.00","3.73M","-0.56%"
"09/19/2013","62.70","60.95","62.70","60.60","5.27M","3.89%"
"09/18/2013","60.35","59.70","60.75","59.30","2.82M","1.68%"
"09/17/2013","59.35","59.00","59.75","59.00","1.04M","-0.75%"
"09/16/2013","59.80","59.90","60.50","59.75","1.45M","0.34%"
"09/13/2013","59.60","59.55","60.20","59.10","1.22M","0.08%"
"09/12/2013","59.55","61.10","61.20","59.55","2.94M","-2.06%"
"09/11/2013","60.80","59.40","61.00","59.30","3.16M","2.70%"
"09/10/2013","59.20","58.50","59.45","58.50","2.61M","1.81%"
"09/09/2013","58.15","58.70","58.85","58.10","1.09M","-0.94%"
"09/06/2013","58.70","59.20","59.20","57.85","1.78M","-0.51%"
"09/05/2013","59.00","59.00","59.30","58.40","1.43M","0.34%"
"09/04/2013","58.80","58.15","59.10","57.40","1.89M","1.03%"
"09/03/2013","58.20","59.20","59.45","58.20","1.72M","-1.52%"
"09/02/2013","59.10","57.40","59.25","57.30","1.78M","3.96%"
"08/30/2013","56.85","57.95","57.95","56.85","1.59M","-1.22%"
"08/29/2013","57.55","58.15","58.30","56.95","2.65M","-0.78%"
"08/28/2013","58.00","56.20","58.20","55.65","2.61M","2.84%"
"08/27/2013","56.40","58.00","58.10","56.20","2.16M","-3.34%"
"08/26/2013","58.35","58.50","58.85","57.90","1.03M","-0.43%"
"08/23/2013","58.60","59.40","60.10","58.50","2.17M","-1.26%"
"08/22/2013","59.35","59.80","60.10","59.00","2.61M","-0.75%"
"08/21/2013","59.80","58.55","59.80","57.70","5.10M","1.01%"
"08/20/2013","59.20","58.80","59.40","57.70","3.07M","1.02%"
"08/19/2013","58.60","57.90","58.90","57.25","2.13M","2.09%"
"08/16/2013","57.40","57.80","58.40","57.35","1.97M","-0.17%"
"08/15/2013","57.50","58.90","59.30","57.30","2.20M","-1.71%"
"08/14/2013","58.50","59.60","59.70","58.45","2.73M","-2.26%"
"08/13/2013","59.85","59.95","60.25","59.50","1.34M","0.42%"
"08/12/2013","59.60","60.95","61.00","59.10","1.51M","-2.05%"
"08/09/2013","60.85","61.20","61.70","60.60","2.06M","0.33%"
"08/08/2013","60.65","58.70","61.00","58.70","2.60M","3.32%"
"08/07/2013","58.70","58.10","59.75","58.05","1.72M","0.60%"
"08/06/2013","58.35","58.90","59.55","58.35","1.61M","-0.60%"
"08/05/2013","58.70","58.80","59.40","58.00","1.15M","0.26%"
"08/02/2013","58.55","59.35","59.70","58.50","1.42M","-1.26%"
"08/01/2013","59.30","59.60","59.90","59.05","1.41M","-0.17%"
"07/31/2013","59.40","59.95","60.25","59.30","1.36M","-0.50%"
"07/30/2013","59.70","59.50","60.00","59.05","2.26M","1.62%"
"07/29/2013","58.75","60.10","60.40","58.05","2.46M","-2.08%"
"07/26/2013","60.00","60.00","60.15","57.95","2.63M","-0.25%"
"07/25/2013","60.15","61.60","61.60","60.15","1.94M","-2.20%"
"07/24/2013","61.50","61.75","62.10","61.50","666.94K","-0.24%"
"07/23/2013","61.65","62.20","62.40","61.65","901.36K","-0.08%"
"07/22/2013","61.70","62.50","62.80","61.70","1.20M","-0.48%"
"07/19/2013","62.00","61.80","62.40","61.30","1.29M","0.81%"
"07/18/2013","61.50","61.00","61.95","60.40","1.47M","0.82%"
"07/17/2013","61.00","61.95","62.00","60.85","1.60M","-1.53%"
"07/16/2013","61.95","62.60","62.80","61.90","875.68K","-0.88%"
"07/15/2013","62.50","62.95","63.20","62.35","744.39K","0.00%"
"07/12/2013","62.50","62.15","63.00","62.10","1.66M","0.64%"
"07/11/2013","62.10","62.50","62.90","62.00","1.48M","-0.56%"
"07/10/2013","62.45","62.45","63.00","62.25","901.21K","0.40%"
"07/09/2013","62.20","62.25","63.40","62.10","1.53M","0.00%"
"07/08/2013","62.20","63.50","64.40","61.90","1.90M","-2.05%"
"07/05/2013","63.50","63.50","64.00","63.15","1.15M","0.16%"
"07/04/2013","63.40","63.15","63.55","62.50","885.06K","1.36%"
"07/03/2013","62.55","63.50","63.50","62.55","1.27M","-1.34%"
"07/02/2013","63.40","63.00","63.45","61.90","1.50M","0.63%"
"07/01/2013","63.00","62.70","63.45","61.55","1.79M","2.27%"
"06/28/2013","61.60","63.00","63.35","61.60","1.95M","-1.75%"
"06/27/2013","62.70","61.10","62.70","60.85","3.25M","4.50%"
"06/26/2013","60.00","59.10","60.15","58.70","3.77M","2.39%"
"06/25/2013","58.60","58.00","59.45","58.00","2.41M","2.09%"
"06/24/2013","57.40","59.15","59.65","57.30","1.85M","-3.61%"
"06/21/2013","59.55","59.75","61.20","59.10","2.61M","-0.75%"
"06/20/2013","60.00","60.00","60.70","59.10","2.00M","-1.56%"
"06/19/2013","60.95","60.45","61.35","59.95","1.91M","1.08%"
"06/18/2013","60.30","59.90","60.90","59.70","1.55M","1.09%"
"06/17/2013","59.65","59.40","59.70","59.10","1.03M","1.10%"
"06/14/2013","59.00","59.25","59.80","59.00","932.50K","-0.08%"
"06/13/2013","59.05","59.00","59.40","58.20","1.19M","-0.42%"
"06/12/2013","59.30","58.30","59.60","58.30","1.24M","1.54%"
"06/11/2013","58.40","58.95","59.10","57.25","1.54M","-1.27%"
"06/10/2013","59.15","59.90","60.40","59.15","859.16K","-1.09%"
"06/07/2013","59.80","59.85","60.30","58.60","1.92M","-0.25%"
"06/06/2013","59.95","60.40","61.10","59.50","1.04M","-0.75%"
"06/05/2013","60.40","60.00","61.30","59.90","1.58M","0.33%"
"06/04/2013","60.20","60.95","61.45","59.60","1.61M","-0.66%"
"06/03/2013","60.60","60.90","61.50","60.05","1.67M","-0.98%"
"05/31/2013","61.20","62.50","62.50","61.20","1.96M","-2.08%"
"05/30/2013","62.50","61.95","62.75","61.90","1.16M","0.40%"
"05/29/2013","62.25","62.65","62.95","61.90","1.49M","-1.03%"
"05/28/2013","62.90","62.00","62.90","62.00","1.21M","1.45%"
"05/27/2013","62.00","62.40","62.55","61.75","428.98K","-0.16%"
"05/24/2013","62.10","62.90","62.90","61.60","2.97M","-1.43%"
"05/23/2013","63.00","63.00","63.70","62.40","2.56M","-0.79%"
"05/22/2013","63.50","64.10","64.20","63.30","2.61M","-0.31%"
"05/21/2013","63.70","61.95","64.35","61.60","4.55M","3.49%"
"05/16/2013","61.55","62.30","62.50","61.50","1.29M","-1.83%"
"05/15/2013","62.70","63.30","63.30","61.40","1.46M","-0.48%"
"05/14/2013","63.00","62.95","63.50","62.70","814.22K","0.08%"
"05/13/2013","62.95","63.20","63.90","62.80","1.33M","0.00%"
"05/10/2013","62.95","62.80","63.95","62.60","1.81M","0.72%"
"05/08/2013","62.50","61.50","62.65","61.50","2.29M","1.63%"
"05/07/2013","61.50","61.35","62.00","61.25","1.57M","0.33%"
"05/06/2013","61.30","61.70","62.00","61.20","1.04M","-0.33%"
"05/03/2013","61.50","62.40","62.50","61.35","2.06M","-0.65%"
"05/02/2013","61.90","60.00","64.70","60.00","6.84M","3.17%"
"04/30/2013","60.00","60.50","60.85","59.30","3.79M","2.30%"
"04/29/2013","58.65","59.50","59.80","58.65","1.27M","-1.43%"
"04/26/2013","59.50","58.90","59.60","58.80","837.50K","0.17%"
"04/25/2013","59.40","59.35","59.45","58.20","1.62M","0.68%"
"04/24/2013","59.00","59.50","59.55","58.30","1.33M","-1.09%"
"04/23/2013","59.65","59.30","59.75","58.95","1.37M","0.76%"
"04/22/2013","59.20","59.60","59.90","59.00","1.39M","-0.84%"
"04/19/2013","59.70","58.60","60.45","58.50","2.38M","2.67%"
"04/18/2013","58.15","57.70","58.40","57.50","981.55K","0.69%"
"04/17/2013","57.75","58.50","58.60","57.35","1.19M","-1.45%"
"04/16/2013","58.60","58.50","58.95","58.10","1.12M","-0.51%"
"04/15/2013","58.90","58.75","59.00","57.90","1.44M","0.51%"
"04/12/2013","58.60","58.00","59.20","57.55","2.01M","-0.17%"
"04/11/2013","58.70","58.10","58.70","57.85","1.45M","1.65%"
"04/10/2013","57.75","58.00","58.60","57.65","1.15M","0.09%"
"04/09/2013","57.70","57.10","57.75","57.00","1.81M","1.58%"
"04/08/2013","56.80","56.30","57.20","56.20","1.71M","1.70%"
"04/05/2013","55.85","56.95","57.10","55.25","2.50M","0.00%"
"04/04/2013","55.85","56.70","57.15","55.80","1.53M","-1.93%"
"04/03/2013","56.95","55.40","57.00","55.00","2.03M","2.98%"
"04/02/2013","55.30","52.60","55.40","52.10","1.50M","2.12%"
"03/27/2013","54.15","55.20","55.20","53.80","595.84K","-1.55%"
"03/26/2013","55.00","54.20","55.05","53.80","974.42K","1.57%"
"03/25/2013","54.15","54.70","55.30","53.75","1.04M","0.19%"
"03/22/2013","54.05","53.15","55.55","53.10","4.34M","2.95%"
"03/21/2013","52.50","53.60","53.95","52.15","3.86M","-2.05%"
"03/20/2013","53.60","54.55","55.00","53.60","1.33M","-1.65%"
"03/19/2013","54.50","55.30","55.35","54.10","1.29M","-1.09%"
"03/18/2013","55.10","54.45","55.15","53.90","1.72M","-0.81%"
"03/15/2013","55.55","55.50","55.80","53.55","6.01M","0.09%"
"03/14/2013","55.50","56.80","56.90","55.15","1.37M","-2.29%"
"03/13/2013","56.80","57.15","57.20","56.10","2.07M","-1.39%"
"03/12/2013","57.60","56.50","57.65","56.15","1.90M","1.50%"
"03/11/2013","56.75","55.95","56.85","55.00","1.59M","0.62%"
"03/08/2013","56.40","56.90","57.05","55.80","1.31M","-0.35%"
"03/07/2013","56.60","56.60","57.20","56.60","782.40K","-0.53%"
"03/06/2013","56.90","57.30","57.45","56.50","1.24M","-0.35%"
"03/05/2013","57.10","57.40","58.05","56.65","1.73M","-0.17%"
"03/04/2013","57.20","58.95","58.95","56.60","2.93M","-3.70%"
"03/01/2013","59.40","60.35","61.35","59.30","1.70M","-1.74%"
"02/28/2013","60.45","60.00","60.75","59.80","1.82M","1.09%"
"02/27/2013","59.80","58.40","59.95","58.40","1.77M","2.40%"
"02/26/2013","58.40","58.50","58.75","58.10","1.05M","-1.43%"
"02/25/2013","59.25","59.00","59.60","59.00","1.30M","0.59%"
"02/22/2013","58.90","58.90","59.25","58.55","1.11M","0.68%"
"02/21/2013","58.50","58.85","59.25","58.40","1.13M","-1.35%"
"02/20/2013","59.30","59.15","59.80","58.95","1.10M","0.25%"
"02/19/2013","59.15","58.35","59.15","58.00","1.22M","2.16%"
"02/18/2013","57.90","58.40","58.60","57.65","611.05K","-1.19%"
"02/15/2013","58.60","57.15","58.60","56.60","1.33M","2.27%"
"02/14/2013","57.30","58.00","58.20","57.10","956.36K","-1.63%"
"02/13/2013","58.25","58.00","58.25","57.60","1.26M","0.43%"
"02/12/2013","58.00","58.00","58.30","57.30","1.39M","0.26%"
"02/11/2013","57.85","57.50","58.80","57.40","2.30M","0.78%"
"02/08/2013","57.40","56.30","57.40","56.10","1.83M","2.14%"
"02/07/2013","56.20","55.70","56.50","55.55","2.25M","0.99%"
"02/06/2013","55.65","55.75","56.45","54.40","2.76M","1.18%"
"02/05/2013","55.00","55.40","55.50","54.75","1.17M","-0.81%"
"02/04/2013","55.45","55.50","55.80","55.05","1.46M","0.00%"
"02/01/2013","55.45","54.80","55.50","54.55","1.36M","1.37%"
"01/31/2013","54.70","54.75","55.00","54.40","1.26M","-0.45%"
"01/30/2013","54.95","53.50","55.20","53.50","1.59M","1.67%"
"01/29/2013","54.05","53.50","54.10","53.35","1.08M","1.03%"
"01/28/2013","53.50","54.10","54.25","53.20","1.13M","-0.56%"
"01/25/2013","53.80","53.55","53.80","52.80","1.67M","0.09%"
"01/24/2013","53.75","54.15","54.30","53.50","1.04M","-0.65%"
"01/23/2013","54.10","54.30","54.60","53.55","1.06M","-0.37%"
"01/22/2013","54.30","54.95","54.95","54.25","1.43M","-0.91%"
"01/21/2013","54.80","54.40","54.90","54.35","1.15M","1.48%"
"01/18/2013","54.00","53.65","54.90","53.65","2.31M","0.93%"
"01/17/2013","53.50","52.60","53.90","52.20","2.89M","1.71%"
"01/16/2013","52.60","50.60","52.65","49.84","4.88M","1.94%"
"01/15/2013","51.60","51.90","52.10","51.55","1.25M","-0.48%"
"01/14/2013","51.85","51.50","51.95","51.15","1.62M","1.27%"
"01/11/2013","51.20","51.60","52.00","51.00","2.95M","-0.19%"
"01/10/2013","51.30","51.00","51.65","50.65","1.97M","0.69%"
"01/09/2013","50.95","50.35","50.95","50.30","1.07M","1.19%"
"01/08/2013","50.35","49.82","51.00","49.56","1.96M","0.30%"
"01/07/2013","50.20","51.05","51.40","50.20","1.39M","-1.47%"
"01/04/2013","50.95","51.40","51.50","50.60","1.78M","-1.16%"
"01/03/2013","51.55","51.25","51.70","50.80","1.23M","-0.48%"
"01/02/2013","51.80","52.00","52.05","51.60","1.01M","1.17%"
"12/28/2012","51.20","51.45","51.70","50.90","733.90K","-0.19%"
"12/27/2012","51.30","52.20","52.25","51.30","574.33K","-1.54%"
"12/21/2012","52.10","51.50","52.50","51.45","2.17M","0.68%"
"12/20/2012","51.75","51.80","51.80","51.15","1.33M","-0.10%"
"12/19/2012","51.80","51.75","51.95","51.35","2.45M","0.78%"
"12/18/2012","51.40","51.20","51.55","51.05","1.61M","1.18%"
"12/17/2012","50.80","50.60","51.60","50.55","1.83M","0.40%"
"12/14/2012","50.60","50.85","51.05","50.55","1.33M","-0.78%"
"12/13/2012","51.00","51.00","51.30","50.50","1.23M","-0.20%"
"12/12/2012","51.10","49.60","51.35","49.60","2.71M","2.40%"
"12/11/2012","49.90","49.42","49.90","48.72","1.22M","1.63%"
"12/10/2012","49.10","50.05","50.50","49.10","1.43M","-2.48%"
"12/07/2012","50.35","50.30","50.60","50.00","1.02M","-0.30%"
"12/06/2012","50.50","49.90","50.70","49.60","2.20M","1.77%"
"12/05/2012","49.62","50.20","50.45","49.60","1.79M","-1.16%"
"12/04/2012","50.20","49.70","50.40","49.70","1.92M","0.64%"
"12/03/2012","49.88","49.60","50.15","49.48","1.94M","0.77%"
"11/30/2012","49.50","49.60","49.86","49.36","1.60M","-0.24%"
"11/29/2012","49.62","48.56","49.90","48.20","2.39M","2.44%"
"11/28/2012","48.44","48.40","48.74","47.80","1.34M","0.62%"
"11/27/2012","48.14","48.50","48.78","48.00","1.41M","-0.58%"
"11/26/2012","48.42","48.74","49.26","48.22","1.44M","-1.10%"
"11/23/2012","48.96","49.54","49.80","48.80","1.44M","-0.97%"
"11/22/2012","49.44","49.36","49.80","48.66","1.65M","0.57%"
"11/21/2012","49.16","48.70","49.90","48.60","2.27M","0.94%"
"11/20/2012","48.70","47.86","49.10","47.86","2.01M","1.21%"
"11/19/2012","48.12","47.50","48.18","47.22","1.92M","2.21%"
"11/16/2012","47.08","45.94","47.50","45.52","1.70M","2.57%"
"11/15/2012","45.90","46.00","46.30","45.20","1.30M","-0.99%"
"11/14/2012","46.36","46.50","46.90","45.20","1.54M","-0.39%"
"11/13/2012","46.54","46.60","47.18","46.30","906.64K","-1.27%"
"11/12/2012","47.14","47.00","47.70","46.96","688.50K","-0.46%"
"11/09/2012","47.36","46.88","47.58","46.40","1.61M","1.37%"
"11/08/2012","46.72","46.40","47.16","46.10","1.02M","0.86%"
"11/07/2012","46.32","45.78","47.40","45.78","1.51M","1.18%"
"11/06/2012","45.78","45.76","46.36","45.34","1.20M","-0.26%"
"11/05/2012","45.90","46.90","46.96","45.84","1.11M","-2.13%"
"11/02/2012","46.90","46.16","47.10","45.70","2.24M","2.45%"
"11/01/2012","45.78","44.68","45.88","44.50","1.16M","2.19%"
"10/31/2012","44.80","45.04","45.90","44.76","1.13M","-0.84%"
"10/30/2012","45.18","46.00","46.12","44.62","997.59K","-1.57%"
"10/29/2012","45.90","45.72","46.14","44.74","2.23M","-1.29%"
"10/26/2012","46.50","47.62","48.02","43.70","6.76M","-5.18%"
"10/25/2012","49.04","48.22","49.06","48.06","2.20M","1.20%"
"10/24/2012","48.46","47.48","48.68","46.26","2.55M","3.24%"
"10/23/2012","46.94","47.88","48.30","46.70","1.56M","-2.57%"
"10/22/2012","48.18","47.60","48.30","47.44","1.03M","0.79%"
"10/19/2012","47.80","47.98","48.40","47.60","1.09M","-0.62%"
"10/18/2012","48.10","47.70","48.48","47.26","1.13M","0.33%"
"10/17/2012","47.94","48.70","48.72","47.60","1.31M","-1.36%"
"10/16/2012","48.60","48.80","49.00","48.24","987.18K","0.21%"
"10/15/2012","48.50","47.44","48.60","47.44","1.20M","2.11%"
"10/12/2012","47.50","47.94","48.26","47.44","1.21M","-1.29%"
"10/11/2012","48.12","47.80","48.86","47.62","1.66M","0.75%"
"10/10/2012","47.76","47.08","47.96","46.78","1.70M","0.59%"
"10/09/2012","47.48","47.70","49.04","46.52","4.71M","-3.10%"
"10/08/2012","49.00","49.98","50.30","49.00","1.41M","-2.20%"
"10/05/2012","50.10","48.50","50.30","48.08","3.86M","3.94%"
"10/04/2012","48.20","47.70","48.46","47.46","1.40M","1.69%"
"10/03/2012","47.40","46.52","47.78","46.26","1.50M","1.50%"
"10/02/2012","46.70","46.90","47.14","46.12","1.78M","-0.64%"
"10/01/2012","47.00","46.40","47.86","46.26","1.56M","1.51%"
"09/28/2012","46.30","46.54","46.98","46.30","1.70M","-0.30%"
"09/27/2012","46.44","45.32","46.76","45.00","2.20M","2.70%"
"09/26/2012","45.22","46.10","46.24","44.80","1.79M","-2.88%"
"09/25/2012","46.56","45.56","46.94","45.50","1.09M","2.02%"
"09/24/2012","45.64","46.60","46.86","45.64","954.56K","-2.06%"
"09/21/2012","46.60","45.02","46.78","45.02","1.49M","2.42%"
"09/20/2012","45.50","47.90","48.18","45.30","3.70M","-5.60%"
"09/19/2012","48.20","48.12","48.68","47.98","1.12M","0.17%"
"09/18/2012","48.12","47.44","48.20","46.74","1.39M","1.09%"
"09/17/2012","47.60","47.62","48.06","47.40","1.01M","-0.96%"
"09/14/2012","48.06","48.40","48.90","47.68","2.38M","0.97%"
"09/13/2012","47.60","48.92","48.92","47.42","1.73M","-2.70%"
"09/12/2012","48.92","46.92","48.94","46.48","2.58M","4.53%"
"09/11/2012","46.80","46.58","47.18","46.08","1.49M","-0.09%"
"09/10/2012","46.84","47.70","47.94","46.62","1.24M","-2.09%"
"09/07/2012","47.84","47.50","48.60","47.36","2.73M","0.80%"
"09/06/2012","47.46","46.76","47.46","46.58","2.31M","1.28%"
"09/05/2012","46.86","46.24","46.92","46.00","1.85M","0.77%"
"09/04/2012","46.50","47.20","47.58","46.30","2.56M","-0.64%"
"09/03/2012","46.80","44.76","46.80","44.40","1.92M","4.28%"
"08/31/2012","44.88","44.52","45.38","44.22","1.70M","0.63%"
"08/30/2012","44.60","45.50","45.50","44.52","1.89M","-2.11%"
"08/29/2012","45.56","44.78","45.68","44.30","1.22M","1.38%"
"08/28/2012","44.94","45.24","45.40","44.04","2.29M","-1.23%"
"08/27/2012","45.50","45.00","45.84","44.80","1.92M","0.89%"
"08/24/2012","45.10","43.40","45.78","43.12","3.40M","3.92%"
"08/23/2012","43.40","43.90","44.00","43.22","2.62M","-0.69%"
"08/22/2012","43.70","42.50","44.00","42.04","4.29M","2.82%"
"08/21/2012","42.50","41.10","42.50","40.98","2.27M","3.41%"
"08/20/2012","41.10","41.58","42.10","41.08","1.27M","-1.15%"
"08/17/2012","41.58","41.78","41.80","41.36","1.41M","0.10%"
"08/16/2012","41.54","41.52","41.90","41.20","1.30M","0.44%"
"08/15/2012","41.36","41.32","41.76","40.80","1.13M","0.63%"
"08/14/2012","41.10","40.52","41.20","39.70","1.60M","1.48%"
"08/13/2012","40.50","40.60","41.04","40.42","887.26K","-1.03%"
"08/10/2012","40.92","41.38","41.38","40.68","697.62K","-1.16%"
"08/09/2012","41.40","40.80","41.70","40.58","1.23M","2.27%"
"08/08/2012","40.48","41.78","41.82","40.24","1.83M","-3.16%"
"08/07/2012","41.80","41.52","42.30","41.50","1.45M","-1.09%"
"08/06/2012","42.26","41.70","42.40","41.20","1.56M","1.34%"
"08/03/2012","41.70","39.50","41.88","39.50","2.36M","5.04%"
"08/02/2012","39.70","40.00","40.30","39.06","2.30M","-0.75%"
"08/01/2012","40.00","40.00","40.58","39.80","969.52K","-0.74%"
"07/31/2012","40.30","41.00","41.20","40.12","1.32M","-2.23%"
"07/30/2012","41.22","39.78","41.48","39.00","1.78M","3.99%"
"07/27/2012","39.64","39.10","39.68","37.52","1.94M","1.90%"
"07/26/2012","38.90","39.72","39.88","38.50","1.79M","-1.37%"
"07/25/2012","39.44","38.60","40.18","38.26","2.21M","0.82%"
"07/24/2012","39.12","39.52","39.86","38.60","1.76M","-2.20%"
"07/23/2012","40.00","41.62","41.62","40.00","1.86M","-4.53%"
"07/20/2012","41.90","43.56","43.88","41.72","2.49M","-4.77%"
"07/19/2012","44.00","42.40","44.40","42.10","3.63M","1.48%"
"07/18/2012","43.36","43.50","43.60","42.72","2.15M","-0.32%"
"07/17/2012","43.50","44.10","44.38","42.90","2.47M","-1.72%"
"07/16/2012","44.26","43.10","44.26","42.14","2.43M","2.69%"
"07/13/2012","43.10","41.56","43.10","41.24","1.83M","4.11%"
"07/12/2012","41.40","41.36","42.00","41.12","1.55M","0.34%"
"07/11/2012","41.26","41.62","41.90","40.94","1.17M","-1.67%"
"07/10/2012","41.96","40.68","42.00","40.38","1.57M","3.86%"
"07/09/2012","40.40","40.76","40.96","40.14","1.12M","-0.44%"
"07/06/2012","40.58","41.00","41.70","40.36","2.69M","-1.46%"
"07/05/2012","41.18","42.24","42.36","41.04","1.66M","-2.28%"
"07/04/2012","42.14","41.72","42.30","41.60","939.47K","0.19%"
"07/03/2012","42.06","41.50","42.46","41.42","1.64M","0.86%"
"07/02/2012","41.70","41.74","41.84","40.12","2.48M","-1.09%"
"06/29/2012","42.16","42.00","42.64","41.40","4.29M","2.63%"
"06/28/2012","41.08","39.04","41.08","38.76","5.07M","5.33%"
"06/27/2012","39.00","37.28","39.14","37.24","2.81M","5.12%"
"06/26/2012","37.10","37.08","37.88","36.82","1.87M","-0.48%"
"06/25/2012","37.28","37.10","38.52","36.02","2.38M","-0.59%"
"06/22/2012","37.50","36.60","38.08","36.14","2.15M","0.48%"
"06/21/2012","37.32","37.80","38.16","37.24","3.27M","-2.00%"
"06/20/2012","38.08","37.14","38.44","36.78","3.58M","2.26%"
"06/19/2012","37.24","36.52","37.76","36.28","2.16M","1.09%"
"06/18/2012","36.84","38.60","39.00","36.80","2.02M","-3.05%"
"06/15/2012","38.00","35.86","38.90","35.00","6.01M","5.32%"
"06/14/2012","36.08","34.00","36.20","34.00","4.93M","5.81%"
"06/13/2012","34.10","34.10","34.30","33.38","2.08M","-0.23%"
"06/12/2012","34.18","33.74","34.48","33.60","1.81M","0.83%"
"06/11/2012","33.90","35.56","35.96","33.82","3.32M","-3.31%"
"06/08/2012","35.06","33.30","35.54","33.06","5.07M","4.35%"
"06/07/2012","33.60","32.90","33.76","32.50","3.89M","2.69%"
"06/06/2012","32.72","30.50","32.82","30.50","4.19M","8.20%"
"06/05/2012","30.24","30.18","30.42","29.80","1.65M","0.87%"
"06/04/2012","29.98","29.66","30.36","29.22","1.94M","-0.20%"
"06/01/2012","30.04","29.80","30.28","29.62","2.05M","0.74%"
"05/31/2012","29.82","30.78","30.78","29.48","3.14M","-2.04%"
"05/30/2012","30.44","30.98","31.50","30.40","2.90M","-1.81%"
"05/29/2012","31.00","30.90","31.06","30.52","1.17M","0.52%"
"05/25/2012","30.84","30.66","31.14","30.02","1.95M","0.06%"
"05/24/2012","30.82","30.58","31.38","29.50","3.57M","1.72%"
"05/23/2012","30.30","31.30","31.30","30.04","3.19M","-4.90%"
"05/22/2012","31.86","30.86","32.06","30.78","2.39M","3.24%"
"05/21/2012","30.86","30.20","31.20","30.20","1.89M","1.78%"
"05/18/2012","30.32","30.98","31.58","30.26","2.85M","-5.19%"
"05/16/2012","31.98","30.68","32.30","30.24","2.83M","2.96%"
"05/15/2012","31.06","31.40","31.42","30.20","3.07M","-2.02%"
"05/14/2012","31.70","32.68","32.68","31.40","2.63M","-3.94%"
"05/11/2012","33.00","32.98","33.26","32.08","3.86M","0.00%"
"05/10/2012","33.00","30.68","33.00","30.42","6.33M","7.49%"
"05/09/2012","30.70","30.30","30.90","29.50","5.22M","4.85%"
"05/08/2012","29.28","29.70","30.06","29.24","2.68M","-0.81%"
"05/07/2012","29.52","28.00","29.58","27.90","1.38M","4.31%"
"05/04/2012","28.30","29.26","29.26","28.30","2.11M","-3.28%"
"05/03/2012","29.26","29.50","29.70","28.88","2.23M","-0.34%"
"05/02/2012","29.36","29.42","29.66","29.12","1.95M","0.00%"
"04/30/2012","29.36","29.30","29.50","29.06","1.15M","-0.34%"
"04/27/2012","29.46","29.30","29.74","28.82","2.19M","0.20%"
"04/26/2012","29.40","29.64","29.90","29.12","2.20M","-0.81%"
"04/25/2012","29.64","28.30","29.78","28.22","7.03M","4.81%"
"04/24/2012","28.28","27.82","28.30","27.58","2.60M","1.87%"
"04/23/2012","27.76","27.80","28.02","27.14","2.10M","-1.07%"
"04/20/2012","28.06","27.26","28.30","27.20","2.06M","2.78%"
"04/19/2012","27.30","27.90","28.02","27.16","3.69M","-1.59%"
"04/18/2012","27.74","28.52","29.16","27.48","6.04M","-5.65%"
"04/17/2012","29.40","28.32","29.40","28.22","2.01M","3.81%"
"04/16/2012","28.32","28.10","28.78","27.50","2.69M","0.00%"
"04/13/2012","28.32","28.68","29.00","28.12","2.58M","-1.39%"
"04/12/2012","28.72","28.00","28.72","27.62","2.12M","2.21%"
"04/11/2012","28.10","27.60","28.52","27.40","3.22M","1.52%"
"04/10/2012","27.68","29.34","29.34","27.52","5.17M","-7.49%"
"04/04/2012","29.92","28.92","30.40","28.92","2.02M","1.77%"
"04/03/2012","29.40","29.14","29.62","28.76","1.76M","0.20%"
"04/02/2012","29.34","29.40","29.72","28.94","1.52M","-0.20%"
"03/30/2012","29.40","29.20","30.50","29.20","3.92M","1.24%"
"03/29/2012","29.04","29.12","29.52","28.54","2.74M","-0.27%"
"03/28/2012","29.12","29.22","29.84","28.94","1.88M","-0.75%"
"03/27/2012","29.34","29.56","29.88","28.92","3.05M","-1.01%"
"03/26/2012","29.64","29.90","29.98","28.12","6.11M","-0.87%"
"03/23/2012","29.90","30.00","30.26","29.62","2.69M","-0.66%"
"03/22/2012","30.10","30.60","30.70","29.62","3.59M","-2.59%"
"03/21/2012","30.90","31.22","31.60","30.70","2.70M","-2.09%"
"03/20/2012","31.56","32.34","32.34","31.20","3.31M","-2.71%"
"03/19/2012","32.44","32.90","32.90","32.00","3.50M","-2.29%"
"03/16/2012","33.20","32.58","33.70","32.40","3.41M","1.84%"
"03/15/2012","32.60","32.50","32.94","32.34","3.56M","-0.43%"
"03/14/2012","32.74","31.48","32.88","31.30","5.61M","4.94%"
"03/13/2012","31.20","30.70","31.76","30.56","3.89M","3.04%"
"03/12/2012","30.28","29.40","30.58","29.16","2.39M","2.85%"
"03/09/2012","29.44","30.00","30.26","29.12","2.63M","-1.34%"
"03/08/2012","29.84","28.76","30.38","28.64","5.78M","5.37%"
"03/07/2012","28.32","26.44","28.50","26.32","4.35M","7.44%"
"03/06/2012","26.36","27.78","27.90","26.20","4.07M","-5.18%"
"03/05/2012","27.80","29.02","29.16","27.74","3.65M","-4.47%"
"03/02/2012","29.10","29.92","30.04","28.96","1.83M","-2.02%"
"03/01/2012","29.70","29.74","30.20","29.52","1.95M","-1.00%"
"02/29/2012","30.00","29.82","30.34","29.20","1.64M","1.56%"
"02/28/2012","29.54","30.00","30.30","29.44","2.17M","-0.67%"
"02/27/2012","29.74","30.12","30.38","29.48","1.77M","-2.24%"
"02/24/2012","30.42","30.50","30.70","29.82","1.93M","0.93%"
"02/23/2012","30.14","30.90","30.98","29.78","2.07M","-2.77%"
"02/22/2012","31.00","31.32","31.46","30.60","2.00M","-0.32%"
"02/21/2012","31.10","31.98","32.18","31.00","2.11M","-1.95%"
"02/20/2012","31.72","31.34","31.90","31.16","1.57M","1.21%"
"02/17/2012","31.34","30.50","31.48","30.48","3.58M","3.09%"
"02/16/2012","30.40","30.86","30.86","30.20","2.77M","-1.94%"
"02/15/2012","31.00","31.10","31.30","30.36","2.31M","0.65%"
"02/14/2012","30.80","31.10","31.70","30.76","3.33M","-0.84%"
"02/13/2012","31.06","30.80","31.40","30.40","2.77M","0.84%"
"02/10/2012","30.80","30.50","31.12","29.92","3.47M","0.33%"
"02/09/2012","30.70","31.84","31.88","30.60","4.19M","-3.15%"
"02/08/2012","31.70","31.82","32.46","30.50","5.61M","-1.55%"
"02/07/2012","32.20","33.40","33.54","31.82","4.27M","-4.00%"
"02/06/2012","33.54","34.60","34.62","33.10","1.80M","-2.78%"
"02/03/2012","34.50","33.30","34.50","33.02","2.40M","3.60%"
"02/02/2012","33.30","33.18","33.70","31.80","2.02M","0.36%"
"02/01/2012","33.18","31.84","33.20","31.84","2.55M","4.21%"
"01/31/2012","31.84","31.98","31.98","31.36","2.73M","2.18%"
"01/30/2012","31.16","31.84","32.40","31.02","1.60M","-3.23%"
"01/27/2012","32.20","32.38","32.82","31.62","3.07M","1.45%"
"01/26/2012","31.74","32.00","32.22","31.02","3.46M","-0.81%"
"01/25/2012","32.00","31.06","32.12","31.02","2.53M","3.23%"
"01/24/2012","31.00","32.82","32.84","30.70","4.94M","-5.55%"
"01/23/2012","32.82","32.78","33.26","32.20","2.25M","0.00%"
"01/20/2012","32.82","32.98","32.98","32.10","1.93M","0.43%"
"01/19/2012","32.68","31.80","32.84","31.60","4.17M","3.22%"
"01/18/2012","31.66","31.92","31.96","31.22","3.03M","-0.31%"
"01/17/2012","31.76","32.40","32.78","31.72","3.46M","0.44%"
"01/16/2012","31.62","31.54","32.00","30.82","3.43M","0.38%"
"01/13/2012","31.50","30.76","31.80","30.50","5.95M","3.82%"
"01/12/2012","30.34","29.52","30.90","29.38","5.39M","3.13%"
"01/11/2012","29.42","29.10","30.10","28.98","3.21M","1.10%"
"01/10/2012","29.10","29.74","29.80","28.90","4.61M","-2.02%"
"01/09/2012","29.70","28.90","30.06","28.90","2.81M","2.34%"
"01/06/2012","29.02","28.00","29.14","28.00","2.89M","2.83%"
"01/05/2012","28.22","28.00","29.20","27.96","2.98M","1.07%"
"01/04/2012","27.92","27.92","29.78","27.64","3.29M","-0.57%"
"01/03/2012","28.08","26.20","28.40","26.10","2.42M","7.50%"
"01/02/2012","26.12","25.80","26.60","25.80","1.10M","1.01%"
"12/30/2011","25.86","26.04","26.20","25.62","472.24K","-1.15%"
"12/29/2011","26.16","26.24","26.40","25.68","716.25K","-1.13%"
"12/28/2011","26.46","26.00","26.46","25.64","1.15M","2.00%"
"12/27/2011","25.94","26.18","26.66","25.94","428.15K","-2.11%"
"12/23/2011","26.50","26.20","26.70","26.00","802.90K","0.99%"
"12/22/2011","26.24","25.80","26.50","25.70","1.88M","1.71%"
"12/21/2011","25.80","26.20","26.62","25.36","2.31M","-1.07%"
"12/20/2011","26.08","25.40","26.18","25.12","1.50M","3.08%"
"12/19/2011","25.30","25.00","26.10","24.78","1.46M","-0.78%"
"12/16/2011","25.50","24.66","25.54","24.50","2.33M","3.24%"
"12/15/2011","24.70","24.50","25.18","24.00","2.46M","1.65%"
"12/14/2011","24.30","25.20","25.64","24.20","2.24M","-4.41%"
"12/13/2011","25.42","25.80","26.36","25.00","2.34M","-1.47%"
"12/12/2011","25.80","27.10","27.18","25.70","2.40M","-5.01%"
"12/09/2011","27.16","26.30","27.76","26.26","3.28M","2.11%"
"12/08/2011","26.60","25.52","27.00","25.50","4.73M","4.23%"
"12/07/2011","25.52","26.20","26.32","25.50","3.08M","-0.70%"
"12/06/2011","25.70","25.60","26.32","25.28","2.16M","-0.54%"
"12/05/2011","25.84","25.78","26.40","25.60","1.61M","0.39%"
"12/02/2011","25.74","25.50","26.56","25.18","2.90M","0.94%"
"12/01/2011","25.50","25.20","25.70","24.90","2.76M","2.08%"
"11/30/2011","24.98","24.20","25.76","24.02","2.46M","1.96%"
"11/29/2011","24.50","25.00","25.68","24.50","2.56M","-2.31%"
"11/28/2011","25.08","24.48","25.10","24.30","2.25M","5.11%"
"11/25/2011","23.86","23.20","24.04","23.00","2.38M","3.65%"
"11/24/2011","23.02","22.54","23.44","22.50","3.55M","3.69%"
"11/23/2011","22.20","24.10","24.10","22.14","5.11M","-8.26%"
"11/22/2011","24.20","25.44","25.90","24.20","1.70M","-3.43%"
"11/21/2011","25.06","26.92","26.92","25.04","1.87M","-6.91%"
"11/18/2011","26.92","25.50","27.50","25.30","3.92M","5.16%"
"11/17/2011","25.60","25.92","26.68","25.60","1.65M","-2.36%"
"11/16/2011","26.22","24.80","26.46","24.80","2.40M","5.30%"
"11/15/2011","24.90","24.32","25.52","24.16","3.42M","1.22%"
"11/14/2011","24.60","26.10","26.48","24.52","2.29M","-5.09%"
"11/11/2011","25.92","26.28","26.98","25.38","2.95M","-0.31%"
"11/10/2011","26.00","25.74","27.34","25.60","2.26M","-2.55%"
"11/09/2011","26.68","28.20","28.68","26.18","4.32M","-3.82%"
"11/08/2011","27.74","25.82","28.36","25.54","4.24M","9.21%"
"11/07/2011","25.40","25.96","26.50","25.20","2.04M","-3.57%"
"11/04/2011","26.34","26.50","27.24","25.42","2.93M","0.46%"
"11/03/2011","26.22","23.78","26.22","23.28","6.43M","8.35%"
"11/02/2011","24.20","23.04","24.54","22.90","2.72M","5.22%"
"11/01/2011","23.00","24.10","24.48","22.80","3.44M","-7.63%"
"10/31/2011","24.90","25.74","26.00","24.60","1.66M","-5.03%"
"10/28/2011","26.22","26.00","26.42","25.06","2.92M","-0.15%"
"10/27/2011","26.26","26.94","27.86","26.18","3.25M","-1.87%"
"10/26/2011","26.76","26.20","27.38","26.06","2.24M","2.69%"
"10/25/2011","26.06","26.80","27.12","25.74","2.73M","-3.98%"
"10/24/2011","27.14","25.00","27.32","24.50","3.39M","8.56%"
"10/21/2011","25.00","23.84","25.20","23.62","2.00M","4.34%"
"10/20/2011","23.96","22.60","24.16","22.50","2.02M","5.83%"
"10/19/2011","22.64","22.52","23.40","22.38","1.50M","0.53%"
"10/18/2011","22.52","23.80","23.80","21.82","4.52M","-5.70%"
"10/17/2011","23.88","23.18","25.84","22.74","4.65M","2.93%"
"10/14/2011","23.20","22.78","23.80","22.70","1.87M","0.87%"
"10/13/2011","23.00","23.20","23.90","22.62","1.45M","-0.86%"
"10/12/2011","23.20","22.24","23.20","21.52","2.31M","4.04%"
"10/11/2011","22.30","23.00","23.12","22.02","1.77M","-3.88%"
"10/10/2011","23.20","23.24","23.40","22.02","2.83M","0.35%"
"10/07/2011","23.12","24.20","24.28","23.06","2.05M","-3.99%"
"10/06/2011","24.08","23.50","24.70","23.50","3.26M","3.53%"
"10/05/2011","23.26","22.60","23.60","22.00","2.76M","6.21%"
"10/04/2011","21.90","22.38","24.00","21.80","4.66M","-6.41%"
"10/03/2011","23.40","25.40","25.40","23.40","3.35M","-9.23%"
"09/30/2011","25.78","27.12","27.50","25.50","1.54M","-6.25%"
"09/29/2011","27.50","26.14","27.80","25.90","2.08M","4.32%"
"09/28/2011","26.36","27.10","27.30","25.90","2.49M","-2.95%"
"09/27/2011","27.16","27.50","27.96","26.64","3.82M","0.52%"
"09/26/2011","27.02","28.20","28.36","26.78","2.74M","-5.46%"
"09/23/2011","28.58","30.30","30.30","28.50","2.18M","-4.99%"
"09/22/2011","30.08","29.64","30.62","29.30","3.30M","-0.40%"
"09/21/2011","30.20","29.62","30.58","29.28","2.21M","1.96%"
"09/20/2011","29.62","29.36","30.46","28.80","2.54M","-0.13%"
"09/19/2011","29.66","29.86","30.78","29.10","2.02M","-3.01%"
"09/16/2011","30.58","31.10","31.34","30.12","2.88M","-0.97%"
"09/15/2011","30.88","29.52","31.50","29.52","2.63M","2.66%"
"09/14/2011","30.08","28.98","30.50","28.50","2.31M","3.30%"
"09/13/2011","29.12","29.80","30.20","28.90","2.43M","-1.62%"
"09/12/2011","29.60","29.60","30.24","29.16","2.10M","-2.25%"
"09/09/2011","30.28","29.12","30.60","29.12","3.64M","2.64%"
"09/08/2011","29.50","30.66","30.80","29.24","2.87M","-2.77%"
"09/07/2011","30.34","29.00","30.36","28.72","1.91M","7.21%"
"09/06/2011","28.30","28.30","29.20","27.90","3.41M","-0.28%"
"09/05/2011","28.38","30.08","30.16","28.24","1.86M","-6.58%"
"09/02/2011","30.38","30.76","30.80","30.16","1.70M","-2.57%"
"09/01/2011","31.18","31.48","31.56","30.56","1.95M","-0.32%"
"08/31/2011","31.28","31.72","31.72","31.12","1.85M","-0.45%"
"08/30/2011","31.42","32.00","32.04","30.50","2.57M","-0.76%"
"08/29/2011","31.66","31.04","32.20","31.00","1.72M","2.99%"
"08/26/2011","30.74","30.02","30.94","29.60","1.86M","1.52%"
"08/25/2011","30.28","30.36","30.68","29.84","2.34M","0.33%"
"08/24/2011","30.18","29.90","30.86","29.62","2.81M","2.03%"
"08/23/2011","29.58","29.74","30.40","29.22","2.91M","0.48%"
"08/22/2011","29.44","28.34","29.90","28.20","2.36M","3.08%"
"08/19/2011","28.56","29.30","29.84","27.60","5.05M","-3.51%"
"08/18/2011","29.60","32.00","32.06","29.00","5.87M","-9.20%"
"08/17/2011","32.60","31.76","33.00","31.12","4.13M","2.19%"
"08/16/2011","31.90","31.68","32.48","31.00","2.82M","0.57%"
"08/15/2011","31.72","31.56","32.30","31.00","3.44M","1.86%"
"08/12/2011","31.14","30.30","32.30","29.90","6.03M","2.77%"
"08/11/2011","30.30","28.66","30.30","27.72","4.15M","5.65%"
"08/10/2011","28.68","28.72","30.00","28.20","4.65M","1.70%"
"08/09/2011","28.20","27.70","28.52","26.02","6.43M","1.08%"
"08/08/2011","27.90","28.04","28.98","26.96","5.07M","-2.79%"
"08/05/2011","28.70","28.66","30.00","27.72","6.49M","-2.84%"
"08/04/2011","29.54","30.68","31.02","29.38","7.14M","-2.06%"
"08/03/2011","30.16","30.00","32.26","29.98","6.89M","0.47%"
"08/02/2011","30.02","30.64","31.48","29.50","4.04M","-2.41%"
"08/01/2011","30.76","32.14","32.14","30.40","3.77M","-1.85%"
"07/29/2011","31.34","31.10","32.06","30.46","3.08M","-1.26%"
"07/28/2011","31.74","31.34","31.84","30.22","3.92M","0.89%"
"07/27/2011","31.46","31.76","31.90","30.26","3.46M","-1.07%"
"07/26/2011","31.80","34.16","34.58","31.54","7.45M","-7.29%"
"07/25/2011","34.30","34.40","35.10","34.00","2.32M","-0.52%"
"07/22/2011","34.48","33.48","34.78","33.24","4.58M","4.23%"
"07/21/2011","33.08","33.06","33.86","32.52","4.98M","1.53%"
"07/20/2011","32.58","35.30","35.30","32.06","9.22M","-8.79%"
"07/19/2011","35.72","34.20","35.84","34.16","2.62M","4.32%"
"07/18/2011","34.24","35.80","35.86","33.76","4.21M","-4.94%"
"07/15/2011","36.02","36.90","36.90","34.52","5.09M","-1.64%"
"07/14/2011","36.62","36.88","37.30","36.44","2.57M","-1.66%"
"07/13/2011","37.24","38.12","40.20","37.18","6.78M","-2.15%"
"07/12/2011","38.06","38.00","38.12","36.06","5.22M","-1.76%"
"07/11/2011","38.74","38.90","39.38","38.04","3.31M","-0.41%"
"07/08/2011","38.90","39.88","40.14","38.04","5.28M","-1.77%"
"07/07/2011","39.60","41.40","41.84","39.60","5.02M","-4.35%"
"07/06/2011","41.40","43.06","43.30","40.42","3.88M","-3.72%"
"07/05/2011","43.00","44.30","44.42","43.00","2.88M","-3.11%"
"07/04/2011","44.38","45.10","45.20","43.68","1.39M","-1.03%"
"07/01/2011","44.84","43.56","44.88","42.10","3.19M","3.65%"
"06/30/2011","43.26","42.72","43.90","42.56","2.92M","1.74%"
"06/29/2011","42.52","41.64","42.86","41.00","2.89M","1.53%"
"06/28/2011","41.88","42.46","42.46","40.50","2.51M","-0.05%"
"06/27/2011","41.90","41.76","42.54","41.50","2.03M","-0.24%"
"06/24/2011","42.00","46.06","46.50","41.50","3.87M","-6.21%"
"06/23/2011","44.78","45.68","45.90","44.68","1.46M","-2.61%"
"06/22/2011","45.98","45.84","46.68","45.32","1.35M","1.14%"
"06/21/2011","45.46","45.50","46.56","44.94","2.35M","1.43%"
"06/20/2011","44.82","45.80","46.50","44.68","2.24M","-2.48%"
"06/17/2011","45.96","45.60","46.14","44.10","3.46M","0.79%"
"06/16/2011","45.60","47.52","47.52","44.96","3.44M","-3.10%"
"06/15/2011","47.06","48.66","49.00","46.48","2.78M","-4.62%"
"06/14/2011","49.34","47.60","49.62","47.30","2.65M","3.31%"
"06/10/2011","47.76","49.08","49.78","47.60","2.84M","-3.40%"
"06/09/2011","49.44","49.82","50.30","48.74","1.94M","-0.76%"
"06/08/2011","49.82","51.00","51.45","49.54","2.29M","-2.03%"
"06/07/2011","50.85","50.00","51.40","49.56","2.45M","1.70%"
"06/06/2011","50.00","51.65","52.00","49.16","4.05M","-3.29%"
"06/03/2011","51.70","52.20","53.00","51.40","1.49M","-1.24%"
"06/01/2011","52.35","53.60","53.80","52.35","2.23M","-1.60%"
"05/31/2011","53.20","54.05","54.65","53.10","2.73M","-1.39%"
"05/30/2011","53.95","54.15","54.95","53.55","2.38M","1.51%"
"05/27/2011","53.15","52.70","53.30","52.50","3.35M","1.33%"
"05/26/2011","52.45","52.90","53.10","51.25","2.24M","-0.19%"
"05/25/2011","52.55","53.40","53.40","51.85","2.76M","-1.78%"
"05/24/2011","53.50","52.30","54.80","52.30","6.05M","2.59%"
"05/23/2011","52.15","51.75","52.30","50.60","3.42M","0.58%"
"05/20/2011","51.85","53.40","53.85","51.60","4.90M","-3.26%"
"05/19/2011","53.60","56.00","56.00","52.70","7.11M","-3.60%"
"05/18/2011","55.60","57.60","58.45","55.20","3.73M","-3.22%"
"05/16/2011","57.45","55.30","57.45","54.70","3.07M","2.59%"
"05/13/2011","56.00","56.25","57.30","55.10","3.09M","0.27%"
"05/12/2011","55.85","58.80","58.80","55.30","4.91M","-5.18%"
"05/11/2011","58.90","60.00","60.20","58.75","3.07M","-1.75%"
"05/10/2011","59.95","60.65","60.95","58.35","3.29M","-11.97%"
"05/09/2011","68.10","67.00","68.10","66.60","1.84M","1.64%"
"05/06/2011","67.00","68.30","68.50","66.50","2.08M","-1.33%"
"05/05/2011","67.90","67.50","68.50","66.60","1.87M","1.57%"
"05/04/2011","66.85","68.25","68.25","66.80","1.64M","-1.69%"
"05/03/2011","68.00","69.65","69.70","67.75","1.71M","-1.95%"
"05/02/2011","69.35","69.90","69.90","69.10","798.78K","0.07%"
"04/29/2011","69.30","69.80","69.90","68.70","1.13M","-0.93%"
"04/28/2011","69.95","69.30","69.95","69.00","2.35M","2.04%"
"04/27/2011","68.55","68.70","68.75","68.10","1.78M","-0.07%"
"04/26/2011","68.60","66.00","68.80","65.65","3.42M","3.94%"
"04/20/2011","66.00","65.50","66.15","64.80","852.46K","1.38%"
"04/19/2011","65.10","64.95","65.40","64.10","1.04M","1.32%"
"04/18/2011","64.25","63.85","64.55","63.00","1.45M","0.71%"
"04/15/2011","63.80","65.30","65.30","62.85","2.95M","-1.62%"
"04/14/2011","64.85","66.30","67.65","64.50","3.70M","-2.48%"
"04/13/2011","66.50","67.50","67.50","66.25","1.82M","-0.97%"
"04/12/2011","67.15","68.60","68.70","65.60","1.95M","-2.82%"
"04/11/2011","69.10","68.85","69.20","68.35","925.30K","0.44%"
"04/08/2011","68.80","69.50","69.65","68.40","1.27M","-1.01%"
"04/07/2011","69.50","69.90","70.00","69.35","1.45M","-0.29%"
"04/06/2011","69.70","69.10","69.85","68.35","1.67M","1.16%"
"04/05/2011","68.90","69.20","69.20","68.40","1.32M","-0.51%"
"04/04/2011","69.25","69.60","70.20","68.75","1.72M","-0.36%"
"04/01/2011","69.50","69.00","69.50","68.75","2.74M","1.16%"
"03/31/2011","68.70","69.20","69.45","68.50","2.46M","1.40%"
"03/30/2011","67.75","67.80","68.00","66.85","1.88M","0.74%"
"03/29/2011","67.25","68.40","68.50","66.60","2.36M","-1.68%"
"03/28/2011","68.40","67.85","68.80","67.70","1.81M","1.11%"
"03/25/2011","67.65","66.90","67.90","66.40","2.13M","2.11%"
"03/24/2011","66.25","67.00","67.00","66.00","1.47M","-0.97%"
"03/23/2011","66.90","65.00","66.90","64.90","3.99M","3.56%"
"03/22/2011","64.60","64.30","64.65","63.60","1.43M","0.39%"
"03/21/2011","64.35","64.20","64.90","64.10","1.86M","0.55%"
"03/18/2011","64.00","64.50","64.55","63.65","1.88M","0.31%"
"03/17/2011","63.80","61.80","63.95","61.75","3.80M","4.25%"
"03/16/2011","61.20","60.90","61.60","60.60","2.51M","1.83%"
"03/15/2011","60.10","59.90","60.40","58.90","2.79M","-1.39%"
"03/14/2011","60.95","60.40","62.45","60.30","1.92M","0.33%"
"03/11/2011","60.75","61.50","61.50","57.80","2.63M","-2.02%"
"03/10/2011","62.00","62.85","63.25","61.90","1.65M","-1.35%"
"03/09/2011","62.85","63.40","64.00","62.85","1.64M","-0.79%"
"03/08/2011","63.35","63.45","64.40","63.25","1.19M","0.32%"
"03/07/2011","63.15","63.50","63.55","62.80","1.70M","-0.86%"
"03/04/2011","63.70","64.40","64.80","63.70","1.01M","-1.09%"
"03/03/2011","64.40","64.75","65.00","64.10","1.31M","0.39%"
"03/02/2011","64.15","64.00","64.30","63.50","1.60M","-0.85%"
"03/01/2011","64.70","65.80","66.50","64.20","1.47M","-1.60%"
"02/28/2011","65.75","66.15","66.60","65.00","1.49M","0.38%"
"02/25/2011","65.50","64.00","65.60","63.05","2.13M","2.58%"
"02/24/2011","63.85","64.00","65.00","62.20","4.10M","-1.54%"
"02/23/2011","64.85","65.60","65.60","64.50","1.61M","-1.74%"
"02/22/2011","66.00","65.15","66.35","65.10","1.52M","0.99%"
"02/21/2011","65.35","66.15","66.50","65.30","1.39M","-1.95%"
"02/18/2011","66.65","67.50","67.50","65.65","1.28M","-0.22%"
"02/17/2011","66.80","68.10","68.20","66.35","1.88M","-1.04%"
"02/16/2011","67.50","67.70","68.80","67.30","1.68M","-1.17%"
"02/15/2011","68.30","70.10","70.20","67.90","2.67M","-2.15%"
"02/14/2011","69.80","70.45","70.50","69.70","1.69M","0.14%"
"02/11/2011","69.70","69.00","69.70","68.60","2.59M","1.01%"
"02/10/2011","69.00","69.95","70.00","67.70","2.93M","-1.36%"
"02/09/2011","69.95","69.40","70.80","68.50","5.99M","3.25%"
"02/08/2011","67.75","68.65","68.65","67.25","1.34M","-0.66%"
"02/07/2011","68.20","67.70","68.30","67.00","2.25M","0.66%"
"02/04/2011","67.75","65.50","68.00","65.50","2.63M","3.83%"
"02/03/2011","65.25","65.80","65.90","65.10","1.54M","-0.61%"
"02/02/2011","65.65","65.55","65.90","64.95","2.45M","1.08%"
"02/01/2011","64.95","65.50","65.60","64.45","2.56M","-0.08%"
"01/31/2011","65.00","64.00","65.10","63.80","1.59M","1.09%"
"01/28/2011","64.30","63.80","65.10","63.25","2.41M","0.78%"
"01/27/2011","63.80","64.15","64.80","63.65","1.01M","-0.85%"
"01/26/2011","64.35","64.00","64.90","63.45","1.55M","0.63%"
"01/25/2011","63.95","63.25","64.10","62.85","1.85M","1.27%"
"01/24/2011","63.15","63.40","63.85","62.50","1.03M","-0.16%"
"01/21/2011","63.25","62.80","63.60","62.50","1.25M","1.52%"
"01/20/2011","62.30","63.50","63.60","61.80","2.22M","-1.89%"
"01/19/2011","63.50","64.80","64.80","63.20","1.89M","-1.70%"
"01/18/2011","64.60","64.50","64.80","64.25","1.24M","0.62%"
"01/17/2011","64.20","65.15","65.20","64.20","1.14M","-0.77%"
"01/14/2011","64.70","63.80","65.20","63.70","4.83M","1.57%"
"01/13/2011","63.70","63.15","64.65","62.65","4.49M","1.92%"
"01/12/2011","62.50","61.40","62.55","61.30","4.04M","2.12%"
"01/11/2011","61.20","60.55","61.55","60.25","2.29M","1.58%"
"01/10/2011","60.25","60.90","61.20","59.85","2.29M","-0.90%"
"01/07/2011","60.80","60.20","61.05","59.90","2.54M","0.50%"
"01/06/2011","60.50","61.45","61.55","60.10","4.19M","-0.90%"
"01/05/2011","61.05","60.50","61.50","60.40","2.80M","1.08%"
"01/04/2011","60.40","61.35","61.60","60.40","2.21M","-1.39%"
"01/03/2011","61.25","61.70","62.10","61.20","1.28M","-0.73%"
"12/30/2010","61.70","62.35","62.35","61.35","656.49K","-1.04%"
"12/29/2010","62.35","62.10","62.40","62.05","666.16K","0.16%"
"12/28/2010","62.25","62.30","62.45","62.00","411.93K","0.16%"
"12/27/2010","62.15","61.90","62.15","61.30","521.18K","0.40%"
"12/23/2010","61.90","60.90","61.90","60.80","1.53M","1.48%"
"12/22/2010","61.00","61.80","62.00","60.75","1.74M","-0.81%"
"12/21/2010","61.50","60.50","61.70","59.85","2.50M","2.67%"
"12/20/2010","59.90","60.00","60.30","59.15","1.24M","0.25%"
"12/17/2010","59.75","59.00","60.60","58.75","2.00M","1.27%"
"12/16/2010","59.00","60.10","60.30","58.70","2.50M","-1.67%"
"12/15/2010","60.00","59.30","60.00","58.95","2.00M","0.93%"
"12/14/2010","59.45","60.80","60.80","59.35","1.78M","-1.74%"
"12/13/2010","60.50","60.05","61.20","60.00","1.34M","0.50%"
"12/10/2010","60.20","60.30","60.50","59.50","2.65M","-0.33%"
"12/09/2010","60.40","61.65","61.80","60.10","1.57M","-1.55%"
"12/08/2010","61.35","60.90","61.45","60.15","1.21M","0.90%"
"12/07/2010","60.80","61.50","62.00","60.75","2.74M","-1.06%"
"12/06/2010","61.45","61.90","62.20","61.00","2.12M","0.24%"
"12/03/2010","61.30","60.00","61.75","59.80","4.99M","2.51%"
"12/02/2010","59.80","59.50","60.00","59.00","2.15M","1.01%"
"12/01/2010","59.20","59.00","59.20","57.75","2.40M","2.51%"
"11/30/2010","57.75","57.90","58.30","57.40","2.15M","0.26%"
"11/29/2010","57.60","59.25","59.35","56.75","2.82M","-2.29%"
"11/26/2010","58.95","59.40","59.50","58.30","1.41M","-0.67%"
"11/25/2010","59.35","59.20","59.80","58.85","1.71M","0.59%"
"11/24/2010","59.00","58.40","59.00","57.80","4.12M","2.79%"
"11/23/2010","57.40","58.50","59.20","57.10","11.49M","-10.87%"
"11/22/2010","64.40","64.20","64.80","63.50","1.11M","0.78%"
"11/19/2010","63.90","64.00","64.80","63.30","1.37M","-0.31%"
"11/18/2010","64.10","62.95","64.20","62.70","1.40M","2.40%"
"11/17/2010","62.60","61.50","62.60","60.50","1.66M","1.87%"
"11/16/2010","61.45","62.25","62.50","61.25","1.31M","-0.97%"
"11/15/2010","62.05","61.60","62.40","61.60","1.14M","0.00%"
"11/12/2010","62.05","61.60","62.30","61.10","1.09M","-0.48%"
"11/11/2010","62.35","62.50","62.80","61.80","1.15M","0.16%"
"11/10/2010","62.25","62.00","62.80","61.90","1.04M","-0.32%"
"11/09/2010","62.45","61.90","62.85","61.20","1.86M","1.46%"
"11/08/2010","61.55","62.00","62.00","61.10","1.09M","-0.73%"
"11/05/2010","62.00","62.00","62.40","60.60","2.93M","1.06%"
"11/04/2010","61.35","60.40","61.90","59.85","3.92M","3.28%"
"11/03/2010","59.40","60.60","60.80","59.40","3.12M","0.76%"
"11/02/2010","58.95","57.70","59.50","57.70","2.30M","1.55%"
"11/01/2010","58.05","58.80","59.00","57.60","1.47M","-0.26%"
"10/29/2010","58.20","57.50","58.35","57.00","1.76M","1.75%"
"10/28/2010","57.20","57.35","57.85","56.55","1.39M","0.53%"
"10/27/2010","56.90","56.95","57.40","56.00","1.41M","-0.96%"
"10/26/2010","57.45","57.05","57.50","56.20","1.63M","-0.43%"
"10/25/2010","57.70","57.25","57.90","57.20","1.16M","0.96%"
"10/22/2010","57.15","57.00","57.45","56.70","1.16M","0.26%"
"10/21/2010","57.00","56.40","57.70","55.90","2.21M","1.42%"
"10/20/2010","56.20","56.00","56.75","55.50","1.08M","-0.53%"
"10/19/2010","56.50","57.40","58.00","56.00","2.15M","-0.88%"
"10/18/2010","57.00","55.50","57.70","55.25","2.48M","1.60%"
"10/15/2010","56.10","54.80","56.40","54.70","2.26M","2.56%"
"10/14/2010","54.70","55.90","56.20","54.55","1.87M","-1.35%"
"10/13/2010","55.45","53.30","56.00","53.10","6.11M","5.12%"
"10/12/2010","52.75","52.50","53.70","52.30","3.31M","-0.38%"
"10/11/2010","52.95","53.50","53.75","52.70","2.16M","-1.67%"
"10/08/2010","53.85","53.20","53.90","52.85","2.76M","1.13%"
"10/07/2010","53.25","52.50","53.80","52.50","2.86M","0.57%"
"10/06/2010","52.95","51.35","53.30","51.05","3.86M","3.82%"
"10/05/2010","51.00","50.55","51.25","50.00","1.87M","1.39%"
"10/04/2010","50.30","50.60","50.95","50.30","1.07M","-0.79%"
"10/01/2010","50.70","51.60","51.60","50.60","1.41M","-1.07%"
"09/30/2010","51.25","50.60","51.95","50.60","2.17M","0.29%"
"09/29/2010","51.10","51.50","51.50","50.60","2.42M","0.10%"
"09/28/2010","51.05","51.10","51.75","50.75","2.18M","-1.35%"
"09/27/2010","51.75","52.10","53.00","51.30","2.44M","-0.48%"
"09/24/2010","52.00","51.40","52.00","50.60","2.84M","1.76%"
"09/23/2010","51.10","51.50","51.50","50.65","1.15M","-0.20%"
"09/22/2010","51.20","51.25","51.85","50.50","2.13M","0.20%"
"09/21/2010","51.10","51.00","51.45","50.30","2.31M","0.10%"
"09/20/2010","51.05","51.10","51.55","50.85","1.27M","-0.10%"
"09/17/2010","51.10","50.30","52.00","50.30","3.13M","1.39%"
"09/16/2010","50.40","50.40","50.55","49.82","1.02M","0.00%"
"09/15/2010","50.40","49.97","50.50","49.38","1.30M","0.84%"
"09/14/2010","49.98","49.96","50.10","49.00","1.76M","0.73%"
"09/13/2010","49.62","50.40","50.60","49.51","2.49M","-1.35%"
"09/10/2010","50.30","50.00","50.40","49.55","3.07M","1.00%"
"09/09/2010","49.80","49.50","50.10","49.33","2.12M","0.38%"
"09/08/2010","49.61","49.10","49.61","48.81","1.38M","0.98%"
"09/07/2010","49.13","50.30","50.55","48.71","3.07M","-2.71%"
"09/06/2010","50.50","49.70","50.60","49.60","2.30M","2.54%"
"09/03/2010","49.25","49.34","49.66","48.39","2.01M","0.74%"
"09/02/2010","48.89","49.30","49.70","48.60","1.59M","-0.53%"
"09/01/2010","49.15","48.60","49.50","48.07","2.44M","2.14%"
"08/31/2010","48.12","46.35","48.40","46.30","1.78M","2.54%"
"08/30/2010","46.93","47.00","47.20","46.50","923.13K","0.34%"
"08/27/2010","46.77","46.50","46.89","45.80","1.72M","0.39%"
"08/26/2010","46.59","47.00","47.40","46.40","1.48M","0.69%"
"08/25/2010","46.27","48.00","48.09","45.90","2.70M","-3.96%"
"08/24/2010","48.18","48.79","49.98","48.11","3.57M","-5.71%"
"08/23/2010","51.10","50.65","51.55","50.05","1.31M","0.79%"
"08/20/2010","50.70","50.30","51.15","49.75","2.24M","1.81%"
"08/19/2010","49.80","51.50","52.00","49.80","2.89M","-3.30%"
"08/18/2010","51.50","51.10","52.20","50.75","2.60M","-0.10%"
"08/17/2010","51.55","51.00","51.85","50.95","1.96M","0.39%"
"08/16/2010","51.35","51.70","52.15","51.25","1.94M","0.10%"
"08/13/2010","51.30","50.80","51.60","50.50","2.86M","2.09%"
"08/12/2010","50.25","49.95","50.50","49.80","2.51M","0.30%"
"08/11/2010","50.10","49.50","50.90","49.21","3.61M","0.70%"
"08/10/2010","49.75","50.10","50.70","49.30","2.16M","-1.19%"
"08/09/2010","50.35","49.50","50.65","49.50","3.22M","2.17%"
"08/06/2010","49.28","48.17","50.00","47.72","4.59M","3.03%"
"08/05/2010","47.83","48.30","48.40","47.33","1.60M","-0.35%"
"08/04/2010","48.00","47.75","48.59","46.59","2.67M","1.07%"
"08/03/2010","47.49","46.25","48.22","46.16","2.19M","3.15%"
"08/02/2010","46.04","46.45","47.10","45.81","1.66M","0.55%"
"07/30/2010","45.79","47.00","47.99","45.79","2.71M","-3.13%"
"07/29/2010","47.27","48.46","48.76","47.15","2.08M","-2.50%"
"07/28/2010","48.48","49.45","50.05","48.06","1.21M","-1.00%"
"07/27/2010","48.97","51.00","51.00","48.81","2.10M","-3.22%"
"07/26/2010","50.60","49.80","51.00","48.72","3.89M","2.41%"
"07/23/2010","49.41","46.50","49.66","46.00","4.52M","5.92%"
"07/22/2010","46.65","47.66","48.50","46.20","3.35M","-2.06%"
"07/21/2010","47.63","44.30","49.40","43.90","7.91M","10.18%"
"07/20/2010","43.23","43.10","43.80","42.60","2.11M","1.19%"
"07/19/2010","42.72","43.00","43.79","42.32","1.26M","-0.07%"
"07/16/2010","42.75","42.76","43.51","42.39","1.79M","0.85%"
"07/15/2010","42.39","45.06","45.17","42.02","3.79M","-5.78%"
"07/14/2010","44.99","45.90","45.90","44.60","1.14M","-1.01%"
"07/13/2010","45.45","45.90","46.40","45.14","1.75M","-0.44%"
"07/12/2010","45.65","48.00","48.44","45.18","1.90M","-3.75%"
"07/09/2010","47.43","48.00","48.24","47.38","1.53M","0.25%"
"07/08/2010","47.31","47.96","48.50","47.15","2.24M","0.30%"
"07/07/2010","47.17","46.54","47.20","45.90","1.26M","-0.74%"
"07/06/2010","47.52","46.89","47.90","46.51","1.88M","2.59%"
"07/05/2010","46.32","45.03","46.90","44.66","2.44M","3.28%"
"07/02/2010","44.85","43.92","45.50","43.44","2.48M","4.11%"
"07/01/2010","43.08","42.30","44.38","42.00","2.93M","-0.85%"
"06/30/2010","43.45","43.00","46.00","41.00","4.37M","1.52%"
"06/29/2010","42.80","46.20","46.35","41.60","8.31M","-8.74%"
"06/28/2010","46.90","49.60","50.05","45.60","3.76M","-5.25%"
"06/25/2010","49.50","51.00","51.40","49.00","1.79M","-2.56%"
"06/24/2010","50.80","51.80","52.10","50.80","1.29M","-1.65%"
"06/23/2010","51.65","51.75","52.90","51.65","1.32M","-1.90%"
"06/22/2010","52.65","52.00","52.70","51.60","1.21M","0.29%"
"06/21/2010","52.50","51.85","52.50","51.60","2.09M","2.54%"
"06/18/2010","51.20","51.50","51.50","50.60","1.83M","0.10%"
"06/17/2010","51.15","52.20","52.20","50.70","2.01M","-0.97%"
"06/16/2010","51.65","52.00","52.40","51.00","2.45M","-0.29%"
"06/15/2010","51.80","51.60","52.20","51.20","1.77M","0.39%"
"06/14/2010","51.60","52.00","52.40","51.30","2.32M","0.68%"
"06/11/2010","51.25","53.00","53.35","50.65","2.90M","-2.84%"
"06/10/2010","52.75","51.85","53.10","51.20","3.02M","-4.95%"
"06/09/2010","55.50","54.70","55.50","53.25","2.64M","1.93%"
"06/08/2010","54.45","55.15","55.60","53.95","2.33M","-0.55%"
"06/07/2010","54.75","53.80","55.20","53.50","1.84M","0.74%"
"06/04/2010","54.35","55.80","55.80","53.90","2.11M","-2.42%"
"06/03/2010","55.70","55.35","55.80","54.90","2.29M","2.11%"
"06/02/2010","54.55","52.50","54.70","52.50","2.73M","2.25%"
"06/01/2010","53.35","52.70","53.50","51.50","2.87M","2.20%"
"05/31/2010","52.20","53.50","53.50","52.10","872.13K","-0.19%"
"05/28/2010","52.30","53.00","53.40","52.00","2.24M","0.00%"
"05/27/2010","52.30","52.20","52.65","51.40","3.76M","1.75%"
"05/26/2010","51.40","52.00","52.10","50.50","6.97M","1.48%"
"05/25/2010","50.65","52.00","52.60","50.25","4.33M","868.45%"
"05/24/2010","5.23","5.36","5.36","5.23","","-90.26%"
"05/21/2010","53.70","53.55","54.90","52.30","4.23M","-0.46%"
"05/20/2010","53.95","56.50","57.20","52.50","5.19M","-3.83%"
"05/19/2010","56.10","57.25","57.25","55.80","3.04M","-2.01%"
"05/18/2010","57.25","58.30","58.55","56.75","3.33M","-1.21%"
"05/14/2010","57.95","59.00","59.80","57.80","4.80M","887.22%"
"05/13/2010","5.87","5.88","5.88","5.87","","-90.05%"
"05/12/2010","59.00","55.50","59.25","55.05","6.86M","5.83%"
"05/11/2010","55.75","54.95","55.80","54.00","3.60M","0.00%"
"05/10/2010","55.75","53.70","55.95","53.60","3.14M","6.80%"
"05/07/2010","52.20","52.50","53.75","52.10","5.19M","-3.06%"
"05/06/2010","53.85","54.00","54.85","53.40","4.03M","-1.55%"
"05/05/2010","54.70","54.60","56.00","54.00","4.57M","1.30%"
"05/04/2010","54.00","56.90","56.90","53.95","4.48M","-4.42%"
"05/03/2010","56.50","56.00","57.10","55.40","4.13M","2.63%"
"04/30/2010","55.05","55.80","55.80","54.60","2.84M","-0.63%"
"04/29/2010","55.40","53.50","55.60","53.25","3.46M","3.94%"
"04/28/2010","53.30","53.50","53.80","52.10","3.33M","-0.56%"
"04/27/2010","53.60","55.00","55.30","53.60","1.98M","-2.55%"
"04/26/2010","55.00","55.20","55.75","54.85","2.33M","0.36%"
"04/23/2010","54.80","54.20","55.00","53.60","2.15M","1.58%"
"04/22/2010","53.95","53.80","54.40","53.30","2.52M","1.03%"
"04/21/2010","53.40","53.80","54.20","53.05","1.65M","0.19%"
"04/20/2010","53.30","52.80","53.55","52.30","2.48M","2.30%"
"04/19/2010","52.10","53.50","53.50","51.65","4.76M","-2.89%"
"04/16/2010","53.65","54.90","55.35","53.65","3.97M","-2.72%"
"04/15/2010","55.15","55.70","56.40","54.85","6.33M","-0.36%"
"04/14/2010","55.35","55.10","56.00","54.75","3.50M","1.28%"
"04/13/2010","54.65","54.90","55.40","54.10","2.53M","-0.55%"
"04/12/2010","54.95","55.95","56.00","54.65","2.93M","-0.63%"
"04/09/2010","55.30","54.70","55.90","54.50","7.08M","2.12%"
"04/08/2010","54.15","52.25","54.50","52.25","7.34M","2.65%"
"04/07/2010","52.75","51.95","52.75","51.95","3.41M","2.03%"
"04/06/2010","51.70","53.15","53.35","51.45","3.95M","-2.08%"
"03/31/2010","52.80","52.40","52.80","52.30","762.33K","0.28%"
"03/30/2010","52.65","52.70","52.90","52.30","1.87M","0.86%"
"03/29/2010","52.20","51.95","52.50","51.55","2.58M","1.36%"
"03/26/2010","51.50","51.10","51.95","50.90","2.61M","0.78%"
"03/25/2010","51.10","50.85","51.50","50.30","3.21M","0.00%"
"03/24/2010","51.10","51.30","51.70","50.65","2.50M","-0.97%"
"03/23/2010","51.60","50.85","51.90","50.60","4.05M","2.48%"
"03/22/2010","50.35","49.49","50.70","49.10","2.11M","1.74%"
"03/19/2010","49.49","50.30","50.45","49.18","4.64M","-1.22%"
"03/18/2010","50.10","51.55","51.70","50.00","3.22M","-2.24%"
"03/17/2010","51.25","50.80","51.65","50.75","3.04M","1.08%"
"03/16/2010","50.70","50.60","51.30","49.40","4.37M","1.62%"
"03/15/2010","49.89","52.00","52.20","49.60","4.84M","-4.33%"
"03/12/2010","52.15","52.50","52.90","52.00","2.26M","-0.29%"
"03/11/2010","52.30","52.60","52.90","52.00","1.81M","-0.76%"
"03/10/2010","52.70","52.00","53.20","51.90","5.88M","1.54%"
"03/09/2010","51.90","51.70","52.00","51.20","1.52M","0.58%"
"03/08/2010","51.60","52.00","52.10","51.25","1.95M","0.19%"
"03/05/2010","51.50","51.70","51.90","51.25","3.43M","0.59%"
"03/04/2010","51.20","51.65","52.20","50.50","4.80M","-1.44%"
"03/03/2010","51.95","52.60","52.90","51.55","3.75M","-1.89%"
"03/02/2010","52.95","52.50","53.50","52.30","3.37M","1.44%"
"03/01/2010","52.20","52.05","52.70","51.80","3.77M","1.16%"
"02/26/2010","51.60","51.35","52.15","51.00","3.26M","1.98%"
"02/25/2010","50.60","51.80","52.50","50.50","7.41M","-1.75%"
"02/24/2010","51.50","52.75","52.75","50.80","12.05M","-4.98%"
"02/23/2010","54.20","55.90","56.15","53.65","2.61M","-2.34%"
"02/22/2010","55.50","54.20","56.45","54.20","3.37M","2.30%"
"02/19/2010","54.25","52.25","54.50","52.25","2.96M","2.36%"
"02/18/2010","53.00","52.20","53.20","51.95","2.36M","0.19%"
"02/17/2010","52.90","53.90","53.95","52.05","2.35M","-0.66%"
"02/16/2010","53.25","51.60","53.40","51.15","4.79M","5.65%"
"02/15/2010","50.40","50.70","51.80","50.30","1.42M","-1.18%"
"02/12/2010","51.00","52.75","53.15","50.70","1.87M","-2.11%"
"02/11/2010","52.10","53.40","53.60","50.40","5.85M","-1.23%"
"02/10/2010","52.75","54.00","54.70","52.50","7.19M","2.13%"
"02/09/2010","51.65","50.05","52.80","49.80","2.82M","2.58%"
"02/08/2010","50.35","52.70","53.00","49.80","3.19M","-3.73%"
"02/05/2010","52.30","54.10","54.30","52.10","6.08M","-3.95%"
"02/04/2010","54.45","55.00","55.80","54.10","5.97M","-0.09%"
"02/03/2010","54.50","53.10","55.00","52.30","4.36M","2.64%"
"02/02/2010","53.10","52.50","53.20","51.50","2.48M","1.53%"
"02/01/2010","52.30","53.00","54.40","51.70","3.65M","-1.88%"
"01/29/2010","53.30","50.10","53.85","49.82","6.77M","7.24%"
"01/28/2010","49.70","50.95","51.10","49.60","2.94M","-0.42%"
"01/27/2010","49.91","49.00","51.00","48.20","5.09M","1.40%"
"01/26/2010","49.22","47.98","49.98","47.25","3.99M","2.43%"
"01/25/2010","48.05","46.90","48.40","46.60","2.26M","3.16%"
"01/22/2010","46.58","46.40","47.40","45.83","2.41M","0.76%"
"01/21/2010","46.23","47.90","48.20","46.00","3.24M","-2.06%"
"01/20/2010","47.20","49.58","49.58","46.85","4.35M","-4.65%"
"01/19/2010","49.50","47.23","49.90","47.19","7.71M","4.81%"
"01/18/2010","47.23","47.00","48.09","45.40","5.83M","-3.61%"
"01/15/2010","49.00","45.70","49.00","45.69","9.96M","7.72%"
"01/14/2010","45.49","45.01","45.69","44.40","1.91M","1.77%"
"01/13/2010","44.70","43.62","45.45","43.62","1.24M","1.36%"
"01/12/2010","44.10","44.90","44.90","43.55","1.37M","-1.47%"
"01/11/2010","44.76","46.22","46.50","44.25","2.45M","-2.65%"
"01/08/2010","45.98","46.30","46.63","45.34","2.67M","0.26%"
"01/07/2010","45.86","44.69","46.02","44.69","3.60M","2.85%"
"01/06/2010","44.59","44.25","44.80","44.00","1.57M","0.88%"
"01/05/2010","44.20","43.93","45.00","43.80","3.07M","0.87%"
"01/04/2010","43.82","43.15","43.90","42.60","2.33M","3.57%"
"12/30/2009","42.31","42.68","43.08","42.21","468.78K","-1.38%"
"12/29/2009","42.90","42.70","42.99","42.41","410.92K","0.47%"
"12/28/2009","42.70","43.40","43.40","42.40","575.43K","-1.16%"
"12/23/2009","43.20","42.85","43.31","42.66","841.84K","0.70%"
"12/22/2009","42.90","43.49","43.49","42.40","1.26M","-0.69%"
"12/21/2009","43.20","42.90","43.58","42.90","797.24K","0.82%"
"12/18/2009","42.85","43.10","43.50","42.57","1.54M","-0.35%"
"12/17/2009","43.00","43.20","44.39","43.00","2.23M","-1.38%"
"12/16/2009","43.60","42.56","43.79","42.00","3.10M","3.07%"
"12/15/2009","42.30","41.40","42.48","41.30","1.62M","2.55%"
"12/14/2009","41.25","41.43","42.30","40.80","1.89M","0.61%"
"12/11/2009","41.00","42.73","42.80","40.81","1.64M","-3.19%"
"12/10/2009","42.35","41.60","42.59","40.14","3.54M","2.29%"
"12/09/2009","41.40","43.40","43.70","41.31","3.04M","-5.02%"
"12/08/2009","43.59","43.90","44.49","43.20","1.11M","-1.16%"
"12/07/2009","44.10","44.37","44.70","43.61","1.22M","-1.23%"
"12/04/2009","44.65","42.80","44.65","42.12","3.37M","4.57%"
"12/03/2009","42.70","42.50","43.09","42.00","1.95M","0.52%"
"12/02/2009","42.48","42.80","42.90","42.10","1.33M","-1.14%"
"12/01/2009","42.97","42.90","43.49","42.40","2.12M","1.11%"
"11/30/2009","42.50","43.66","43.66","42.47","1.77M","-2.61%"
"11/27/2009","43.64","41.20","43.79","41.00","2.06M","3.00%"
"11/26/2009","42.37","44.06","44.30","42.30","1.58M","-4.57%"
"11/25/2009","44.40","44.40","44.99","44.20","2.21M","-0.22%"
"11/24/2009","44.50","44.54","45.60","44.41","2.40M","-1.11%"
"11/23/2009","45.00","44.90","45.40","44.53","1.91M","2.86%"
"11/20/2009","43.75","44.00","45.00","43.30","2.52M","-0.32%"
"11/19/2009","43.89","44.69","45.09","43.89","2.91M","-2.47%"
"11/18/2009","45.00","46.80","46.99","44.40","3.20M","-3.02%"
"11/17/2009","46.40","45.80","46.90","45.02","4.64M","0.87%"
"11/16/2009","46.00","48.00","48.20","45.01","7.46M","0.00%"
"11/13/2009","46.00","44.99","46.20","44.52","4.35M","2.61%"
"11/12/2009","44.83","45.30","46.40","44.61","4.01M","-1.90%"
"11/11/2009","45.70","43.31","45.70","43.30","4.34M","6.03%"
"11/10/2009","43.10","42.40","43.27","41.81","3.29M","1.65%"
"11/09/2009","42.40","42.80","43.20","41.80","1.78M","0.00%"
"11/06/2009","42.40","43.50","44.00","42.10","4.83M","-2.06%"
"11/05/2009","43.29","43.00","44.10","42.40","2.62M","-0.30%"
"11/04/2009","43.42","41.60","44.30","41.50","2.50M","5.16%"
"11/03/2009","41.29","41.15","41.84","41.01","1.69M","-0.65%"
"11/02/2009","41.56","41.87","42.20","41.05","2.23M","-0.34%"
"10/30/2009","41.70","43.90","44.00","41.40","3.11M","-4.14%"
"10/29/2009","43.50","41.10","44.15","41.00","4.16M","5.99%"
"10/28/2009","41.04","42.70","42.70","41.04","2.28M","-3.46%"
"10/27/2009","42.51","43.46","43.70","42.23","2.02M","-1.37%"
"10/26/2009","43.10","44.50","44.90","42.81","3.04M","-2.29%"
"10/23/2009","44.11","43.80","45.50","43.50","3.71M","2.34%"
"10/22/2009","43.10","44.00","44.27","43.00","2.67M","-3.36%"
"10/21/2009","44.60","44.90","46.10","44.56","3.19M","0.02%"
"10/20/2009","44.59","43.70","45.11","43.10","2.90M","3.39%"
"10/19/2009","43.13","44.20","44.74","43.01","3.24M","-2.20%"
"10/16/2009","44.10","45.00","46.90","44.10","3.43M","-0.72%"
"10/15/2009","44.42","46.55","46.60","44.30","3.18M","-4.06%"
"10/14/2009","46.30","46.60","47.00","45.90","3.11M","0.87%"
"10/13/2009","45.90","46.19","47.24","44.80","4.44M","-1.25%"
"10/12/2009","46.48","44.10","47.00","43.60","4.67M","4.71%"
"10/09/2009","44.39","42.40","44.39","42.10","3.25M","4.20%"
"10/08/2009","42.60","42.70","43.00","41.81","2.56M","1.43%"
"10/07/2009","42.00","42.10","42.90","41.70","1.52M","-0.87%"
"10/06/2009","42.37","40.60","42.37","40.33","2.05M","6.06%"
"10/05/2009","39.95","40.00","40.25","38.89","1.02M","0.13%"
"10/02/2009","39.90","40.92","40.97","39.35","1.56M","-2.68%"
"10/01/2009","41.00","42.40","42.55","41.00","1.07M","-2.22%"
"09/30/2009","41.93","41.70","42.70","41.40","1.27M","0.46%"
"09/29/2009","41.74","42.10","42.15","41.40","1.15M","-0.38%"
"09/28/2009","41.90","41.60","41.90","40.70","1.31M","1.40%"
"09/25/2009","41.32","41.90","41.95","41.00","1.55M","-0.67%"
"09/24/2009","41.60","42.30","42.65","41.50","1.03M","-1.65%"
"09/23/2009","42.30","42.30","43.15","42.01","1.71M","-0.31%"
"09/22/2009","42.43","42.62","42.90","42.01","1.50M","-0.16%"
"09/21/2009","42.50","42.56","42.65","42.01","1.00M","0.26%"
"09/18/2009","42.39","43.10","43.20","42.00","2.89M","-2.86%"
"09/17/2009","43.64","44.20","44.40","43.16","2.39M","-1.04%"
"09/16/2009","44.10","42.90","44.30","42.30","3.91M","3.30%"
"09/15/2009","42.69","42.20","42.90","41.50","2.28M","1.47%"
"09/14/2009","42.07","42.31","42.40","41.40","3.09M","-2.95%"
"09/11/2009","43.35","44.09","44.09","43.20","1.67M","-0.80%"
"09/10/2009","43.70","44.20","44.70","43.30","2.34M","0.00%"
"09/09/2009","43.70","44.30","44.40","42.90","2.91M","-1.22%"
"09/08/2009","44.24","44.90","45.00","43.60","1.75M","-0.70%"
"09/07/2009","44.55","44.40","45.00","43.80","1.55M","0.34%"
"09/04/2009","44.40","42.40","44.40","42.40","2.31M","4.96%"
"09/03/2009","42.30","41.56","42.60","41.41","1.97M","2.17%"
"09/02/2009","41.40","42.50","42.70","41.08","1.91M","-3.50%"
"09/01/2009","42.90","43.00","43.50","42.00","1.66M","0.47%"
"08/31/2009","42.70","42.10","43.10","41.80","1.43M","-0.47%"
"08/28/2009","42.90","41.30","43.00","41.10","3.14M","5.67%"
"08/27/2009","40.60","40.60","41.80","40.50","3.40M","1.00%"
"08/26/2009","40.20","42.50","42.80","40.20","2.89M","-5.41%"
"08/25/2009","42.50","42.90","43.20","42.10","1.41M","-0.47%"
"08/24/2009","42.70","43.30","43.90","42.50","1.48M","-0.23%"
"08/21/2009","42.80","40.80","42.80","40.70","2.13M","4.65%"
"08/20/2009","40.90","39.90","41.00","39.90","2.01M","3.28%"
"08/19/2009","39.60","39.90","39.90","38.60","1.88M","-1.49%"
"08/18/2009","40.20","40.90","41.70","40.00","1.61M","-0.50%"
"08/17/2009","40.40","41.80","41.80","40.40","1.76M","-3.81%"
"08/14/2009","42.00","41.60","43.10","40.70","4.76M","5.00%"
"08/13/2009","40.00","39.90","41.00","39.20","2.03M","-0.25%"
"08/12/2009","40.10","39.70","40.10","38.70","1.25M","1.01%"
"08/11/2009","39.70","41.00","41.40","39.10","1.75M","-3.17%"
"08/10/2009","41.00","41.30","41.70","40.30","1.50M","-1.20%"
"08/07/2009","41.50","39.70","41.50","39.60","2.18M","5.06%"
"08/06/2009","39.50","40.10","40.30","39.10","1.70M","-0.50%"
"08/05/2009","39.70","38.70","40.40","38.20","3.02M","2.85%"
"08/04/2009","38.60","39.00","39.10","37.70","1.43M","-0.52%"
"08/03/2009","38.80","39.00","39.00","38.10","1.92M","0.78%"
"07/31/2009","38.50","39.50","39.50","37.90","1.62M","-2.53%"
"07/30/2009","39.50","39.40","39.80","39.00","751.67K","0.25%"
"07/29/2009","39.40","39.50","40.30","38.80","1.69M","1.29%"
"07/28/2009","38.90","39.60","39.70","38.60","1.00M","-1.27%"
"07/27/2009","39.40","38.60","39.60","38.50","1.01M","1.55%"
"07/24/2009","38.80","38.30","40.00","37.60","3.49M","1.84%"
"07/23/2009","38.10","39.90","39.90","36.30","5.28M","-4.27%"
"07/22/2009","39.80","42.20","42.20","39.50","2.48M","-5.69%"
"07/21/2009","42.20","42.70","43.10","41.40","1.87M","-0.94%"
"07/20/2009","42.60","43.30","43.30","42.50","396.61K","0.00%"
"07/17/2009","42.60","43.60","43.60","42.30","1.47M","-1.39%"
"07/16/2009","43.20","43.40","43.70","42.20","1.53M","-0.46%"
"07/15/2009","43.40","42.70","43.70","40.80","3.82M","1.17%"
"07/14/2009","42.90","42.30","43.30","41.70","2.29M","1.42%"
"07/13/2009","42.30","42.00","43.00","40.70","984.53K","0.71%"
"07/10/2009","42.00","42.20","43.50","42.00","1.18M","-0.24%"
"07/09/2009","42.10","42.60","44.00","42.10","814.50K","-0.47%"
"07/08/2009","42.30","44.20","44.70","42.30","1.76M","-4.73%"
"07/07/2009","44.40","43.20","45.60","42.80","2.39M","4.47%"
"07/06/2009","42.50","42.50","43.00","41.40","1.20M","-0.70%"
"07/03/2009","42.80","42.90","43.10","41.20","969.01K","0.00%"
"07/02/2009","42.80","44.00","44.00","42.40","4.06M","-2.73%"
"07/01/2009","44.00","43.40","44.40","43.40","794.43K","1.85%"
"06/30/2009","43.20","43.10","44.80","43.00","1.58M","0.47%"
"06/29/2009","43.00","41.90","43.00","41.40","1.62M","2.14%"
"06/26/2009","42.10","44.60","45.00","42.00","1.70M","-3.00%"
"06/25/2009","43.40","43.60","44.10","41.70","1.34M","-0.23%"
"06/24/2009","43.50","41.40","43.50","41.00","1.53M","6.88%"
"06/23/2009","40.70","38.40","41.10","38.20","2.23M","4.36%"
"06/22/2009","39.00","41.50","41.60","39.00","2.76M","-6.02%"
"06/19/2009","41.50","43.40","44.00","41.50","4.85M","-3.94%"
"06/18/2009","43.20","41.00","44.00","40.50","4.30M","6.93%"
"06/17/2009","40.40","44.10","44.30","39.60","4.76M","-9.01%"
"06/16/2009","44.40","44.20","45.80","43.40","1.97M","1.14%"
"06/15/2009","43.90","44.90","46.70","43.50","2.24M","-2.88%"
"06/12/2009","45.20","46.40","47.00","44.90","2.37M","-2.38%"
"06/11/2009","46.30","44.20","47.10","43.20","4.66M","6.44%"
"06/10/2009","43.50","44.20","44.70","43.00","5.31M","0.46%"
"06/09/2009","43.30","39.70","44.30","39.70","6.75M","11.03%"
"06/08/2009","39.00","39.80","39.80","38.70","1.40M","-1.27%"
"06/05/2009","39.50","39.30","39.90","38.50","2.66M","1.28%"
"06/04/2009","39.00","37.60","39.30","37.40","2.69M","3.45%"
"06/03/2009","37.70","39.20","39.40","37.50","1.46M","-3.08%"
"06/02/2009","38.90","37.40","38.90","37.10","2.47M","5.71%"
"05/29/2009","36.80","36.90","37.50","36.50","3.29M","3.66%"
"05/28/2009","35.50","35.10","36.40","34.00","3.51M","0.57%"
"05/27/2009","35.30","35.00","35.40","34.40","2.56M","3.52%"
"05/26/2009","34.10","36.00","36.10","33.40","3.16M","-5.01%"
"05/25/2009","35.90","34.50","36.10","34.20","1.38M","5.28%"
"05/22/2009","34.10","35.80","37.20","33.80","3.46M","-6.32%"
"05/20/2009","36.40","38.20","38.90","35.60","4.06M","-4.96%"
"05/19/2009","38.30","38.50","39.90","37.60","3.92M","0.79%"
"05/18/2009","38.00","37.90","38.50","37.40","1.75M","-0.52%"
"05/15/2009","38.20","37.90","39.70","37.70","4.61M","3.80%"
"05/14/2009","36.80","35.20","37.80","35.00","3.92M","3.66%"
"05/13/2009","35.50","34.80","36.00","34.00","5.01M","4.72%"
"05/12/2009","33.90","36.00","38.20","33.50","7.50M","-4.78%"
"05/11/2009","35.60","34.90","37.70","33.00","5.48M","4.40%"
"05/08/2009","34.10","32.70","35.90","32.00","20.34M","8.25%"
"05/07/2009","31.50","30.30","32.70","30.20","4.93M","1.61%"
"05/06/2009","31.00","30.00","31.30","30.00","2.64M","3.33%"
"05/05/2009","30.00","31.00","31.40","29.80","3.92M","-2.91%"
"05/04/2009","30.90","30.50","31.30","29.70","3.84M","3.00%"
"04/30/2009","30.00","30.50","30.50","29.00","2.94M","1.01%"
"04/29/2009","29.70","29.30","30.50","29.20","2.56M","1.71%"
"04/28/2009","29.20","29.30","29.60","28.00","2.00M","0.00%"
"04/27/2009","29.20","29.40","31.20","28.50","6.19M","6.18%"
"04/24/2009","27.50","25.40","27.90","25.40","3.97M","8.27%"
"04/23/2009","25.40","24.60","25.60","24.40","1.87M","3.25%"
"04/22/2009","24.60","24.20","25.40","23.90","3.77M","1.65%"
"04/21/2009","24.20","22.80","24.20","22.80","1.26M","6.14%"
"04/20/2009","22.80","23.60","23.80","22.70","1.45M","-2.98%"
"04/17/2009","23.50","22.50","23.50","22.10","3.14M","6.82%"
"04/16/2009","22.00","24.00","24.00","21.50","6.20M","-8.33%"
"04/15/2009","24.00","24.20","24.80","23.30","2.44M","-1.64%"
"04/14/2009","24.40","23.30","24.40","22.80","2.01M","7.96%"
"04/08/2009","22.60","22.30","22.60","22.00","491.19K","0.00%"
"04/07/2009","22.60","23.20","23.30","21.30","2.43M","-0.88%"
"04/06/2009","22.80","23.10","24.60","22.50","2.01M","-2.15%"
"04/03/2009","23.30","23.70","25.30","23.30","2.71M","-2.92%"
"04/02/2009","24.00","22.50","24.00","22.30","2.53M","7.62%"
"04/01/2009","22.30","21.20","22.40","21.20","2.49M","5.19%"
"03/31/2009","21.20","20.80","21.70","20.80","1.55M","1.92%"
"03/30/2009","20.80","20.00","20.80","19.40","1.71M","4.00%"
"03/27/2009","20.00","21.00","21.10","19.90","1.10M","-4.76%"
"03/26/2009","21.00","20.50","21.30","20.20","1.81M","2.44%"
"03/25/2009","20.50","20.00","20.50","19.30","1.45M","3.02%"
"03/24/2009","19.90","20.00","20.20","19.00","1.11M","1.02%"
"03/23/2009","19.70","18.70","20.20","18.30","1.78M","9.44%"
"03/20/2009","18.00","17.90","18.90","17.40","2.68M","-2.17%"
"03/19/2009","18.40","19.00","19.30","17.90","2.68M","-2.13%"
"03/18/2009","18.80","20.60","21.00","18.60","3.04M","-8.29%"
"03/17/2009","20.50","20.50","21.00","20.10","1.13M","-0.97%"
"03/16/2009","20.70","20.60","21.30","20.40","1.95M","1.97%"
"03/13/2009","20.30","22.00","22.40","20.20","2.62M","-5.58%"
"03/12/2009","21.50","21.00","23.10","20.70","3.22M","1.42%"
"03/11/2009","21.20","23.60","24.30","21.10","3.41M","-10.55%"
"03/10/2009","23.70","20.10","23.70","19.90","4.24M","16.18%"
"03/09/2009","20.40","19.90","20.40","19.40","1.96M","6.25%"
"03/06/2009","19.20","18.20","19.80","18.20","1.62M","4.35%"
"03/05/2009","18.40","19.50","20.00","18.40","1.95M","-7.54%"
"03/04/2009","19.90","18.00","19.90","17.70","2.13M","13.71%"
"03/03/2009","17.50","17.10","18.10","16.70","1.88M","2.34%"
"03/02/2009","17.10","16.50","17.60","16.30","2.10M","0.59%"
"02/27/2009","17.00","16.80","17.20","16.50","1.36M","0.00%"
"02/26/2009","17.00","18.20","18.70","16.80","1.95M","-5.03%"
"02/25/2009","17.90","17.80","18.40","17.50","2.08M","2.87%"
"02/24/2009","17.40","16.70","17.40","16.50","1.78M","5.45%"
"02/23/2009","16.50","17.50","18.10","16.20","1.35M","-4.62%"
"02/20/2009","17.30","17.40","17.90","17.00","1.86M","-1.14%"
"02/19/2009","17.50","17.00","18.40","17.00","1.65M","1.74%"
"02/18/2009","17.20","20.00","20.20","16.50","5.17M","-14.00%"
"02/17/2009","20.00","18.30","20.70","18.30","5.03M","8.11%"
"02/16/2009","18.50","17.60","18.70","17.50","1.60M","4.52%"
"02/13/2009","17.70","17.20","18.00","17.00","1.20M","4.12%"
"02/12/2009","17.00","16.40","17.90","16.10","1.52M","3.66%"
"02/11/2009","16.40","16.00","16.90","15.60","1.88M","-1.20%"
"02/10/2009","16.60","15.40","16.80","14.90","3.12M","7.10%"
"02/09/2009","15.50","14.40","15.50","13.90","1.68M","8.39%"
"02/06/2009","14.30","14.60","14.80","13.80","2.14M","1.42%"
"02/05/2009","14.10","15.60","16.10","14.10","3.01M","-13.50%"
"02/04/2009","16.30","15.50","16.30","15.00","5.73M","12.41%"
"02/03/2009","14.50","14.50","14.90","13.60","2.00M","0.00%"
"02/02/2009","14.50","15.10","15.10","14.20","2.01M","-3.33%"
"01/30/2009","15.00","14.80","15.70","14.50","1.77M","2.04%"
"01/29/2009","14.70","15.70","17.00","14.50","3.71M","-4.55%"
"01/28/2009","15.40","13.50","15.40","13.50","4.47M","15.79%"
"01/27/2009","13.30","13.30","14.00","12.90","1.88M","0.00%"
"01/26/2009","13.30","12.80","13.50","12.50","1.67M","3.91%"
"01/23/2009","12.80","12.30","13.10","11.80","1.26M","4.92%"
"01/22/2009","12.20","12.00","12.30","11.70","1.65M","0.83%"
"01/21/2009","12.10","11.80","12.40","11.60","1.08M","3.42%"
"01/20/2009","11.70","12.70","12.70","11.70","856.59K","-5.65%"
"01/19/2009","12.40","13.00","13.00","12.40","581.94K","-3.13%"
"01/16/2009","12.80","13.00","13.00","12.60","789.04K","0.79%"
"01/15/2009","12.70","12.50","12.90","12.20","2.07M","4.10%"
"01/14/2009","12.20","12.80","13.30","12.10","1.96M","-2.40%"
"01/13/2009","12.50","12.70","13.20","12.10","2.35M","-3.85%"
"01/12/2009","13.00","12.50","13.50","12.50","3.32M","0.00%"
"01/09/2009","13.00","12.60","13.30","12.10","4.18M","0.00%"
"01/08/2009","13.00","10.90","13.20","10.50","4.40M","19.27%"
"01/07/2009","10.90","11.50","11.50","10.90","1.37M","-5.22%"
"01/06/2009","11.50","11.70","11.80","11.50","2.39M","-2.54%"
"01/05/2009","11.80","12.20","12.40","11.50","2.16M","-1.67%"
"01/02/2009","12.00","10.80","12.20","10.80","2.19M","14.29%"