"Date","Price","Open","High","Low","Vol.","Change %"
"12/30/2025","78.20","77.68","78.32","77.30","2.36M","1.19%"
"12/29/2025","77.28","78.88","79.12","77.28","3.02M","-0.77%"
"12/23/2025","77.88","77.18","77.94","76.90","2.17M","0.46%"
"12/22/2025","77.52","78.60","78.88","77.10","2.44M","-0.21%"
"12/19/2025","77.68","77.66","78.46","77.46","8.12M","0.47%"
"12/18/2025","77.32","77.28","78.18","77.20","4.53M","-0.46%"
"12/17/2025","77.68","76.98","78.14","76.36","4.37M","2.24%"
"12/16/2025","75.98","74.60","76.70","74.60","3.88M","1.47%"
"12/15/2025","74.88","75.56","76.10","74.68","2.85M","-1.21%"
"12/12/2025","75.80","75.88","76.34","75.70","2.89M","-0.08%"
"12/11/2025","75.86","75.08","76.22","74.54","3.71M","1.63%"
"12/10/2025","74.64","74.72","75.32","74.28","3.84M","0.40%"
"12/09/2025","74.34","73.64","74.36","73.50","4.29M","0.05%"
"12/08/2025","74.30","73.92","74.46","73.84","4.17M","0.46%"
"12/05/2025","73.96","75.34","77.36","73.64","6.03M","0.05%"
"12/04/2025","73.92","73.20","74.02","73.06","2.53M","1.40%"
"12/03/2025","72.90","72.90","73.56","72.60","3.27M","1.39%"
"12/02/2025","71.90","72.64","72.64","71.68","3.22M","-0.99%"
"12/01/2025","72.62","72.28","73.54","72.24","3.58M","0.33%"
"11/28/2025","72.38","72.18","72.96","72.00","2.96M","0.28%"
"11/27/2025","72.18","69.68","72.64","69.60","3.59M","1.40%"
"11/26/2025","71.18","72.40","72.40","70.36","2.79M","-0.61%"
"11/25/2025","71.62","72.68","73.16","71.20","3.40M","-0.33%"
"11/24/2025","71.86","71.50","72.32","71.02","6.90M","1.87%"
"11/21/2025","70.54","70.00","70.54","69.34","3.79M","-0.54%"
"11/20/2025","70.92","71.50","71.56","70.56","2.31M","-0.11%"
"11/19/2025","71.00","70.36","71.28","70.12","2.81M","1.40%"
"11/18/2025","70.02","70.88","70.88","69.84","4.31M","-3.21%"
"11/17/2025","72.34","73.06","73.42","72.34","2.03M","-0.63%"
"11/14/2025","72.80","73.96","74.04","71.82","3.41M","-2.12%"
"11/13/2025","74.38","74.30","74.76","73.70","4.04M","0.30%"
"11/12/2025","74.16","71.92","74.26","71.88","4.52M","3.32%"
"11/11/2025","71.78","71.24","71.90","70.92","3.83M","0.31%"
"11/10/2025","71.56","70.74","72.36","70.66","6.63M","2.43%"
"11/07/2025","69.86","69.00","70.52","69.00","4.24M","1.42%"
"11/06/2025","68.88","67.40","69.02","67.40","2.83M","1.38%"
"11/05/2025","67.94","67.00","67.94","67.00","2.02M","0.83%"
"11/04/2025","67.38","67.68","67.78","66.88","3.07M","-1.43%"
"11/03/2025","68.36","68.50","68.92","67.78","3.59M","-0.26%"
"10/31/2025","68.54","67.08","68.54","67.08","5.27M","1.90%"
"10/30/2025","67.26","68.58","68.62","66.54","5.67M","-2.32%"
"10/29/2025","68.86","69.02","69.60","68.86","3.15M","0.32%"
"10/28/2025","68.64","67.76","68.88","67.60","2.60M","0.56%"
"10/27/2025","68.26","67.88","68.66","67.60","3.68M","-0.20%"
"10/24/2025","68.40","68.28","70.16","67.52","8.37M","-3.50%"
"10/23/2025","70.88","70.32","70.88","69.48","7.03M","0.94%"
"10/22/2025","70.22","70.02","70.86","69.84","4.17M","1.12%"
"10/21/2025","69.44","69.32","70.14","68.86","3.00M","-0.69%"
"10/20/2025","69.92","70.38","70.66","69.28","3.52M","0.14%"
"10/17/2025","69.82","69.66","69.90","68.64","3.61M","-0.17%"
"10/16/2025","69.94","69.22","70.12","68.92","3.74M","0.78%"
"10/15/2025","69.40","69.02","69.88","68.92","3.78M","1.23%"
"10/14/2025","68.56","68.80","69.02","68.26","2.80M","-1.86%"
"10/13/2025","69.86","68.00","69.90","68.00","3.71M","2.10%"
"10/10/2025","68.42","69.50","69.50","68.02","4.04M","-1.98%"
"10/09/2025","69.80","71.62","71.62","69.52","5.56M","0.63%"
"10/08/2025","69.36","68.80","69.86","68.64","3.38M","0.64%"
"10/07/2025","68.92","69.44","69.74","68.02","3.91M","-1.12%"
"10/06/2025","69.70","69.02","69.96","68.70","3.22M","0.46%"
"10/03/2025","69.38","69.18","69.40","68.40","2.51M","1.43%"
"10/02/2025","68.40","68.40","69.14","68.40","2.56M","-0.49%"
"10/01/2025","68.74","67.34","68.84","67.08","5.27M","1.69%"
"09/30/2025","67.60","68.00","68.58","67.50","3.39M","-0.59%"
"09/29/2025","68.00","66.50","68.40","66.44","4.14M","3.34%"
"09/26/2025","65.80","66.50","66.80","65.34","4.20M","-0.96%"
"09/25/2025","66.44","67.64","68.34","66.44","4.34M","-1.10%"
"09/24/2025","67.18","66.50","67.18","66.08","3.51M","0.48%"
"09/23/2025","66.86","66.64","67.00","66.04","2.35M","0.81%"
"09/22/2025","66.32","66.34","67.08","65.84","2.99M","0.12%"
"09/19/2025","66.24","67.00","67.40","65.72","8.78M","-0.87%"
"09/18/2025","66.82","66.58","67.58","66.52","4.10M","0.24%"
"09/17/2025","66.66","66.70","67.16","66.52","4.59M","-1.36%"
"09/16/2025","67.58","67.70","68.44","67.32","5.45M","-0.06%"
"09/15/2025","67.62","67.00","67.72","66.62","3.62M","1.20%"
"09/12/2025","66.82","66.90","67.84","66.76","3.46M","0.81%"
"09/11/2025","66.28","66.48","66.50","65.84","2.77M","0.03%"
"09/10/2025","66.26","66.40","66.60","65.28","4.88M","-0.42%"
"09/09/2025","66.54","66.10","66.80","65.90","2.87M","1.09%"
"09/08/2025","65.82","67.04","67.14","65.82","2.17M","-1.47%"
"09/05/2025","66.80","66.16","67.14","66.08","3.68M","1.67%"
"09/04/2025","65.70","65.46","66.30","65.28","2.71M","0.24%"
"09/03/2025","65.54","64.72","66.38","64.50","4.56M","1.83%"
"09/02/2025","64.36","65.04","65.34","63.96","2.92M","-1.17%"
"09/01/2025","65.12","65.18","65.48","64.92","1.83M","-0.09%"
"08/29/2025","65.18","66.02","66.20","64.72","3.47M","-1.00%"
"08/28/2025","65.84","65.72","66.60","65.72","2.33M","0.40%"
"08/27/2025","65.58","66.92","66.96","65.58","2.68M","-1.41%"
"08/26/2025","66.52","66.58","66.88","65.78","5.49M","-0.21%"
"08/25/2025","66.66","66.06","66.86","65.74","2.03M","1.25%"
"08/22/2025","65.84","65.36","65.84","65.06","2.68M","0.95%"
"08/21/2025","65.22","65.32","65.50","65.00","2.32M","-0.15%"
"08/20/2025","65.32","65.00","65.36","64.60","2.50M","0.31%"
"08/19/2025","65.12","64.40","65.42","64.32","2.87M","0.87%"
"08/18/2025","64.56","65.36","65.50","64.56","2.41M","-1.74%"
"08/15/2025","65.70","66.10","66.84","65.52","2.98M","0.71%"
"08/14/2025","65.24","65.74","66.10","65.10","3.32M","-0.88%"
"08/13/2025","65.82","65.04","65.84","64.96","3.50M","1.36%"
"08/12/2025","64.94","64.00","64.94","63.90","2.94M","2.01%"
"08/11/2025","63.66","64.68","64.84","63.66","2.17M","-1.06%"
"08/08/2025","64.34","63.60","64.68","63.58","2.62M","1.42%"
"08/07/2025","63.44","62.58","63.98","62.52","2.82M","1.18%"
"08/06/2025","62.70","62.80","63.20","62.50","4.11M","0.38%"
"08/05/2025","62.46","61.76","62.68","61.76","3.24M","1.13%"
"08/04/2025","61.76","62.14","62.22","61.50","3.37M","0.32%"
"08/01/2025","61.56","61.70","62.12","61.12","3.24M","0.00%"
"07/31/2025","61.56","61.90","62.08","60.66","4.28M","-2.01%"
"07/30/2025","62.82","63.78","63.92","62.24","4.02M","-1.26%"
"07/29/2025","63.62","63.28","63.78","63.16","3.72M","0.73%"
"07/28/2025","63.16","64.24","64.40","62.76","2.98M","-1.03%"
"07/25/2025","63.82","63.10","63.82","62.44","4.56M","1.04%"
"07/24/2025","63.16","63.60","63.86","62.84","3.81M","0.03%"
"07/23/2025","63.14","63.24","63.76","62.66","2.83M","-0.88%"
"07/22/2025","63.70","64.20","64.90","62.94","5.44M","2.74%"
"07/21/2025","62.00","61.98","63.30","61.70","5.25M","1.91%"
"07/18/2025","60.84","61.02","61.32","60.70","2.84M","0.46%"
"07/17/2025","60.56","60.40","60.82","60.20","1.95M","0.66%"
"07/16/2025","60.16","61.00","61.02","60.08","2.39M","-1.09%"
"07/15/2025","60.82","61.00","61.30","60.60","2.53M","0.20%"
"07/14/2025","60.70","61.02","61.64","60.58","2.53M","-0.95%"
"07/11/2025","61.28","61.34","61.44","60.94","2.56M","-0.07%"
"07/10/2025","61.32","60.58","62.04","60.42","3.50M","2.06%"
"07/09/2025","60.08","60.10","60.52","59.28","3.07M","0.00%"
"07/08/2025","60.08","59.70","60.30","59.40","3.34M","1.35%"
"07/07/2025","59.28","58.52","59.60","58.38","3.12M","0.85%"
"07/04/2025","58.78","59.00","59.06","58.38","2.56M","-0.98%"
"07/03/2025","59.36","60.22","60.48","59.36","3.31M","-0.37%"
"07/02/2025","59.58","57.78","59.80","57.44","5.43M","3.37%"
"07/01/2025","57.64","57.56","57.70","57.12","3.10M","0.17%"
"06/30/2025","57.54","57.82","57.86","56.96","3.43M","0.00%"
"06/27/2025","57.54","57.40","58.50","57.10","3.59M","1.23%"
"06/26/2025","56.84","55.56","56.90","55.56","4.11M","2.49%"
"06/25/2025","55.46","55.64","56.20","55.10","4.15M","0.04%"
"06/24/2025","55.44","55.80","56.14","55.02","3.92M","0.62%"
"06/23/2025","55.10","55.80","55.80","55.04","4.44M","-0.83%"
"06/20/2025","55.56","55.16","55.94","54.98","6.46M","0.80%"
"06/19/2025","55.12","54.94","55.54","54.64","3.14M","-0.58%"
"06/18/2025","55.44","56.12","56.38","54.98","5.15M","-1.07%"
"06/17/2025","56.04","56.16","56.56","55.74","3.47M","-0.74%"
"06/16/2025","56.46","55.66","56.46","55.08","4.55M","2.21%"
"06/13/2025","55.24","55.78","56.08","55.04","3.76M","-1.53%"
"06/12/2025","56.10","56.48","56.70","55.56","4.08M","-1.41%"
"06/11/2025","56.90","56.38","57.24","56.08","5.57M","2.37%"
"06/10/2025","55.58","54.42","55.74","54.20","4.01M","2.32%"
"06/06/2025","54.32","54.44","54.70","54.10","2.30M","-0.37%"
"06/05/2025","54.52","54.66","55.52","54.40","4.83M","0.37%"
"06/04/2025","54.32","54.00","55.12","53.24","6.62M","-1.06%"
"06/03/2025","54.90","55.60","55.60","54.64","4.17M","-1.44%"
"06/02/2025","55.70","55.40","56.06","54.54","4.67M","-0.46%"
"05/30/2025","55.96","55.80","56.12","55.28","9.01M","-0.14%"
"05/28/2025","56.04","56.78","56.94","55.92","3.14M","-1.16%"
"05/27/2025","56.70","56.68","56.98","56.12","4.23M","-0.11%"
"05/26/2025","56.76","56.60","57.26","56.30","2.00M","1.79%"
"05/23/2025","55.76","55.86","56.90","54.86","4.36M","-0.32%"
"05/22/2025","55.94","57.12","57.12","55.52","4.20M","-2.48%"
"05/21/2025","57.36","57.54","57.66","56.72","2.10M","-0.10%"
"05/20/2025","57.42","56.66","57.66","55.72","4.93M","1.06%"
"05/19/2025","56.82","57.18","57.96","56.40","4.01M","-1.29%"
"05/16/2025","57.56","57.98","58.20","57.22","3.78M","-0.17%"
"05/15/2025","57.66","57.82","58.00","56.92","3.11M","-0.69%"
"05/14/2025","58.06","58.30","58.34","57.24","4.93M","0.24%"
"05/13/2025","57.92","57.70","58.78","57.60","4.23M","0.10%"
"05/12/2025","57.86","56.60","58.74","56.60","5.99M","1.37%"
"05/09/2025","57.08","56.52","58.04","56.40","4.65M","1.89%"
"05/08/2025","56.02","55.10","56.42","54.74","4.84M","1.41%"
"05/07/2025","55.24","55.10","55.34","54.60","2.83M","-0.04%"
"05/06/2025","55.26","55.62","55.72","54.46","2.58M","-0.61%"
"05/05/2025","55.60","55.88","56.22","55.30","2.39M","-0.43%"
"05/02/2025","55.84","55.08","56.18","55.06","4.09M","2.27%"
"04/30/2025","54.60","54.82","55.20","53.24","5.22M","-1.16%"
"04/29/2025","55.24","54.92","57.02","54.50","6.28M","-2.02%"
"04/28/2025","56.38","56.30","57.00","56.08","3.84M","-0.21%"
"04/25/2025","56.50","56.30","57.04","55.78","4.23M","1.84%"
"04/24/2025","55.48","55.76","55.76","54.62","4.38M","-0.93%"
"04/23/2025","56.00","53.70","56.54","53.56","5.69M","5.74%"
"04/22/2025","52.96","54.60","54.90","52.64","5.79M","0.23%"
"04/16/2025","52.84","53.34","53.38","52.24","3.11M","-2.15%"
"04/15/2025","54.00","54.00","55.24","53.70","4.34M","-0.11%"
"04/14/2025","54.06","54.60","55.20","53.52","3.36M","1.58%"
"04/11/2025","53.22","55.00","55.14","52.26","5.18M","-1.19%"
"04/10/2025","53.86","56.80","56.80","53.10","8.64M","3.90%"
"04/09/2025","51.84","50.60","53.30","50.60","7.63M","-4.18%"
"04/08/2025","54.10","54.82","54.82","52.42","8.00M","-0.55%"
"04/07/2025","54.40","52.58","55.28","50.68","11.93M","0.97%"
"04/04/2025","53.88","55.92","56.02","53.74","8.21M","-5.24%"
"04/03/2025","56.86","56.70","57.48","55.52","6.05M","-2.94%"
"04/02/2025","58.58","59.62","60.08","58.22","3.90M","-2.30%"
"04/01/2025","59.96","60.96","61.14","59.92","3.54M","-0.60%"
"03/31/2025","60.32","60.50","60.62","59.64","3.83M","-2.17%"
"03/28/2025","61.66","62.50","63.38","61.14","4.26M","-2.13%"
"03/27/2025","63.00","64.30","64.56","62.56","4.98M","-4.14%"
"03/26/2025","65.72","67.08","67.08","65.52","3.31M","-1.35%"
"03/25/2025","66.62","66.38","67.18","65.90","3.00M","-0.15%"
"03/24/2025","66.72","67.24","67.58","66.50","3.61M","0.97%"
"03/21/2025","66.08","67.32","67.70","65.78","6.36M","-3.02%"
"03/20/2025","68.14","69.50","69.90","67.82","6.49M","-1.90%"
"03/19/2025","69.46","69.30","69.62","68.64","5.31M","0.03%"
"03/18/2025","69.44","69.06","70.58","68.64","4.68M","0.93%"
"03/17/2025","68.80","68.20","69.34","67.34","4.38M","1.81%"
"03/14/2025","67.58","67.68","68.94","67.34","5.27M","-0.18%"
"03/13/2025","67.70","66.10","68.00","66.10","3.75M","1.68%"
"03/12/2025","66.58","68.42","68.54","66.34","4.38M","-1.86%"
"03/11/2025","67.84","67.28","68.40","66.82","5.55M","0.65%"
"03/10/2025","67.40","70.18","70.58","67.30","6.17M","-4.07%"
"03/07/2025","70.26","71.04","71.50","69.22","4.78M","-1.71%"
"03/06/2025","71.48","67.24","72.10","67.24","8.04M","6.94%"
"03/05/2025","66.84","65.80","67.14","65.38","5.75M","4.96%"
"03/04/2025","63.68","65.80","66.08","63.66","4.51M","-5.32%"
"03/03/2025","67.26","66.00","67.80","65.04","4.02M","1.57%"
"02/28/2025","66.22","65.70","66.34","64.96","9.17M","-1.05%"
"02/27/2025","66.92","67.06","67.82","66.30","5.14M","-0.92%"
"02/26/2025","67.54","67.40","67.88","67.06","3.58M","1.38%"
"02/25/2025","66.62","66.48","67.12","65.70","3.28M","-0.24%"
"02/24/2025","66.78","65.78","67.12","65.02","4.05M","0.51%"
"02/21/2025","66.44","67.10","68.34","66.44","4.95M","-1.95%"
"02/20/2025","67.76","66.16","68.14","66.16","5.11M","2.57%"
"02/19/2025","66.06","65.94","66.74","65.76","4.20M","0.27%"
"02/18/2025","65.88","67.74","67.74","65.34","5.80M","-2.43%"
"02/17/2025","67.52","65.94","68.00","65.40","3.88M","2.58%"
"02/14/2025","65.82","66.30","68.24","65.14","7.51M","-1.38%"
"02/13/2025","66.74","66.72","66.92","65.98","3.01M","1.58%"
"02/12/2025","65.70","65.84","66.00","65.02","3.04M","0.03%"
"02/11/2025","65.68","67.00","67.06","65.46","3.85M","-2.26%"
"02/10/2025","67.20","66.50","67.78","66.36","4.05M","-0.86%"
"02/07/2025","67.78","69.00","69.34","67.18","4.25M","-1.17%"
"02/06/2025","68.58","67.24","69.06","67.24","5.08M","3.75%"
"02/05/2025","66.10","66.60","66.84","65.78","3.25M","-0.42%"
"02/04/2025","66.38","66.54","67.10","65.58","2.77M","0.51%"
"02/03/2025","66.04","64.46","66.12","64.40","3.92M","-1.37%"
"01/31/2025","66.96","67.66","67.76","66.28","4.00M","-1.18%"
"01/30/2025","67.76","66.50","67.94","66.32","3.93M","2.08%"
"01/29/2025","66.38","65.10","66.38","64.66","3.34M","1.62%"
"01/28/2025","65.32","65.22","66.46","65.04","2.75M","0.09%"
"01/27/2025","65.26","65.18","65.74","64.62","2.99M","-2.16%"
"01/24/2025","66.70","67.92","68.62","66.70","5.08M","0.33%"
"01/23/2025","66.48","66.84","66.86","65.80","4.62M","-0.30%"
"01/22/2025","66.68","67.10","67.34","66.28","2.56M","-1.10%"
"01/21/2025","67.42","67.50","68.42","66.76","4.25M","-2.96%"
"01/20/2025","69.48","68.40","69.76","68.40","2.02M","1.14%"
"01/17/2025","68.70","67.86","68.98","67.84","3.99M","2.32%"
"01/16/2025","67.14","68.00","68.60","66.92","4.06M","0.33%"
"01/15/2025","66.92","65.90","67.26","65.78","4.19M","2.26%"
"01/14/2025","65.44","65.90","66.04","64.92","4.53M","0.18%"
"01/13/2025","65.32","63.98","65.32","63.98","4.08M","1.46%"
"01/10/2025","64.38","65.20","65.54","64.20","2.95M","-0.16%"
"01/09/2025","64.48","63.14","65.52","63.00","5.85M","2.87%"
"01/08/2025","62.68","62.94","63.00","61.74","2.43M","-0.29%"
"01/07/2025","62.86","63.04","64.00","62.60","3.71M","-0.41%"
"01/06/2025","63.12","62.60","64.12","61.74","3.38M","0.80%"
"01/03/2025","62.62","63.00","63.38","62.40","3.37M","-2.03%"
"01/02/2025","63.92","63.40","64.20","63.36","2.79M","2.21%"
"12/30/2024","62.54","62.80","62.86","62.28","3.27M","-0.13%"
"12/27/2024","62.62","63.00","63.28","62.58","2.82M","0.03%"
"12/23/2024","62.60","62.56","62.86","62.06","2.07M","0.38%"
"12/20/2024","62.36","61.90","62.40","61.64","7.16M","0.03%"
"12/19/2024","62.34","62.32","62.84","62.04","4.28M","-2.23%"
"12/18/2024","63.76","63.70","64.24","63.38","4.33M","-0.16%"
"12/17/2024","63.86","64.10","64.16","63.42","4.37M","-1.18%"
"12/16/2024","64.62","64.84","65.26","64.18","2.82M","-0.80%"
"12/13/2024","65.14","65.36","65.80","64.92","3.41M","-0.55%"
"12/12/2024","65.50","66.80","67.20","65.00","3.85M","-0.79%"
"12/11/2024","66.02","65.74","66.54","64.90","5.86M","-1.43%"
"12/10/2024","66.98","67.02","67.28","66.46","4.14M","-0.86%"
"12/09/2024","67.56","68.18","69.34","67.26","4.96M","0.57%"
"12/06/2024","67.18","69.12","69.84","66.76","5.09M","-3.70%"
"12/05/2024","69.76","69.72","70.42","69.54","2.52M","0.11%"
"12/04/2024","69.68","69.18","70.16","68.80","3.22M","1.19%"
"12/03/2024","68.86","68.82","69.56","68.60","2.54M","0.97%"
"12/02/2024","68.20","67.98","68.68","67.58","3.36M","-0.15%"
"11/29/2024","68.30","68.78","69.08","67.90","3.78M","-0.15%"
"11/28/2024","68.40","68.58","69.00","67.82","3.03M","-0.06%"
"11/27/2024","68.44","69.00","71.94","67.28","7.58M","-3.85%"
"11/26/2024","71.18","71.64","72.42","71.18","3.48M","-1.85%"
"11/25/2024","72.52","72.14","73.36","71.76","6.50M","1.45%"
"11/22/2024","71.48","72.00","72.04","70.38","3.87M","-0.50%"
"11/21/2024","71.84","71.56","72.20","70.74","3.37M","0.06%"
"11/20/2024","71.80","71.46","72.42","71.14","4.33M","1.18%"
"11/19/2024","70.96","70.92","71.30","69.04","3.74M","1.00%"
"11/18/2024","70.26","70.82","70.96","69.22","4.41M","-0.54%"
"11/15/2024","70.64","65.56","71.08","65.32","8.21M","7.13%"
"11/14/2024","65.94","64.20","66.04","63.78","4.15M","2.39%"
"11/13/2024","64.40","65.02","65.78","64.32","4.99M","-1.44%"
"11/12/2024","65.34","67.02","67.44","65.14","6.35M","-4.00%"
"11/11/2024","68.06","69.58","69.60","67.66","4.09M","-1.85%"
"11/08/2024","69.34","71.58","71.72","69.02","5.08M","-3.43%"
"11/07/2024","71.80","69.60","72.72","69.56","5.47M","4.79%"
"11/06/2024","68.52","70.72","72.12","68.52","7.08M","-2.45%"
"11/05/2024","70.24","69.52","70.34","69.34","3.48M","1.04%"
"11/04/2024","69.52","69.30","69.94","69.08","2.22M","0.75%"
"11/01/2024","69.00","68.00","69.14","68.00","3.28M","1.92%"
"10/31/2024","67.70","68.26","68.64","67.44","4.42M","-1.40%"
"10/30/2024","68.66","68.88","69.70","68.12","3.72M","-0.29%"
"10/29/2024","68.86","68.40","69.86","67.92","3.82M","0.61%"
"10/28/2024","68.44","68.36","68.46","66.76","3.80M","-0.12%"
"10/25/2024","68.52","67.50","68.58","66.42","3.29M","1.27%"
"10/24/2024","67.66","68.32","70.24","67.46","4.39M","-0.70%"
"10/23/2024","68.14","67.82","68.62","67.80","4.37M","-0.21%"
"10/22/2024","68.28","68.90","69.32","67.90","2.99M","-0.76%"
"10/21/2024","68.80","68.88","70.02","68.76","2.18M","0.12%"
"10/18/2024","68.72","69.70","70.22","68.72","3.66M","0.12%"
"10/17/2024","68.64","68.78","69.64","67.40","4.21M","-0.38%"
"10/16/2024","68.90","68.16","69.04","68.06","3.08M","1.80%"
"10/15/2024","67.68","68.36","68.70","67.42","4.49M","-2.37%"
"10/14/2024","69.32","69.86","70.30","68.66","2.73M","-1.14%"
"10/11/2024","70.12","68.22","70.88","68.00","4.62M","2.91%"
"10/10/2024","68.14","67.08","68.20","66.42","3.58M","2.37%"
"10/09/2024","66.56","66.08","67.04","65.80","3.41M","0.79%"
"10/08/2024","66.04","65.74","66.78","65.06","4.02M","-4.51%"
"10/07/2024","69.16","68.94","69.16","68.24","2.73M","0.35%"
"10/04/2024","68.92","67.48","69.00","67.40","3.33M","2.38%"
"10/03/2024","67.32","68.46","68.62","66.96","3.56M","-2.01%"
"10/02/2024","68.70","69.18","69.60","68.34","3.49M","0.35%"
"10/01/2024","68.46","68.34","69.22","67.68","4.03M","0.00%"
"09/30/2024","68.46","68.52","69.60","68.12","4.11M","0.23%"
"09/27/2024","68.30","68.24","68.76","67.58","4.06M","1.67%"
"09/26/2024","67.18","66.44","67.88","66.36","6.46M","3.80%"
"09/25/2024","64.72","66.16","66.60","64.52","4.04M","-1.31%"
"09/24/2024","65.58","65.56","66.38","64.70","9.15M","5.30%"
"09/23/2024","62.28","61.56","62.56","61.12","3.07M","0.71%"
"09/20/2024","61.84","62.92","62.92","61.62","7.96M","-1.37%"
"09/19/2024","62.70","62.44","63.52","62.26","5.62M","3.47%"
"09/18/2024","60.60","60.84","60.90","60.10","3.22M","-0.62%"
"09/17/2024","60.98","62.04","62.20","60.16","5.39M","-1.68%"
"09/16/2024","62.02","59.12","62.24","59.00","","4.41%"
"09/13/2024","59.40","59.02","59.40","58.42","4.25M","1.23%"
"09/12/2024","58.68","58.66","59.90","58.24","4.74M","2.19%"
"09/11/2024","57.42","58.22","58.24","57.02","5.12M","3.57%"
"09/10/2024","55.44","56.06","56.86","55.44","2.58M","-1.04%"
"09/09/2024","56.02","55.84","56.24","55.52","2.04M","0.94%"
"09/06/2024","55.50","56.58","56.64","55.48","2.44M","-1.91%"
"09/05/2024","56.58","56.06","56.88","55.84","2.58M","0.04%"
"09/04/2024","56.56","56.50","57.00","56.28","4.43M","-0.88%"
"09/03/2024","57.06","59.32","59.32","56.56","5.42M","-4.04%"
"09/02/2024","59.46","58.90","59.58","58.14","2.46M","0.10%"
"08/30/2024","59.40","59.06","60.04","59.06","10.38M","0.85%"
"08/29/2024","58.90","58.64","59.28","58.60","1.90M","0.24%"
"08/28/2024","58.76","60.08","60.20","58.76","3.75M","-2.72%"
"08/27/2024","60.40","60.92","61.08","60.36","2.78M","-0.07%"
"08/26/2024","60.44","60.00","61.06","59.92","3.17M","1.17%"
"08/23/2024","59.74","59.06","59.80","58.70","2.83M","1.15%"
"08/22/2024","59.06","59.24","59.80","58.60","2.61M","-0.47%"
"08/21/2024","59.34","59.88","60.80","59.26","2.41M","-0.54%"
"08/20/2024","59.66","59.30","60.24","59.14","3.39M","0.64%"
"08/19/2024","59.28","58.58","59.70","58.44","3.28M","2.24%"
"08/16/2024","57.98","57.70","58.26","57.40","4.96M","1.01%"
"08/15/2024","57.40","57.52","57.98","57.04","2.90M","0.00%"
"08/14/2024","57.40","57.00","57.66","56.56","2.78M","0.84%"
"08/13/2024","56.92","57.50","57.50","56.64","2.86M","-0.84%"
"08/12/2024","57.40","57.00","57.62","57.00","2.63M","0.95%"
"08/09/2024","56.86","57.16","57.74","56.86","3.09M","1.86%"
"08/08/2024","55.82","55.76","56.06","54.92","3.08M","-1.34%"
"08/07/2024","56.58","55.96","56.90","55.18","3.40M","1.95%"
"08/06/2024","55.50","56.32","56.76","55.22","4.36M","0.40%"
"08/05/2024","55.28","55.40","55.54","54.48","5.79M","-3.73%"
"08/02/2024","57.42","58.26","58.74","57.28","3.87M","-2.78%"
"08/01/2024","59.06","60.40","60.40","58.82","4.53M","-2.22%"
"07/31/2024","60.40","59.74","60.88","59.74","6.75M","2.51%"
"07/30/2024","58.92","59.68","59.68","58.50","5.39M","-1.60%"
"07/29/2024","59.88","60.76","60.78","59.88","2.62M","-1.32%"
"07/26/2024","60.68","60.62","61.40","60.58","3.60M","0.90%"
"07/25/2024","60.14","59.50","60.60","59.10","5.38M","-1.41%"
"07/24/2024","61.00","60.50","61.64","60.18","4.25M","0.20%"
"07/23/2024","60.88","60.60","62.06","60.26","8.26M","-4.67%"
"07/22/2024","63.86","63.76","64.22","63.42","3.11M","0.57%"
"07/19/2024","63.50","65.14","65.20","63.16","4.11M","-3.14%"
"07/18/2024","65.56","66.00","66.14","65.30","3.25M","-0.18%"
"07/17/2024","65.68","65.50","66.12","64.82","2.57M","-0.12%"
"07/16/2024","65.76","65.70","66.36","65.52","3.33M","-1.08%"
"07/15/2024","66.48","68.98","69.06","65.60","4.21M","-3.74%"
"07/12/2024","69.06","67.42","69.06","67.14","3.76M","2.74%"
"07/11/2024","67.22","67.18","67.54","66.28","3.20M","0.42%"
"07/10/2024","66.94","67.36","67.46","65.84","2.99M","-0.30%"
"07/09/2024","67.14","67.34","67.34","66.16","3.43M","0.87%"
"07/08/2024","66.56","67.00","67.06","65.68","3.61M","-1.25%"
"07/05/2024","67.40","68.00","68.86","67.38","2.77M","-0.27%"
"07/04/2024","67.58","67.80","68.88","67.58","1.84M","-0.06%"
"07/03/2024","67.62","67.30","68.66","67.20","4.19M","2.02%"
"07/02/2024","66.28","66.68","67.02","65.56","3.37M","-0.78%"
"07/01/2024","66.80","67.00","67.26","66.36","2.54M","0.45%"
"06/28/2024","66.50","66.24","67.06","66.24","3.01M","0.73%"
"06/27/2024","66.02","65.22","66.42","65.20","2.79M","0.46%"
"06/26/2024","65.72","65.24","66.90","65.06","3.15M","1.58%"
"06/25/2024","64.70","66.32","66.50","64.50","3.53M","-2.53%"
"06/24/2024","66.38","64.66","66.76","64.10","2.41M","2.41%"
"06/21/2024","64.82","65.32","65.74","64.14","6.55M","-0.43%"
"06/20/2024","65.10","63.70","65.60","63.64","4.68M","1.69%"
"06/19/2024","64.02","64.30","64.88","63.68","5.15M","-0.12%"
"06/18/2024","64.10","63.70","64.20","62.68","3.90M","1.20%"
"06/17/2024","63.34","64.70","64.72","63.14","4.47M","-2.31%"
"06/14/2024","64.84","67.00","67.44","64.78","4.39M","-2.93%"
"06/13/2024","66.80","68.18","68.60","66.66","5.72M","-0.80%"
"06/12/2024","67.34","66.72","67.52","66.40","2.02M","1.23%"
"06/11/2024","66.52","68.40","68.52","66.34","2.62M","-3.09%"
"06/10/2024","68.64","67.50","68.68","67.12","2.33M","1.39%"
"06/07/2024","67.70","67.84","68.40","66.80","3.67M","-1.54%"
"06/06/2024","68.76","68.42","68.86","68.20","2.00M","1.81%"
"06/05/2024","67.54","68.86","69.24","67.40","5.84M","-2.90%"
"06/04/2024","69.56","71.02","71.08","68.54","5.16M","-2.06%"
"06/03/2024","71.02","70.44","71.52","70.34","2.02M","0.14%"
"05/31/2024","70.92","69.60","71.54","69.54","9.61M","1.90%"
"05/30/2024","69.60","68.16","70.20","68.00","4.41M","0.17%"
"05/29/2024","69.48","70.98","71.44","69.08","6.40M","-2.03%"
"05/28/2024","70.92","69.08","70.92","68.60","4.18M","2.78%"
"05/27/2024","69.00","68.86","69.32","68.22","1.54M","0.20%"
"05/24/2024","68.86","68.68","69.06","67.94","2.71M","0.41%"
"05/23/2024","68.58","68.42","69.20","67.86","2.48M","-0.61%"
"05/22/2024","69.00","70.92","71.32","69.00","5.09M","-3.42%"
"05/21/2024","71.44","70.00","71.74","68.38","9.02M","6.37%"
"05/16/2024","67.16","67.24","67.76","66.52","3.76M","0.30%"
"05/15/2024","66.96","68.02","68.46","66.96","3.14M","-1.24%"
"05/14/2024","67.80","67.34","68.60","67.34","4.03M","-0.03%"
"05/13/2024","67.82","66.22","67.82","65.98","4.13M","1.83%"
"05/10/2024","66.60","66.78","68.34","66.50","4.12M","0.94%"
"05/08/2024","65.98","67.72","67.76","65.46","4.32M","-5.82%"
"05/07/2024","70.06","70.64","70.74","69.42","3.38M","0.00%"
"05/06/2024","70.06","69.72","70.58","69.30","4.01M","1.04%"
"05/03/2024","69.34","68.44","69.46","68.08","3.93M","2.27%"
"05/02/2024","67.80","68.90","69.70","67.48","5.19M","-1.60%"
"04/30/2024","68.90","69.50","69.66","68.66","5.25M","-1.46%"
"04/29/2024","69.92","70.28","70.54","69.36","4.02M","-0.03%"
"04/26/2024","69.94","68.18","70.66","68.10","4.24M","3.13%"
"04/25/2024","67.82","67.60","68.44","66.88","4.59M","0.44%"
"04/24/2024","67.52","66.00","69.36","65.76","6.72M","-0.62%"
"04/23/2024","67.94","68.98","69.00","67.42","5.69M","-2.50%"
"04/22/2024","69.68","70.38","70.72","69.54","4.70M","-1.47%"
"04/19/2024","70.72","71.58","71.72","70.36","4.19M","-0.59%"
"04/18/2024","71.14","71.76","71.80","70.60","3.09M","-0.28%"
"04/17/2024","71.34","70.24","72.00","70.20","3.92M","2.68%"
"04/16/2024","69.48","71.12","71.44","69.18","4.82M","-3.74%"
"04/15/2024","72.18","74.48","75.10","72.06","7.55M","0.81%"
"04/12/2024","71.60","68.60","71.60","68.60","6.05M","5.29%"
"04/11/2024","68.00","69.24","69.72","67.94","4.23M","-0.73%"
"04/10/2024","68.50","68.66","69.34","67.06","4.66M","-0.03%"
"04/09/2024","68.52","68.14","68.98","67.70","4.55M","0.91%"
"04/08/2024","67.90","67.26","68.98","67.26","6.12M","1.43%"
"04/05/2024","66.94","66.78","67.94","66.70","3.48M","-0.89%"
"04/04/2024","67.54","66.12","68.82","65.90","6.14M","2.40%"
"04/03/2024","65.96","62.68","66.18","62.32","6.33M","5.13%"
"04/02/2024","62.74","60.58","63.58","60.58","10.37M","5.62%"
"03/27/2024","59.40","60.04","60.04","58.98","3.49M","-1.20%"
"03/26/2024","60.12","59.40","60.70","59.40","3.04M","0.03%"
"03/25/2024","60.10","60.30","60.50","59.56","4.81M","-1.31%"
"03/22/2024","60.90","60.02","61.00","59.86","3.13M","0.13%"
"03/21/2024","60.82","60.50","61.12","60.02","3.92M","2.63%"
"03/20/2024","59.26","58.24","59.46","58.22","4.19M","2.00%"
"03/19/2024","58.10","58.48","58.76","57.32","2.80M","-0.21%"
"03/18/2024","58.22","57.98","58.96","57.86","3.66M","0.38%"
"03/15/2024","58.00","57.84","59.04","57.70","10.65M","0.69%"
"03/14/2024","57.60","58.00","58.32","57.44","5.70M","-0.41%"
"03/13/2024","57.84","56.88","57.88","56.54","5.10M","1.69%"
"03/12/2024","56.88","56.80","57.74","56.20","4.40M","3.31%"
"03/11/2024","55.06","55.26","55.86","54.68","2.27M","-1.33%"
"03/08/2024","55.80","55.66","56.32","55.16","2.69M","-0.04%"
"03/07/2024","55.82","54.16","56.44","53.84","3.87M","3.14%"
"03/06/2024","54.12","53.60","54.54","53.24","2.50M","0.97%"
"03/05/2024","53.60","54.30","54.48","53.34","2.53M","-1.62%"
"03/04/2024","54.48","54.92","55.14","54.20","2.55M","-0.69%"
"03/01/2024","54.86","54.46","55.38","54.02","3.46M","0.59%"
"02/29/2024","54.54","54.72","55.00","54.32","6.70M","0.00%"
"02/28/2024","54.54","56.04","56.10","54.10","3.46M","-2.85%"
"02/27/2024","56.14","56.48","56.98","55.98","2.90M","0.04%"
"02/26/2024","56.12","55.76","56.26","55.42","2.98M","-0.07%"
"02/23/2024","56.16","57.00","57.12","55.90","2.16M","-1.40%"
"02/22/2024","56.96","57.90","58.40","56.82","3.11M","-0.11%"
"02/21/2024","57.02","57.20","58.56","56.70","3.89M","0.71%"
"02/20/2024","56.62","56.40","57.50","56.04","2.66M","-0.74%"
"02/19/2024","57.04","58.00","58.50","56.90","2.54M","-2.16%"
"02/16/2024","58.30","56.32","58.54","56.32","3.67M","4.11%"
"02/15/2024","56.00","55.86","57.06","55.36","3.49M","-0.50%"
"02/14/2024","56.28","56.00","57.14","55.52","4.35M","-2.49%"
"02/13/2024","57.72","59.36","59.36","57.60","4.07M","-2.20%"
"02/12/2024","59.02","58.68","59.30","58.60","1.78M","0.96%"
"02/09/2024","58.46","59.10","59.22","58.34","2.65M","-1.48%"
"02/08/2024","59.34","59.30","60.20","59.20","3.04M","0.17%"
"02/07/2024","59.24","60.38","60.38","59.04","3.01M","-2.50%"
"02/06/2024","60.76","59.74","61.04","59.68","2.69M","2.53%"
"02/05/2024","59.26","60.98","60.98","59.16","2.89M","-2.98%"
"02/02/2024","61.08","61.88","62.02","61.08","1.71M","-1.42%"
"02/01/2024","61.96","61.60","62.12","61.42","2.21M","0.03%"
"01/31/2024","61.94","61.74","62.06","61.42","2.98M","0.72%"
"01/30/2024","61.50","63.00","63.16","61.24","2.54M","-2.16%"
"01/29/2024","62.86","62.64","63.08","62.00","2.35M","0.16%"
"01/26/2024","62.76","61.90","62.90","61.84","2.05M","1.36%"
"01/25/2024","61.92","62.00","62.50","61.04","3.88M","-0.51%"
"01/24/2024","62.24","64.30","64.74","62.04","7.25M","-1.27%"
"01/23/2024","63.04","59.54","63.04","59.40","7.98M","7.07%"
"01/22/2024","58.88","59.50","59.62","58.34","3.60M","-0.98%"
"01/19/2024","59.46","61.02","61.18","59.40","3.82M","-1.23%"
"01/18/2024","60.20","60.40","60.74","59.74","4.65M","-0.23%"
"01/17/2024","60.34","61.02","61.18","59.96","4.23M","-3.11%"
"01/16/2024","62.28","62.04","62.82","61.86","3.98M","-0.57%"
"01/15/2024","62.64","63.56","64.04","62.64","2.41M","-2.00%"
"01/12/2024","63.92","65.98","66.10","63.92","3.26M","-2.41%"
"01/11/2024","65.50","66.80","66.96","65.42","3.26M","-0.94%"
"01/10/2024","66.12","66.02","66.96","66.00","3.24M","-0.66%"
"01/09/2024","66.56","66.42","67.16","65.80","4.57M","0.67%"
"01/08/2024","66.12","66.00","66.64","65.56","2.12M","-0.99%"
"01/05/2024","66.78","65.56","66.92","65.24","1.71M","1.46%"
"01/04/2024","65.82","67.12","67.40","65.74","5.99M","-0.15%"
"01/03/2024","65.92","67.64","67.84","65.92","2.76M","-3.46%"
"01/02/2024","68.28","68.60","68.78","67.70","2.44M","-0.18%"
"12/29/2023","68.40","68.38","68.68","68.04","1.77M","-0.41%"
"12/28/2023","68.68","68.98","69.00","68.42","1.65M","0.62%"
"12/27/2023","68.26","67.52","68.52","67.52","2.79M","-0.06%"
"12/22/2023","68.30","66.04","68.40","66.00","3.71M","4.05%"
"12/21/2023","65.64","65.54","65.92","64.16","3.91M","-2.50%"
"12/20/2023","67.32","67.46","68.10","66.96","2.98M","0.12%"
"12/19/2023","67.24","66.84","67.54","66.70","2.41M","-0.39%"
"12/18/2023","67.50","66.72","67.92","66.72","3.27M","1.47%"
"12/15/2023","66.52","66.22","67.86","66.22","6.35M","1.06%"
"12/14/2023","65.82","66.62","67.66","65.58","5.60M","3.59%"
"12/13/2023","63.54","63.00","64.10","62.80","4.89M","0.25%"
"12/12/2023","63.38","63.34","64.82","62.96","3.65M","1.70%"
"12/11/2023","62.32","62.04","62.82","61.24","4.74M","0.06%"
"12/08/2023","62.28","61.96","62.72","61.00","3.64M","0.32%"
"12/07/2023","62.08","62.86","63.18","62.02","2.54M","-1.52%"
"12/06/2023","63.04","62.58","63.34","62.44","2.05M","1.81%"
"12/05/2023","61.92","62.70","63.02","61.92","2.77M","-1.53%"
"12/04/2023","62.88","63.84","63.84","62.88","2.72M","-2.45%"
"12/01/2023","64.46","63.26","64.50","62.88","2.71M","2.68%"
"11/30/2023","62.78","63.62","63.86","62.04","7.07M","-0.44%"
"11/29/2023","63.06","62.00","63.64","61.48","4.45M","-1.87%"
"11/28/2023","64.26","64.56","64.70","63.74","3.19M","-1.08%"
"11/27/2023","64.96","64.56","65.40","64.14","3.19M","0.00%"
"11/24/2023","64.96","65.22","65.42","64.74","1.60M","-0.58%"
"11/23/2023","65.34","64.02","65.40","63.76","2.08M","2.99%"
"11/22/2023","63.44","63.52","64.26","63.30","1.85M","-0.88%"
"11/21/2023","64.00","65.30","65.66","64.00","2.61M","-1.78%"
"11/20/2023","65.16","64.72","65.38","64.22","2.27M","0.40%"
"11/17/2023","64.90","63.50","65.32","63.42","4.27M","2.43%"
"11/16/2023","63.36","63.88","64.18","63.34","3.07M","-1.58%"
"11/15/2023","64.38","63.00","65.00","62.22","6.38M","3.47%"
"11/14/2023","62.22","60.26","62.76","60.08","4.94M","3.46%"
"11/13/2023","60.14","60.20","61.28","59.72","2.89M","-0.63%"
"11/10/2023","60.52","61.64","62.14","60.52","2.57M","-2.76%"
"11/09/2023","62.24","62.00","63.10","61.60","3.62M","-0.22%"
"11/08/2023","62.38","62.00","62.44","61.40","2.88M","1.07%"
"11/07/2023","61.72","63.26","63.28","61.72","3.83M","-3.23%"
"11/06/2023","63.78","63.20","63.80","62.58","3.19M","1.14%"
"11/03/2023","63.06","63.14","63.58","62.06","3.62M","0.32%"
"11/02/2023","62.86","63.24","64.32","62.86","3.44M","0.16%"
"11/01/2023","62.76","63.24","63.70","62.76","2.81M","-1.44%"
"10/31/2023","63.68","62.38","64.02","62.14","4.25M","2.18%"
"10/30/2023","62.32","60.20","62.66","59.82","3.64M","2.74%"
"10/27/2023","60.66","61.34","61.94","59.84","3.64M","-0.46%"
"10/26/2023","60.94","58.98","61.90","58.98","4.08M","1.67%"
"10/25/2023","59.94","59.50","60.92","59.00","3.03M","0.44%"
"10/24/2023","59.68","57.52","60.50","57.52","4.92M","5.14%"
"10/23/2023","56.76","57.56","57.58","56.62","4.42M","-2.17%"
"10/20/2023","58.02","59.00","59.20","58.02","3.60M","-2.19%"
"10/19/2023","59.32","60.16","60.80","59.16","3.82M","-1.95%"
"10/18/2023","60.50","61.34","61.66","60.50","2.66M","-1.82%"
"10/17/2023","61.62","61.88","62.52","60.24","3.30M","-1.15%"
"10/16/2023","62.34","61.52","62.34","60.90","2.05M","1.63%"
"10/13/2023","61.34","62.20","62.54","61.30","3.24M","-1.26%"
"10/12/2023","62.12","62.24","63.40","61.96","2.34M","-0.19%"
"10/11/2023","62.24","61.76","62.46","61.60","2.81M","0.03%"
"10/10/2023","62.22","60.84","63.26","60.32","3.81M","2.27%"
"10/09/2023","60.84","60.66","61.28","59.82","2.87M","-0.43%"
"10/06/2023","61.10","61.90","62.70","60.52","5.05M","-2.11%"
"10/05/2023","62.42","62.10","62.96","61.68","3.79M","0.39%"
"10/04/2023","62.18","63.24","63.78","62.18","4.83M","-2.17%"
"10/03/2023","63.56","65.30","65.50","63.28","6.07M","-3.49%"
"10/02/2023","65.86","67.56","68.00","65.86","5.00M","-1.99%"
"09/29/2023","67.20","66.00","67.90","65.98","6.45M","2.60%"
"09/28/2023","65.50","65.10","65.78","64.88","3.59M","1.08%"
"09/27/2023","64.80","63.72","65.10","63.70","3.93M","1.79%"
"09/26/2023","63.66","62.42","64.08","62.42","3.84M","1.37%"
"09/25/2023","62.80","61.82","62.94","61.80","2.40M","0.35%"
"09/22/2023","62.58","61.98","62.88","61.30","2.71M","1.20%"
"09/21/2023","61.84","63.30","63.36","61.46","3.85M","-3.01%"
"09/20/2023","63.76","61.88","63.76","61.40","5.31M","3.37%"
"09/19/2023","61.68","61.52","62.32","61.52","2.23M","-0.42%"
"09/18/2023","61.94","62.52","63.46","61.44","2.23M","-1.71%"
"09/15/2023","63.02","63.04","63.46","62.14","9.03M","0.96%"
"09/14/2023","62.42","61.56","62.88","61.28","4.72M","2.33%"
"09/13/2023","61.00","61.26","61.98","60.92","3.68M","-0.65%"
"09/12/2023","61.40","60.90","61.90","60.90","4.48M","0.82%"
"09/11/2023","60.90","59.76","60.90","59.60","3.51M","3.61%"
"09/08/2023","58.78","59.50","59.72","58.26","2.92M","-1.48%"
"09/07/2023","59.66","62.22","62.22","59.66","2.82M","-3.81%"
"09/06/2023","62.02","62.42","62.58","61.60","1.85M","-0.48%"
"09/05/2023","62.32","62.14","62.68","62.02","2.49M","-0.35%"
"09/04/2023","62.54","62.22","62.96","61.60","2.91M","1.82%"
"09/01/2023","61.42","59.76","61.68","59.56","3.43M","3.93%"
"08/31/2023","59.10","58.72","59.74","58.62","7.34M","0.14%"
"08/30/2023","59.02","59.60","59.74","58.66","2.45M","-0.51%"
"08/29/2023","59.32","58.44","59.32","58.36","3.16M","1.89%"
"08/28/2023","58.22","58.34","58.42","57.66","1.77M","0.31%"
"08/25/2023","58.04","58.10","58.78","57.76","2.20M","0.24%"
"08/24/2023","57.90","59.60","60.08","57.82","2.50M","-1.70%"
"08/23/2023","58.90","60.14","60.14","58.90","3.32M","-1.21%"
"08/22/2023","59.62","59.48","60.18","58.96","2.68M","0.74%"
"08/21/2023","59.18","59.58","59.90","58.86","2.14M","-0.07%"
"08/18/2023","59.22","61.24","61.30","59.22","5.69M","-4.02%"
"08/17/2023","61.70","61.84","62.30","61.62","2.92M","-0.45%"
"08/16/2023","61.98","61.86","62.40","61.50","1.69M","-0.13%"
"08/15/2023","62.06","62.94","63.20","62.04","2.14M","-1.08%"
"08/14/2023","62.74","64.06","64.26","62.64","2.22M","-2.37%"
"08/11/2023","64.26","64.32","64.54","63.68","2.49M","-0.50%"
"08/10/2023","64.58","64.52","65.06","64.24","2.02M","0.12%"
"08/09/2023","64.50","63.90","65.04","63.72","3.78M","2.02%"
"08/08/2023","63.22","63.50","63.66","62.00","4.14M","-1.47%"
"08/07/2023","64.16","65.12","65.26","63.82","1.57M","-1.47%"
"08/04/2023","65.12","65.66","65.68","64.68","1.79M","-0.28%"
"08/03/2023","65.30","64.60","65.76","64.42","2.86M","-0.03%"
"08/02/2023","65.32","65.36","66.02","64.50","2.99M","-1.51%"
"08/01/2023","66.32","66.26","66.60","65.48","1.94M","-0.12%"
"07/31/2023","66.40","65.74","66.68","65.14","3.12M","1.78%"
"07/28/2023","65.24","64.32","65.40","63.96","2.77M","1.40%"
"07/27/2023","64.34","63.60","65.06","63.12","2.69M","0.75%"
"07/26/2023","63.86","64.84","65.54","63.52","2.92M","-2.59%"
"07/25/2023","65.56","63.52","65.56","63.44","4.36M","5.23%"
"07/24/2023","62.30","62.12","62.70","61.64","3.74M","-0.29%"
"07/21/2023","62.48","62.66","62.92","61.38","4.82M","-2.16%"
"07/20/2023","63.86","63.22","63.96","62.98","4.43M","2.01%"
"07/19/2023","62.60","63.64","64.02","62.20","4.52M","-2.58%"
"07/18/2023","64.26","64.74","65.50","63.86","2.98M","-1.17%"
"07/17/2023","65.02","64.74","65.18","63.82","1.75M","-1.19%"
"07/14/2023","65.80","66.76","66.86","65.56","2.07M","-1.20%"
"07/13/2023","66.60","66.08","67.10","65.68","3.46M","0.76%"
"07/12/2023","66.10","64.08","66.18","64.04","2.92M","3.51%"
"07/11/2023","63.86","63.86","64.38","63.64","2.91M","0.44%"
"07/10/2023","63.58","62.60","63.72","61.60","2.15M","1.18%"
"07/07/2023","62.84","62.50","63.64","62.36","2.97M","0.35%"
"07/06/2023","62.62","63.42","63.72","62.54","2.58M","-2.64%"
"07/05/2023","64.32","64.48","64.96","64.02","2.70M","-1.23%"
"07/04/2023","65.12","64.72","65.28","64.52","1.34M","0.87%"
"07/03/2023","64.56","64.36","64.88","63.84","2.16M","1.19%"
"06/30/2023","63.80","64.48","64.84","63.66","5.03M","-0.34%"
"06/29/2023","64.02","63.56","64.08","63.28","2.08M","0.34%"
"06/28/2023","63.80","63.18","64.36","62.72","3.60M","0.82%"
"06/27/2023","63.28","63.90","64.00","62.08","3.30M","-0.19%"
"06/26/2023","63.40","62.30","63.62","61.40","4.24M","1.73%"
"06/23/2023","62.32","64.02","64.10","62.10","3.49M","-3.65%"
"06/22/2023","64.68","65.46","65.70","64.20","4.05M","-1.40%"
"06/21/2023","65.60","67.00","67.12","64.94","5.25M","-2.99%"
"06/20/2023","67.62","68.30","68.36","67.22","3.60M","-1.69%"
"06/19/2023","68.78","71.66","71.74","68.40","6.10M","-4.68%"
"06/16/2023","72.16","72.88","73.06","71.56","6.24M","-0.17%"
"06/15/2023","72.28","72.80","73.16","72.22","3.31M","-1.55%"
"06/14/2023","73.42","72.24","74.60","72.16","4.54M","1.72%"
"06/13/2023","72.18","69.60","72.44","69.42","6.44M","3.95%"
"06/12/2023","69.44","69.28","69.62","68.54","2.32M","-0.23%"
"06/09/2023","69.60","69.50","70.84","69.08","2.68M","0.29%"
"06/08/2023","69.40","69.10","69.56","68.48","2.28M","0.55%"
"06/07/2023","69.02","68.08","69.62","67.84","2.92M","1.50%"
"06/06/2023","68.00","68.98","69.14","67.40","3.90M","-1.16%"
"06/05/2023","68.80","69.70","70.50","68.80","2.42M","-1.49%"
"06/02/2023","69.84","67.60","70.88","67.60","3.63M","4.68%"
"06/01/2023","66.72","67.78","68.20","66.70","2.03M","-0.54%"
"05/31/2023","67.08","67.66","68.66","67.04","7.57M","-2.67%"
"05/30/2023","68.92","69.64","70.64","68.84","2.91M","-1.03%"
"05/26/2023","69.64","69.08","70.08","68.82","2.97M","1.99%"
"05/25/2023","68.28","67.02","68.68","66.66","3.72M","1.31%"
"05/24/2023","67.40","68.00","68.08","66.00","4.74M","-1.81%"
"05/23/2023","68.64","69.06","69.40","68.24","3.27M","-1.41%"
"05/22/2023","69.62","69.38","69.94","68.58","2.94M","0.43%"
"05/19/2023","69.32","70.00","70.60","69.10","3.81M","0.41%"
"05/16/2023","69.04","68.86","69.42","68.20","3.34M","-0.12%"
"05/15/2023","69.12","69.00","69.66","68.56","2.86M","0.61%"
"05/12/2023","68.70","68.44","69.56","68.16","3.23M","0.85%"
"05/11/2023","68.12","70.24","70.24","68.00","3.90M","-9.29%"
"05/10/2023","75.10","75.26","76.34","74.58","4.53M","1.00%"
"05/09/2023","74.36","75.40","75.40","73.36","3.36M","-0.96%"
"05/08/2023","75.08","73.98","75.70","73.56","3.62M","2.62%"
"05/05/2023","73.16","75.04","75.30","72.76","4.95M","-2.38%"
"05/04/2023","74.94","76.18","77.40","74.92","4.42M","-2.32%"
"05/03/2023","76.72","77.10","78.10","76.46","3.71M","0.21%"
"05/02/2023","76.56","78.00","78.64","75.70","3.75M","-2.12%"
"04/28/2023","78.22","77.00","78.24","74.04","9.70M","-2.86%"
"04/27/2023","80.52","81.00","83.56","80.20","5.19M","1.67%"
"04/26/2023","79.20","77.52","79.92","77.52","3.21M","1.36%"
"04/25/2023","78.14","80.30","80.32","77.92","3.42M","-3.55%"
"04/24/2023","81.02","79.62","81.76","79.32","2.80M","1.10%"
"04/21/2023","80.14","81.20","81.56","79.46","4.15M","-2.20%"
"04/20/2023","81.94","80.40","82.22","79.82","4.56M","0.96%"
"04/19/2023","81.16","80.94","81.50","80.32","2.56M","-0.20%"
"04/18/2023","81.32","80.36","82.32","80.24","2.77M","2.21%"
"04/17/2023","79.56","80.04","80.58","79.14","2.07M","-0.87%"
"04/14/2023","80.26","80.50","80.88","79.92","1.71M","0.38%"
"04/13/2023","79.96","78.50","80.60","78.20","2.72M","1.55%"
"04/12/2023","78.74","78.62","79.94","78.18","2.93M","0.18%"
"04/11/2023","78.60","75.78","78.64","75.78","4.86M","3.69%"
"04/05/2023","75.80","77.52","77.74","75.80","2.20M","-2.04%"
"04/04/2023","77.38","79.06","79.08","77.38","3.21M","-1.43%"
"04/03/2023","78.50","78.64","78.66","77.36","2.41M","0.90%"
"03/31/2023","77.80","78.14","78.40","77.04","3.45M","0.08%"
"03/30/2023","77.74","76.94","78.92","76.22","3.84M","2.72%"
"03/29/2023","75.68","75.74","76.24","74.30","2.62M","0.42%"
"03/28/2023","75.36","74.56","75.64","74.18","2.90M","2.39%"
"03/27/2023","73.60","72.40","73.80","70.72","3.53M","2.74%"
"03/24/2023","71.64","73.28","73.28","71.04","4.37M","-2.00%"
"03/23/2023","73.10","73.38","73.60","72.10","3.36M","-0.95%"
"03/22/2023","73.80","73.98","73.98","72.84","2.75M","0.30%"
"03/21/2023","73.58","73.50","75.02","73.30","3.43M","0.77%"
"03/20/2023","73.02","71.18","73.42","70.06","4.29M","2.41%"
"03/17/2023","71.30","72.96","74.50","70.72","11.70M","0.00%"
"03/16/2023","71.30","72.76","73.50","69.66","5.55M","-1.55%"
"03/15/2023","72.42","75.88","75.92","71.78","4.06M","-4.89%"
"03/14/2023","76.14","74.32","76.28","74.12","4.31M","1.52%"
"03/13/2023","75.00","77.34","77.40","72.64","4.85M","-1.34%"
"03/10/2023","76.02","76.30","77.24","75.62","3.02M","-2.16%"
"03/09/2023","77.70","79.90","80.04","77.58","2.99M","-2.12%"
"03/08/2023","79.38","79.16","80.08","78.36","5.42M","-0.35%"
"03/07/2023","79.66","80.26","80.88","79.30","5.89M","-0.80%"
"03/06/2023","80.30","81.78","81.78","79.32","3.48M","-1.98%"
"03/03/2023","81.92","79.50","81.92","79.34","4.58M","3.30%"
"03/02/2023","79.30","79.44","80.00","78.42","3.85M","0.56%"
"03/01/2023","78.86","77.34","79.68","77.30","5.28M","4.23%"
"02/28/2023","75.66","74.84","76.28","74.80","7.35M","0.61%"
"02/27/2023","75.20","73.34","75.50","73.24","3.69M","1.38%"
"02/24/2023","74.18","77.68","77.68","74.18","6.27M","-4.97%"
"02/23/2023","78.06","78.26","78.82","77.56","3.88M","0.28%"
"02/22/2023","77.84","80.12","80.22","77.70","5.33M","-3.83%"
"02/21/2023","80.94","80.02","81.46","79.56","3.51M","0.02%"
"02/20/2023","80.92","78.20","81.32","78.20","4.27M","4.60%"
"02/17/2023","77.36","77.00","78.26","76.82","4.00M","0.13%"
"02/16/2023","77.26","76.00","77.26","75.78","3.82M","2.74%"
"02/15/2023","75.20","77.00","77.00","74.40","4.21M","-2.08%"
"02/14/2023","76.80","76.26","77.64","74.84","7.14M","-2.44%"
"02/13/2023","78.72","78.84","79.62","78.38","5.05M","-1.60%"
"02/10/2023","80.00","79.50","80.42","78.80","5.22M","-0.47%"
"02/09/2023","80.38","81.76","82.22","79.98","4.46M","-2.24%"
"02/08/2023","82.22","82.72","83.48","81.92","3.51M","-0.05%"
"02/07/2023","82.26","81.50","83.08","81.16","5.16M","1.86%"
"02/06/2023","80.76","80.70","82.42","79.32","4.67M","0.20%"
"02/03/2023","80.60","79.82","80.88","78.92","4.67M","0.50%"
"02/02/2023","80.20","81.18","81.34","79.64","5.31M","-0.74%"
"02/01/2023","80.80","80.76","82.10","80.48","4.86M","0.57%"
"01/31/2023","80.34","80.30","80.66","78.36","4.91M","-0.54%"
"01/30/2023","80.78","80.58","81.36","80.24","2.44M","-0.44%"
"01/27/2023","81.14","80.30","81.20","79.86","3.45M","1.35%"
"01/26/2023","80.06","82.00","82.54","79.62","4.04M","-1.43%"
"01/25/2023","81.22","80.46","82.20","80.46","3.36M","1.27%"
"01/24/2023","80.20","82.32","82.46","79.74","3.28M","-1.93%"
"01/23/2023","81.78","80.88","82.28","80.86","2.14M","1.89%"
"01/20/2023","80.26","81.52","82.04","79.00","3.70M","0.48%"
"01/19/2023","79.88","80.98","81.66","78.60","6.54M","-3.87%"
"01/18/2023","83.10","80.32","84.04","79.36","6.18M","3.85%"
"01/17/2023","80.02","77.88","80.34","77.04","5.72M","2.75%"
"01/16/2023","77.88","76.90","78.00","76.12","2.54M","1.75%"
"01/13/2023","76.54","75.72","76.76","75.02","2.53M","1.40%"
"01/12/2023","75.48","76.00","76.20","74.50","5.31M","0.16%"
"01/11/2023","75.36","75.10","75.78","74.78","3.90M","0.40%"
"01/10/2023","75.06","73.70","75.96","73.52","3.95M","-0.58%"
"01/09/2023","75.50","73.72","76.42","73.50","5.51M","4.43%"
"01/06/2023","72.30","71.00","72.30","70.94","2.55M","1.97%"
"01/05/2023","70.90","68.20","71.06","67.96","4.57M","4.17%"
"01/04/2023","68.06","72.24","72.26","67.82","7.06M","-5.13%"
"01/03/2023","71.74","73.90","74.12","71.62","3.01M","-2.10%"
"01/02/2023","73.28","73.74","74.00","73.20","1.24M","-0.05%"
"12/30/2022","73.32","73.00","73.68","72.80","1.88M","0.00%"
"12/29/2022","73.32","72.68","73.76","72.30","2.16M","0.69%"
"12/28/2022","72.82","72.94","73.86","72.66","2.16M","0.47%"
"12/27/2022","72.48","73.62","74.06","72.40","1.75M","-0.90%"
"12/23/2022","73.14","72.14","73.30","71.86","2.40M","1.81%"
"12/22/2022","71.84","72.48","73.52","71.46","3.67M","-0.77%"
"12/21/2022","72.40","71.88","72.66","70.86","4.89M","1.51%"
"12/20/2022","71.32","70.14","71.62","69.42","5.26M","1.89%"
"12/19/2022","70.00","69.30","70.30","69.30","4.02M","1.30%"
"12/16/2022","69.10","69.24","69.80","68.10","6.10M","-0.78%"
"12/15/2022","69.64","67.00","69.88","67.00","5.95M","-0.88%"
"12/14/2022","70.26","73.34","73.76","70.26","7.27M","-4.69%"
"12/13/2022","73.72","74.20","75.22","73.00","5.61M","0.00%"
"12/12/2022","73.72","74.18","74.70","73.34","4.68M","-1.26%"
"12/09/2022","74.66","75.00","75.68","74.42","3.38M","0.00%"
"12/08/2022","74.66","73.72","76.04","72.66","3.97M","1.44%"
"12/07/2022","73.60","74.26","74.90","73.30","3.20M","-1.66%"
"12/06/2022","74.84","74.20","75.26","73.18","3.53M","0.56%"
"12/05/2022","74.42","73.00","75.44","72.94","3.16M","2.65%"
"12/02/2022","72.50","73.14","73.14","71.50","2.76M","-0.90%"
"12/01/2022","73.16","73.52","73.78","72.50","3.14M","0.80%"
"11/30/2022","72.58","73.12","73.62","72.34","9.52M","-0.68%"
"11/29/2022","73.08","72.02","73.40","72.02","3.90M","1.73%"
"11/28/2022","71.84","72.00","72.34","71.20","3.24M","-1.72%"
"11/25/2022","73.10","73.98","74.24","72.82","3.02M","-1.19%"
"11/24/2022","73.98","73.88","74.18","73.02","2.78M","1.15%"
"11/23/2022","73.14","73.54","74.30","72.98","2.93M","0.58%"
"11/22/2022","72.72","70.60","73.18","70.58","2.70M","2.97%"
"11/21/2022","70.62","69.60","71.10","68.74","3.13M","-0.84%"
"11/18/2022","71.22","71.52","71.76","69.70","2.64M","1.19%"
"11/17/2022","70.38","71.10","71.60","69.76","3.24M","-1.51%"
"11/16/2022","71.46","73.58","73.84","70.90","3.01M","-2.46%"
"11/15/2022","73.26","73.88","73.98","72.78","2.92M","-0.43%"
"11/14/2022","73.58","73.94","74.88","72.94","2.79M","-1.21%"
"11/11/2022","74.48","70.26","74.48","70.16","6.15M","6.80%"
"11/10/2022","69.74","68.00","69.74","66.34","3.80M","1.16%"
"11/09/2022","68.94","69.00","69.60","68.04","2.85M","0.23%"
"11/08/2022","68.78","68.52","69.20","67.52","3.93M","-0.23%"
"11/07/2022","68.94","69.80","71.14","68.76","4.11M","-0.63%"
"11/04/2022","69.38","67.00","70.46","67.00","5.65M","5.15%"
"11/03/2022","65.98","64.20","66.00","64.18","3.36M","-0.30%"
"11/02/2022","66.18","67.84","68.20","65.90","2.75M","-1.61%"
"11/01/2022","67.26","66.90","68.20","66.90","4.26M","1.94%"
"10/31/2022","65.98","65.96","66.08","63.90","4.64M","0.40%"
"10/28/2022","65.72","64.54","66.56","63.70","6.61M","-2.84%"
"10/27/2022","67.64","66.00","67.84","65.70","4.85M","2.21%"
"10/26/2022","66.18","64.72","66.76","63.82","4.09M","2.38%"
"10/25/2022","64.64","64.00","64.86","60.44","6.84M","3.56%"
"10/24/2022","62.42","62.48","62.80","61.18","3.97M","0.97%"
"10/21/2022","61.82","60.40","62.40","60.00","4.42M","1.24%"
"10/20/2022","61.06","59.50","61.38","58.22","5.10M","1.43%"
"10/19/2022","60.20","61.50","61.90","59.84","3.83M","-1.95%"
"10/18/2022","61.40","61.00","62.78","60.96","4.09M","0.59%"
"10/17/2022","61.04","60.48","61.72","60.28","3.45M","-0.68%"
"10/14/2022","61.46","61.88","63.00","61.22","4.36M","0.49%"
"10/13/2022","61.16","59.76","61.98","59.20","6.12M","6.74%"
"10/12/2022","57.30","58.76","59.48","57.04","3.27M","-2.39%"
"10/11/2022","58.70","60.78","60.78","57.30","4.85M","-4.80%"
"10/10/2022","61.66","60.00","62.26","59.60","3.18M","2.05%"
"10/07/2022","60.42","61.16","61.88","60.26","3.35M","-1.53%"
"10/06/2022","61.36","62.24","63.12","61.00","4.44M","0.10%"
"10/05/2022","61.30","61.66","62.80","60.94","4.10M","-1.38%"
"10/04/2022","62.16","61.62","62.82","60.92","5.71M","2.74%"
"10/03/2022","60.50","58.32","61.06","57.32","4.78M","2.82%"
"09/30/2022","58.84","58.24","59.42","57.44","5.82M","1.31%"
"09/29/2022","58.08","57.18","60.78","55.00","9.40M","2.15%"
"09/28/2022","56.86","55.00","57.34","53.42","6.38M","-1.01%"
"09/27/2022","57.44","57.06","58.62","57.06","3.03M","0.14%"
"09/26/2022","57.36","54.78","57.36","54.18","5.31M","1.67%"
"09/23/2022","56.42","60.50","60.88","56.24","4.49M","-5.18%"
"09/22/2022","59.50","60.00","60.68","59.16","3.79M","-2.04%"
"09/21/2022","60.74","61.00","62.50","60.36","4.64M","-2.25%"
"09/20/2022","62.14","64.74","65.02","61.08","4.13M","-3.18%"
"09/19/2022","64.18","64.08","64.52","61.62","3.35M","-0.80%"
"09/16/2022","64.70","64.46","65.10","62.80","7.65M","-1.76%"
"09/15/2022","65.86","65.54","66.88","64.88","5.04M","0.09%"
"09/14/2022","65.80","68.66","69.00","65.60","6.25M","-5.38%"
"09/13/2022","69.54","69.80","70.42","68.60","4.72M","0.43%"
"09/12/2022","69.24","68.32","69.44","68.00","4.31M","2.70%"
"09/09/2022","67.42","65.50","69.06","65.40","4.67M","4.95%"
"09/08/2022","64.24","63.22","64.82","61.90","4.17M","3.01%"
"09/07/2022","62.36","63.14","63.26","61.80","5.04M","-1.89%"
"09/06/2022","63.56","64.76","65.00","63.22","3.17M","-2.06%"
"09/05/2022","64.90","65.60","66.54","64.28","2.62M","-1.01%"
"09/02/2022","65.56","64.48","65.68","63.06","3.70M","1.55%"
"09/01/2022","64.56","67.50","67.58","64.08","5.04M","-5.75%"
"08/31/2022","68.50","68.02","68.56","67.62","6.65M","0.23%"
"08/30/2022","68.34","70.00","70.28","68.14","3.85M","-2.76%"
"08/29/2022","70.28","70.00","70.76","69.70","3.52M","-1.15%"
"08/26/2022","71.10","70.00","71.84","70.00","4.06M","2.07%"
"08/25/2022","69.66","69.70","70.96","68.60","4.73M","0.99%"
"08/24/2022","68.98","68.66","69.12","67.98","4.95M","1.00%"
"08/23/2022","68.30","66.20","69.54","66.20","5.60M","2.71%"
"08/22/2022","66.50","66.56","68.16","66.34","3.36M","-0.95%"
"08/19/2022","67.14","67.24","68.12","66.66","3.64M","-0.42%"
"08/18/2022","67.42","65.10","67.82","64.74","4.88M","3.82%"
"08/17/2022","64.94","65.50","66.20","64.60","4.58M","-1.58%"
"08/16/2022","65.98","63.56","66.36","63.56","3.47M","3.87%"
"08/15/2022","63.52","65.92","66.04","62.94","3.11M","-3.05%"
"08/12/2022","65.52","67.10","67.18","65.28","3.86M","-1.97%"
"08/11/2022","66.84","65.26","67.02","65.26","4.61M","3.37%"
"08/10/2022","64.66","64.00","65.30","63.60","2.97M","-0.52%"
"08/09/2022","65.00","64.42","65.30","63.82","3.65M","0.25%"
"08/08/2022","64.84","64.48","65.28","63.46","2.93M","0.97%"
"08/05/2022","64.22","62.94","64.76","62.46","3.46M","2.13%"
"08/04/2022","62.88","62.84","63.72","61.20","3.09M","0.83%"
"08/03/2022","62.36","63.92","64.44","62.02","3.79M","-1.76%"
"08/02/2022","63.48","63.90","64.24","63.14","2.92M","-0.97%"
"08/01/2022","64.10","65.10","66.40","63.56","4.84M","-1.48%"
"07/29/2022","65.06","63.30","65.34","62.40","6.33M","4.87%"
"07/28/2022","62.04","61.54","62.84","61.54","4.68M","1.64%"
"07/27/2022","61.04","59.86","61.04","59.56","3.29M","2.80%"
"07/26/2022","59.38","61.02","61.46","59.12","4.09M","-0.97%"
"07/25/2022","59.96","59.40","60.86","58.70","4.92M","0.60%"
"07/22/2022","59.60","58.58","60.32","57.66","7.10M","6.39%"
"07/21/2022","56.02","56.16","56.90","55.30","4.04M","-0.43%"
"07/20/2022","56.26","56.10","56.66","55.56","4.47M","1.08%"
"07/19/2022","55.66","54.00","55.66","53.80","7.98M","1.76%"
"07/18/2022","54.70","54.52","55.36","53.74","4.03M","2.13%"
"07/15/2022","53.56","52.48","53.88","52.20","5.13M","1.59%"
"07/14/2022","52.72","54.20","54.46","52.54","4.45M","-2.26%"
"07/13/2022","53.94","54.78","55.98","53.80","3.78M","-1.28%"
"07/12/2022","54.64","54.12","55.40","53.94","4.94M","0.00%"
"07/11/2022","54.64","53.58","56.06","52.94","4.65M","-0.69%"
"07/08/2022","55.02","54.74","55.38","53.22","3.76M","-0.72%"
"07/07/2022","55.42","53.78","56.44","53.24","7.69M","3.98%"
"07/06/2022","53.30","52.46","53.62","51.64","5.66M","0.87%"
"07/05/2022","52.84","55.10","55.14","52.38","5.51M","-4.00%"
"07/04/2022","55.04","54.16","55.62","53.42","5.60M","1.93%"
"07/01/2022","54.00","55.00","55.44","53.64","5.73M","-2.10%"
"06/30/2022","55.16","59.22","59.52","53.90","10.13M","-9.43%"
"06/29/2022","60.90","61.80","62.48","60.50","4.72M","-2.34%"
"06/28/2022","62.36","62.74","63.82","61.38","5.69M","1.56%"
"06/27/2022","61.40","60.50","62.62","60.50","4.20M","1.69%"
"06/24/2022","60.38","59.92","60.66","59.22","3.54M","-0.03%"
"06/23/2022","60.40","59.48","60.86","57.58","6.21M","-0.07%"
"06/22/2022","60.44","61.44","61.50","60.04","4.14M","-4.40%"
"06/21/2022","63.22","63.02","63.76","62.68","2.87M","0.51%"
"06/20/2022","62.90","61.20","63.24","60.62","3.12M","2.58%"
"06/17/2022","61.32","61.86","63.16","60.76","6.44M","0.29%"
"06/16/2022","61.14","64.52","65.50","60.90","5.11M","-5.21%"
"06/15/2022","64.50","63.66","64.50","62.14","5.48M","0.72%"
"06/14/2022","64.04","63.76","64.86","62.70","3.81M","1.33%"
"06/13/2022","63.20","65.20","65.30","62.28","7.63M","-4.93%"
"06/10/2022","66.48","70.20","70.22","66.04","8.98M","-7.12%"
"06/09/2022","71.58","72.38","72.66","70.80","4.90M","-1.76%"
"06/08/2022","72.86","74.88","75.02","72.50","4.51M","-2.67%"
"06/07/2022","74.86","73.02","75.06","73.02","4.07M","1.74%"
"06/03/2022","73.58","74.86","74.86","72.86","1.95M","-0.97%"
"06/02/2022","74.30","72.22","74.78","71.20","3.43M","3.05%"
"06/01/2022","72.10","76.00","76.00","70.76","5.45M","-4.07%"
"05/31/2022","75.16","74.00","76.30","73.70","7.90M","0.99%"
"05/30/2022","74.42","75.38","76.26","74.16","3.10M","-0.24%"
"05/27/2022","74.60","73.06","75.86","73.06","4.24M","2.42%"
"05/25/2022","72.84","74.62","74.64","72.60","3.61M","-1.62%"
"05/24/2022","74.04","74.00","74.96","73.32","3.55M","-1.49%"
"05/23/2022","75.16","74.50","75.52","73.04","4.42M","2.65%"
"05/20/2022","73.22","73.78","74.26","72.14","4.65M","0.88%"
"05/19/2022","72.58","71.08","72.78","69.58","4.98M","-0.55%"
"05/18/2022","72.98","72.00","72.98","70.82","7.54M","4.74%"
"05/16/2022","69.68","68.76","70.58","68.06","5.26M","1.57%"
"05/13/2022","68.60","66.00","69.00","65.28","6.01M","5.41%"
"05/12/2022","65.08","65.34","66.50","63.98","8.63M","-4.27%"
"05/11/2022","67.98","66.00","68.48","64.32","9.08M","-3.36%"
"05/10/2022","70.34","69.00","71.72","67.60","7.18M","1.01%"
"05/09/2022","69.64","71.50","71.96","68.84","6.57M","-4.02%"
"05/06/2022","72.56","75.58","76.00","71.28","7.20M","-5.30%"
"05/05/2022","76.62","77.68","78.30","76.18","5.60M","1.89%"
"05/04/2022","75.20","79.00","79.38","74.46","5.57M","-2.97%"
"05/03/2022","77.50","77.80","78.22","73.04","6.57M","-0.39%"
"05/02/2022","77.80","79.26","80.76","74.70","4.05M","-2.68%"
"04/29/2022","79.94","83.28","83.66","79.80","3.81M","-0.47%"
"04/28/2022","80.32","83.00","84.48","80.06","4.72M","-2.71%"
"04/27/2022","82.56","78.72","82.96","78.40","6.21M","5.68%"
"04/26/2022","78.12","77.60","79.96","75.50","5.97M","2.25%"
"04/25/2022","76.40","80.42","80.86","76.06","8.38M","-8.50%"
"04/22/2022","83.50","86.84","87.00","83.50","8.13M","-6.41%"
"04/21/2022","89.22","88.20","90.36","87.74","4.85M","0.38%"
"04/20/2022","88.88","90.48","90.72","87.66","4.59M","-1.77%"
"04/19/2022","90.48","90.40","94.82","89.62","6.81M","0.53%"
"04/13/2022","90.00","87.00","90.22","86.86","3.81M","3.33%"
"04/12/2022","87.10","86.28","88.00","86.16","4.22M","2.23%"
"04/11/2022","85.20","87.62","89.78","85.06","6.17M","-2.61%"
"04/08/2022","87.48","87.10","89.26","87.10","4.60M","1.20%"
"04/07/2022","86.44","87.50","87.90","85.40","3.44M","-1.77%"
"04/06/2022","88.00","88.48","89.04","85.92","4.69M","-0.79%"
"04/05/2022","88.70","88.80","89.18","86.80","4.03M","0.07%"
"04/04/2022","88.64","89.70","89.96","88.40","3.36M","-0.29%"
"04/01/2022","88.90","86.42","89.14","85.86","3.70M","3.25%"
"03/31/2022","86.10","89.00","89.30","85.90","7.49M","-2.82%"
"03/30/2022","88.60","86.38","88.88","85.48","5.47M","5.53%"
"03/29/2022","83.96","89.60","90.40","82.62","7.25M","-6.73%"
"03/28/2022","90.02","89.54","90.32","88.14","3.56M","-0.16%"
"03/25/2022","90.16","91.00","92.00","89.70","3.72M","-1.64%"
"03/24/2022","91.66","92.44","94.14","91.40","4.46M","-0.48%"
"03/23/2022","92.10","91.02","92.14","89.74","5.99M","1.97%"
"03/22/2022","90.32","90.50","91.82","89.10","5.40M","0.24%"
"03/21/2022","90.10","85.14","90.10","84.74","9.69M","8.22%"
"03/18/2022","83.26","85.00","85.78","83.26","9.32M","-1.33%"
"03/17/2022","84.38","81.06","84.38","80.72","8.81M","4.85%"
"03/16/2022","80.48","79.10","80.48","78.34","8.21M","4.68%"
"03/15/2022","76.88","79.28","79.30","75.36","8.47M","-4.43%"
"03/14/2022","80.44","83.80","83.80","78.80","5.60M","-4.06%"
"03/11/2022","83.84","83.60","86.70","82.60","5.80M","0.31%"
"03/10/2022","83.58","79.48","84.70","79.36","6.78M","4.21%"
"03/09/2022","80.20","83.00","83.46","77.90","9.76M","-2.72%"
"03/08/2022","82.44","86.54","87.10","81.60","10.72M","-5.24%"
"03/07/2022","87.00","88.92","93.72","86.76","8.30M","-1.14%"
"03/04/2022","88.00","91.12","91.98","87.22","6.06M","-2.76%"
"03/03/2022","90.50","89.00","91.34","88.20","8.78M","2.68%"
"03/02/2022","88.14","86.50","89.78","86.46","6.08M","1.87%"
"03/01/2022","86.52","84.00","86.62","82.66","6.72M","3.54%"
"02/28/2022","83.56","84.00","85.86","82.40","10.58M","0.10%"
"02/25/2022","83.48","84.80","84.80","80.48","6.52M","1.24%"
"02/24/2022","82.46","78.30","84.76","78.16","8.52M","3.26%"
"02/23/2022","79.86","78.80","80.62","78.76","6.74M","1.97%"
"02/22/2022","78.32","77.70","79.68","76.28","5.11M","0.59%"
"02/21/2022","77.86","76.50","78.40","76.46","5.37M","0.85%"
"02/18/2022","77.20","77.52","78.70","76.70","4.63M","0.31%"
"02/17/2022","76.96","77.92","78.36","76.94","2.97M","-0.75%"
"02/16/2022","77.54","76.78","77.76","76.36","3.84M","2.40%"
"02/15/2022","75.72","77.00","77.44","75.72","4.78M","-2.15%"
"02/14/2022","77.38","77.58","78.78","76.66","4.63M","-0.26%"
"02/11/2022","77.58","76.20","77.86","75.72","4.28M","1.02%"
"02/10/2022","76.80","78.62","78.96","76.66","6.06M","-1.59%"
"02/09/2022","78.04","77.08","78.16","76.60","5.31M","2.17%"
"02/08/2022","76.38","73.62","76.92","73.34","8.59M","4.69%"
"02/07/2022","72.96","71.70","73.84","71.68","6.10M","2.39%"
"02/04/2022","71.26","70.80","71.34","70.06","5.18M","1.65%"
"02/03/2022","70.10","69.96","70.48","69.18","3.16M","0.95%"
"02/02/2022","69.44","71.04","71.12","69.40","4.62M","-1.73%"
"02/01/2022","70.66","68.64","70.66","68.58","3.78M","3.94%"
"01/31/2022","67.98","71.00","71.00","67.80","6.08M","-2.61%"
"01/28/2022","69.80","70.84","71.34","69.26","5.02M","-1.66%"
"01/27/2022","70.98","69.56","71.90","68.94","4.03M","0.51%"
"01/26/2022","70.62","70.00","72.20","69.94","5.08M","2.05%"
"01/25/2022","69.20","69.26","71.00","68.54","5.21M","1.41%"
"01/24/2022","68.24","71.02","71.12","67.70","6.20M","-4.29%"
"01/21/2022","71.30","72.46","72.82","71.30","3.75M","-2.68%"
"01/20/2022","73.26","73.92","74.70","73.26","5.08M","0.88%"
"01/19/2022","72.62","73.64","73.96","71.84","5.34M","-1.52%"
"01/18/2022","73.74","73.70","74.08","73.10","3.17M","-0.08%"
"01/17/2022","73.80","73.22","74.32","73.00","2.83M","1.96%"
"01/14/2022","72.38","73.00","73.94","72.00","4.43M","-0.96%"
"01/13/2022","73.08","72.92","74.00","72.80","3.54M","-0.38%"
"01/12/2022","73.36","71.00","73.36","70.74","5.66M","4.47%"
"01/11/2022","70.22","70.02","71.00","69.48","4.68M","0.60%"
"01/10/2022","69.80","70.96","71.50","69.80","3.49M","-1.55%"
"01/07/2022","70.90","69.34","70.98","69.28","3.93M","2.49%"
"01/06/2022","69.18","69.40","70.56","69.10","3.53M","-2.23%"
"01/05/2022","70.76","71.04","71.12","69.02","4.87M","-0.23%"
"01/04/2022","70.92","69.50","71.98","69.50","6.36M","2.34%"
"01/03/2022","69.30","69.90","69.90","67.92","2.65M","-0.32%"
"12/30/2021","69.52","68.92","69.66","67.90","2.75M","0.90%"
"12/29/2021","68.90","69.50","69.84","68.90","3.20M","-0.98%"
"12/28/2021","69.58","70.42","71.18","69.46","2.39M","-1.11%"
"12/27/2021","70.36","71.00","71.18","69.72","1.56M","-0.79%"
"12/23/2021","70.92","69.60","70.98","68.80","3.27M","2.43%"
"12/22/2021","69.24","68.70","69.24","67.70","4.97M","1.35%"
"12/21/2021","68.32","66.50","68.32","65.86","5.61M","4.08%"
"12/20/2021","65.64","64.68","66.34","64.20","3.58M","-0.33%"
"12/17/2021","65.86","65.38","67.28","64.54","8.20M","0.03%"
"12/16/2021","65.84","64.48","65.84","64.34","6.57M","4.64%"
"12/15/2021","62.92","64.60","64.74","62.92","5.93M","-2.15%"
"12/14/2021","64.30","65.20","66.00","62.60","5.37M","-0.96%"
"12/13/2021","64.92","64.20","66.52","64.14","6.71M","2.72%"
"12/10/2021","63.20","63.76","64.20","62.96","4.29M","-0.47%"
"12/09/2021","63.50","63.02","64.04","62.72","4.31M","0.89%"
"12/08/2021","62.94","62.24","63.28","62.24","4.52M","0.87%"
"12/07/2021","62.40","61.10","62.66","61.10","5.23M","3.72%"
"12/06/2021","60.16","60.10","60.54","59.30","3.25M","-0.13%"
"12/03/2021","60.24","61.28","62.10","60.16","3.99M","-0.73%"
"12/02/2021","60.68","60.54","61.44","59.50","5.01M","-0.75%"
"12/01/2021","61.14","59.60","62.04","59.50","5.77M","3.80%"
"11/30/2021","58.90","59.06","60.10","58.76","9.96M","-2.64%"
"11/29/2021","60.50","59.88","61.90","59.88","5.59M","1.37%"
"11/26/2021","59.68","61.16","61.68","59.54","4.93M","-5.12%"
"11/25/2021","62.90","62.60","63.24","62.00","2.13M","1.48%"
"11/24/2021","61.98","62.18","63.26","61.14","3.63M","0.10%"
"11/23/2021","61.92","62.20","62.32","60.76","3.82M","0.45%"
"11/22/2021","61.64","62.70","62.90","61.50","4.40M","-1.38%"
"11/19/2021","62.50","62.44","63.38","60.98","6.87M","2.46%"
"11/18/2021","61.00","61.60","61.60","60.48","5.38M","-2.31%"
"11/17/2021","62.44","61.10","62.44","60.18","4.78M","1.83%"
"11/16/2021","61.32","62.60","62.86","61.32","4.26M","-2.23%"
"11/15/2021","62.72","64.40","65.28","62.52","4.44M","-3.66%"
"11/12/2021","65.10","64.60","65.48","63.64","4.20M","0.71%"
"11/11/2021","64.64","61.28","65.20","61.10","8.02M","5.79%"
"11/10/2021","61.10","60.82","61.30","59.42","4.61M","0.63%"
"11/09/2021","60.72","61.80","63.18","60.70","4.54M","-2.19%"
"11/08/2021","62.08","61.22","62.08","60.50","3.80M","1.84%"
"11/05/2021","60.96","61.58","62.18","60.20","7.11M","-1.20%"
"11/04/2021","61.70","64.10","64.28","61.70","6.48M","-3.29%"
"11/03/2021","63.80","62.54","64.82","62.54","6.12M","2.90%"
"11/02/2021","62.00","62.62","62.72","61.50","5.96M","-2.64%"
"11/01/2021","63.68","62.46","64.12","62.46","5.68M","2.91%"
"10/29/2021","61.88","63.40","64.76","61.88","7.07M","-2.70%"
"10/28/2021","63.60","63.00","63.72","61.44","5.43M","1.73%"
"10/27/2021","62.52","64.20","64.48","61.54","8.32M","-4.58%"
"10/26/2021","65.52","68.00","68.32","63.18","8.75M","-0.76%"
"10/25/2021","66.02","66.04","66.96","65.50","3.98M","0.86%"
"10/22/2021","65.46","65.60","66.04","65.14","4.83M","-0.18%"
"10/21/2021","65.58","67.62","67.62","65.14","5.81M","-3.42%"
"10/20/2021","67.90","70.10","70.22","67.36","6.97M","-4.50%"
"10/19/2021","71.10","72.00","72.82","70.96","4.54M","-0.50%"
"10/18/2021","71.46","70.36","72.48","70.36","5.73M","2.09%"
"10/15/2021","70.00","71.60","71.76","69.54","6.11M","-0.68%"
"10/14/2021","70.48","68.20","70.48","68.20","6.70M","4.08%"
"10/13/2021","67.72","67.14","68.44","66.84","4.74M","0.50%"
"10/12/2021","67.38","66.50","67.52","65.74","5.66M","-0.21%"
"10/11/2021","67.52","64.62","67.82","64.32","5.87M","5.37%"
"10/08/2021","64.08","65.04","65.82","64.02","5.59M","-2.17%"
"10/07/2021","65.50","65.52","66.30","63.92","5.65M","1.77%"
"10/06/2021","64.36","67.58","67.60","64.00","6.50M","-4.51%"
"10/05/2021","67.40","67.46","68.34","66.64","4.27M","0.36%"
"10/04/2021","67.16","65.26","67.58","65.12","4.99M","3.26%"
"10/01/2021","65.04","63.76","65.68","63.58","3.91M","-0.73%"
"09/30/2021","65.52","65.50","66.06","64.56","6.08M","0.92%"
"09/29/2021","64.92","64.86","64.94","63.72","5.11M","-0.37%"
"09/28/2021","65.16","64.64","66.22","64.14","5.09M","1.02%"
"09/27/2021","64.50","65.30","65.60","63.44","4.59M","-0.62%"
"09/24/2021","64.90","65.10","65.24","64.06","4.72M","-1.22%"
"09/23/2021","65.70","65.80","66.68","65.24","4.21M","1.08%"
"09/22/2021","65.00","64.90","65.82","64.10","6.80M","3.40%"
"09/21/2021","62.86","63.04","63.98","62.68","6.83M","0.00%"
"09/20/2021","62.86","64.10","64.16","61.30","8.80M","-4.32%"
"09/17/2021","65.70","66.94","67.48","65.70","9.20M","-1.44%"
"09/16/2021","66.66","67.10","67.38","66.18","4.99M","-0.86%"
"09/15/2021","67.24","65.58","67.38","65.10","5.87M","3.00%"
"09/14/2021","65.28","65.50","66.20","64.10","5.02M","-0.24%"
"09/13/2021","65.44","67.20","68.16","65.44","6.31M","-1.74%"
"09/10/2021","66.60","64.96","66.92","64.58","5.19M","3.54%"
"09/09/2021","64.32","63.90","64.96","63.20","4.76M","1.01%"
"09/08/2021","63.68","63.90","64.08","63.04","3.80M","-0.25%"
"09/07/2021","63.84","63.98","64.84","63.06","4.44M","-0.72%"
"09/06/2021","64.30","63.20","65.40","63.16","7.78M","3.38%"
"09/03/2021","62.20","62.18","62.42","61.12","3.34M","0.75%"
"09/02/2021","61.74","61.00","62.46","61.00","4.57M","1.65%"
"09/01/2021","60.74","61.84","61.84","60.18","5.04M","1.20%"
"08/31/2021","60.02","61.28","61.74","59.42","10.35M","-0.79%"
"08/30/2021","60.50","60.98","61.56","60.34","3.23M","-0.17%"
"08/27/2021","60.60","58.84","60.60","58.60","5.36M","2.99%"
"08/26/2021","58.84","58.10","58.84","57.76","3.05M","0.55%"
"08/25/2021","58.52","59.00","59.06","58.14","3.43M","-1.01%"
"08/24/2021","59.12","58.96","59.56","58.72","3.48M","1.06%"
"08/23/2021","58.50","56.60","58.50","56.60","5.38M","4.61%"
"08/20/2021","55.92","57.32","57.42","55.82","6.08M","-2.92%"
"08/19/2021","57.60","60.00","60.06","57.44","7.24M","-5.26%"
"08/18/2021","60.80","61.40","61.58","60.04","3.27M","-0.88%"
"08/17/2021","61.34","61.36","62.16","61.18","3.42M","0.16%"
"08/16/2021","61.24","62.08","62.10","60.96","3.47M","-2.02%"
"08/13/2021","62.50","61.80","62.66","61.74","3.86M","1.33%"
"08/12/2021","61.68","61.50","61.90","61.24","3.98M","1.18%"
"08/11/2021","60.96","59.90","61.46","59.84","7.55M","2.28%"
"08/10/2021","59.60","58.96","59.60","58.76","4.14M","3.15%"
"08/09/2021","57.78","58.30","58.62","57.66","1.94M","-1.10%"
"08/06/2021","58.42","58.00","58.62","57.76","2.94M","1.07%"
"08/05/2021","57.80","59.62","59.62","57.80","5.12M","-3.15%"
"08/04/2021","59.68","59.78","60.18","59.10","3.07M","0.24%"
"08/03/2021","59.54","59.50","60.00","58.86","3.69M","-0.07%"
"08/02/2021","59.58","59.00","59.90","58.74","2.84M","1.36%"
"07/30/2021","58.78","59.00","59.18","58.18","4.80M","-1.71%"
"07/29/2021","59.80","58.32","59.80","58.06","4.70M","3.32%"
"07/28/2021","57.88","57.78","58.48","57.38","2.88M","-0.38%"
"07/27/2021","58.10","57.20","58.10","56.88","3.76M","1.33%"
"07/26/2021","57.34","55.98","57.52","55.30","3.39M","2.10%"
"07/23/2021","56.16","58.00","58.00","55.50","4.34M","-0.85%"
"07/22/2021","56.64","56.50","56.80","56.12","3.76M","0.68%"
"07/21/2021","56.26","55.42","56.46","54.52","3.36M","1.59%"
"07/20/2021","55.38","54.06","55.38","54.04","3.75M","3.48%"
"07/19/2021","53.52","55.50","55.50","53.28","4.52M","-3.39%"
"07/16/2021","55.40","58.50","58.70","55.36","5.52M","-4.48%"
"07/15/2021","58.00","57.44","58.20","57.30","3.52M","1.36%"
"07/14/2021","57.22","56.50","57.68","56.44","2.73M","0.81%"
"07/13/2021","56.76","56.30","57.26","56.22","3.15M","1.03%"
"07/12/2021","56.18","56.16","56.50","55.02","2.58M","-0.39%"
"07/09/2021","56.40","54.00","56.40","54.00","3.61M","4.95%"
"07/08/2021","53.74","55.80","55.94","53.64","6.06M","-4.65%"
"07/07/2021","56.36","56.40","56.92","56.14","3.12M","0.54%"
"07/06/2021","56.06","57.30","57.30","56.06","2.93M","-1.61%"
"07/05/2021","56.98","56.30","57.28","56.12","3.59M","1.86%"
"07/02/2021","55.94","55.16","56.20","55.02","3.32M","1.71%"
"07/01/2021","55.00","55.16","55.84","54.90","2.72M","0.11%"
"06/30/2021","54.94","55.00","55.20","54.44","4.82M","0.29%"
"06/29/2021","54.78","54.28","55.26","54.28","2.90M","0.62%"
"06/28/2021","54.44","55.08","55.28","54.20","2.80M","-1.45%"
"06/25/2021","55.24","54.58","55.48","54.40","3.49M","1.73%"
"06/24/2021","54.30","53.62","54.44","53.30","4.74M","2.11%"
"06/23/2021","53.18","52.04","53.36","52.00","4.99M","3.71%"
"06/22/2021","51.28","51.58","51.58","50.50","4.57M","0.63%"
"06/21/2021","50.96","49.00","50.96","48.25","4.98M","2.60%"
"06/18/2021","49.67","50.12","50.70","49.51","10.72M","-1.57%"
"06/17/2021","50.46","50.98","51.14","50.34","4.32M","-1.94%"
"06/16/2021","51.46","52.46","52.74","50.66","6.53M","-1.87%"
"06/15/2021","52.44","54.34","54.40","52.44","5.60M","-3.46%"
"06/14/2021","54.32","54.28","55.02","53.90","3.70M","0.41%"
"06/11/2021","54.10","53.54","54.86","53.54","3.61M","1.62%"
"06/10/2021","53.24","53.54","54.10","53.24","3.00M","-0.04%"
"06/09/2021","53.26","53.76","54.48","53.26","5.16M","-0.41%"
"06/08/2021","53.48","53.70","53.92","52.68","3.94M","-0.85%"
"06/07/2021","53.94","55.32","55.32","53.94","2.96M","-2.35%"
"06/04/2021","55.24","54.20","55.32","54.20","2.13M","1.92%"
"06/03/2021","54.20","56.34","56.50","54.10","4.18M","-3.73%"
"06/02/2021","56.30","56.20","56.80","55.64","4.72M","0.36%"
"06/01/2021","56.10","55.20","56.10","55.08","5.24M","2.48%"
"05/31/2021","54.74","54.28","55.28","54.28","3.18M","1.03%"
"05/28/2021","54.18","54.20","54.92","53.56","5.54M","1.16%"
"05/27/2021","53.56","51.00","53.56","50.72","13.43M","6.19%"
"05/26/2021","50.44","50.64","51.24","50.12","4.48M","0.44%"
"05/25/2021","50.22","52.00","52.44","50.20","5.01M","-3.01%"
"05/21/2021","51.78","50.88","51.78","50.38","5.70M","2.37%"
"05/20/2021","50.58","51.98","52.12","50.08","6.39M","-0.63%"
"05/19/2021","50.90","53.16","53.16","50.64","6.02M","-5.53%"
"05/18/2021","53.88","54.40","55.88","53.70","6.13M","0.00%"
"05/14/2021","53.88","54.28","54.90","52.84","5.27M","-2.71%"
"05/12/2021","55.38","56.10","56.36","54.70","3.48M","-0.43%"
"05/11/2021","55.62","55.98","56.04","54.86","3.84M","-1.45%"
"05/10/2021","56.44","55.66","56.74","55.50","4.22M","2.62%"
"05/07/2021","55.00","54.20","55.36","53.86","3.46M","-0.65%"
"05/06/2021","55.36","55.76","56.48","55.14","4.42M","0.36%"
"05/05/2021","55.16","54.22","55.72","54.22","4.47M","2.57%"
"05/04/2021","53.78","54.68","54.90","53.60","5.87M","-0.88%"
"05/03/2021","54.26","53.00","54.32","52.90","2.41M","2.07%"
"04/30/2021","53.16","54.10","54.50","53.16","6.56M","-1.56%"
"04/29/2021","54.00","54.54","54.90","53.84","3.97M","-0.18%"
"04/28/2021","54.10","55.00","55.20","54.08","5.20M","-0.48%"
"04/27/2021","54.36","56.60","57.10","53.36","8.61M","-2.96%"
"04/26/2021","56.02","55.50","56.08","54.24","4.83M","1.38%"
"04/23/2021","55.26","54.32","55.48","54.30","3.88M","1.84%"
"04/22/2021","54.26","54.30","55.28","54.20","3.71M","0.00%"
"04/21/2021","54.26","55.00","55.88","53.64","4.84M","-1.67%"
"04/20/2021","55.18","55.92","56.46","54.94","4.14M","-1.32%"
"04/19/2021","55.92","56.86","57.32","55.74","3.22M","-1.45%"
"04/16/2021","56.74","56.48","57.24","56.42","6.29M","1.83%"
"04/15/2021","55.72","55.22","56.48","55.12","4.92M","1.86%"
"04/14/2021","54.70","53.88","54.94","53.88","4.52M","1.98%"
"04/13/2021","53.64","53.50","55.26","53.48","6.88M","1.67%"
"04/12/2021","52.76","52.96","53.58","52.44","3.49M","-1.01%"
"04/09/2021","53.30","53.52","54.10","53.02","4.32M","0.00%"
"04/08/2021","53.30","53.80","54.26","53.14","4.85M","-0.37%"
"04/07/2021","53.50","53.72","54.62","53.30","4.06M","0.00%"
"04/06/2021","53.50","56.56","56.56","53.28","8.37M","-2.30%"
"03/31/2021","54.76","53.98","54.96","53.70","4.78M","2.51%"
"03/30/2021","53.42","53.28","53.86","53.10","4.45M","0.68%"
"03/29/2021","53.06","53.00","53.48","52.08","3.73M","-0.04%"
"03/26/2021","53.08","50.96","53.18","50.96","8.15M","6.03%"
"03/25/2021","50.06","50.32","50.84","49.19","6.41M","0.34%"
"03/24/2021","49.89","48.89","50.08","48.80","5.72M","1.63%"
"03/23/2021","49.09","49.50","50.40","48.50","10.97M","-5.20%"
"03/22/2021","51.78","52.18","52.88","51.54","5.90M","-1.67%"
"03/19/2021","52.66","53.78","54.06","52.44","10.85M","-2.77%"
"03/18/2021","54.16","52.32","54.16","52.28","8.50M","4.31%"
"03/17/2021","51.92","51.44","52.60","51.30","5.74M","0.93%"
"03/16/2021","51.44","52.00","52.32","51.06","6.48M","-1.00%"
"03/15/2021","51.96","51.50","52.28","51.02","4.89M","0.97%"
"03/12/2021","51.46","51.80","51.92","50.68","6.81M","-1.98%"
"03/11/2021","52.50","51.24","52.62","51.20","9.23M","3.39%"
"03/10/2021","50.78","49.20","50.86","49.11","8.99M","4.81%"
"03/09/2021","48.45","48.45","49.26","48.04","5.63M","-0.53%"
"03/08/2021","48.71","49.14","49.38","48.08","5.24M","-0.59%"
"03/05/2021","49.00","48.05","49.29","47.91","6.86M","2.57%"
"03/04/2021","47.77","49.20","49.34","47.60","6.78M","-2.69%"
"03/03/2021","49.09","49.58","50.30","48.68","7.18M","0.27%"
"03/02/2021","48.96","47.80","49.04","47.46","5.71M","1.81%"
"03/01/2021","48.09","48.69","49.00","46.90","6.72M","0.19%"
"02/26/2021","48.00","47.50","48.51","47.36","11.28M","-1.36%"
"02/25/2021","48.66","48.12","49.11","48.07","8.19M","2.14%"
"02/24/2021","47.64","46.10","47.75","46.10","8.73M","3.50%"
"02/23/2021","46.03","45.38","46.12","44.89","9.04M","2.22%"
"02/22/2021","45.03","44.10","45.06","43.69","8.23M","2.39%"
"02/19/2021","43.98","42.78","43.98","42.75","5.70M","3.05%"
"02/18/2021","42.68","43.22","43.54","42.63","5.24M","-0.77%"
"02/17/2021","43.01","41.99","43.14","41.75","7.75M","3.27%"
"02/16/2021","41.65","41.80","42.04","41.29","3.99M","-0.36%"
"02/15/2021","41.80","42.00","42.07","41.48","4.00M","1.90%"
"02/12/2021","41.02","42.00","42.30","40.41","5.82M","-0.85%"
"02/11/2021","41.37","40.68","41.56","40.59","6.81M","2.50%"
"02/10/2021","40.36","39.76","40.56","39.64","5.89M","1.97%"
"02/09/2021","39.58","40.56","40.62","39.32","6.24M","-2.27%"
"02/08/2021","40.50","40.14","40.79","40.02","4.99M","2.09%"
"02/05/2021","39.67","39.90","40.43","39.40","6.52M","0.43%"
"02/04/2021","39.50","39.02","39.67","38.67","6.58M","1.57%"
"02/03/2021","38.89","38.71","39.00","38.43","5.20M","2.80%"
"02/02/2021","37.83","38.14","38.39","37.73","4.43M","-0.16%"
"02/01/2021","37.89","38.21","38.63","37.66","3.97M","-0.60%"
"01/29/2021","38.12","36.77","38.12","36.52","8.58M","1.82%"
"01/28/2021","37.44","36.57","37.80","36.21","6.22M","1.22%"
"01/27/2021","36.99","38.26","38.28","36.42","7.64M","-4.02%"
"01/26/2021","38.54","38.55","39.08","38.30","5.06M","-0.28%"
"01/25/2021","38.65","39.85","40.10","38.31","5.73M","-1.88%"
"01/22/2021","39.39","39.58","39.83","38.99","5.61M","-1.87%"
"01/21/2021","40.14","40.97","41.05","40.04","5.10M","-0.94%"
"01/20/2021","40.52","40.88","41.17","40.42","6.08M","1.78%"
"01/19/2021","39.81","40.80","41.05","39.70","5.35M","-1.41%"
"01/18/2021","40.38","40.10","40.41","39.80","2.74M","0.55%"
"01/15/2021","40.16","41.25","41.35","40.10","7.48M","-4.38%"
"01/14/2021","42.00","41.19","42.17","40.91","7.15M","2.92%"
"01/13/2021","40.81","42.11","42.60","40.80","5.08M","-2.90%"
"01/12/2021","42.03","41.42","42.07","41.42","5.99M","2.21%"
"01/11/2021","41.12","41.99","41.99","40.70","5.56M","-2.07%"
"01/08/2021","41.99","42.60","43.14","41.81","7.85M","-0.12%"
"01/07/2021","42.04","41.26","42.04","40.91","6.41M","2.61%"
"01/06/2021","40.97","39.51","41.06","39.51","7.86M","4.54%"
"01/05/2021","39.19","38.95","39.55","38.85","5.59M","-0.36%"
"01/04/2021","39.33","40.00","40.66","39.33","5.44M","-1.33%"
"12/30/2020","39.86","39.34","39.90","39.21","2.53M","1.55%"
"12/29/2020","39.25","40.14","40.27","39.20","4.64M","-2.41%"
"12/28/2020","40.22","40.09","40.69","40.00","3.05M","1.69%"
"12/23/2020","39.55","39.40","39.62","39.09","2.23M","0.79%"
"12/22/2020","39.24","38.99","39.68","38.90","3.43M","0.46%"
"12/21/2020","39.06","40.00","40.10","38.64","6.90M","-3.20%"
"12/18/2020","40.35","40.30","40.76","40.02","7.08M","0.20%"
"12/17/2020","40.27","39.50","40.28","39.36","6.71M","2.65%"
"12/16/2020","39.23","39.89","40.08","39.12","6.60M","-1.73%"
"12/15/2020","39.92","39.60","40.06","39.50","5.10M","1.09%"
"12/14/2020","39.49","40.45","40.45","39.35","4.30M","-0.65%"
"12/11/2020","39.75","40.35","40.73","39.24","6.51M","-1.12%"
"12/10/2020","40.20","39.44","40.20","39.04","9.28M","3.66%"
"12/09/2020","38.78","38.11","38.83","38.01","5.57M","2.19%"
"12/08/2020","37.95","38.46","38.50","37.57","5.79M","-1.33%"
"12/07/2020","38.46","38.48","38.85","38.36","4.99M","-0.05%"
"12/04/2020","38.48","38.20","38.59","38.01","6.13M","0.81%"
"12/03/2020","38.17","38.13","38.55","37.96","7.48M","1.38%"
"12/02/2020","37.65","37.39","38.07","37.19","7.05M","1.70%"
"12/01/2020","37.02","36.00","37.10","35.77","6.10M","2.83%"
"11/30/2020","36.00","36.27","36.58","35.82","8.56M","-1.32%"
"11/27/2020","36.48","36.49","36.70","36.23","3.88M","-0.05%"
"11/26/2020","36.50","36.84","36.94","36.33","3.47M","-0.14%"
"11/25/2020","36.55","37.40","37.65","36.13","8.32M","-2.87%"
"11/24/2020","37.63","36.40","38.15","36.31","13.35M","4.50%"
"11/23/2020","36.01","36.05","36.49","35.70","10.23M","2.92%"
"11/20/2020","34.99","34.48","35.09","34.42","9.31M","2.01%"
"11/19/2020","34.30","33.40","34.40","33.27","9.72M","2.08%"
"11/18/2020","33.60","32.99","33.64","32.80","7.43M","2.69%"
"11/17/2020","32.72","32.70","32.91","32.36","6.43M","-2.79%"
"11/16/2020","33.66","33.12","33.99","33.00","7.62M","2.72%"
"11/13/2020","32.77","31.60","33.18","31.60","10.10M","4.73%"
"11/12/2020","31.29","31.40","31.88","31.04","4.47M","-0.70%"
"11/11/2020","31.51","31.28","31.53","31.13","6.54M","1.19%"
"11/10/2020","31.14","31.00","31.62","30.84","6.39M","-0.51%"
"11/09/2020","31.30","29.97","31.48","29.78","11.44M","6.50%"
"11/06/2020","29.39","28.63","29.39","28.52","8.07M","2.30%"
"11/05/2020","28.73","28.40","28.80","28.04","5.00M","1.30%"
"11/04/2020","28.36","28.26","28.40","27.71","5.60M","-0.46%"
"11/03/2020","28.49","27.75","28.55","27.72","7.21M","3.37%"
"11/02/2020","27.56","26.91","27.58","26.52","5.07M","3.11%"
"10/30/2020","26.73","27.00","27.13","26.56","5.76M","-1.00%"
"10/29/2020","27.00","26.82","27.16","26.60","5.95M","0.90%"
"10/28/2020","26.76","27.10","27.36","26.76","9.26M","-2.05%"
"10/27/2020","27.32","27.72","27.86","27.16","6.48M","-1.90%"
"10/26/2020","27.85","27.90","28.48","27.77","6.69M","-0.54%"
"10/23/2020","28.00","27.10","28.14","27.05","16.47M","6.59%"
"10/22/2020","26.27","26.10","26.68","25.87","5.21M","0.19%"
"10/21/2020","26.22","26.14","26.36","25.73","5.37M","0.46%"
"10/20/2020","26.10","26.09","26.28","26.05","5.13M","-0.38%"
"10/19/2020","26.20","26.50","26.63","25.88","6.67M","-1.02%"
"10/16/2020","26.47","26.42","26.64","26.16","8.89M","2.16%"
"10/15/2020","25.91","26.33","26.40","25.88","6.00M","-1.11%"
"10/14/2020","26.20","26.50","26.56","26.20","7.08M","-0.83%"
"10/13/2020","26.42","26.36","26.79","26.31","10.94M","1.62%"
"10/12/2020","26.00","26.20","26.54","25.93","5.38M","0.00%"
"10/09/2020","26.00","26.10","26.30","25.95","5.38M","-0.88%"
"10/08/2020","26.23","26.31","26.37","25.95","4.86M","0.38%"
"10/07/2020","26.13","25.91","26.35","25.88","5.50M","0.27%"
"10/06/2020","26.06","26.28","26.33","25.92","4.11M","0.00%"
"10/05/2020","26.06","25.14","26.06","25.10","5.11M","2.92%"
"10/02/2020","25.32","25.11","25.48","24.85","4.97M","-0.71%"
"10/01/2020","25.50","25.80","25.92","25.44","3.84M","-0.93%"
"09/30/2020","25.74","25.77","25.82","25.47","3.39M","-0.19%"
"09/29/2020","25.79","25.96","25.99","25.60","3.72M","-0.31%"
"09/28/2020","25.87","25.65","25.87","25.52","4.32M","2.46%"
"09/25/2020","25.25","25.31","25.57","25.15","4.34M","-0.94%"
"09/24/2020","25.49","25.30","25.91","25.05","4.21M","-0.55%"
"09/23/2020","25.63","26.00","26.20","25.63","3.72M","-0.77%"
"09/22/2020","25.83","26.10","26.42","25.83","5.47M","-1.41%"
"09/21/2020","26.20","27.05","27.05","25.92","7.89M","-3.39%"
"09/18/2020","27.12","27.40","27.57","27.12","8.26M","-1.02%"
"09/17/2020","27.40","27.63","27.63","27.30","4.58M","-1.44%"
"09/16/2020","27.80","27.80","28.03","27.63","3.61M","-0.36%"
"09/15/2020","27.90","27.55","28.09","27.53","6.54M","1.27%"
"09/14/2020","27.55","27.55","27.80","27.20","4.00M","0.99%"
"09/11/2020","27.28","27.00","27.33","27.00","3.99M","0.29%"
"09/10/2020","27.20","27.53","27.68","27.11","3.73M","-1.34%"
"09/09/2020","27.57","27.01","27.57","26.90","3.60M","2.30%"
"09/08/2020","26.95","27.61","27.70","26.90","3.81M","-2.39%"
"09/07/2020","27.61","27.56","27.86","27.40","2.57M","0.07%"
"09/04/2020","27.59","27.07","27.90","27.04","4.26M","-0.40%"
"09/03/2020","27.70","27.83","28.05","27.62","3.60M","-0.14%"
"09/02/2020","27.74","28.00","28.29","27.65","4.17M","0.04%"
"09/01/2020","27.73","27.91","28.10","27.40","5.53M","-0.57%"
"08/31/2020","27.89","27.56","28.47","27.56","9.16M","1.31%"
"08/28/2020","27.53","27.79","27.79","27.19","3.77M","-0.15%"
"08/27/2020","27.57","27.79","27.94","27.57","3.56M","-0.65%"
"08/26/2020","27.75","27.55","27.79","27.48","2.83M","0.40%"
"08/25/2020","27.64","28.00","28.27","27.50","3.99M","-0.83%"
"08/24/2020","27.87","27.10","27.95","27.10","5.85M","4.19%"
"08/21/2020","26.75","27.03","27.23","26.57","3.45M","-0.82%"
"08/20/2020","26.97","27.25","27.28","26.82","3.88M","-1.35%"
"08/19/2020","27.34","27.30","27.77","27.19","6.52M","-3.43%"
"08/18/2020","28.31","27.94","28.74","27.84","5.62M","1.22%"
"08/17/2020","27.97","28.00","28.34","27.92","2.15M","0.00%"
"08/14/2020","27.97","28.60","28.60","27.76","4.19M","-2.20%"
"08/13/2020","28.60","28.53","28.98","28.24","4.60M","-0.03%"
"08/12/2020","28.61","28.25","28.61","28.12","4.32M","1.10%"
"08/11/2020","28.30","27.66","28.48","27.66","8.32M","2.61%"
"08/10/2020","27.58","27.27","27.61","27.06","3.86M","1.70%"
"08/07/2020","27.12","27.08","27.23","26.85","3.28M","-0.66%"
"08/06/2020","27.30","27.04","27.48","26.90","5.26M","0.96%"
"08/05/2020","27.04","26.52","27.18","26.50","6.16M","2.42%"
"08/04/2020","26.40","26.00","26.40","26.00","4.15M","2.09%"
"08/03/2020","25.86","25.40","25.86","25.13","3.98M","1.81%"
"07/31/2020","25.40","25.50","25.80","25.35","5.62M","1.40%"
"07/30/2020","25.05","26.31","26.35","25.05","5.28M","-5.08%"
"07/29/2020","26.39","26.52","26.68","26.25","3.77M","-0.38%"
"07/28/2020","26.49","26.42","26.96","26.39","4.00M","0.53%"
"07/27/2020","26.35","26.50","26.77","26.16","5.05M","-1.46%"
"07/24/2020","26.74","27.08","27.16","26.33","6.74M","-2.44%"
"07/23/2020","27.41","27.75","28.00","27.31","5.86M","-1.65%"
"07/22/2020","27.87","29.28","29.65","27.19","11.11M","-1.73%"
"07/21/2020","28.36","28.58","28.81","28.35","5.97M","0.11%"
"07/20/2020","28.33","28.50","28.60","28.16","4.17M","-0.60%"
"07/17/2020","28.50","28.50","28.62","28.24","4.43M","0.74%"
"07/16/2020","28.29","28.50","28.84","28.26","5.62M","-1.01%"
"07/15/2020","28.58","28.80","29.25","28.55","7.26M","0.28%"
"07/14/2020","28.50","28.45","28.56","28.12","5.20M","-0.21%"
"07/13/2020","28.56","27.70","28.69","27.57","8.69M","4.42%"
"07/10/2020","27.35","27.00","27.41","26.87","4.11M","0.92%"
"07/09/2020","27.10","27.10","27.64","27.04","5.01M","0.44%"
"07/08/2020","26.98","26.59","27.05","26.55","5.44M","0.22%"
"07/07/2020","26.92","26.96","27.15","26.69","3.93M","-0.15%"
"07/06/2020","26.96","26.50","27.12","26.50","4.66M","3.26%"
"07/03/2020","26.11","26.59","26.83","26.08","3.47M","-2.28%"
"07/02/2020","26.72","26.26","26.83","26.11","5.27M","0.56%"
"07/01/2020","26.57","26.68","26.98","26.23","5.11M","0.00%"
"06/30/2020","26.57","26.70","26.86","26.33","4.68M","-0.19%"
"06/29/2020","26.62","26.15","26.83","25.94","5.05M","1.33%"
"06/26/2020","26.27","26.81","26.83","26.26","4.88M","-1.05%"
"06/25/2020","26.55","26.80","26.80","26.17","6.83M","-2.25%"
"06/24/2020","27.16","27.46","27.76","27.09","4.62M","-0.84%"
"06/23/2020","27.39","27.31","27.99","27.31","6.93M","1.44%"
"06/22/2020","27.00","26.39","27.17","26.13","5.30M","0.75%"
"06/19/2020","26.80","27.07","27.26","26.63","11.48M","-0.26%"
"06/18/2020","26.87","26.99","27.37","26.85","6.59M","-0.63%"
"06/17/2020","27.04","27.36","27.73","27.01","6.81M","-1.89%"
"06/16/2020","27.56","26.58","27.70","26.50","9.78M","6.62%"
"06/15/2020","25.85","26.00","26.40","25.47","8.28M","-3.97%"
"06/12/2020","26.92","25.90","27.05","25.65","7.86M","2.28%"
"06/11/2020","26.32","27.06","27.11","26.26","9.06M","-4.98%"
"06/10/2020","27.70","27.23","27.87","26.70","8.76M","2.63%"
"06/09/2020","26.99","28.00","28.16","26.59","10.30M","-3.71%"
"06/08/2020","28.03","28.16","28.25","27.82","8.50M","0.32%"
"06/05/2020","27.94","27.45","28.42","27.41","12.79M","2.99%"
"06/04/2020","27.13","26.71","27.35","26.30","9.13M","1.01%"
"06/03/2020","26.86","26.00","26.89","26.00","9.32M","4.19%"
"06/02/2020","25.78","25.18","25.94","24.90","8.93M","4.46%"
"05/29/2020","24.68","25.06","25.17","24.38","12.97M","-3.10%"
"05/28/2020","25.47","25.68","25.83","25.23","6.83M","0.32%"
"05/27/2020","25.39","24.38","25.74","24.36","9.33M","3.63%"
"05/26/2020","24.50","24.02","24.54","23.72","8.60M","3.46%"
"05/25/2020","23.68","23.50","23.68","23.18","3.98M","1.20%"
"05/22/2020","23.40","23.25","23.65","23.09","7.37M","-2.50%"
"05/20/2020","24.00","24.08","24.14","23.52","6.89M","-1.03%"
"05/19/2020","24.25","24.00","24.30","23.68","10.89M","2.62%"
"05/18/2020","23.63","23.20","23.84","23.04","9.55M","3.64%"
"05/15/2020","22.80","22.51","22.88","22.21","8.02M","3.92%"
"05/14/2020","21.94","22.50","22.54","21.91","7.05M","-3.65%"
"05/13/2020","22.77","23.10","23.14","22.55","6.77M","-2.90%"
"05/12/2020","23.45","23.31","23.55","23.03","7.28M","0.39%"
"05/11/2020","23.36","24.20","24.35","23.10","7.33M","-3.07%"
"05/08/2020","24.10","24.20","24.44","23.88","4.83M","0.37%"
"05/07/2020","24.01","23.90","24.08","23.60","6.72M","0.04%"
"05/06/2020","24.00","24.75","24.75","23.95","7.80M","-2.48%"
"05/05/2020","24.61","24.91","25.28","24.51","8.21M","0.29%"
"05/04/2020","24.54","25.75","25.75","24.06","14.73M","-6.23%"
"04/30/2020","26.17","24.85","26.42","24.68","17.38M","4.64%"
"04/29/2020","25.01","25.00","25.10","24.31","16.58M","7.94%"
"04/28/2020","23.17","22.67","23.19","22.39","8.84M","1.62%"
"04/27/2020","22.80","22.75","22.89","22.42","6.77M","1.33%"
"04/24/2020","22.50","22.45","22.74","22.05","6.07M","-1.75%"
"04/23/2020","22.90","21.95","23.01","21.95","9.30M","4.81%"
"04/22/2020","21.85","21.40","21.85","21.05","7.43M","1.63%"
"04/21/2020","21.50","21.85","21.85","21.27","5.99M","-2.93%"
"04/20/2020","22.15","22.50","22.56","21.56","8.33M","-0.54%"
"04/17/2020","22.27","21.42","22.33","21.30","15.89M","7.38%"
"04/16/2020","20.74","21.20","21.30","20.74","9.70M","-1.24%"
"04/15/2020","21.00","22.00","22.06","21.00","8.94M","-5.41%"
"04/14/2020","22.20","22.65","22.65","21.52","11.33M","2.30%"
"04/08/2020","21.70","22.16","22.24","21.66","5.66M","-3.43%"
"04/07/2020","22.47","21.92","22.75","21.81","11.80M","5.25%"
"04/06/2020","21.35","21.27","21.78","21.11","10.24M","3.54%"
"04/03/2020","20.62","21.70","21.71","20.62","15.19M","-6.27%"
"04/02/2020","22.00","22.00","22.71","21.81","7.05M","-0.50%"
"04/01/2020","22.11","22.00","22.30","21.55","8.77M","-2.25%"
"03/31/2020","22.62","22.50","22.94","22.19","9.22M","1.80%"
"03/30/2020","22.22","21.78","22.23","21.08","6.03M","2.40%"
"03/27/2020","21.70","22.80","22.80","21.45","8.86M","-5.65%"
"03/26/2020","23.00","23.16","23.16","22.31","9.21M","-2.38%"
"03/25/2020","23.56","23.89","24.17","22.68","11.42M","1.73%"
"03/24/2020","23.16","22.30","23.16","22.17","10.42M","8.02%"
"03/23/2020","21.44","21.50","22.44","21.26","17.81M","-6.98%"
"03/20/2020","23.05","25.50","25.50","22.85","20.81M","-6.45%"
"03/19/2020","24.64","22.23","24.64","22.23","17.37M","11.70%"
"03/18/2020","22.06","22.00","22.70","21.04","17.30M","-3.03%"
"03/17/2020","22.75","22.20","23.00","21.23","17.47M","4.02%"
"03/16/2020","21.87","20.00","21.87","19.14","20.22M","2.87%"
"03/13/2020","21.26","20.51","22.42","20.50","16.32M","4.27%"
"03/12/2020","20.39","20.95","21.40","20.10","15.72M","-7.53%"
"03/11/2020","22.05","23.40","23.69","21.99","15.12M","-4.17%"
"03/10/2020","23.01","23.59","24.88","23.01","17.24M","-1.29%"
"03/09/2020","23.31","22.66","23.74","22.54","16.06M","-6.80%"
"03/06/2020","25.01","25.27","25.48","24.74","13.21M","-3.25%"
"03/05/2020","25.85","27.01","27.04","25.56","11.13M","-3.18%"
"03/04/2020","26.70","27.28","27.51","26.46","30.66M","-1.84%"
"03/03/2020","27.20","27.38","27.80","26.79","9.18M","2.53%"
"03/02/2020","26.53","27.70","27.97","26.13","9.09M","-0.49%"
"02/28/2020","26.66","25.42","26.99","25.06","14.07M","1.41%"
"02/27/2020","26.29","27.48","27.69","26.22","9.40M","-6.04%"
"02/26/2020","27.98","27.44","28.15","26.85","9.05M","1.23%"
"02/25/2020","27.64","28.40","28.58","27.64","9.10M","-1.39%"
"02/24/2020","28.03","29.30","29.30","27.66","12.16M","-6.78%"
"02/21/2020","30.07","29.80","30.32","29.57","5.93M","0.37%"
"02/20/2020","29.96","30.17","30.29","29.68","6.36M","-0.03%"
"02/19/2020","29.97","29.20","30.21","29.18","7.18M","2.81%"
"02/18/2020","29.15","29.30","29.30","28.76","6.83M","-1.22%"
"02/17/2020","29.51","29.75","30.00","29.36","3.75M","0.00%"
"02/14/2020","29.51","29.75","30.27","29.47","6.55M","-0.71%"
"02/13/2020","29.72","29.81","29.81","29.29","8.71M","-0.93%"
"02/12/2020","30.00","28.94","30.43","28.88","12.16M","3.70%"
"02/11/2020","28.93","27.97","29.08","27.86","13.97M","5.47%"
"02/10/2020","27.43","28.00","28.47","27.11","15.81M","-0.97%"
"02/07/2020","27.70","29.00","29.30","26.86","32.25M","-12.06%"
"02/06/2020","31.50","30.86","31.66","30.68","9.93M","4.06%"
"02/05/2020","30.27","29.31","30.32","29.13","7.56M","3.81%"
"02/04/2020","29.16","29.16","29.48","29.14","4.72M","0.90%"
"02/03/2020","28.90","29.00","29.09","28.55","5.49M","-0.38%"
"01/31/2020","29.01","29.41","29.66","29.01","7.17M","-1.12%"
"01/30/2020","29.34","29.62","29.91","29.30","6.17M","-2.30%"
"01/29/2020","30.03","30.50","30.58","29.93","6.06M","-1.05%"
"01/28/2020","30.35","29.62","30.44","29.35","5.96M","2.46%"
"01/27/2020","29.62","30.04","30.04","29.43","9.67M","-2.76%"
"01/24/2020","30.46","30.80","31.03","30.45","4.16M","-0.46%"
"01/23/2020","30.60","31.60","31.60","30.30","8.13M","-3.80%"
"01/22/2020","31.81","32.26","32.53","31.81","4.81M","-1.09%"
"01/21/2020","32.16","32.01","32.45","31.69","4.78M","-0.31%"
"01/20/2020","32.26","32.00","32.47","31.58","6.95M","1.00%"
"01/17/2020","31.94","32.10","32.34","31.89","4.75M","0.25%"
"01/16/2020","31.86","32.23","32.29","31.60","6.99M","-1.15%"
"01/15/2020","32.23","32.97","33.05","32.23","5.04M","-1.89%"
"01/14/2020","32.85","32.73","33.75","32.68","8.13M","1.33%"
"01/13/2020","32.42","32.59","32.68","32.35","3.48M","-0.34%"
"01/10/2020","32.53","32.20","32.66","31.93","4.86M","1.94%"
"01/09/2020","31.91","32.40","32.45","31.91","4.64M","-0.56%"
"01/08/2020","32.09","32.31","32.46","32.09","4.33M","-0.40%"
"01/07/2020","32.22","32.63","32.77","32.20","3.29M","-0.25%"
"01/06/2020","32.30","32.80","32.80","32.15","4.25M","-1.10%"
"01/03/2020","32.66","33.16","33.23","32.65","4.42M","-2.24%"
"01/02/2020","33.41","32.90","33.53","32.90","5.02M","2.36%"
"12/30/2019","32.64","32.66","32.80","32.34","2.68M","0.18%"
"12/27/2019","32.58","32.93","33.65","32.57","3.77M","-0.40%"
"12/23/2019","32.71","32.65","32.75","32.43","2.78M","0.62%"
"12/20/2019","32.51","32.52","32.76","32.17","7.81M","-0.06%"
"12/19/2019","32.53","32.14","32.64","31.94","5.47M","0.09%"
"12/18/2019","32.50","32.80","32.86","32.30","4.43M","-1.46%"
"12/17/2019","32.98","33.02","33.08","32.50","6.07M","0.12%"
"12/16/2019","32.94","32.75","33.15","32.65","3.36M","0.73%"
"12/13/2019","32.70","32.89","33.04","32.33","5.87M","0.74%"
"12/12/2019","32.46","31.34","32.60","31.23","5.61M","2.49%"
"12/11/2019","31.67","31.05","31.76","31.05","5.76M","-1.12%"
"12/10/2019","32.03","31.85","32.15","31.49","4.99M","0.13%"
"12/09/2019","31.99","31.40","32.31","31.39","5.59M","2.27%"
"12/06/2019","31.28","31.60","31.88","31.08","8.23M","-1.01%"
"12/05/2019","31.60","31.75","31.87","31.40","6.10M","-1.16%"
"12/04/2019","31.97","31.42","32.27","31.36","5.35M","1.52%"
"12/03/2019","31.49","31.30","31.92","31.22","5.25M","-0.35%"
"12/02/2019","31.60","32.64","32.70","31.50","7.07M","-3.07%"
"11/29/2019","32.60","32.90","33.24","32.47","4.65M","-1.00%"
"11/28/2019","32.93","33.01","33.24","32.75","2.45M","-0.78%"
"11/27/2019","33.19","32.80","33.32","32.66","4.63M","1.93%"
"11/26/2019","32.56","32.91","33.01","32.41","8.12M","-1.36%"
"11/25/2019","33.01","33.20","33.43","32.84","3.79M","0.15%"
"11/22/2019","32.96","32.80","33.22","32.60","5.30M","0.70%"
"11/21/2019","32.73","32.30","32.73","32.07","5.98M","0.15%"
"11/20/2019","32.68","32.91","33.04","32.15","5.06M","-1.51%"
"11/19/2019","33.18","33.29","33.61","33.07","4.63M","-0.12%"
"11/18/2019","33.22","34.10","34.25","32.92","7.42M","-2.15%"
"11/15/2019","33.95","34.31","34.55","33.83","3.83M","-0.24%"
"11/14/2019","34.03","34.69","34.76","34.03","5.00M","-1.76%"
"11/13/2019","34.64","34.60","34.85","34.11","4.88M","-0.29%"
"11/12/2019","34.74","34.98","35.21","34.52","4.19M","-0.74%"
"11/11/2019","35.00","35.37","35.47","34.71","4.44M","-1.49%"
"11/08/2019","35.53","35.83","35.92","35.09","5.81M","-0.39%"
"11/07/2019","35.67","35.70","36.41","35.53","8.03M","0.14%"
"11/06/2019","35.62","35.34","35.71","35.12","6.37M","0.25%"
"11/05/2019","35.53","35.19","35.55","34.98","6.96M","1.37%"
"11/04/2019","35.05","33.84","35.20","33.81","7.98M","4.28%"
"11/01/2019","33.61","32.50","33.73","32.50","4.56M","3.57%"
"10/31/2019","32.45","33.24","33.28","32.44","6.53M","-2.38%"
"10/30/2019","33.24","33.76","33.86","33.03","4.10M","-1.54%"
"10/29/2019","33.76","33.36","33.92","33.08","5.97M","1.26%"
"10/28/2019","33.34","32.89","33.42","32.83","5.03M","1.77%"
"10/25/2019","32.76","33.50","33.65","32.62","6.51M","-2.12%"
"10/24/2019","33.47","33.78","34.01","32.92","5.49M","-0.74%"
"10/23/2019","33.72","34.00","34.57","33.34","13.32M","3.12%"
"10/22/2019","32.70","33.60","33.72","32.61","5.34M","-2.45%"
"10/21/2019","33.52","32.54","33.69","32.54","6.90M","3.01%"
"10/18/2019","32.54","31.97","32.76","31.85","8.19M","0.93%"
"10/17/2019","32.24","31.38","32.28","31.07","8.91M","1.13%"
"10/16/2019","31.88","31.54","31.88","30.94","4.84M","0.98%"
"10/15/2019","31.57","31.30","31.65","31.18","3.95M","1.02%"
"10/14/2019","31.25","31.74","31.77","30.90","4.97M","-1.36%"
"10/11/2019","31.68","31.63","31.85","31.43","4.43M","-0.06%"
"10/10/2019","31.70","31.25","31.72","30.94","6.13M","1.44%"
"10/09/2019","31.25","30.68","31.37","30.43","5.69M","1.69%"
"10/08/2019","30.73","31.50","31.60","30.49","3.14M","-1.44%"
"10/07/2019","31.18","30.50","31.18","30.09","4.69M","2.50%"
"10/04/2019","30.42","30.26","30.70","29.80","7.52M","1.37%"
"10/03/2019","30.01","30.51","30.80","29.91","6.49M","-2.69%"
"10/02/2019","30.84","31.44","31.45","30.67","6.86M","-2.65%"
"10/01/2019","31.68","31.99","32.26","31.59","5.67M","-1.00%"
"09/30/2019","32.00","32.70","32.76","31.98","7.21M","-2.14%"
"09/27/2019","32.70","33.00","33.30","32.58","5.74M","0.83%"
"09/26/2019","32.43","32.55","33.21","32.34","5.11M","0.43%"
"09/25/2019","32.29","32.66","32.82","31.95","7.38M","-1.25%"
"09/24/2019","32.70","33.90","33.99","32.55","8.32M","-2.36%"
"09/23/2019","33.49","33.20","33.82","32.70","8.65M","1.00%"
"09/20/2019","33.16","33.45","33.66","33.08","7.44M","-0.87%"
"09/19/2019","33.45","33.12","33.45","32.75","5.70M","0.90%"
"09/18/2019","33.15","32.74","33.79","32.55","6.34M","0.97%"
"09/17/2019","32.83","33.63","33.63","32.50","8.93M","-3.07%"
"09/16/2019","33.87","34.14","34.14","33.23","7.50M","-1.02%"
"09/13/2019","34.22","33.61","34.53","33.61","8.73M","1.78%"
"09/12/2019","33.62","34.07","34.44","32.73","11.35M","-1.32%"
"09/11/2019","34.07","33.93","34.29","33.56","12.32M","2.87%"
"09/10/2019","33.12","31.90","33.17","31.85","11.36M","3.92%"
"09/09/2019","31.87","31.25","32.02","31.10","8.63M","2.48%"
"09/06/2019","31.10","30.93","31.43","30.42","7.44M","0.58%"
"09/05/2019","30.92","30.15","30.98","30.00","9.76M","4.28%"
"09/04/2019","29.65","29.29","29.92","29.15","7.48M","2.95%"
"09/03/2019","28.80","29.40","29.40","28.75","6.33M","-2.07%"
"09/02/2019","29.41","29.02","29.80","29.02","6.62M","1.98%"
"08/30/2019","28.84","28.00","28.97","28.00","7.11M","4.08%"
"08/29/2019","27.71","27.20","27.96","27.05","6.49M","1.87%"
"08/28/2019","27.20","27.71","27.84","27.05","5.67M","-1.66%"
"08/27/2019","27.66","27.12","27.95","27.06","8.01M","2.33%"
"08/26/2019","27.03","26.72","27.26","26.60","4.73M","-1.24%"
"08/23/2019","27.37","27.89","28.24","26.93","6.88M","-2.46%"
"08/22/2019","28.06","27.30","28.15","26.98","7.79M","3.01%"
"08/21/2019","27.24","26.99","27.65","26.93","5.26M","0.93%"
"08/20/2019","26.99","26.90","27.24","26.83","6.33M","0.45%"
"08/19/2019","26.87","26.92","27.27","26.77","6.35M","1.43%"
"08/16/2019","26.49","26.97","27.02","26.13","12.00M","-1.08%"
"08/15/2019","26.78","27.19","27.26","26.34","7.13M","-1.36%"
"08/14/2019","27.15","28.05","28.05","26.75","9.92M","-3.21%"
"08/13/2019","28.05","27.34","28.16","26.95","7.59M","1.48%"
"08/12/2019","27.64","28.00","28.11","27.35","5.87M","-1.22%"
"08/09/2019","27.98","28.00","28.31","27.74","6.45M","-1.44%"
"08/08/2019","28.39","28.14","28.45","28.06","7.20M","3.01%"
"08/07/2019","27.56","28.02","28.11","27.40","6.06M","-1.15%"
"08/06/2019","27.88","28.02","28.40","27.87","8.18M","-0.14%"
"08/05/2019","27.92","28.02","28.12","27.50","9.59M","-2.21%"
"08/02/2019","28.55","29.25","29.60","28.36","15.10M","-5.02%"
"08/01/2019","30.06","30.30","30.82","29.92","6.25M","-1.15%"
"07/31/2019","30.41","30.85","31.15","30.37","6.90M","-0.94%"
"07/30/2019","30.70","31.63","31.80","30.53","5.19M","-3.25%"
"07/29/2019","31.73","32.44","32.65","31.55","4.96M","-2.04%"
"07/26/2019","32.39","32.96","33.16","32.39","3.84M","-1.46%"
"07/25/2019","32.87","33.25","33.59","32.59","6.05M","-1.08%"
"07/24/2019","33.23","33.00","33.42","32.55","8.27M","1.00%"
"07/23/2019","32.90","30.20","33.10","30.10","16.49M","7.31%"
"07/22/2019","30.66","30.57","31.17","30.57","5.98M","0.66%"
"07/19/2019","30.46","30.01","30.56","29.94","3.54M","1.67%"
"07/18/2019","29.96","30.30","30.54","29.73","6.09M","-2.16%"
"07/17/2019","30.62","31.02","31.05","30.61","3.93M","-1.86%"
"07/16/2019","31.20","30.77","31.31","30.73","5.29M","1.73%"
"07/15/2019","30.67","30.90","31.20","30.64","5.08M","-0.29%"
"07/12/2019","30.76","30.40","30.89","30.32","5.67M","1.92%"
"07/11/2019","30.18","30.50","30.60","30.18","5.12M","-0.72%"
"07/10/2019","30.40","30.40","30.56","30.02","7.29M","-0.65%"
"07/09/2019","30.60","31.15","31.26","30.43","7.11M","-2.52%"
"07/08/2019","31.39","31.13","31.58","31.05","5.08M","0.84%"
"07/05/2019","31.13","31.48","31.51","30.88","4.43M","-1.05%"
"07/04/2019","31.46","31.30","31.56","30.79","6.26M","1.16%"
"07/03/2019","31.10","30.70","31.13","30.50","7.63M","1.11%"
"07/02/2019","30.76","31.43","31.54","30.58","6.46M","-2.35%"
"07/01/2019","31.50","31.20","31.78","31.20","8.04M","3.28%"
"06/28/2019","30.50","30.38","30.66","30.25","5.38M","0.63%"
"06/27/2019","30.31","30.02","30.62","30.02","6.44M","1.61%"
"06/26/2019","29.83","29.80","30.32","29.55","6.49M","0.30%"
"06/25/2019","29.74","30.14","30.35","29.64","5.29M","-1.75%"
"06/24/2019","30.27","30.93","31.38","30.13","6.48M","-2.13%"
"06/21/2019","30.93","30.78","31.34","30.66","9.00M","0.32%"
"06/20/2019","30.83","31.00","31.35","30.57","6.63M","0.69%"
"06/19/2019","30.62","30.84","31.12","30.62","10.40M","-0.23%"
"06/18/2019","30.69","30.50","31.12","30.19","9.48M","0.62%"
"06/17/2019","30.50","30.99","31.14","30.38","3.77M","-1.36%"
"06/14/2019","30.92","31.18","31.29","30.72","4.85M","-0.83%"
"06/13/2019","31.18","31.00","31.27","30.70","4.82M","0.26%"
"06/12/2019","31.10","31.67","32.11","31.04","5.82M","-3.15%"
"06/11/2019","32.11","31.98","32.43","31.83","8.78M","1.65%"
"06/07/2019","31.59","31.72","31.94","31.30","8.32M","0.03%"
"06/06/2019","31.58","31.75","32.39","31.35","8.05M","0.29%"
"06/05/2019","31.49","33.22","33.35","31.49","11.25M","0.86%"
"06/04/2019","31.22","31.17","31.65","30.81","5.38M","-0.10%"
"06/03/2019","31.25","30.49","31.25","30.07","5.72M","2.06%"
"05/31/2019","30.62","30.65","30.74","30.12","8.42M","-1.42%"
"05/29/2019","31.06","31.27","31.27","30.63","7.59M","-2.27%"
"05/28/2019","31.78","32.29","32.65","31.71","8.13M","-1.55%"
"05/27/2019","32.28","32.52","32.85","32.00","3.31M","-0.37%"
"05/24/2019","32.40","32.99","33.13","32.40","7.78M","-0.89%"
"05/23/2019","32.69","34.00","34.00","32.48","8.66M","-4.22%"
"05/22/2019","34.13","35.50","35.57","34.04","10.63M","-3.34%"
"05/21/2019","35.31","35.00","35.60","34.70","14.67M","5.62%"
"05/20/2019","33.43","34.16","34.20","33.15","7.85M","-0.51%"
"05/16/2019","33.60","33.33","34.16","33.26","13.65M","4.87%"
"05/15/2019","32.04","32.64","32.78","31.54","4.92M","-0.84%"
"05/14/2019","32.31","32.02","32.47","31.93","4.92M","0.91%"
"05/13/2019","32.02","33.15","33.15","31.80","7.05M","-3.15%"
"05/10/2019","33.06","32.96","33.31","32.71","6.08M","1.66%"
"05/09/2019","32.52","33.50","33.50","32.52","7.51M","-2.11%"
"05/08/2019","33.22","33.78","33.91","32.88","7.11M","-4.35%"
"05/07/2019","34.73","35.52","35.60","34.63","5.51M","-1.53%"
"05/06/2019","35.27","35.14","35.70","35.03","4.31M","-2.46%"
"05/03/2019","36.16","35.85","36.58","35.85","3.47M","0.86%"
"05/02/2019","35.85","36.82","36.82","35.44","9.25M","-3.00%"
"04/30/2019","36.96","37.90","37.90","36.96","5.97M","-2.99%"
"04/29/2019","38.10","38.64","38.80","37.95","3.90M","-0.81%"
"04/26/2019","38.41","38.40","38.57","38.01","3.85M","0.13%"
"04/25/2019","38.36","38.50","38.66","38.16","4.18M","-0.05%"
"04/24/2019","38.38","39.04","39.17","38.27","5.22M","-1.82%"
"04/23/2019","39.09","39.42","39.49","38.85","6.14M","0.21%"
"04/17/2019","39.01","39.13","39.40","38.77","5.40M","0.75%"
"04/16/2019","38.72","39.00","39.25","38.66","6.70M","0.34%"
"04/15/2019","38.59","38.50","39.41","38.38","9.04M","3.32%"
"04/12/2019","37.35","37.20","37.68","36.80","4.80M","0.62%"
"04/11/2019","37.12","37.54","37.59","36.90","3.99M","-0.59%"
"04/10/2019","37.34","37.01","37.73","36.89","4.86M","1.25%"
"04/09/2019","36.88","37.69","37.75","36.60","5.11M","-1.84%"
"04/08/2019","37.57","37.71","38.10","37.41","5.55M","0.80%"
"04/05/2019","37.27","36.71","37.59","36.71","4.16M","1.55%"
"04/04/2019","36.70","36.91","37.11","36.46","5.19M","-0.41%"
"04/03/2019","36.85","37.60","37.76","36.73","7.69M","-0.11%"
"04/02/2019","36.89","36.24","37.02","36.24","7.21M","2.44%"
"04/01/2019","36.01","35.46","36.23","35.42","6.13M","3.03%"
"03/29/2019","34.95","35.35","35.64","34.95","5.70M","-0.23%"
"03/28/2019","35.03","35.09","35.59","34.98","7.15M","0.11%"
"03/27/2019","34.99","35.00","35.35","34.64","6.89M","3.06%"
"03/26/2019","33.95","34.66","34.80","33.85","4.26M","-1.68%"
"03/25/2019","34.53","34.60","34.83","34.18","4.91M","-1.06%"
"03/22/2019","34.90","36.26","36.27","34.90","4.20M","-3.32%"
"03/21/2019","36.10","36.25","36.79","35.84","4.91M","0.06%"
"03/20/2019","36.08","35.20","36.33","35.17","6.38M","1.41%"
"03/19/2019","35.58","35.00","35.87","34.61","10.65M","-0.70%"
"03/18/2019","35.83","35.31","35.94","35.25","5.39M","1.99%"
"03/15/2019","35.13","34.74","35.40","34.66","8.78M","1.44%"
"03/14/2019","34.63","34.72","35.53","34.54","9.38M","0.32%"
"03/13/2019","34.52","33.75","34.61","33.65","7.64M","2.59%"
"03/12/2019","33.65","33.70","34.09","33.47","7.53M","0.57%"
"03/11/2019","33.46","33.90","33.90","33.02","6.43M","-0.51%"
"03/08/2019","33.63","34.40","34.47","33.54","7.07M","-2.80%"
"03/07/2019","34.60","34.98","35.34","34.52","6.47M","-0.75%"
"03/06/2019","34.86","34.80","35.16","34.63","4.96M","-0.23%"
"03/05/2019","34.94","34.90","35.23","34.80","4.26M","0.20%"
"03/04/2019","34.87","35.11","35.37","34.13","9.96M","-0.14%"
"03/01/2019","34.92","35.44","35.67","34.90","5.58M","-1.47%"
"02/28/2019","35.44","35.90","35.96","35.39","5.26M","-1.50%"
"02/27/2019","35.98","36.10","36.56","35.85","7.32M","-0.44%"
"02/26/2019","36.14","35.99","36.28","35.71","4.72M","0.33%"
"02/25/2019","36.02","35.50","36.29","35.34","5.96M","2.36%"
"02/22/2019","35.19","34.95","35.30","34.94","4.76M","0.95%"
"02/21/2019","34.86","35.00","35.35","34.71","4.91M","0.03%"
"02/20/2019","34.85","34.60","35.00","34.39","4.34M","0.72%"
"02/19/2019","34.60","34.51","34.70","34.25","4.02M","0.03%"
"02/18/2019","34.59","34.77","35.11","34.51","4.10M","-0.26%"
"02/15/2019","34.68","33.95","34.79","33.37","9.72M","1.58%"
"02/14/2019","34.14","34.92","35.00","33.90","6.02M","-2.15%"
"02/13/2019","34.89","34.00","34.94","33.95","5.82M","2.92%"
"02/12/2019","33.90","34.55","34.58","33.86","5.84M","-1.02%"
"02/11/2019","34.25","34.50","34.80","34.05","5.81M","0.18%"
"02/08/2019","34.19","35.75","35.75","34.10","10.97M","-5.66%"
"02/07/2019","36.24","36.00","36.26","34.64","24.15M","-5.58%"
"02/06/2019","38.38","39.24","39.24","38.22","7.06M","-2.09%"
"02/05/2019","39.20","39.20","39.32","38.79","5.15M","0.72%"
"02/04/2019","38.92","39.25","39.25","38.75","4.31M","-0.61%"
"02/01/2019","39.16","39.39","39.42","38.96","3.17M","0.62%"
"01/31/2019","38.92","38.83","39.47","38.68","5.90M","0.93%"
"01/30/2019","38.56","37.80","38.57","37.80","5.18M","2.09%"
"01/29/2019","37.77","37.60","38.12","37.60","4.76M","-0.45%"
"01/28/2019","37.94","38.46","38.83","37.77","7.40M","-4.31%"
"01/25/2019","39.65","38.88","39.78","38.88","3.97M","1.46%"
"01/24/2019","39.08","39.08","39.30","38.67","4.72M","-0.51%"
"01/23/2019","39.28","39.40","39.82","39.28","3.77M","-0.30%"
"01/22/2019","39.40","39.81","39.99","39.31","6.85M","-1.94%"
"01/21/2019","40.18","40.54","41.07","39.84","3.74M","-1.16%"
"01/18/2019","40.65","39.74","41.21","39.41","9.90M","-0.27%"
"01/17/2019","40.76","41.60","41.72","40.28","5.71M","-1.90%"
"01/16/2019","41.55","41.37","42.05","40.98","13.65M","5.24%"
"01/15/2019","39.48","40.47","41.03","39.30","6.87M","-0.80%"
"01/14/2019","39.80","39.98","40.15","39.53","4.72M","-1.04%"
"01/11/2019","40.22","41.00","41.20","39.95","4.60M","-1.20%"
"01/10/2019","40.71","40.70","41.03","39.80","4.99M","0.00%"
"01/09/2019","40.71","40.89","41.26","40.53","4.52M","0.52%"
"01/08/2019","40.50","39.78","41.10","39.78","5.31M","1.71%"
"01/07/2019","39.82","39.20","40.06","39.20","4.92M","2.89%"
"01/04/2019","38.70","38.68","39.02","38.07","7.98M","1.10%"
"01/03/2019","38.28","38.33","38.80","37.42","6.20M","-0.44%"
"01/02/2019","38.45","39.20","39.21","38.13","4.70M","-1.94%"
"12/28/2018","39.21","39.07","39.54","39.01","4.08M","1.34%"
"12/27/2018","38.69","39.58","39.91","38.34","4.11M","-2.15%"
"12/21/2018","39.54","39.00","39.64","38.91","10.05M","0.74%"
"12/20/2018","39.25","39.70","39.91","38.52","8.01M","-3.21%"
"12/19/2018","40.55","40.09","40.63","39.66","6.08M","1.15%"
"12/18/2018","40.09","39.50","40.33","39.42","5.61M","0.70%"
"12/17/2018","39.81","39.94","40.57","39.77","3.60M","-0.25%"
"12/14/2018","39.91","40.31","40.49","39.87","4.42M","-2.18%"
"12/13/2018","40.80","40.00","41.39","40.00","7.43M","1.19%"
"12/12/2018","40.32","40.00","40.53","39.62","4.91M","0.65%"
"12/11/2018","40.06","39.20","40.15","38.86","5.81M","2.67%"
"12/10/2018","39.02","39.40","39.62","39.02","5.60M","-2.79%"
"12/07/2018","40.14","39.61","40.57","39.36","6.15M","1.59%"
"12/06/2018","39.51","40.53","40.65","39.26","8.16M","-3.63%"
"12/05/2018","41.00","40.84","41.14","40.70","2.71M","-1.01%"
"12/04/2018","41.42","41.68","41.82","40.94","4.88M","-0.84%"
"12/03/2018","41.77","42.00","42.96","41.57","7.69M","3.14%"
"11/30/2018","40.50","40.77","40.82","40.22","6.91M","-1.10%"
"11/29/2018","40.95","41.50","42.29","40.45","7.92M","-1.09%"
"11/28/2018","41.40","41.21","41.56","41.21","5.32M","0.61%"
"11/27/2018","41.15","41.74","41.79","41.04","4.39M","-1.53%"
"11/26/2018","41.79","41.27","41.89","41.20","3.72M","1.80%"
"11/23/2018","41.05","41.83","41.85","40.87","4.81M","-1.94%"
"11/22/2018","41.86","42.21","42.39","41.74","3.03M","-0.62%"
"11/21/2018","42.12","41.70","42.55","41.55","5.23M","1.91%"
"11/20/2018","41.33","41.50","41.86","40.96","7.52M","-1.52%"
"11/19/2018","41.97","43.00","43.09","41.84","7.59M","-1.82%"
"11/16/2018","42.75","42.50","42.93","42.12","6.49M","1.50%"
"11/15/2018","42.12","42.30","42.85","41.87","4.70M","0.31%"
"11/14/2018","41.99","41.90","42.83","41.31","6.68M","-0.02%"
"11/13/2018","42.00","42.72","43.02","42.00","5.53M","-1.57%"
"11/12/2018","42.67","42.83","43.26","42.55","4.14M","0.68%"
"11/09/2018","42.38","43.20","43.47","42.16","6.14M","-2.80%"
"11/08/2018","43.60","44.03","44.46","43.55","7.14M","-1.96%"
"11/07/2018","44.47","44.44","45.14","44.30","3.26M","0.02%"
"11/06/2018","44.46","45.21","45.40","44.36","4.85M","-1.46%"
"11/05/2018","45.12","45.29","45.30","44.84","4.79M","-0.57%"
"11/02/2018","45.38","45.42","46.39","45.30","9.79M","1.57%"
"11/01/2018","44.68","43.63","44.76","43.20","6.16M","2.10%"
"10/31/2018","43.76","42.80","43.96","42.58","9.84M","3.45%"
"10/30/2018","42.30","41.85","42.60","41.76","4.80M","1.05%"
"10/29/2018","41.86","42.33","43.10","41.74","6.18M","-0.26%"
"10/26/2018","41.97","41.23","42.99","41.23","12.20M","2.14%"
"10/25/2018","41.09","40.00","41.32","39.52","9.52M","0.51%"
"10/24/2018","40.88","42.30","42.40","40.88","10.65M","0.15%"
"10/23/2018","40.82","41.87","41.97","40.82","12.89M","-3.45%"
"10/22/2018","42.28","42.83","43.29","42.28","5.27M","0.17%"
"10/19/2018","42.21","42.19","42.52","41.60","6.61M","0.84%"
"10/18/2018","41.86","43.00","43.30","41.84","7.84M","-2.79%"
"10/17/2018","43.06","42.68","43.80","41.76","7.37M","0.98%"
"10/16/2018","42.64","42.55","42.68","41.78","7.58M","-0.12%"
"10/15/2018","42.69","42.90","42.94","42.02","5.39M","-0.37%"
"10/12/2018","42.85","43.00","43.38","42.20","7.02M","0.45%"
"10/11/2018","42.66","42.22","42.99","41.40","10.73M","-2.07%"
"10/10/2018","43.56","44.96","45.01","43.51","7.77M","-2.55%"
"10/09/2018","44.70","46.48","46.65","44.41","11.77M","-1.84%"
"10/08/2018","45.54","46.77","46.77","45.32","16.16M","3.90%"
"10/05/2018","43.83","42.78","44.34","42.52","16.60M","4.13%"
"10/04/2018","42.09","40.72","43.10","40.55","18.37M","-2.97%"
"10/03/2018","43.38","49.50","49.60","42.21","31.47M","-11.85%"
"10/02/2018","49.21","48.53","49.61","48.41","5.42M","1.28%"
"10/01/2018","48.59","49.04","49.21","48.52","5.80M","-0.55%"
"09/28/2018","48.86","48.53","49.21","48.41","5.99M","0.64%"
"09/27/2018","48.55","49.04","49.15","48.37","4.16M","-1.10%"
"09/26/2018","49.09","50.00","50.12","49.03","4.46M","-1.05%"
"09/25/2018","49.61","49.27","50.06","48.75","10.49M","2.08%"
"09/24/2018","48.60","48.24","48.88","47.89","6.59M","0.00%"
"09/21/2018","48.60","48.66","48.93","48.24","8.73M","0.83%"
"09/20/2018","48.20","47.24","48.45","47.12","10.42M","2.34%"
"09/19/2018","47.10","46.40","47.26","46.26","7.88M","2.19%"
"09/18/2018","46.09","46.04","46.78","45.86","10.49M","1.81%"
"09/17/2018","45.27","45.30","45.38","44.75","4.50M","-0.24%"
"09/14/2018","45.38","45.23","46.13","45.20","7.66M","1.09%"
"09/13/2018","44.89","45.75","46.09","44.89","8.78M","-1.51%"
"09/12/2018","45.58","47.10","47.10","45.25","8.81M","-2.98%"
"09/11/2018","46.98","47.43","47.78","46.00","9.71M","-0.78%"
"09/10/2018","47.35","46.75","47.71","46.03","10.03M","2.56%"
"09/07/2018","46.17","47.00","47.36","45.66","10.97M","-2.00%"
"09/06/2018","47.11","47.70","48.23","47.00","13.60M","2.88%"
"09/05/2018","45.79","45.50","46.55","45.11","5.58M","0.11%"
"09/04/2018","45.74","46.00","46.06","45.33","4.04M","-0.61%"
"09/03/2018","46.02","46.25","46.53","45.60","4.14M","-0.63%"
"08/31/2018","46.31","46.50","46.66","46.11","7.24M","-0.88%"
"08/30/2018","46.72","47.56","47.65","46.50","4.55M","-1.77%"
"08/29/2018","47.56","47.75","47.92","47.23","3.91M","-0.38%"
"08/28/2018","47.74","47.40","48.10","47.35","5.14M","1.23%"
"08/27/2018","47.16","47.00","47.23","46.67","3.23M","0.75%"
"08/24/2018","46.81","46.44","46.92","46.12","3.53M","0.84%"
"08/23/2018","46.42","46.36","46.70","46.12","3.65M","-0.09%"
"08/22/2018","46.46","45.90","46.65","45.58","5.59M","1.22%"
"08/21/2018","45.90","45.86","46.14","45.51","3.27M","0.22%"
"08/20/2018","45.80","45.09","46.03","45.05","4.96M","2.51%"
"08/17/2018","44.68","45.88","45.88","44.21","8.07M","-2.59%"
"08/16/2018","45.87","45.94","46.28","45.29","5.91M","1.28%"
"08/15/2018","45.29","46.89","46.90","45.15","6.16M","-3.39%"
"08/14/2018","46.88","46.90","47.88","46.63","6.33M","0.00%"
"08/13/2018","46.88","46.80","47.12","46.37","3.13M","-0.13%"
"08/10/2018","46.94","48.29","48.29","46.72","6.18M","-3.57%"
"08/09/2018","48.68","48.00","48.77","48.00","7.34M","3.27%"
"08/08/2018","47.14","47.33","47.50","46.92","3.83M","-0.36%"
"08/07/2018","47.31","46.47","47.37","46.38","5.24M","2.89%"
"08/06/2018","45.98","46.85","47.50","45.94","4.37M","-0.17%"
"08/03/2018","46.06","45.39","46.50","45.31","5.45M","2.06%"
"08/02/2018","45.13","45.56","45.57","44.46","7.29M","-1.38%"
"08/01/2018","45.76","46.42","46.44","45.38","6.11M","-1.59%"
"07/31/2018","46.50","46.59","46.79","45.91","6.29M","-0.19%"
"07/30/2018","46.59","46.70","46.90","46.20","3.81M","-0.87%"
"07/27/2018","47.00","46.79","47.05","46.37","4.04M","0.64%"
"07/26/2018","46.70","46.99","47.22","46.70","3.64M","0.09%"
"07/25/2018","46.66","46.99","46.99","45.71","10.37M","-1.35%"
"07/24/2018","47.30","46.00","47.94","45.80","7.71M","3.43%"
"07/23/2018","45.73","45.50","45.95","45.05","4.69M","0.73%"
"07/20/2018","45.40","46.40","46.55","45.12","6.65M","-2.74%"
"07/19/2018","46.68","47.30","47.75","46.61","4.41M","-1.35%"
"07/18/2018","47.32","47.20","48.00","47.00","4.42M","-1.83%"
"07/17/2018","48.20","47.18","48.40","46.94","4.79M","2.97%"
"07/16/2018","46.81","47.30","47.30","46.64","3.53M","0.06%"
"07/13/2018","46.78","47.19","47.27","46.30","2.97M","-0.66%"
"07/12/2018","47.09","47.00","47.28","46.70","3.40M","0.62%"
"07/11/2018","46.80","47.51","47.63","46.42","4.46M","-2.60%"
"07/10/2018","48.05","48.17","48.37","47.66","3.04M","0.27%"
"07/09/2018","47.92","47.54","48.21","47.54","2.56M","1.65%"
"07/06/2018","47.14","48.04","48.43","47.08","4.21M","-1.96%"
"07/05/2018","48.08","47.57","48.45","47.55","4.48M","0.97%"
"07/04/2018","47.62","48.06","48.31","47.55","3.22M","-1.43%"
"07/03/2018","48.31","48.16","48.67","47.54","5.20M","0.39%"
"07/02/2018","48.12","48.50","48.52","47.78","4.36M","-1.37%"
"06/29/2018","48.79","49.26","49.92","48.69","7.67M","0.06%"
"06/28/2018","48.76","49.61","49.80","48.76","5.08M","-2.15%"
"06/27/2018","49.83","49.40","50.14","48.40","4.54M","1.12%"
"06/26/2018","49.28","50.00","50.40","49.07","4.77M","-1.48%"
"06/25/2018","50.02","51.18","51.24","49.90","3.43M","-2.23%"
"06/22/2018","51.16","51.44","51.54","51.04","4.01M","-0.74%"
"06/21/2018","51.54","52.72","52.78","51.26","3.76M","-1.60%"
"06/20/2018","52.38","52.20","53.34","52.00","4.71M","0.38%"
"06/19/2018","52.18","52.30","52.40","51.72","4.94M","-1.81%"
"06/18/2018","53.14","53.72","53.86","52.68","5.00M","-1.77%"
"06/15/2018","54.10","53.08","54.84","52.84","10.77M","1.88%"
"06/14/2018","53.10","53.00","53.36","52.40","5.53M","-0.93%"
"06/13/2018","53.60","53.32","53.60","52.62","4.76M","0.53%"
"06/12/2018","53.32","53.00","53.40","52.06","8.29M","-1.77%"
"06/11/2018","54.28","54.12","54.88","53.92","6.63M","1.04%"
"06/08/2018","53.72","53.88","54.28","53.38","6.46M","0.19%"
"06/07/2018","53.62","53.64","54.06","53.22","5.57M","0.37%"
"06/06/2018","53.42","53.12","53.72","53.12","4.69M","0.98%"
"06/05/2018","52.90","52.00","53.16","51.76","5.01M","1.73%"
"06/04/2018","52.00","52.28","52.40","51.46","3.60M","0.04%"
"06/01/2018","51.98","51.28","51.98","51.12","3.79M","1.25%"
"05/31/2018","51.34","52.00","52.18","51.28","8.52M","-0.50%"
"05/30/2018","51.60","51.32","51.68","50.68","5.74M","-0.19%"
"05/29/2018","51.70","51.00","52.18","51.00","9.62M","3.15%"
"05/28/2018","50.12","49.54","50.78","49.50","2.67M","1.44%"
"05/25/2018","49.41","49.99","50.24","49.41","3.73M","-0.68%"
"05/24/2018","49.75","50.50","51.02","49.50","3.87M","-1.49%"
"05/23/2018","50.50","51.28","51.38","50.08","5.77M","-2.32%"
"05/22/2018","51.70","50.90","51.82","50.00","6.45M","0.78%"
"05/18/2018","51.30","51.80","51.96","50.54","10.44M","-0.47%"
"05/16/2018","51.54","47.93","51.66","47.79","12.84M","7.76%"
"05/15/2018","47.83","47.59","48.19","47.30","5.71M","0.13%"
"05/14/2018","47.77","48.37","48.37","47.45","6.63M","-1.28%"
"05/11/2018","48.39","48.88","49.23","48.07","5.83M","-0.51%"
"05/09/2018","48.64","48.55","49.28","48.00","7.23M","-0.04%"
"05/08/2018","48.66","48.85","48.85","47.50","5.76M","-2.80%"
"05/07/2018","50.06","50.00","50.24","48.75","6.92M","-1.53%"
"05/04/2018","50.84","50.56","51.34","50.22","5.75M","0.99%"
"05/03/2018","50.34","50.80","50.98","50.12","4.32M","-0.79%"
"05/02/2018","50.74","50.18","50.80","49.51","7.49M","1.36%"
"04/30/2018","50.06","50.50","50.92","50.02","6.04M","-0.87%"
"04/27/2018","50.50","51.58","51.68","50.32","4.64M","-2.02%"
"04/26/2018","51.54","51.12","52.88","49.93","11.55M","0.74%"
"04/25/2018","51.16","50.64","51.44","47.70","7.85M","1.15%"
"04/24/2018","50.58","50.70","51.52","50.22","10.04M","-0.28%"
"04/23/2018","50.72","53.66","53.98","49.90","12.94M","-4.73%"
"04/20/2018","53.24","53.66","53.98","53.12","6.52M","-0.52%"
"04/19/2018","53.52","56.40","56.40","53.10","13.56M","-0.89%"
"04/18/2018","54.00","52.64","54.34","51.92","12.19M","4.45%"
"04/17/2018","51.70","52.50","52.96","50.84","10.60M","-1.03%"
"04/16/2018","52.24","51.88","52.34","50.68","7.90M","1.52%"
"04/13/2018","51.46","50.98","51.94","50.84","8.24M","2.18%"
"04/12/2018","50.36","49.86","50.80","49.55","8.46M","2.03%"
"04/11/2018","49.36","48.42","49.83","48.37","9.48M","1.90%"
"04/10/2018","48.44","49.32","49.68","48.10","11.59M","-0.37%"
"04/09/2018","48.62","46.71","48.77","46.66","15.56M","6.62%"
"04/06/2018","45.60","46.68","46.82","45.25","6.48M","-3.29%"
"04/05/2018","47.15","46.94","47.29","46.49","5.77M","2.57%"
"04/04/2018","45.97","47.00","47.23","45.46","9.79M","-1.58%"
"04/03/2018","46.71","46.02","47.50","45.33","10.31M","1.65%"
"03/28/2018","45.95","46.26","46.27","44.94","5.97M","-1.23%"
"03/27/2018","46.52","47.09","47.35","46.44","5.61M","0.71%"
"03/26/2018","46.19","46.78","47.60","46.12","6.37M","-1.26%"
"03/23/2018","46.78","45.75","47.09","45.36","9.94M","1.48%"
"03/22/2018","46.10","47.05","47.44","45.83","9.69M","-2.06%"
"03/21/2018","47.07","46.76","47.30","45.49","12.05M","0.13%"
"03/20/2018","47.01","47.21","47.88","46.77","5.89M","-0.80%"
"03/19/2018","47.39","48.00","48.09","47.24","6.47M","-2.33%"
"03/16/2018","48.52","48.50","48.89","47.76","9.76M","-0.82%"
"03/15/2018","48.92","49.71","50.40","48.82","9.23M","-1.59%"
"03/14/2018","49.71","50.30","50.78","49.64","5.45M","-0.78%"
"03/13/2018","50.10","50.16","50.98","50.00","6.06M","-2.22%"
"03/12/2018","51.24","51.50","51.78","50.04","6.25M","-1.58%"
"03/09/2018","52.06","51.28","52.24","50.90","5.75M","1.21%"
"03/08/2018","51.44","51.58","52.08","51.08","6.06M","-0.58%"
"03/07/2018","51.74","52.20","52.44","51.20","5.46M","-2.08%"
"03/06/2018","52.84","52.48","52.84","51.90","7.25M","2.09%"
"03/05/2018","51.76","52.16","52.54","51.06","6.27M","-0.80%"
"03/02/2018","52.18","52.10","52.40","51.40","7.92M","-0.91%"
"03/01/2018","52.66","53.00","53.10","52.24","7.08M","-1.83%"
"02/28/2018","53.64","54.00","54.08","53.36","6.50M","-1.58%"
"02/27/2018","54.50","54.68","55.12","54.00","9.53M","-2.75%"
"02/26/2018","56.04","56.24","56.98","55.92","4.38M","-0.21%"
"02/23/2018","56.16","56.40","56.52","56.10","3.60M","-0.14%"
"02/22/2018","56.24","55.34","57.00","55.04","6.23M","0.64%"
"02/21/2018","55.88","56.10","56.12","55.42","5.13M","-0.68%"
"02/20/2018","56.26","56.30","56.58","55.78","4.39M","0.46%"
"02/19/2018","56.00","57.66","58.00","55.70","5.14M","-2.85%"
"02/16/2018","57.64","58.80","59.42","56.72","6.73M","1.69%"
"02/15/2018","56.68","56.88","58.08","56.60","6.06M","0.60%"
"02/14/2018","56.34","55.80","56.38","54.90","5.67M","1.19%"
"02/13/2018","55.68","55.72","55.88","55.20","5.78M","0.00%"
"02/12/2018","55.68","55.20","56.14","54.86","5.48M","1.57%"
"02/09/2018","54.82","54.00","55.24","53.82","5.93M","0.22%"
"02/08/2018","54.70","55.00","55.36","53.92","6.24M","-1.26%"
"02/07/2018","55.40","56.98","57.30","54.98","6.14M","-0.75%"
"02/06/2018","55.82","54.50","56.62","53.54","8.51M","-2.00%"
"02/05/2018","56.96","55.20","56.96","55.00","6.79M","2.82%"
"02/02/2018","55.40","57.00","57.20","55.22","4.45M","-2.64%"
"02/01/2018","56.90","56.38","57.16","56.18","4.57M","1.25%"
"01/31/2018","56.20","56.50","57.52","56.08","7.26M","0.25%"
"01/30/2018","56.06","57.10","57.30","56.06","6.52M","-2.98%"
"01/29/2018","57.78","57.82","58.04","57.30","4.39M","0.63%"
"01/26/2018","57.42","57.40","57.62","56.80","5.20M","-0.14%"
"01/25/2018","57.50","58.24","58.68","57.36","7.00M","-1.24%"
"01/24/2018","58.22","58.82","59.14","58.04","6.16M","-1.29%"
"01/23/2018","58.98","60.90","60.90","58.72","5.44M","-3.06%"
"01/22/2018","60.84","60.94","61.04","60.48","3.92M","0.07%"
"01/19/2018","60.80","59.76","61.26","59.70","5.56M","1.74%"
"01/18/2018","59.76","59.86","60.50","59.52","5.33M","-1.94%"
"01/17/2018","60.94","60.16","61.02","59.82","5.92M","0.46%"
"01/16/2018","60.66","61.78","62.02","60.52","4.32M","-2.63%"
"01/15/2018","62.30","62.20","62.64","62.08","3.18M","0.91%"
"01/12/2018","61.74","62.56","62.80","61.56","4.61M","-0.77%"
"01/11/2018","62.22","62.20","62.52","61.88","4.43M","0.16%"
"01/10/2018","62.12","61.86","62.16","60.98","4.54M","0.42%"
"01/09/2018","61.86","60.94","62.52","60.92","7.18M","1.98%"
"01/08/2018","60.66","60.92","61.34","60.56","3.51M","0.23%"
"01/05/2018","60.52","61.46","61.80","60.44","4.58M","-1.01%"
"01/04/2018","61.14","61.60","61.78","61.10","5.57M","0.13%"
"01/03/2018","61.06","62.86","63.14","61.04","7.27M","-2.62%"
"01/02/2018","62.70","63.40","63.40","61.72","4.64M","0.56%"
"12/29/2017","62.35","62.85","63.15","62.35","2.92M","-0.64%"
"12/28/2017","62.75","61.90","62.75","61.80","2.66M","1.46%"
"12/27/2017","61.85","61.25","61.85","61.25","3.23M","1.06%"
"12/22/2017","61.20","61.05","61.45","60.50","3.38M","0.08%"
"12/21/2017","61.15","59.35","61.15","59.20","8.37M","4.17%"
"12/20/2017","58.70","58.65","58.80","57.95","4.07M","1.03%"
"12/19/2017","58.10","57.65","58.55","57.50","5.97M","1.48%"
"12/18/2017","57.25","57.05","57.30","56.70","3.33M","0.88%"
"12/15/2017","56.75","57.10","57.25","56.40","7.51M","-0.61%"
"12/14/2017","57.10","56.20","57.35","56.20","5.90M","1.33%"
"12/13/2017","56.35","56.20","56.75","56.00","6.76M","0.62%"
"12/12/2017","56.00","55.60","56.00","55.15","8.32M","1.36%"
"12/11/2017","55.25","54.20","55.50","54.05","6.44M","2.89%"
"12/08/2017","53.70","53.45","54.10","53.45","5.86M","-0.09%"
"12/07/2017","53.75","53.25","54.40","53.20","7.17M","-0.19%"
"12/06/2017","53.85","54.00","54.25","53.50","7.08M","-2.27%"
"12/05/2017","55.10","55.50","56.05","54.70","6.88M","-2.30%"
"12/04/2017","56.40","56.35","56.85","56.10","5.38M","0.27%"
"12/01/2017","56.25","57.00","57.15","55.95","6.18M","-0.53%"
"11/30/2017","56.55","58.60","58.90","56.40","13.77M","-4.48%"
"11/29/2017","59.20","60.10","60.45","59.20","8.02M","-0.17%"
"11/28/2017","59.30","59.90","60.10","59.10","6.77M","-1.58%"
"11/27/2017","60.25","61.15","61.55","60.10","6.42M","-2.35%"
"11/24/2017","61.70","61.70","61.80","61.05","2.75M","-0.08%"
"11/23/2017","61.75","61.00","61.85","60.75","4.69M","0.65%"
"11/22/2017","61.35","59.75","61.55","59.50","6.34M","2.76%"
"11/21/2017","59.70","59.15","59.85","58.85","5.38M","1.10%"
"11/20/2017","59.05","59.45","59.45","58.45","5.10M","-1.09%"
"11/17/2017","59.70","60.20","60.75","59.65","6.41M","-0.50%"
"11/16/2017","60.00","59.50","60.60","59.45","6.00M","1.35%"
"11/15/2017","59.20","59.05","59.50","58.65","5.23M","-0.75%"
"11/14/2017","59.65","60.80","61.00","59.65","5.68M","-1.57%"
"11/13/2017","60.60","61.15","61.55","59.90","5.17M","-0.66%"
"11/10/2017","61.00","60.80","61.75","60.65","5.68M","0.16%"
"11/09/2017","60.90","62.25","62.60","60.55","11.90M","-4.09%"
"11/08/2017","63.50","63.65","63.80","62.95","5.27M","-0.55%"
"11/07/2017","63.85","64.10","64.45","63.80","4.09M","-0.47%"
"11/06/2017","64.15","64.10","64.85","63.70","4.46M","0.23%"
"11/03/2017","64.00","64.15","64.40","63.60","4.26M","-0.23%"
"11/02/2017","64.15","63.75","64.30","63.65","5.11M","0.08%"
"11/01/2017","64.10","63.70","64.50","63.45","5.35M","1.50%"
"10/31/2017","63.15","63.35","63.70","62.80","4.53M","-0.79%"
"10/30/2017","63.65","63.50","63.90","63.15","4.40M","0.00%"
"10/27/2017","63.65","62.55","63.80","61.90","7.21M","1.43%"
"10/26/2017","62.75","61.30","63.55","61.20","6.76M","0.32%"
"10/25/2017","62.55","59.30","62.75","59.10","8.17M","1.79%"
"10/24/2017","61.45","60.55","61.75","60.10","9.68M","1.65%"
"10/23/2017","60.45","60.50","61.30","60.15","3.73M","0.25%"
"10/20/2017","60.30","60.75","61.10","60.25","5.95M","-0.33%"
"10/19/2017","60.50","60.30","60.85","59.70","5.77M","0.33%"
"10/18/2017","60.30","60.80","60.85","60.10","3.77M","-1.15%"
"10/17/2017","61.00","62.30","62.45","60.80","5.26M","-2.09%"
"10/16/2017","62.30","62.00","63.05","61.85","8.68M","1.22%"
"10/13/2017","61.55","61.15","61.65","60.65","3.89M","0.90%"
"10/12/2017","61.00","60.05","61.15","59.95","5.23M","1.67%"
"10/11/2017","60.00","60.25","60.40","59.70","7.24M","-0.25%"
"10/10/2017","60.15","60.50","60.75","59.90","3.47M","-0.41%"
"10/09/2017","60.40","60.30","60.40","59.65","4.75M","0.08%"
"10/06/2017","60.35","60.50","60.85","60.05","4.53M","0.08%"
"10/05/2017","60.30","59.90","60.35","59.85","3.17M","0.84%"
"10/04/2017","59.80","59.90","60.00","59.45","3.54M","0.00%"
"10/03/2017","59.80","58.55","60.05","58.50","4.84M","2.66%"
"10/02/2017","58.25","58.00","58.60","57.90","3.84M","0.60%"
"09/29/2017","57.90","58.20","58.40","57.80","5.79M","0.00%"
"09/28/2017","57.90","58.00","58.40","57.70","4.39M","-0.77%"
"09/27/2017","58.35","57.45","58.50","57.25","4.29M","1.66%"
"09/26/2017","57.40","57.30","57.55","56.40","5.85M","0.17%"
"09/25/2017","57.30","57.10","57.85","56.85","5.48M","-0.87%"
"09/22/2017","57.80","58.60","58.60","57.55","7.78M","-2.20%"
"09/21/2017","59.10","58.50","59.10","58.25","7.72M","1.03%"
"09/20/2017","58.50","58.20","58.60","58.05","6.40M","0.86%"
"09/19/2017","58.00","57.95","58.05","57.60","3.42M","0.26%"
"09/18/2017","57.85","57.70","58.00","57.25","4.13M","0.61%"
"09/15/2017","57.50","58.25","58.40","57.45","6.09M","-1.29%"
"09/14/2017","58.25","57.90","58.50","57.75","5.38M","0.43%"
"09/13/2017","58.00","58.30","58.40","57.80","5.97M","-0.68%"
"09/12/2017","58.40","57.70","58.40","57.40","9.64M","0.69%"
"09/11/2017","58.00","57.15","58.00","56.60","7.32M","1.75%"
"09/08/2017","57.00","57.00","57.85","56.85","6.64M","-0.44%"
"09/07/2017","57.25","57.25","57.65","56.75","7.56M","0.44%"
"09/06/2017","57.00","56.85","57.25","56.55","4.74M","0.26%"
"09/05/2017","56.85","56.90","57.20","56.65","3.69M","-0.18%"
"09/04/2017","56.95","56.40","57.05","56.15","3.72M","0.09%"
"09/01/2017","56.90","56.05","57.00","55.90","4.77M","1.61%"
"08/31/2017","56.00","55.40","56.15","55.20","21.41M","1.82%"
"08/30/2017","55.00","54.35","55.15","54.15","6.46M","2.04%"
"08/29/2017","53.90","53.80","54.00","52.65","5.80M","-0.09%"
"08/28/2017","53.95","54.60","54.60","53.60","3.53M","-1.28%"
"08/25/2017","54.65","54.35","55.00","54.35","4.86M","0.83%"
"08/24/2017","54.20","54.35","54.60","53.80","4.87M","0.18%"
"08/23/2017","54.10","53.00","54.35","52.80","11.85M","1.98%"
"08/22/2017","53.05","51.55","53.10","51.55","6.17M","3.61%"
"08/21/2017","51.20","51.50","51.90","51.05","3.41M","-0.58%"
"08/18/2017","51.50","50.95","52.15","50.85","8.29M","0.49%"
"08/17/2017","51.25","52.50","53.10","51.25","7.94M","-2.29%"
"08/16/2017","52.45","51.90","52.50","51.75","5.63M","1.65%"
"08/15/2017","51.60","51.00","51.85","50.60","5.82M","1.57%"
"08/14/2017","50.80","51.05","51.40","50.65","5.34M","0.00%"
"08/11/2017","50.80","50.15","51.05","49.66","6.20M","-0.10%"
"08/10/2017","50.85","51.55","51.70","50.80","4.57M","-1.74%"
"08/09/2017","51.75","52.10","52.65","50.95","7.17M","0.00%"
"08/08/2017","51.75","51.00","52.25","51.00","7.63M","1.67%"
"08/07/2017","50.90","49.63","50.95","49.63","5.73M","3.08%"
"08/04/2017","49.38","49.18","50.05","49.05","4.33M","0.28%"
"08/03/2017","49.24","49.50","49.89","49.24","5.52M","-0.71%"
"08/02/2017","49.59","49.40","50.05","48.96","7.72M","0.02%"
"08/01/2017","49.58","50.85","51.00","49.36","6.98M","-2.31%"
"07/31/2017","50.75","51.55","51.70","50.75","5.28M","-0.98%"
"07/28/2017","51.25","51.70","51.80","50.90","4.03M","-1.82%"
"07/27/2017","52.20","52.20","52.90","52.00","5.09M","0.10%"
"07/26/2017","52.15","51.40","52.65","51.05","8.50M","2.05%"
"07/25/2017","51.10","51.00","51.75","50.35","10.76M","-2.94%"
"07/24/2017","52.65","52.00","52.80","51.85","6.13M","1.15%"
"07/21/2017","52.05","52.45","52.85","51.60","6.71M","-0.76%"
"07/20/2017","52.45","52.20","52.80","52.20","5.58M","-0.10%"
"07/19/2017","52.50","52.00","52.55","51.80","7.01M","1.55%"
"07/18/2017","51.70","52.30","52.30","51.40","5.26M","-1.43%"
"07/17/2017","52.45","52.40","53.20","51.80","4.76M","0.58%"
"07/14/2017","52.15","50.80","52.55","50.80","8.73M","2.76%"
"07/13/2017","50.75","50.00","51.35","50.00","10.31M","1.00%"
"07/12/2017","50.25","50.25","50.65","50.05","5.40M","0.00%"
"07/11/2017","50.25","49.66","50.40","49.53","8.68M","1.62%"
"07/10/2017","49.45","49.20","49.56","48.87","7.13M","1.52%"
"07/07/2017","48.71","48.74","49.00","48.43","5.01M","0.50%"
"07/06/2017","48.47","48.43","49.09","48.08","5.53M","0.33%"
"07/05/2017","48.31","48.48","48.91","48.26","5.54M","-0.25%"
"07/04/2017","48.43","48.00","48.69","47.95","4.50M","0.50%"
"07/03/2017","48.19","46.55","48.29","46.31","6.79M","4.13%"
"06/30/2017","46.28","45.96","46.54","45.40","4.82M","0.63%"
"06/29/2017","45.99","46.68","47.28","45.93","9.11M","-0.69%"
"06/28/2017","46.31","46.00","46.63","45.66","7.83M","1.36%"
"06/27/2017","45.69","44.91","45.86","44.91","4.89M","2.21%"
"06/26/2017","44.70","45.50","45.95","44.67","3.28M","-1.00%"
"06/23/2017","45.15","44.97","45.52","44.80","3.12M","0.42%"
"06/22/2017","44.96","44.98","45.47","44.49","4.21M","-0.46%"
"06/21/2017","45.17","44.68","45.41","44.61","5.25M","0.47%"
"06/20/2017","44.96","45.40","45.95","44.82","4.93M","-0.31%"
"06/19/2017","45.10","44.44","45.39","44.20","5.08M","2.55%"
"06/16/2017","43.98","44.06","44.34","43.44","11.89M","-0.05%"
"06/15/2017","44.00","45.08","45.14","43.53","12.65M","-3.04%"
"06/14/2017","45.38","46.13","46.56","45.30","4.34M","-1.26%"
"06/13/2017","45.96","46.23","46.40","45.58","6.30M","-0.82%"
"06/12/2017","46.34","46.55","46.64","45.98","3.51M","-0.28%"
"06/09/2017","46.47","45.80","46.63","45.77","4.36M","1.57%"
"06/08/2017","45.75","46.16","46.94","45.65","6.33M","-1.25%"
"06/07/2017","46.33","45.41","46.48","44.35","5.64M","2.25%"
"06/06/2017","45.31","44.85","45.37","44.32","5.90M","-0.07%"
"06/02/2017","45.34","45.90","46.00","45.08","4.65M","-0.70%"
"06/01/2017","45.66","45.91","46.53","45.44","7.41M","0.29%"
"05/31/2017","45.53","47.31","47.32","45.27","16.33M","-4.11%"
"05/30/2017","47.48","47.79","47.83","47.42","3.06M","-0.79%"
"05/29/2017","47.86","47.48","47.97","47.35","1.75M","0.80%"
"05/26/2017","47.48","47.60","47.93","47.10","4.55M","-0.29%"
"05/24/2017","47.62","47.25","47.67","46.97","3.92M","-0.15%"
"05/23/2017","47.69","47.26","47.93","46.85","4.03M","0.27%"
"05/22/2017","47.56","47.82","48.07","47.31","4.43M","-0.54%"
"05/19/2017","47.82","47.00","47.89","46.84","9.72M","4.00%"
"05/18/2017","45.98","48.38","48.48","45.96","17.79M","-6.32%"
"05/16/2017","49.08","48.49","49.20","48.13","8.97M","1.22%"
"05/15/2017","48.49","47.95","48.50","47.78","5.18M","1.53%"
"05/12/2017","47.76","47.36","47.90","46.65","5.47M","1.49%"
"05/11/2017","47.06","46.73","47.45","46.69","8.39M","0.84%"
"05/10/2017","46.67","46.18","47.00","46.07","5.99M","0.21%"
"05/09/2017","46.57","46.40","47.09","46.16","8.96M","0.32%"
"05/08/2017","46.42","47.00","47.00","45.78","6.84M","-0.79%"
"05/05/2017","46.79","46.05","47.20","45.60","6.17M","1.21%"
"05/04/2017","46.23","47.20","47.52","45.79","8.69M","-4.38%"
"05/03/2017","48.35","48.69","48.69","47.50","8.49M","-0.10%"
"05/02/2017","48.40","49.40","49.59","48.00","9.22M","-1.22%"
"04/28/2017","49.00","48.30","49.12","47.75","19.40M","-5.04%"
"04/27/2017","51.60","53.00","53.45","51.60","7.68M","-3.19%"
"04/26/2017","53.30","53.05","53.65","52.75","6.27M","0.09%"
"04/25/2017","53.25","53.00","53.40","52.10","6.88M","3.00%"
"04/24/2017","51.70","51.45","52.10","50.80","7.33M","2.38%"
"04/21/2017","50.50","49.61","50.85","49.61","9.19M","2.54%"
"04/20/2017","49.25","49.13","49.60","48.52","8.70M","-0.34%"
"04/19/2017","49.42","49.60","49.70","48.84","5.39M","-0.18%"
"04/18/2017","49.51","50.70","51.20","49.23","6.94M","-2.15%"
"04/12/2017","50.60","51.30","51.90","50.60","2.96M","-0.88%"
"04/11/2017","51.05","51.00","51.60","50.75","4.04M","0.10%"
"04/10/2017","51.00","50.55","51.00","50.40","4.98M","1.80%"
"04/07/2017","50.10","50.85","51.10","49.97","7.67M","-1.38%"
"04/06/2017","50.80","50.70","51.10","50.20","7.65M","-2.31%"
"04/05/2017","52.00","50.60","52.00","50.45","6.38M","3.59%"
"04/04/2017","50.20","50.20","50.55","49.59","6.81M","-0.59%"
"04/03/2017","50.50","50.00","50.95","49.98","5.26M","1.28%"
"03/31/2017","49.86","50.35","50.80","49.86","5.65M","-1.07%"
"03/30/2017","50.40","49.97","50.40","49.26","5.92M","1.37%"
"03/29/2017","49.72","49.56","50.45","49.42","6.08M","1.68%"
"03/28/2017","48.90","49.17","49.35","48.35","5.94M","1.14%"
"03/27/2017","48.35","50.05","50.05","48.35","7.67M","-5.01%"
"03/24/2017","50.90","50.85","51.45","50.70","5.56M","0.89%"
"03/23/2017","50.45","51.10","51.35","50.45","6.93M","-0.20%"
"03/22/2017","50.55","49.75","50.90","49.40","7.95M","-0.30%"
"03/21/2017","50.70","52.10","52.30","50.45","5.85M","-2.59%"
"03/20/2017","52.05","53.15","53.45","52.00","5.07M","-2.16%"
"03/17/2017","53.20","51.65","53.70","51.40","12.98M","3.10%"
"03/16/2017","51.60","51.60","53.70","51.35","14.98M","2.58%"
"03/15/2017","50.30","51.00","51.20","50.15","8.20M","-0.40%"
"03/14/2017","50.50","51.00","51.55","50.20","9.72M","-1.27%"
"03/13/2017","51.15","51.00","51.45","50.75","5.25M","0.29%"
"03/10/2017","51.00","50.45","51.20","50.25","6.41M","1.69%"
"03/09/2017","50.15","50.90","51.15","49.12","10.09M","-0.69%"
"03/08/2017","50.50","49.98","51.30","49.93","11.39M","2.04%"
"03/07/2017","49.49","49.49","50.30","49.18","8.57M","0.63%"
"03/06/2017","49.18","48.49","49.57","47.91","5.65M","0.92%"
"03/03/2017","48.73","48.90","49.08","48.44","5.96M","-1.24%"
"03/02/2017","49.34","49.14","49.90","49.14","5.93M","0.69%"
"03/01/2017","49.00","47.67","49.00","47.67","10.59M","3.22%"
"02/28/2017","47.47","46.70","47.47","46.08","11.46M","1.74%"
"02/27/2017","46.66","47.00","47.39","46.46","5.44M","0.34%"
"02/24/2017","46.50","48.21","48.30","45.86","7.26M","-4.02%"
"02/23/2017","48.45","48.75","48.84","48.00","4.99M","-0.72%"
"02/22/2017","48.80","49.14","49.41","48.40","4.20M","-1.09%"
"02/21/2017","49.34","48.77","49.43","48.77","3.63M","1.25%"
"02/20/2017","48.73","48.78","49.06","48.55","2.38M","0.16%"
"02/17/2017","48.65","48.35","48.69","47.98","5.71M","-0.61%"
"02/16/2017","48.95","48.75","49.22","48.29","4.87M","0.20%"
"02/15/2017","48.85","49.63","49.65","48.63","6.44M","-1.43%"
"02/14/2017","49.56","49.76","50.65","49.29","6.32M","-0.98%"
"02/13/2017","50.05","48.80","50.05","48.80","9.05M","3.62%"
"02/10/2017","48.30","47.60","48.45","47.48","6.17M","1.88%"
"02/09/2017","47.41","48.30","48.49","46.54","7.40M","-0.82%"
"02/08/2017","47.80","48.42","49.24","47.14","8.78M","-1.75%"
"02/07/2017","48.65","47.90","48.76","47.90","8.20M","1.35%"
"02/06/2017","48.00","47.60","48.03","47.41","7.86M","0.31%"
"02/03/2017","47.85","48.01","48.12","47.14","6.89M","0.46%"
"02/02/2017","47.63","47.78","47.86","47.03","7.42M","-0.77%"
"02/01/2017","48.00","46.83","48.17","46.83","6.32M","2.15%"
"01/31/2017","46.99","47.27","47.75","46.60","12.72M","-1.88%"
"01/30/2017","47.89","48.42","48.42","47.79","7.06M","-2.66%"
"01/27/2017","49.20","49.22","49.70","48.59","8.33M","-0.67%"
"01/26/2017","49.53","48.31","49.65","48.25","7.55M","2.55%"
"01/25/2017","48.30","48.55","49.64","47.92","15.54M","-0.86%"
"01/24/2017","48.72","45.70","48.72","45.30","24.03M","7.86%"
"01/23/2017","45.17","44.83","45.43","44.77","6.12M","0.40%"
"01/20/2017","44.99","44.77","45.12","44.28","9.13M","0.22%"
"01/19/2017","44.89","43.88","44.89","43.62","9.12M","3.72%"
"01/18/2017","43.28","43.07","43.45","42.98","5.58M","0.84%"
"01/17/2017","42.92","43.39","43.39","42.63","5.53M","-1.24%"
"01/16/2017","43.46","43.26","43.50","43.01","3.22M","0.46%"
"01/13/2017","43.26","43.75","43.82","43.18","5.65M","-1.17%"
"01/12/2017","43.77","42.97","44.16","42.60","13.82M","1.86%"
"01/11/2017","42.97","42.60","43.06","42.16","7.34M","1.39%"
"01/10/2017","42.38","41.75","42.58","41.71","5.76M","1.78%"
"01/09/2017","41.64","41.81","41.89","41.43","4.67M","0.58%"
"01/06/2017","41.40","41.55","41.60","41.05","4.91M","-0.36%"
"01/05/2017","41.55","41.17","41.61","41.00","4.49M","1.27%"
"01/04/2017","41.03","41.63","41.77","41.03","4.39M","-0.97%"
"01/03/2017","41.43","41.09","41.57","40.90","5.99M","0.93%"
"01/02/2017","41.05","41.31","41.31","40.82","2.33M","-0.61%"
"12/30/2016","41.30","41.50","41.58","41.23","1.64M","0.12%"
"12/29/2016","41.25","41.60","41.60","41.13","2.41M","-1.13%"
"12/28/2016","41.72","41.00","41.76","41.00","2.58M","1.88%"
"12/27/2016","40.95","40.80","41.08","40.78","1.19M","0.29%"
"12/23/2016","40.83","40.99","40.99","40.64","2.02M","-0.54%"
"12/22/2016","41.05","41.15","41.15","40.56","3.38M","-0.24%"
"12/21/2016","41.15","41.24","41.77","40.96","3.55M","-0.56%"
"12/20/2016","41.38","41.21","41.39","40.59","5.75M","0.15%"
"12/19/2016","41.32","41.44","41.44","40.84","5.78M","-0.51%"
"12/16/2016","41.53","40.71","41.81","40.65","8.92M","2.22%"
"12/15/2016","40.63","41.34","41.48","40.43","9.36M","-1.62%"
"12/14/2016","41.30","41.70","41.70","40.46","8.47M","-2.09%"
"12/13/2016","42.18","42.25","42.76","42.04","6.15M","0.07%"
"12/12/2016","42.15","42.51","42.78","41.87","7.05M","-0.50%"
"12/09/2016","42.36","43.10","43.22","42.17","8.48M","-1.60%"
"12/08/2016","43.05","41.95","43.05","41.72","8.89M","3.49%"
"12/07/2016","41.60","41.00","41.67","40.59","7.49M","2.89%"
"12/06/2016","40.43","40.35","40.76","39.93","5.97M","0.07%"
"12/05/2016","40.40","39.92","40.40","39.75","5.90M","2.05%"
"12/02/2016","39.59","39.98","40.16","39.52","7.88M","-0.48%"
"12/01/2016","39.78","39.90","40.13","39.20","8.94M","-0.90%"
"11/30/2016","40.14","40.40","40.63","39.93","11.54M","-0.89%"
"11/29/2016","40.50","40.55","40.87","40.41","7.19M","-0.22%"
"11/28/2016","40.59","40.69","40.78","40.21","4.90M","-0.25%"
"11/25/2016","40.69","40.80","40.90","40.39","4.52M","-0.15%"
"11/24/2016","40.75","40.00","40.76","39.82","8.80M","3.19%"
"11/23/2016","39.49","39.51","40.13","39.17","4.87M","-0.20%"
"11/22/2016","39.57","39.00","39.84","39.00","6.14M","2.27%"
"11/21/2016","38.69","38.83","39.00","38.42","6.65M","-0.21%"
"11/18/2016","38.77","38.66","39.00","38.10","9.11M","0.70%"
"11/17/2016","38.50","38.90","39.09","38.35","7.64M","-0.26%"
"11/16/2016","38.60","38.84","39.36","38.30","7.19M","-0.36%"
"11/15/2016","38.74","39.75","39.75","38.64","8.67M","-2.54%"
"11/14/2016","39.75","39.74","40.48","39.25","6.17M","0.79%"
"11/11/2016","39.44","40.34","40.50","39.25","8.71M","-1.96%"
"11/10/2016","40.23","39.95","40.89","39.76","11.17M","2.08%"
"11/09/2016","39.41","36.66","39.43","36.50","13.00M","3.52%"
"11/08/2016","38.07","37.61","38.08","37.43","4.09M","1.04%"
"11/07/2016","37.68","37.08","37.94","37.08","6.34M","3.18%"
"11/04/2016","36.52","37.22","37.22","36.31","6.22M","-2.20%"
"11/03/2016","37.34","37.11","37.46","36.82","5.32M","-0.19%"
"11/02/2016","37.41","37.50","37.99","37.02","8.21M","-1.32%"
"11/01/2016","37.91","37.29","38.26","37.25","12.30M","2.60%"
"10/31/2016","36.95","36.43","37.39","36.42","7.57M","0.85%"
"10/28/2016","36.64","36.22","36.68","35.97","5.36M","1.13%"
"10/27/2016","36.23","36.36","36.58","35.88","5.80M","-0.30%"
"10/26/2016","36.34","36.70","36.70","36.20","5.84M","-1.01%"
"10/25/2016","36.71","36.75","37.31","36.27","11.89M","2.63%"
"10/24/2016","35.77","35.10","35.91","34.96","10.13M","2.29%"
"10/21/2016","34.97","34.70","35.08","34.57","4.51M","0.52%"
"10/20/2016","34.79","35.06","35.13","34.67","5.34M","-0.83%"
"10/19/2016","35.08","35.07","35.27","34.82","4.81M","0.09%"
"10/18/2016","35.05","34.91","35.58","34.71","6.61M","0.29%"
"10/17/2016","34.95","35.08","35.11","34.60","3.10M","-0.85%"
"10/14/2016","35.25","35.10","35.38","34.68","4.08M","1.32%"
"10/13/2016","34.79","35.00","35.10","34.38","5.02M","-1.47%"
"10/12/2016","35.31","35.17","35.69","34.75","4.99M","0.31%"
"10/11/2016","35.20","35.67","36.12","35.11","7.95M","-1.32%"
"10/10/2016","35.67","35.50","35.81","35.11","5.21M","2.35%"
"10/07/2016","34.85","34.84","35.17","34.57","5.45M","0.06%"
"10/06/2016","34.83","34.74","34.99","34.56","4.21M","0.35%"
"10/05/2016","34.71","34.42","34.79","34.15","4.45M","0.73%"
"10/04/2016","34.46","34.53","34.60","34.11","6.66M","-0.49%"
"10/03/2016","34.63","34.60","34.76","34.42","3.74M","0.52%"
"09/30/2016","34.45","34.44","34.56","34.09","5.19M","-1.03%"
"09/29/2016","34.81","35.46","35.54","34.81","5.46M","-0.80%"
"09/28/2016","35.09","34.83","35.20","34.83","3.33M","0.83%"
"09/27/2016","34.80","35.21","35.21","34.51","4.80M","-0.34%"
"09/26/2016","34.92","35.25","35.38","34.88","6.22M","-1.22%"
"09/23/2016","35.35","35.00","35.60","34.84","6.36M","0.80%"
"09/22/2016","35.07","35.00","35.26","34.77","6.81M","1.95%"
"09/21/2016","34.40","33.99","34.55","33.83","6.21M","1.71%"
"09/20/2016","33.82","33.82","33.82","33.38","4.79M","0.00%"
"09/19/2016","33.82","33.00","33.82","32.80","5.32M","2.64%"
"09/16/2016","32.95","32.88","33.17","32.47","6.06M","0.43%"
"09/15/2016","32.81","33.01","33.20","32.55","5.49M","-0.55%"
"09/14/2016","32.99","32.93","33.43","32.71","4.17M","0.27%"
"09/13/2016","32.90","33.26","33.47","32.62","6.89M","-0.48%"
"09/12/2016","33.06","32.70","33.15","32.37","7.32M","-0.57%"
"09/09/2016","33.25","34.52","34.79","33.10","11.25M","-3.60%"
"09/08/2016","34.49","35.46","35.58","34.49","4.76M","-2.32%"
"09/07/2016","35.31","34.95","35.31","34.71","3.82M","0.89%"
"09/06/2016","35.00","35.47","35.65","34.94","3.58M","-1.27%"
"09/05/2016","35.45","35.66","36.08","35.35","3.87M","0.00%"
"09/02/2016","35.45","35.08","35.71","34.80","5.43M","0.57%"
"09/01/2016","35.25","35.42","35.83","35.16","6.11M","-0.48%"
"08/31/2016","35.42","36.17","36.19","35.21","6.61M","-2.21%"
"08/30/2016","36.22","36.45","36.48","35.93","3.86M","-0.44%"
"08/29/2016","36.38","36.15","36.49","36.06","2.10M","0.03%"
"08/26/2016","36.37","36.09","36.39","35.67","3.66M","0.78%"
"08/25/2016","36.09","36.31","36.31","35.78","3.76M","-1.20%"
"08/24/2016","36.53","36.50","36.75","35.82","5.82M","1.30%"
"08/23/2016","36.06","35.92","36.06","35.78","3.61M","0.42%"
"08/22/2016","35.91","36.42","36.42","35.49","5.06M","-1.86%"
"08/19/2016","36.59","36.35","36.62","36.17","3.96M","0.72%"
"08/18/2016","36.33","36.12","36.33","36.03","3.46M","1.14%"
"08/17/2016","35.92","36.52","36.76","35.78","5.65M","-1.88%"
"08/16/2016","36.61","36.22","36.93","36.06","2.86M","0.69%"
"08/15/2016","36.36","36.41","36.45","36.02","3.71M","-0.36%"
"08/12/2016","36.49","36.70","37.05","36.30","4.25M","-0.41%"
"08/11/2016","36.64","37.09","37.10","36.51","4.36M","-1.51%"
"08/10/2016","37.20","37.34","37.36","37.05","4.23M","-0.93%"
"08/09/2016","37.55","37.00","37.55","36.88","7.49M","0.86%"
"08/08/2016","37.23","36.30","37.25","36.28","6.15M","3.13%"
"08/05/2016","36.10","35.80","36.11","35.51","3.71M","1.40%"
"08/04/2016","35.60","35.30","35.81","35.29","4.18M","0.96%"
"08/03/2016","35.26","35.55","35.77","35.04","3.92M","-0.82%"
"08/02/2016","35.55","35.83","35.84","35.20","3.02M","-0.81%"
"08/01/2016","35.84","36.31","36.36","35.67","4.14M","-0.53%"
"07/29/2016","36.03","36.16","36.35","35.81","7.15M","-0.22%"
"07/28/2016","36.11","35.40","36.27","35.18","7.72M","1.46%"
"07/27/2016","35.59","34.99","35.67","34.93","3.69M","0.45%"
"07/26/2016","35.43","35.04","35.43","34.91","5.61M","1.87%"
"07/25/2016","34.78","34.85","35.43","34.78","3.69M","-0.37%"
"07/22/2016","34.91","34.93","35.20","34.44","7.52M","-1.38%"
"07/21/2016","35.40","34.60","36.00","34.50","22.45M","6.47%"
"07/20/2016","33.25","33.36","33.40","32.85","5.55M","-0.39%"
"07/19/2016","33.38","33.54","33.60","33.09","3.73M","-0.74%"
"07/18/2016","33.63","33.35","33.87","33.33","3.73M","0.54%"
"07/15/2016","33.45","33.50","33.66","33.05","4.57M","0.03%"
"07/14/2016","33.44","33.51","33.69","33.27","6.61M","-0.06%"
"07/13/2016","33.46","32.78","33.68","32.78","6.31M","2.20%"
"07/12/2016","32.74","32.03","33.05","32.03","8.22M","1.71%"
"07/11/2016","32.19","31.25","32.38","31.20","5.86M","4.21%"
"07/08/2016","30.89","30.52","31.08","30.27","5.20M","0.85%"
"07/07/2016","30.63","30.40","30.94","30.39","4.99M","1.66%"
"07/06/2016","30.13","30.49","30.72","29.59","4.32M","-1.73%"
"07/05/2016","30.66","31.41","31.47","30.60","4.18M","-2.79%"
"07/04/2016","31.54","31.65","32.48","31.47","3.40M","-0.16%"
"07/01/2016","31.59","30.44","31.64","30.44","6.49M","4.19%"
"06/30/2016","30.32","30.09","30.54","29.76","5.61M","0.03%"
"06/29/2016","30.31","29.97","30.43","29.72","5.09M","1.99%"
"06/28/2016","29.72","29.39","30.08","29.25","7.75M","1.78%"
"06/27/2016","29.20","30.30","30.70","29.09","8.95M","-5.16%"
"06/24/2016","30.79","28.75","31.18","28.70","7.83M","-3.18%"
"06/23/2016","31.80","31.64","32.10","31.49","5.20M","-0.63%"
"06/22/2016","32.00","32.10","32.17","31.68","3.33M","0.95%"
"06/21/2016","31.70","31.85","31.85","31.46","3.87M","-0.91%"
"06/20/2016","31.99","32.00","32.02","31.34","4.99M","2.01%"
"06/17/2016","31.36","30.76","31.38","30.65","7.46M","2.89%"
"06/16/2016","30.48","31.04","31.43","30.44","5.94M","-2.50%"
"06/15/2016","31.26","31.22","31.38","30.98","5.24M","0.35%"
"06/14/2016","31.15","31.00","31.38","30.71","7.56M","-0.70%"
"06/13/2016","31.37","31.42","31.60","31.03","4.93M","-1.13%"
"06/10/2016","31.73","32.10","32.24","31.52","4.62M","-1.06%"
"06/09/2016","32.07","33.03","33.20","32.00","6.17M","-2.91%"
"06/08/2016","33.03","32.85","33.27","32.67","4.79M","0.64%"
"06/07/2016","32.82","33.25","33.45","32.63","6.17M","-0.55%"
"06/06/2016","33.00","32.45","33.12","32.33","4.74M","1.85%"
"06/03/2016","32.40","32.70","32.88","32.28","4.61M","-0.37%"
"06/02/2016","32.52","32.59","32.95","32.50","4.44M","-0.37%"
"06/01/2016","32.64","33.30","33.35","32.48","6.07M","-2.13%"
"05/31/2016","33.35","33.24","33.35","32.96","6.09M","0.51%"
"05/30/2016","33.18","33.05","33.18","32.91","2.23M","0.30%"
"05/27/2016","33.08","33.70","33.98","33.01","5.15M","-2.30%"
"05/26/2016","33.86","33.30","34.09","33.30","5.96M","1.68%"
"05/25/2016","33.30","33.32","33.46","32.87","4.21M","0.67%"
"05/24/2016","33.08","32.07","33.26","32.07","6.07M","2.54%"
"05/23/2016","32.26","32.32","32.54","31.97","3.66M","-0.52%"
"05/20/2016","32.43","31.63","32.74","31.63","9.31M","3.15%"
"05/19/2016","31.44","31.72","31.90","31.20","9.68M","-1.63%"
"05/18/2016","31.96","31.41","31.96","31.23","5.71M","0.95%"
"05/13/2016","31.66","31.55","32.18","31.44","6.59M","-0.44%"
"05/12/2016","31.80","31.67","32.21","31.53","5.96M","-0.22%"
"05/11/2016","31.87","31.57","31.94","31.49","6.03M","0.28%"
"05/10/2016","31.78","31.56","32.07","31.25","6.46M","1.05%"
"05/09/2016","31.45","32.78","32.78","31.27","7.53M","-4.20%"
"05/06/2016","32.83","32.45","32.96","32.02","6.19M","1.05%"
"05/04/2016","32.49","32.07","32.49","31.72","6.36M","1.09%"
"05/03/2016","32.14","33.25","33.42","31.93","9.35M","-6.02%"
"05/02/2016","34.20","34.92","34.97","33.91","4.54M","-2.37%"
"04/29/2016","35.03","34.50","35.22","34.35","7.05M","1.45%"
"04/28/2016","34.53","34.50","35.48","34.22","9.87M","-0.20%"
"04/27/2016","34.60","34.75","35.00","33.13","14.26M","0.14%"
"04/26/2016","34.55","34.63","34.64","34.09","9.93M","-0.49%"
"04/25/2016","34.72","34.38","35.09","34.11","7.22M","1.34%"
"04/22/2016","34.26","33.80","34.49","33.69","6.77M","0.12%"
"04/21/2016","34.22","34.60","34.95","33.99","7.20M","-0.61%"
"04/20/2016","34.43","33.80","34.84","33.54","8.97M","1.74%"
"04/19/2016","33.84","33.69","33.84","33.32","7.13M","1.20%"
"04/18/2016","33.44","33.39","33.68","33.07","6.00M","-0.54%"
"04/15/2016","33.62","33.56","33.92","33.30","6.89M","0.18%"
"04/14/2016","33.56","33.83","34.04","33.03","6.15M","-0.53%"
"04/13/2016","33.74","32.95","33.74","32.95","7.85M","4.07%"
"04/12/2016","32.42","31.99","32.83","31.81","9.68M","0.65%"
"04/11/2016","32.21","31.41","32.34","31.41","4.43M","1.10%"
"04/08/2016","31.86","31.59","32.02","31.15","6.41M","0.31%"
"04/07/2016","31.76","32.57","32.78","31.68","7.77M","-1.85%"
"04/06/2016","32.36","32.66","32.83","32.19","5.45M","-1.07%"
"04/05/2016","32.71","33.10","33.10","32.29","6.94M","-1.80%"
"04/04/2016","33.31","33.90","34.12","32.92","7.71M","-0.86%"
"04/01/2016","33.60","33.72","34.35","33.05","7.51M","-1.38%"
"03/31/2016","34.07","34.02","34.40","33.70","8.10M","-0.64%"
"03/30/2016","34.29","32.85","34.36","32.75","9.83M","5.48%"
"03/29/2016","32.51","34.40","34.40","32.34","11.33M","-3.47%"
"03/23/2016","33.68","33.84","33.99","33.44","1.96M","-0.33%"
"03/22/2016","33.79","33.76","33.90","33.24","4.39M","0.27%"
"03/21/2016","33.70","33.72","34.10","33.30","4.93M","-0.62%"
"03/18/2016","33.91","34.33","34.50","33.75","8.71M","-1.22%"
"03/17/2016","34.33","33.99","34.33","33.05","12.30M","2.36%"
"03/16/2016","33.54","33.24","33.65","33.16","9.73M","0.78%"
"03/15/2016","33.28","34.50","34.60","33.15","9.86M","-4.40%"
"03/14/2016","34.81","34.65","34.81","34.00","8.13M","2.11%"
"03/11/2016","34.09","34.54","34.75","33.65","9.65M","-0.18%"
"03/10/2016","34.15","34.80","35.75","34.04","15.99M","-3.80%"
"03/09/2016","35.50","35.42","35.95","35.19","12.18M","0.03%"
"03/08/2016","35.49","36.04","36.15","35.18","13.06M","-1.55%"
"03/07/2016","36.05","36.12","36.25","34.85","9.00M","0.33%"
"03/04/2016","35.93","34.50","35.93","34.25","12.22M","5.37%"
"03/03/2016","34.10","34.77","34.97","33.92","10.62M","-1.50%"
"03/02/2016","34.62","35.00","35.27","34.14","8.76M","0.64%"
"03/01/2016","34.40","34.67","35.09","34.00","9.29M","-0.78%"
"02/29/2016","34.67","34.14","35.00","33.74","8.75M","1.37%"
"02/26/2016","34.20","34.50","34.60","34.05","7.00M","0.74%"
"02/25/2016","33.95","33.00","33.95","32.93","9.42M","4.37%"
"02/24/2016","32.53","34.20","34.27","32.24","13.66M","-5.71%"
"02/23/2016","34.50","34.00","34.89","33.63","15.10M","1.26%"
"02/22/2016","34.07","32.50","34.24","32.44","12.62M","4.19%"
"02/19/2016","32.70","31.95","32.96","31.86","12.15M","2.16%"
"02/18/2016","32.01","32.29","32.90","31.51","12.76M","-0.81%"
"02/17/2016","32.27","30.05","32.27","29.82","17.94M","12.40%"
"02/16/2016","28.71","29.77","30.25","28.71","8.50M","-2.38%"
"02/15/2016","29.41","29.40","29.74","29.09","7.14M","2.44%"
"02/12/2016","28.71","27.58","28.80","27.54","8.08M","3.95%"
"02/11/2016","27.62","28.11","28.39","27.10","9.99M","-3.36%"
"02/10/2016","28.58","28.80","29.17","28.35","6.65M","-0.90%"
"02/09/2016","28.84","29.14","29.75","28.43","10.45M","-1.03%"
"02/08/2016","29.14","30.63","30.65","28.77","10.80M","-4.86%"
"02/05/2016","30.63","29.80","31.10","29.71","12.93M","2.34%"
"02/04/2016","29.93","28.90","29.93","28.65","10.06M","6.78%"
"02/03/2016","28.03","27.50","28.50","27.24","7.68M","1.93%"
"02/02/2016","27.50","28.20","28.22","27.50","5.80M","-2.62%"
"02/01/2016","28.24","28.83","28.90","27.95","7.45M","-1.53%"
"01/29/2016","28.68","29.93","29.93","28.31","10.75M","-2.61%"
"01/28/2016","29.45","29.13","30.20","28.96","8.13M","1.87%"
"01/27/2016","28.91","28.84","29.37","28.40","7.86M","-0.48%"
"01/26/2016","29.05","27.65","29.11","27.37","8.03M","3.71%"
"01/25/2016","28.01","28.45","28.45","27.54","6.19M","0.11%"
"01/22/2016","27.98","27.88","28.50","27.67","8.78M","3.17%"
"01/21/2016","27.12","26.14","27.50","26.14","9.51M","4.31%"
"01/20/2016","26.00","27.01","27.20","26.00","9.55M","-5.59%"
"01/19/2016","27.54","27.61","28.39","27.33","8.79M","2.61%"
"01/18/2016","26.84","27.19","27.50","26.37","7.88M","-1.79%"
"01/15/2016","27.33","28.50","28.95","27.03","8.90M","-3.94%"
"01/14/2016","28.45","28.47","28.68","27.24","10.49M","-0.84%"
"01/13/2016","28.69","28.55","29.39","28.55","8.67M","0.77%"
"01/12/2016","28.47","28.56","29.63","27.88","9.76M","-0.77%"
"01/11/2016","28.69","28.42","29.10","28.25","8.03M","-0.62%"
"01/08/2016","28.87","30.00","30.35","28.87","12.02M","-2.76%"
"01/07/2016","29.69","30.13","30.19","29.46","9.17M","-5.51%"
"01/06/2016","31.42","31.95","32.16","30.62","6.89M","-1.78%"
"01/05/2016","31.99","32.54","32.69","31.78","5.39M","-0.16%"
"01/04/2016","32.04","32.34","32.70","31.73","7.48M","-3.29%"
"12/30/2015","33.13","33.04","33.29","32.95","5.07M","0.39%"
"12/29/2015","33.00","33.32","33.35","32.91","6.70M","-0.33%"
"12/28/2015","33.11","33.11","33.48","33.00","3.64M","-0.03%"
"12/23/2015","33.12","31.94","33.27","31.82","8.02M","4.48%"
"12/22/2015","31.70","31.49","31.89","30.99","5.36M","0.86%"
"12/21/2015","31.43","30.65","31.86","30.48","7.23M","2.54%"
"12/18/2015","30.65","29.80","30.76","29.78","11.13M","2.00%"
"12/17/2015","30.05","30.32","30.58","29.94","8.17M","-0.63%"
"12/16/2015","30.24","30.00","30.49","29.54","10.82M","0.23%"
"12/15/2015","30.17","29.58","30.51","29.58","6.47M","1.99%"
"12/14/2015","29.58","30.36","30.57","29.55","7.17M","-1.86%"
"12/11/2015","30.14","30.84","31.56","30.14","8.17M","-2.08%"
"12/10/2015","30.78","30.77","31.21","30.58","7.85M","0.10%"
"12/09/2015","30.75","30.70","30.94","29.51","10.21M","0.69%"
"12/08/2015","30.54","32.20","32.21","30.41","14.59M","-6.46%"
"12/07/2015","32.65","31.85","32.96","31.85","8.61M","3.32%"
"12/04/2015","31.60","32.24","32.24","31.38","10.40M","-2.23%"
"12/03/2015","32.32","33.40","33.87","32.29","12.49M","-3.44%"
"12/02/2015","33.47","33.52","33.69","32.92","7.29M","-0.18%"
"12/01/2015","33.53","33.64","33.92","33.34","7.61M","-0.21%"
"11/30/2015","33.60","33.40","33.81","33.12","7.20M","-0.24%"
"11/27/2015","33.68","33.33","33.84","32.83","7.04M","1.32%"
"11/26/2015","33.24","32.16","33.60","32.16","7.34M","3.97%"
"11/25/2015","31.97","32.45","32.51","31.57","5.64M","-1.48%"
"11/24/2015","32.45","31.81","32.58","31.53","5.75M","0.31%"
"11/23/2015","32.35","33.19","33.25","32.10","7.27M","-2.32%"
"11/20/2015","33.12","32.80","33.44","32.55","8.12M","1.75%"
"11/19/2015","32.55","32.50","33.48","32.45","12.13M","0.99%"
"11/18/2015","32.23","31.70","32.28","31.60","5.57M","1.03%"
"11/17/2015","31.90","31.71","32.22","31.48","6.24M","2.08%"
"11/16/2015","31.25","30.62","31.63","30.41","4.52M","1.59%"
"11/13/2015","30.76","30.58","31.34","30.46","5.21M","0.00%"
"11/12/2015","30.76","31.10","31.18","30.31","6.15M","-1.16%"
"11/11/2015","31.12","31.25","31.60","31.06","4.19M","-0.64%"
"11/10/2015","31.32","32.00","32.24","31.20","8.87M","-2.91%"
"11/09/2015","32.26","32.30","32.98","31.91","8.24M","0.28%"
"11/06/2015","32.17","32.19","32.48","31.70","8.62M","-0.37%"
"11/05/2015","32.29","32.28","32.65","31.52","8.73M","0.47%"
"11/04/2015","32.14","31.97","32.81","31.91","8.46M","1.36%"
"11/03/2015","31.71","30.75","31.80","30.60","10.46M","4.17%"
"11/02/2015","30.44","30.06","30.50","30.06","5.58M","-0.07%"
"10/30/2015","30.46","30.17","30.60","30.12","6.01M","0.83%"
"10/29/2015","30.21","30.69","30.72","29.80","8.81M","-2.17%"
"10/28/2015","30.88","30.42","31.04","29.71","10.96M","1.41%"
"10/27/2015","30.45","30.89","30.89","30.09","8.13M","-1.77%"
"10/26/2015","31.00","30.42","31.36","30.22","11.18M","1.61%"
"10/23/2015","30.51","30.00","30.75","29.43","13.54M","1.13%"
"10/22/2015","30.17","30.81","30.90","29.41","16.90M","-3.67%"
"10/21/2015","31.32","31.00","31.95","29.93","16.42M","1.89%"
"10/20/2015","30.74","32.19","32.20","30.49","11.40M","-4.00%"
"10/19/2015","32.02","32.20","32.41","31.62","5.36M","-0.56%"
"10/16/2015","32.20","32.17","32.64","31.64","8.92M","0.78%"
"10/15/2015","31.95","32.13","32.76","31.71","8.38M","-0.87%"
"10/14/2015","32.23","31.75","32.60","31.51","5.96M","0.81%"
"10/13/2015","31.97","32.29","32.32","31.39","10.41M","-1.42%"
"10/12/2015","32.43","32.90","33.16","32.23","10.15M","-0.64%"
"10/09/2015","32.64","31.75","33.36","31.75","18.70M","4.95%"
"10/08/2015","31.10","31.48","31.69","30.55","10.66M","-2.48%"
"10/07/2015","31.89","31.30","32.03","31.17","15.68M","2.51%"
"10/06/2015","31.11","30.11","31.40","29.89","16.17M","4.05%"
"10/05/2015","29.90","29.51","30.00","29.15","9.55M","4.91%"
"10/02/2015","28.50","28.67","28.95","28.25","6.89M","-0.11%"
"10/01/2015","28.53","28.58","29.08","28.42","7.18M","0.60%"
"09/30/2015","28.36","28.03","28.38","27.62","8.58M","2.87%"
"09/29/2015","27.57","27.30","27.80","26.59","8.73M","0.22%"
"09/28/2015","27.51","28.30","28.54","27.22","8.69M","-2.79%"
"09/25/2015","28.30","27.95","28.51","27.85","9.61M","2.83%"
"09/24/2015","27.52","27.27","28.38","27.25","8.99M","0.18%"
"09/23/2015","27.47","27.76","28.04","27.47","6.64M","-1.40%"
"09/22/2015","27.86","28.27","28.27","27.04","10.19M","-1.31%"
"09/21/2015","28.23","28.58","28.80","28.05","5.38M","-1.40%"
"09/18/2015","28.63","29.48","29.50","28.50","10.95M","-3.11%"
"09/17/2015","29.55","29.55","29.93","29.27","6.35M","0.34%"
"09/16/2015","29.45","29.25","29.48","29.01","6.82M","1.73%"
"09/15/2015","28.95","28.87","29.03","28.01","7.00M","-0.28%"
"09/14/2015","29.03","29.54","29.85","28.58","7.40M","-1.73%"
"09/11/2015","29.54","29.76","30.24","29.33","7.16M","-0.34%"
"09/10/2015","29.64","30.19","30.59","29.41","10.50M","-3.01%"
"09/09/2015","30.56","29.95","30.77","29.82","15.03M","4.77%"
"09/08/2015","29.17","28.40","29.19","28.34","10.11M","3.62%"
"09/07/2015","28.15","28.16","28.64","28.05","5.11M","0.36%"
"09/04/2015","28.05","28.12","28.55","27.98","9.73M","-1.02%"
"09/03/2015","28.34","27.90","28.53","27.61","11.35M","2.09%"
"09/02/2015","27.76","28.00","28.35","27.55","9.70M","-0.82%"
"09/01/2015","27.99","28.63","28.94","27.76","11.93M","-2.34%"
"08/31/2015","28.66","28.95","28.99","28.35","8.30M","-0.66%"
"08/28/2015","28.85","28.82","29.74","28.56","15.82M","2.20%"
"08/27/2015","28.23","27.50","28.32","27.50","15.47M","4.59%"
"08/26/2015","26.99","26.56","27.50","26.01","15.60M","0.97%"
"08/25/2015","26.73","26.50","27.56","26.23","18.90M","0.72%"
"08/24/2015","26.54","26.01","27.07","25.14","21.22M","-5.15%"
"08/21/2015","27.98","28.01","28.74","27.82","13.63M","-2.91%"
"08/20/2015","28.82","28.01","29.09","27.75","11.55M","1.59%"
"08/19/2015","28.37","29.15","29.19","28.25","13.72M","-2.81%"
"08/18/2015","29.19","29.53","29.79","29.00","8.14M","-1.35%"
"08/17/2015","29.59","29.70","30.01","29.36","8.61M","-0.24%"
"08/14/2015","29.66","29.08","29.78","28.87","14.08M","1.40%"
"08/13/2015","29.25","29.83","29.98","29.04","10.06M","-0.91%"
"08/12/2015","29.52","30.36","30.40","29.34","16.20M","-4.84%"
"08/11/2015","31.02","31.40","31.60","30.84","15.23M","-1.71%"
"08/10/2015","31.56","31.82","31.82","31.32","9.63M","-0.91%"
"08/07/2015","31.85","31.46","32.19","31.45","7.08M","1.40%"
"08/06/2015","31.41","32.01","32.30","31.35","8.90M","-1.54%"
"08/05/2015","31.90","31.31","32.02","31.19","9.37M","2.47%"
"08/04/2015","31.13","30.35","31.27","30.29","11.67M","2.23%"
"08/03/2015","30.45","30.47","30.70","30.28","4.74M","-0.07%"
"07/31/2015","30.47","31.15","31.17","30.30","7.84M","-2.15%"
"07/30/2015","31.14","31.20","31.24","30.85","7.49M","1.47%"
"07/29/2015","30.69","31.30","31.31","30.41","9.29M","-0.20%"
"07/28/2015","30.75","30.37","30.90","30.17","7.97M","1.49%"
"07/27/2015","30.30","30.98","31.05","30.15","7.01M","-2.23%"
"07/24/2015","30.99","31.00","31.43","30.87","7.01M","-0.03%"
"07/23/2015","31.00","31.36","31.51","30.87","6.33M","-1.12%"
"07/22/2015","31.35","32.12","32.15","30.91","10.30M","-2.40%"
"07/21/2015","32.12","33.48","33.49","32.03","11.39M","0.00%"
"07/20/2015","32.12","32.30","32.50","32.08","6.55M","0.69%"
"07/17/2015","31.90","31.85","32.00","31.49","8.36M","0.69%"
"07/16/2015","31.68","31.73","31.89","31.34","8.03M","-0.03%"
"07/15/2015","31.69","31.87","32.39","31.57","6.39M","-0.16%"
"07/14/2015","31.74","32.65","32.71","31.70","10.26M","-2.52%"
"07/13/2015","32.56","32.99","33.08","32.47","6.24M","-0.52%"
"07/10/2015","32.73","33.00","33.08","32.59","6.55M","0.74%"
"07/09/2015","32.49","32.15","32.85","32.00","7.19M","1.56%"
"07/08/2015","31.99","32.09","32.24","31.85","9.67M","-1.27%"
"07/07/2015","32.40","32.58","33.05","32.21","9.72M","-0.80%"
"07/06/2015","32.66","32.30","32.90","32.18","4.43M","-0.91%"
"07/03/2015","32.96","32.88","33.10","32.82","6.42M","-0.18%"
"07/02/2015","33.02","32.79","33.15","32.55","6.80M","0.24%"
"07/01/2015","32.94","33.25","33.48","32.50","13.40M","-0.33%"
"06/30/2015","33.05","33.80","34.07","32.91","12.44M","-2.79%"
"06/29/2015","34.00","33.83","34.46","33.55","10.59M","-2.49%"
"06/26/2015","34.87","34.91","35.15","34.42","6.21M","-0.85%"
"06/25/2015","35.17","35.37","35.40","35.01","7.36M","-1.21%"
"06/24/2015","35.60","35.55","35.90","35.24","6.77M","0.28%"
"06/23/2015","35.50","35.81","36.07","35.32","9.39M","-0.22%"
"06/22/2015","35.58","34.99","35.65","34.70","8.14M","2.68%"
"06/19/2015","34.65","35.41","35.42","34.56","9.62M","-2.23%"
"06/18/2015","35.44","35.05","35.49","34.85","8.08M","0.83%"
"06/17/2015","35.15","35.51","35.52","34.84","6.79M","-0.90%"
"06/16/2015","35.47","35.10","35.59","34.82","7.79M","0.03%"
"06/15/2015","35.46","35.75","36.02","35.33","5.76M","-1.58%"
"06/12/2015","36.03","36.26","36.50","35.85","7.38M","-1.40%"
"06/11/2015","36.54","37.29","37.47","36.33","7.02M","-1.93%"
"06/10/2015","37.26","37.37","37.48","36.86","8.54M","-0.45%"
"06/09/2015","37.43","36.90","37.75","36.75","8.66M","0.65%"
"06/08/2015","37.19","37.03","37.31","36.75","6.07M","-0.72%"
"06/05/2015","37.46","36.92","37.56","36.77","6.01M","0.51%"
"06/04/2015","37.27","37.90","37.90","36.75","8.71M","-1.58%"
"06/03/2015","37.87","37.65","37.98","37.35","9.90M","0.80%"
"06/02/2015","37.57","36.50","37.57","36.39","14.01M","2.51%"
"06/01/2015","36.65","37.06","37.20","35.95","7.17M","0.44%"
"05/29/2015","36.49","35.85","36.61","35.67","13.05M","2.85%"
"05/28/2015","35.48","35.80","35.80","34.84","10.28M","-0.37%"
"05/27/2015","35.61","34.92","35.74","34.77","7.82M","1.51%"
"05/26/2015","35.08","36.29","36.40","34.92","9.72M","-3.33%"
"05/22/2015","36.29","36.66","36.97","35.90","7.69M","-1.09%"
"05/21/2015","36.69","37.30","37.34","36.42","10.19M","-2.11%"
"05/20/2015","37.48","37.42","37.81","37.02","9.87M","0.46%"
"05/19/2015","37.31","37.84","38.12","37.11","8.37M","-0.69%"
"05/18/2015","37.57","37.60","38.45","37.32","12.74M","1.29%"
"05/15/2015","37.09","36.90","37.74","36.43","9.24M","1.76%"
"05/13/2015","36.45","35.94","36.74","35.80","10.16M","2.59%"
"05/12/2015","35.53","36.19","36.25","35.51","10.35M","-1.85%"
"05/11/2015","36.20","36.40","36.61","36.12","8.32M","-0.19%"
"05/08/2015","36.27","36.50","36.70","36.11","9.78M","2.11%"
"05/07/2015","35.52","36.12","36.13","35.25","11.55M","-3.77%"
"05/06/2015","36.91","36.85","37.97","36.66","13.77M","-0.11%"
"05/05/2015","36.95","37.50","37.50","36.42","8.79M","-0.75%"
"05/04/2015","37.23","36.40","37.45","36.35","11.95M","4.61%"
"04/30/2015","35.59","36.70","36.89","35.27","17.03M","-2.89%"
"04/29/2015","36.65","40.00","40.03","35.72","27.44M","-7.45%"
"04/28/2015","39.60","40.00","40.16","39.53","8.07M","-1.12%"
"04/27/2015","40.05","40.25","40.44","39.60","7.90M","0.02%"
"04/24/2015","40.04","39.86","40.33","39.31","9.34M","0.35%"
"04/23/2015","39.90","41.40","41.45","39.16","23.18M","-4.13%"
"04/22/2015","41.62","43.00","43.10","41.40","10.45M","-3.10%"
"04/21/2015","42.95","43.50","43.50","42.73","6.83M","-0.35%"
"04/20/2015","43.10","42.79","43.45","42.79","4.33M","0.72%"
"04/17/2015","42.79","43.74","43.94","42.71","7.66M","-2.19%"
"04/16/2015","43.75","44.45","44.57","43.62","7.99M","-1.44%"
"04/15/2015","44.39","44.47","44.91","44.32","5.19M","0.32%"
"04/14/2015","44.25","44.22","44.53","44.03","7.05M","0.11%"
"04/13/2015","44.20","44.15","44.48","43.87","9.50M","0.09%"
"04/10/2015","44.16","44.30","44.37","43.79","7.90M","0.11%"
"04/09/2015","44.11","43.40","44.41","43.05","9.62M","0.48%"
"04/08/2015","43.90","43.40","44.19","43.11","11.83M","1.22%"
"04/07/2015","43.37","42.99","43.40","42.81","12.51M","2.05%"
"04/01/2015","42.50","42.06","42.92","42.01","4.74M","0.26%"
"03/31/2015","42.39","42.60","42.82","42.03","7.30M","-0.07%"
"03/30/2015","42.42","41.99","42.59","41.96","5.61M","1.10%"
"03/27/2015","41.96","42.00","42.15","41.57","6.69M","0.62%"
"03/26/2015","41.70","42.10","42.10","40.93","8.67M","-1.04%"
"03/25/2015","42.14","42.60","42.71","41.90","10.04M","-0.59%"
"03/24/2015","42.39","41.95","42.50","41.90","9.51M","0.00%"
"03/23/2015","42.39","42.33","42.39","41.88","7.08M","0.12%"
"03/20/2015","42.34","41.78","42.34","41.31","12.57M","1.36%"
"03/19/2015","41.77","42.91","43.50","41.57","13.22M","-2.70%"
"03/18/2015","42.93","41.94","42.93","41.57","11.96M","2.56%"
"03/17/2015","41.86","42.90","42.90","41.73","10.08M","-2.10%"
"03/16/2015","42.76","42.38","42.80","41.92","9.65M","1.09%"
"03/13/2015","42.30","42.71","43.00","42.05","9.95M","-1.03%"
"03/12/2015","42.74","42.23","42.96","41.92","12.72M","1.83%"
"03/11/2015","41.97","41.25","42.03","41.17","9.68M","1.52%"
"03/10/2015","41.34","41.39","41.50","40.86","10.69M","-0.36%"
"03/09/2015","41.49","41.30","41.59","40.97","11.13M","0.34%"
"03/06/2015","41.35","41.36","41.65","40.64","12.80M","-0.34%"
"03/05/2015","41.49","41.30","41.49","40.00","24.69M","-0.05%"
"03/04/2015","41.51","43.00","43.00","40.70","36.82M","-6.47%"
"03/03/2015","44.38","44.14","44.38","43.92","9.21M","0.93%"
"03/02/2015","43.97","44.13","44.50","43.76","10.25M","0.39%"
"02/27/2015","43.80","43.60","44.34","43.53","18.66M","0.60%"
"02/26/2015","43.54","44.10","44.30","43.31","9.83M","-1.60%"
"02/25/2015","44.25","44.00","44.65","43.94","5.86M","0.91%"
"02/24/2015","43.85","44.26","44.60","43.41","7.37M","-0.02%"
"02/23/2015","43.86","44.99","45.00","43.66","9.69M","-1.66%"
"02/20/2015","44.60","45.50","45.76","44.40","11.83M","-1.31%"
"02/19/2015","45.19","45.88","46.00","45.08","9.78M","-1.78%"
"02/18/2015","46.01","47.37","47.50","45.81","10.86M","-2.11%"
"02/17/2015","47.00","47.68","47.68","46.98","8.35M","-1.43%"
"02/16/2015","47.68","47.50","47.88","47.31","5.30M","0.89%"
"02/13/2015","47.26","46.60","47.26","46.58","9.02M","1.50%"
"02/12/2015","46.56","45.06","46.59","45.05","13.53M","3.49%"
"02/11/2015","44.99","46.64","46.64","44.99","18.11M","1.21%"
"02/10/2015","44.45","44.41","45.10","44.10","8.50M","-0.78%"
"02/09/2015","44.80","45.58","45.69","44.76","6.80M","-2.12%"
"02/06/2015","45.77","45.37","45.77","45.00","5.15M","1.04%"
"02/05/2015","45.30","45.05","45.33","44.83","5.12M","-0.33%"
"02/04/2015","45.45","45.52","45.84","45.07","5.25M","-0.20%"
"02/03/2015","45.54","45.40","45.59","45.23","8.19M","1.88%"
"02/02/2015","44.70","45.60","45.70","44.51","6.08M","-1.97%"
"01/30/2015","45.60","45.51","45.70","45.20","6.79M","1.22%"
"01/29/2015","45.05","44.72","45.37","44.53","5.73M","0.11%"
"01/28/2015","45.00","44.95","45.25","44.55","9.70M","2.79%"
"01/27/2015","43.78","43.90","44.31","43.58","8.11M","0.18%"
"01/26/2015","43.70","43.27","43.92","42.96","6.39M","0.51%"
"01/23/2015","43.48","43.00","43.90","42.75","10.83M","2.21%"
"01/22/2015","42.54","41.93","42.58","41.67","6.14M","1.53%"
"01/21/2015","41.90","41.96","42.18","41.42","5.43M","0.00%"
"01/20/2015","41.90","41.56","41.90","41.24","5.66M","1.04%"
"01/19/2015","41.47","40.93","41.57","40.70","6.79M","1.94%"
"01/16/2015","40.68","40.31","40.86","40.13","6.87M","0.27%"
"01/15/2015","40.57","40.63","40.75","39.24","14.70M","0.80%"
"01/14/2015","40.25","41.29","41.29","40.00","17.47M","-4.10%"
"01/13/2015","41.97","41.75","42.20","41.40","10.51M","1.52%"
"01/12/2015","41.34","41.47","41.76","41.14","6.53M","0.10%"
"01/09/2015","41.30","41.00","41.46","40.90","10.07M","1.20%"
"01/08/2015","40.81","41.70","41.72","40.10","11.68M","-1.09%"
"01/07/2015","41.26","41.24","41.41","40.85","6.90M","-0.31%"
"01/06/2015","41.39","41.02","41.39","40.53","8.99M","0.46%"
"01/05/2015","41.20","42.58","42.91","41.20","8.57M","-3.58%"
"01/02/2015","42.73","42.74","42.83","42.29","4.28M","0.68%"
"12/30/2014","42.44","42.41","42.58","41.71","2.81M","-0.35%"
"12/29/2014","42.59","42.90","43.17","42.17","3.90M","-0.37%"
"12/23/2014","42.75","42.85","42.86","42.22","5.48M","-0.35%"
"12/22/2014","42.90","43.11","43.41","42.67","6.64M","0.07%"
"12/19/2014","42.87","42.51","42.92","42.12","16.16M","2.05%"
"12/18/2014","42.01","42.00","42.25","41.65","16.68M","1.55%"
"12/17/2014","41.37","39.62","41.43","39.62","12.28M","4.58%"
"12/16/2014","39.56","39.24","39.94","38.46","16.93M","0.33%"
"12/15/2014","39.43","39.38","40.44","39.34","8.27M","-1.79%"
"12/12/2014","40.15","40.26","40.60","39.60","12.96M","-0.79%"
"12/11/2014","40.47","41.78","42.03","40.04","12.48M","-3.71%"
"12/10/2014","42.03","41.76","42.22","41.66","9.65M","1.18%"
"12/09/2014","41.54","42.10","42.19","41.45","11.74M","-2.28%"
"12/08/2014","42.51","41.40","42.61","41.33","11.92M","2.78%"
"12/05/2014","41.36","41.11","41.49","40.76","6.94M","0.88%"
"12/04/2014","41.00","41.62","41.80","40.64","12.96M","-1.11%"
"12/03/2014","41.46","41.22","41.88","41.16","10.33M","0.83%"
"12/02/2014","41.12","40.64","41.43","40.64","13.00M","1.71%"
"12/01/2014","40.43","41.08","41.18","40.02","13.61M","-1.58%"
"11/28/2014","41.08","40.68","41.90","39.14","19.72M","0.69%"
"11/27/2014","40.80","41.21","41.82","40.60","11.56M","-1.33%"
"11/26/2014","41.35","41.24","41.84","41.08","7.72M","0.27%"
"11/25/2014","41.24","41.35","41.40","40.80","9.24M","-0.46%"
"11/24/2014","41.43","41.07","41.53","40.86","8.25M","1.52%"
"11/21/2014","40.81","40.01","40.82","40.00","11.94M","2.54%"
"11/20/2014","39.80","40.17","40.20","39.58","10.37M","-1.49%"
"11/19/2014","40.40","39.90","40.47","39.66","10.02M","1.64%"
"11/18/2014","39.75","39.95","40.10","39.70","7.88M","-0.58%"
"11/17/2014","39.98","38.81","39.98","38.64","11.47M","2.09%"
"11/14/2014","39.16","38.75","39.16","37.95","9.25M","0.75%"
"11/13/2014","38.87","39.10","39.25","38.65","7.26M","0.03%"
"11/12/2014","38.86","38.19","39.05","38.03","10.35M","1.94%"
"11/11/2014","38.12","38.00","38.19","37.87","5.50M","0.66%"
"11/10/2014","37.87","37.94","38.13","37.78","6.36M","0.08%"
"11/07/2014","37.84","38.02","38.21","37.60","7.09M","0.26%"
"11/06/2014","37.74","38.02","38.15","37.55","7.42M","-0.89%"
"11/05/2014","38.08","37.80","38.22","37.71","9.93M","1.12%"
"11/04/2014","37.66","37.85","38.07","37.46","8.28M","-0.79%"
"11/03/2014","37.96","37.70","38.23","37.67","7.32M","0.58%"
"10/31/2014","37.74","37.48","37.74","37.14","11.82M","2.28%"
"10/30/2014","36.90","37.12","37.25","36.39","9.10M","-0.54%"
"10/29/2014","37.10","37.10","37.52","36.87","7.63M","0.62%"
"10/28/2014","36.87","36.32","36.87","36.09","8.97M","1.79%"
"10/27/2014","36.22","36.89","36.94","35.90","6.93M","-0.55%"
"10/24/2014","36.42","36.51","36.95","36.27","8.64M","-0.25%"
"10/23/2014","36.51","36.00","36.54","35.40","11.80M","1.00%"
"10/22/2014","36.15","36.51","36.56","35.70","12.89M","1.54%"
"10/21/2014","35.60","34.11","35.63","33.96","12.58M","4.98%"
"10/20/2014","33.91","34.23","34.42","33.78","7.04M","-0.50%"
"10/17/2014","34.08","32.63","34.12","32.63","11.72M","4.51%"
"10/16/2014","32.61","33.45","33.88","32.10","12.15M","-2.34%"
"10/15/2014","33.39","34.22","34.50","32.65","9.69M","-2.31%"
"10/14/2014","34.18","33.13","34.35","33.10","9.41M","3.14%"
"10/13/2014","33.14","32.63","33.72","32.42","7.90M","0.42%"
"10/10/2014","33.00","32.85","33.37","30.10","13.19M","-0.63%"
"10/09/2014","33.21","34.87","34.87","32.98","14.12M","-0.15%"
"10/08/2014","33.26","33.90","34.46","32.63","16.17M","-2.61%"
"10/07/2014","34.15","34.86","35.32","33.96","7.72M","-1.90%"
"10/06/2014","34.81","34.70","34.95","33.96","6.27M","1.58%"
"10/03/2014","34.27","34.37","34.74","33.91","8.69M","0.65%"
"10/02/2014","34.05","35.66","35.67","33.92","14.07M","-5.02%"
"10/01/2014","35.85","36.05","36.41","35.53","6.81M","-0.25%"
"09/30/2014","35.94","35.64","36.23","35.62","5.42M","1.13%"
"09/29/2014","35.54","35.60","35.85","35.23","3.90M","0.31%"
"09/26/2014","35.43","35.10","35.46","34.72","6.19M","0.14%"
"09/25/2014","35.38","35.55","35.94","35.19","7.13M","0.31%"
"09/24/2014","35.27","34.75","35.44","34.72","6.49M","1.47%"
"09/23/2014","34.76","35.03","35.58","34.26","10.72M","-0.77%"
"09/22/2014","35.03","36.00","36.41","34.80","11.37M","-3.66%"
"09/19/2014","36.36","37.09","37.21","36.35","9.15M","-1.99%"
"09/18/2014","37.10","37.20","37.35","36.86","4.90M","-0.13%"
"09/17/2014","37.15","37.16","37.30","36.34","6.76M","-0.38%"
"09/16/2014","37.29","37.70","37.82","37.00","4.56M","-1.06%"
"09/15/2014","37.69","38.12","38.30","37.59","7.44M","-1.59%"
"09/12/2014","38.30","38.19","38.47","38.01","3.64M","0.47%"
"09/11/2014","38.12","38.32","38.41","38.04","4.06M","0.05%"
"09/10/2014","38.10","38.15","38.58","37.96","5.69M","-0.13%"
"09/09/2014","38.15","38.12","38.19","37.88","5.73M","1.22%"
"09/08/2014","37.69","38.10","38.21","37.65","4.64M","-1.00%"
"09/05/2014","38.07","37.75","38.27","37.55","8.74M","0.45%"
"09/04/2014","37.90","36.98","37.90","36.91","7.30M","2.60%"
"09/03/2014","36.94","36.69","37.30","36.61","5.58M","1.07%"
"09/02/2014","36.55","36.46","36.69","36.28","5.98M","0.80%"
"09/01/2014","36.26","36.58","36.68","36.17","4.76M","-0.38%"
"08/29/2014","36.40","36.79","36.86","36.23","8.16M","-0.82%"
"08/28/2014","36.70","37.00","37.32","36.46","9.72M","-1.69%"
"08/27/2014","37.33","36.90","37.63","36.87","6.66M","1.33%"
"08/26/2014","36.84","36.55","36.88","36.35","5.78M","0.85%"
"08/25/2014","36.53","36.70","36.83","36.48","3.31M","0.08%"
"08/22/2014","36.50","36.77","36.90","36.28","5.71M","-0.90%"
"08/21/2014","36.83","36.54","36.85","36.25","5.53M","1.04%"
"08/20/2014","36.45","36.14","36.53","35.91","4.50M","0.91%"
"08/19/2014","36.12","36.49","36.54","35.91","3.79M","-0.22%"
"08/18/2014","36.20","36.35","36.65","36.07","3.10M","-0.79%"
"08/15/2014","36.49","36.49","36.71","36.30","4.29M","0.00%"
"08/14/2014","36.49","36.54","36.64","36.10","3.51M","0.16%"
"08/13/2014","36.43","36.50","36.66","36.13","3.85M","-0.03%"
"08/12/2014","36.44","36.68","36.71","36.30","4.57M","-0.63%"
"08/11/2014","36.67","36.19","36.79","36.10","6.62M","3.30%"
"08/08/2014","35.50","35.50","35.80","33.00","7.86M","-1.17%"
"08/07/2014","35.92","36.06","36.55","35.68","6.29M","-0.50%"
"08/06/2014","36.10","36.43","36.68","35.54","5.50M","-1.10%"
"08/05/2014","36.50","36.84","37.36","36.46","7.45M","-0.22%"
"08/04/2014","36.58","36.90","37.19","36.45","6.69M","0.03%"
"08/01/2014","36.57","37.17","37.36","36.25","6.84M","-2.22%"
"07/31/2014","37.40","37.76","37.99","37.23","5.95M","-0.80%"
"07/30/2014","37.70","37.94","37.99","37.61","4.82M","-0.76%"
"07/29/2014","37.99","38.18","38.44","37.71","5.48M","-0.16%"
"07/28/2014","38.05","38.30","38.82","37.94","6.01M","-0.63%"
"07/25/2014","38.29","38.29","38.45","37.97","4.45M","-0.29%"
"07/24/2014","38.40","37.92","38.50","37.74","6.75M","1.32%"
"07/23/2014","37.90","37.49","37.95","37.36","9.27M","1.07%"
"07/22/2014","37.50","35.30","37.58","35.11","15.59M","2.74%"
"07/21/2014","36.50","36.30","36.63","35.90","5.80M","0.27%"
"07/18/2014","36.40","36.70","37.05","36.36","5.00M","-1.33%"
"07/17/2014","36.89","37.12","37.60","36.72","7.25M","-0.03%"
"07/16/2014","36.90","35.98","37.23","35.76","8.67M","2.64%"
"07/15/2014","35.95","35.34","36.22","35.30","6.07M","2.04%"
"07/14/2014","35.23","34.79","35.29","34.74","4.49M","1.79%"
"07/11/2014","34.61","34.45","34.88","34.41","3.15M","0.76%"
"07/10/2014","34.35","34.78","35.00","34.24","7.78M","-1.07%"
"07/09/2014","34.72","34.39","35.00","34.33","9.93M","1.67%"
"07/08/2014","34.15","34.40","34.51","34.12","4.95M","-0.61%"
"07/07/2014","34.36","34.26","34.44","34.26","3.04M","0.29%"
"07/04/2014","34.26","34.34","34.39","34.12","3.06M","-0.17%"
"07/03/2014","34.32","33.70","34.32","33.70","6.22M","2.33%"
"07/02/2014","33.54","33.30","33.64","33.27","3.98M","1.18%"
"07/01/2014","33.15","32.91","33.16","32.85","4.29M","0.97%"
"06/30/2014","32.83","33.22","33.35","32.68","4.47M","-1.11%"
"06/27/2014","33.20","33.16","33.40","32.91","3.18M","0.30%"
"06/26/2014","33.10","33.52","33.66","32.94","4.06M","-0.78%"
"06/25/2014","33.36","33.78","33.80","33.09","5.74M","-1.59%"
"06/24/2014","33.90","34.10","34.48","33.81","4.89M","0.00%"
"06/23/2014","33.90","33.76","34.14","33.76","3.72M","0.74%"
"06/20/2014","33.65","33.85","33.98","33.65","6.28M","-0.59%"
"06/19/2014","33.85","33.80","33.95","33.65","4.28M","0.74%"
"06/18/2014","33.60","33.09","33.74","33.02","5.61M","2.03%"
"06/17/2014","32.93","33.45","33.46","32.91","4.86M","-1.64%"
"06/16/2014","33.48","33.55","33.78","33.26","3.85M","-0.21%"
"06/13/2014","33.55","33.58","33.75","33.28","3.56M","-0.06%"
"06/12/2014","33.57","33.40","33.87","33.36","5.61M","0.45%"
"06/11/2014","33.42","33.38","33.55","33.10","4.67M","0.27%"
"06/10/2014","33.33","32.98","33.60","32.98","6.15M","1.15%"
"06/06/2014","32.95","33.29","33.29","32.87","3.67M","-0.93%"
"06/05/2014","33.26","32.84","33.49","32.65","7.05M","1.37%"
"06/04/2014","32.81","32.77","32.90","32.60","5.04M","0.34%"
"06/03/2014","32.70","32.60","32.73","32.44","3.49M","0.31%"
"06/02/2014","32.60","32.70","32.88","32.46","6.38M","0.31%"
"05/30/2014","32.50","32.70","32.83","32.35","6.78M","-0.61%"
"05/28/2014","32.70","32.90","33.00","32.60","4.23M","-0.82%"
"05/27/2014","32.97","32.89","33.13","32.72","3.89M","0.30%"
"05/26/2014","32.87","33.07","33.21","32.83","3.25M","-0.18%"
"05/23/2014","32.93","32.60","33.05","32.47","4.72M","1.14%"
"05/22/2014","32.56","32.10","32.60","32.10","5.76M","2.07%"
"05/21/2014","31.90","32.18","32.20","31.83","5.44M","-0.50%"
"05/20/2014","32.06","32.45","32.59","31.95","5.07M","-1.20%"
"05/19/2014","32.45","32.44","32.94","32.39","5.78M","0.00%"
"05/16/2014","32.45","32.90","32.95","32.24","8.59M","-1.67%"
"05/15/2014","33.00","33.40","33.58","32.87","5.27M","-1.02%"
"05/14/2014","33.34","33.16","33.58","33.14","6.54M","0.82%"
"05/13/2014","33.07","33.05","33.19","32.95","6.62M","0.58%"
"05/12/2014","32.88","32.50","32.88","32.36","5.54M","2.08%"
"05/09/2014","32.21","31.98","32.40","31.94","6.79M","0.88%"
"05/08/2014","31.93","31.84","32.11","31.61","8.44M","-1.33%"
"05/07/2014","32.36","32.28","32.50","32.20","5.01M","-0.28%"
"05/06/2014","32.45","32.77","32.99","32.30","7.57M","-0.73%"
"05/05/2014","32.69","32.89","33.18","32.61","8.57M","-0.73%"
"05/02/2014","32.93","31.96","33.17","31.93","9.91M","3.52%"
"04/30/2014","31.81","31.95","31.95","31.41","15.06M","2.94%"
"04/29/2014","30.90","30.80","31.05","30.64","6.60M","0.26%"
"04/28/2014","30.82","30.84","30.90","30.66","3.79M","-0.13%"
"04/25/2014","30.86","31.10","31.10","30.62","4.31M","-0.32%"
"04/24/2014","30.96","30.95","31.13","30.76","5.39M","0.29%"
"04/23/2014","30.87","30.80","30.90","30.65","6.52M","0.23%"
"04/22/2014","30.80","30.54","30.80","30.40","6.56M","1.78%"
"04/16/2014","30.26","30.15","30.26","29.88","1.60M","1.61%"
"04/15/2014","29.78","30.12","30.22","29.72","4.12M","-1.33%"
"04/14/2014","30.18","29.98","30.18","29.69","5.92M","0.60%"
"04/11/2014","30.00","30.07","30.39","30.00","7.54M","-1.67%"
"04/10/2014","30.51","30.34","30.68","30.10","9.29M","1.06%"
"04/09/2014","30.19","30.00","30.48","29.99","10.66M","1.86%"
"04/08/2014","29.64","29.75","29.99","29.59","4.75M","0.17%"
"04/07/2014","29.59","29.68","29.79","29.53","4.05M","-0.97%"
"04/04/2014","29.88","29.70","29.88","29.60","4.47M","0.61%"
"04/03/2014","29.70","29.82","29.95","29.51","5.05M","-0.17%"
"04/02/2014","29.75","30.00","30.02","29.74","4.35M","-0.17%"
"04/01/2014","29.80","29.99","30.03","29.47","4.78M","-0.17%"
"03/31/2014","29.85","29.81","29.99","29.79","3.83M","0.67%"
"03/28/2014","29.65","29.90","30.17","29.65","7.06M","0.14%"
"03/27/2014","29.61","29.24","29.61","28.93","4.32M","1.47%"
"03/26/2014","29.18","29.50","29.82","29.06","5.72M","-0.58%"
"03/25/2014","29.35","28.94","29.35","28.90","7.17M","1.80%"
"03/24/2014","28.83","29.06","29.29","28.65","4.17M","-0.62%"
"03/21/2014","29.01","28.40","29.01","28.40","12.63M","2.26%"
"03/20/2014","28.37","28.23","28.49","28.04","5.65M","0.39%"
"03/19/2014","28.26","28.90","28.98","28.25","5.69M","-2.32%"
"03/18/2014","28.93","28.87","29.09","28.36","4.13M","0.52%"
"03/17/2014","28.78","28.69","29.05","28.62","4.50M","0.77%"
"03/14/2014","28.56","28.78","28.99","28.45","8.48M","-1.92%"
"03/13/2014","29.12","29.21","29.41","28.95","6.44M","-0.34%"
"03/12/2014","29.22","29.65","29.77","29.03","6.20M","-1.95%"
"03/11/2014","29.80","29.80","29.97","29.60","3.06M","0.68%"
"03/10/2014","29.60","29.50","29.98","29.40","5.55M","-0.67%"
"03/07/2014","29.80","30.00","30.06","29.77","4.92M","-0.83%"
"03/06/2014","30.05","30.09","30.14","29.95","4.79M","0.37%"
"03/05/2014","29.94","29.75","30.05","29.67","6.34M","0.94%"
"03/04/2014","29.66","29.20","29.74","29.20","3.89M","1.75%"
"03/03/2014","29.15","29.29","29.30","28.32","6.25M","-1.85%"
"02/28/2014","29.70","29.77","29.98","29.63","5.77M","-0.13%"
"02/27/2014","29.74","29.52","30.02","29.52","5.17M","1.12%"
"02/26/2014","29.41","29.75","29.89","29.37","5.48M","-0.98%"
"02/25/2014","29.70","30.11","30.11","29.59","4.43M","-1.33%"
"02/24/2014","30.10","30.05","30.15","29.87","4.43M","0.17%"
"02/21/2014","30.05","29.90","30.19","29.80","4.80M","0.70%"
"02/20/2014","29.84","29.71","29.90","29.47","6.34M","-0.47%"
"02/19/2014","29.98","29.95","30.07","29.76","4.62M","0.23%"
"02/18/2014","29.91","30.11","30.22","29.72","5.75M","-0.13%"
"02/17/2014","29.95","29.68","30.00","29.63","4.00M","1.18%"
"02/14/2014","29.60","29.44","29.76","29.44","5.78M","0.54%"
"02/13/2014","29.44","29.76","29.84","29.05","7.51M","-0.57%"
"02/12/2014","29.61","29.30","29.80","29.00","12.32M","3.60%"
"02/11/2014","28.58","28.60","28.68","28.43","5.78M","0.35%"
"02/10/2014","28.48","28.52","28.86","28.45","4.41M","0.18%"
"02/07/2014","28.43","28.27","28.55","28.15","5.26M","1.03%"
"02/06/2014","28.14","28.20","28.41","27.86","5.87M","0.11%"
"02/05/2014","28.11","27.90","28.28","27.66","7.48M","0.29%"
"02/04/2014","28.03","27.79","28.03","27.61","7.48M","-1.06%"
"02/03/2014","28.33","28.50","28.65","28.30","4.61M","-0.46%"
"01/31/2014","28.46","28.52","28.71","28.32","6.68M","0.39%"
"01/30/2014","28.35","28.50","28.69","28.27","6.36M","-0.53%"
"01/29/2014","28.50","28.31","28.70","27.70","24.67M","-4.33%"
"01/28/2014","29.79","29.80","29.92","29.46","7.96M","0.20%"
"01/27/2014","29.73","29.65","29.73","29.13","11.42M","-0.80%"
"01/24/2014","29.97","30.10","30.31","29.60","9.60M","-0.43%"
"01/23/2014","30.10","30.53","30.58","30.01","10.17M","-1.47%"
"01/22/2014","30.55","31.00","31.19","30.38","12.10M","-0.42%"
"01/21/2014","30.68","30.60","30.82","30.16","16.28M","3.58%"
"01/20/2014","29.62","29.54","29.90","29.26","6.80M","-0.03%"
"01/17/2014","29.63","29.46","29.85","29.16","12.28M","1.02%"
"01/16/2014","29.33","28.13","29.40","28.12","19.73M","5.43%"
"01/15/2014","27.82","27.79","27.98","27.68","4.99M","0.65%"
"01/14/2014","27.64","27.43","27.70","27.20","5.57M","-0.22%"
"01/13/2014","27.70","27.60","28.12","27.60","7.52M","0.54%"
"01/10/2014","27.55","27.35","27.86","27.10","14.28M","-0.90%"
"01/09/2014","27.80","27.89","27.89","27.63","8.18M","0.43%"
"01/08/2014","27.68","27.38","27.75","27.13","11.76M","1.76%"
"01/07/2014","27.20","27.00","27.25","26.77","5.85M","1.23%"
"01/06/2014","26.87","27.01","27.11","26.66","8.25M","-0.96%"
"01/03/2014","27.13","26.95","27.20","26.74","6.74M","0.67%"
"01/02/2014","26.95","27.12","27.29","26.69","5.47M","-0.44%"
"12/30/2013","27.07","27.00","27.27","27.00","5.70M","0.63%"
"12/27/2013","26.90","26.59","27.02","26.57","5.48M","1.51%"
"12/23/2013","26.50","26.28","26.53","26.11","6.65M","0.88%"
"12/20/2013","26.27","25.90","26.27","25.35","14.93M","1.51%"
"12/19/2013","25.88","25.87","25.95","25.67","8.66M","0.90%"
"12/18/2013","25.65","25.65","25.72","25.54","4.33M","0.00%"
"12/17/2013","25.65","25.60","25.69","25.49","5.26M","0.67%"
"12/16/2013","25.48","25.25","25.61","25.21","3.74M","0.91%"
"12/13/2013","25.25","25.19","25.44","25.19","5.74M","0.20%"
"12/12/2013","25.20","25.41","25.44","25.10","5.62M","-0.83%"
"12/11/2013","25.41","25.30","25.62","25.20","4.51M","0.43%"
"12/10/2013","25.30","25.22","25.46","25.05","5.27M","0.32%"
"12/09/2013","25.22","25.63","25.63","25.16","4.79M","-0.63%"
"12/06/2013","25.38","25.25","25.39","24.95","7.38M","0.79%"
"12/05/2013","25.18","25.33","25.41","25.03","7.41M","-0.94%"
"12/04/2013","25.42","25.41","25.63","25.26","6.74M","-0.27%"
"12/03/2013","25.49","25.81","25.90","25.32","9.70M","-1.39%"
"12/02/2013","25.85","26.14","26.20","25.84","6.66M","-1.26%"
"11/29/2013","26.18","26.00","26.31","25.94","14.44M","0.54%"
"11/28/2013","26.04","26.05","26.12","25.95","7.75M","0.23%"
"11/27/2013","25.98","26.12","26.14","25.91","5.70M","-0.46%"
"11/26/2013","26.10","26.10","26.19","25.96","29.12M","0.15%"
"11/25/2013","26.06","26.05","26.10","25.92","5.86M","0.12%"
"11/22/2013","26.03","26.04","26.11","25.88","6.47M","0.15%"
"11/21/2013","25.99","26.00","26.09","25.90","13.40M","-0.38%"
"11/20/2013","26.09","25.92","26.12","25.91","9.73M","0.62%"
"11/19/2013","25.93","25.95","25.97","25.79","10.17M","0.43%"
"11/18/2013","25.82","25.95","25.96","25.73","7.49M","-0.12%"
"11/15/2013","25.85","25.86","25.95","25.68","10.22M","0.74%"
"11/14/2013","25.66","26.10","26.11","25.55","13.79M","-0.04%"
"11/13/2013","25.67","25.49","25.70","25.20","21.45M","0.71%"
"11/12/2013","25.49","25.50","25.70","25.21","520.05M","-5.45%"
"11/11/2013","26.96","26.94","26.99","26.79","2.28M","0.41%"
"11/08/2013","26.85","26.89","26.90","26.57","6.18M","-0.89%"
"11/07/2013","27.09","27.38","27.48","26.97","8.00M","-1.13%"
"11/06/2013","27.40","27.01","27.45","27.01","4.31M","1.67%"
"11/05/2013","26.95","27.01","27.50","26.91","8.24M","0.75%"
"11/04/2013","26.75","26.68","26.80","26.57","2.52M","0.56%"
"11/01/2013","26.60","26.60","26.94","26.44","3.81M","0.00%"
"10/31/2013","26.60","26.75","26.80","26.40","5.75M","-1.08%"
"10/30/2013","26.89","26.87","27.24","26.82","4.32M","0.11%"
"10/29/2013","26.86","26.72","26.99","26.70","4.80M","0.79%"
"10/28/2013","26.65","26.86","27.01","26.61","4.57M","-0.60%"
"10/25/2013","26.81","27.16","27.26","26.71","7.58M","-1.18%"
"10/24/2013","27.13","27.41","27.66","27.07","6.39M","-0.04%"
"10/23/2013","27.14","27.70","28.64","27.14","24.98M","2.80%"
"10/22/2013","26.40","25.30","26.49","25.26","7.47M","3.94%"
"10/21/2013","25.40","25.32","25.42","25.21","2.37M","0.43%"
"10/18/2013","25.29","25.20","25.35","25.05","3.11M","0.48%"
"10/17/2013","25.17","25.17","25.18","25.02","3.38M","-0.04%"
"10/16/2013","25.18","25.40","25.40","25.00","3.36M","-0.98%"
"10/15/2013","25.43","25.47","25.67","25.43","3.64M","-0.16%"
"10/14/2013","25.47","25.30","25.70","25.29","2.71M","0.35%"
"10/11/2013","25.38","25.36","25.55","25.26","2.74M","-0.28%"
"10/10/2013","25.45","24.94","25.45","24.94","3.72M","2.04%"
"10/09/2013","24.94","24.71","25.00","24.59","3.71M","1.34%"
"10/08/2013","24.61","24.50","24.73","24.50","2.74M","-0.57%"
"10/07/2013","24.75","24.85","24.85","24.56","3.01M","-0.48%"
"10/04/2013","24.87","25.00","25.01","24.77","2.29M","-0.60%"
"10/03/2013","25.02","24.95","25.09","24.89","2.33M","0.28%"
"10/02/2013","24.95","24.90","25.05","24.71","2.15M","0.12%"
"10/01/2013","24.92","25.04","25.08","24.81","3.06M","-0.04%"
"09/30/2013","24.93","25.35","25.35","24.93","4.24M","-1.81%"
"09/27/2013","25.39","25.74","25.77","25.29","2.89M","-1.05%"
"09/26/2013","25.66","25.67","25.83","25.60","2.24M","0.39%"
"09/25/2013","25.56","25.55","25.87","25.47","3.39M","0.00%"
"09/24/2013","25.56","25.60","25.76","25.56","2.63M","-0.20%"
"09/23/2013","25.61","25.72","25.74","25.51","2.92M","0.27%"
"09/20/2013","25.54","25.64","25.77","25.50","4.65M","-0.74%"
"09/19/2013","25.73","25.70","25.85","25.61","5.26M","1.82%"
"09/18/2013","25.27","25.12","25.33","25.01","2.25M","0.64%"
"09/17/2013","25.11","24.94","25.16","24.90","2.38M","0.48%"
"09/16/2013","24.99","25.15","25.29","24.93","2.60M","0.16%"
"09/13/2013","24.95","25.17","25.19","24.90","2.78M","-0.83%"
"09/12/2013","25.16","25.38","25.50","25.04","5.49M","-0.79%"
"09/11/2013","25.36","25.38","25.59","25.28","3.33M","0.00%"
"09/10/2013","25.36","25.44","25.55","25.32","3.60M","0.48%"
"09/09/2013","25.24","25.10","25.43","25.10","2.03M","0.84%"
"09/06/2013","25.03","25.03","25.29","24.95","2.38M","-0.36%"
"09/05/2013","25.12","25.00","25.14","24.94","2.00M","0.76%"
"09/04/2013","24.93","25.00","25.07","24.82","2.01M","-0.36%"
"09/03/2013","25.02","25.00","25.05","24.79","3.32M","0.28%"
"09/02/2013","24.95","24.70","25.01","24.66","3.60M","1.26%"
"08/30/2013","24.64","24.80","24.90","24.53","3.19M","-0.56%"
"08/29/2013","24.78","25.06","25.13","24.70","3.15M","-0.80%"
"08/28/2013","24.98","24.90","25.10","24.76","2.58M","0.12%"
"08/27/2013","24.95","25.11","25.11","24.84","3.52M","-0.76%"
"08/26/2013","25.14","25.45","25.45","25.00","2.09M","-0.98%"
"08/23/2013","25.39","25.40","25.45","25.23","1.57M","0.12%"
"08/22/2013","25.36","25.01","25.48","25.00","2.97M","1.08%"
"08/21/2013","25.09","25.47","25.47","25.00","4.63M","-1.06%"
"08/20/2013","25.36","25.60","25.60","25.25","3.99M","-1.51%"
"08/19/2013","25.75","25.50","25.79","25.38","5.09M","1.62%"
"08/16/2013","25.34","25.42","25.64","25.25","3.29M","-0.63%"
"08/15/2013","25.50","25.77","25.77","25.40","2.58M","-1.12%"
"08/14/2013","25.79","25.80","25.95","25.62","3.11M","-0.42%"
"08/13/2013","25.90","26.00","26.12","25.80","4.97M","-0.08%"
"08/12/2013","25.92","25.85","26.05","25.66","3.88M","0.19%"
"08/09/2013","25.87","25.88","26.04","25.60","4.68M","0.78%"
"08/08/2013","25.67","24.93","25.90","24.93","4.44M","2.35%"
"08/07/2013","25.08","25.10","25.13","24.82","3.87M","0.12%"
"08/06/2013","25.05","25.15","25.23","24.97","2.41M","-0.24%"
"08/05/2013","25.11","25.20","25.37","25.11","2.37M","-0.59%"
"08/02/2013","25.26","25.19","25.28","25.08","2.76M","0.64%"
"08/01/2013","25.10","25.13","25.17","24.83","3.10M","0.20%"
"07/31/2013","25.05","24.97","25.14","24.76","2.89M","0.52%"
"07/30/2013","24.92","25.02","25.11","24.65","3.86M","-0.40%"
"07/29/2013","25.02","25.00","25.09","24.79","1.52M","-0.28%"
"07/26/2013","25.09","24.98","25.15","24.92","2.16M","0.88%"
"07/25/2013","24.87","24.92","24.92","24.61","2.00M","-0.56%"
"07/24/2013","25.01","24.81","25.28","24.68","3.80M","0.77%"
"07/23/2013","24.82","25.00","25.15","24.77","2.69M","0.20%"
"07/22/2013","24.77","25.17","25.23","24.77","3.37M","-1.82%"
"07/19/2013","25.23","25.13","25.25","24.93","2.73M","0.12%"
"07/18/2013","25.20","25.63","25.68","25.20","3.25M","-1.37%"
"07/17/2013","25.55","25.17","25.58","25.12","3.35M","1.59%"
"07/16/2013","25.15","24.97","25.15","24.66","3.21M","0.68%"
"07/15/2013","24.98","25.04","25.26","24.72","3.25M","-0.48%"
"07/12/2013","25.10","25.40","25.43","25.08","2.31M","-0.83%"
"07/11/2013","25.31","24.95","25.39","24.95","3.49M","2.26%"
"07/10/2013","24.75","24.70","24.93","24.66","2.56M","0.20%"
"07/09/2013","24.70","24.40","25.09","24.37","5.55M","2.07%"
"07/08/2013","24.20","24.35","24.39","24.07","2.67M","-0.12%"
"07/05/2013","24.23","24.50","24.63","24.20","2.69M","-0.98%"
"07/04/2013","24.47","24.10","24.52","23.99","2.90M","2.56%"
"07/03/2013","23.86","24.38","24.38","23.78","3.86M","-2.25%"
"07/02/2013","24.41","24.50","24.73","24.23","2.67M","-0.29%"
"07/01/2013","24.48","24.31","24.49","24.08","2.40M","0.99%"
"06/28/2013","24.24","24.60","24.91","24.10","3.86M","-0.37%"
"06/27/2013","24.33","24.36","24.46","24.11","2.51M","-0.16%"
"06/26/2013","24.37","24.69","24.74","24.25","3.07M","-1.02%"
"06/25/2013","24.62","24.90","24.97","24.33","3.73M","1.07%"
"06/24/2013","24.36","24.41","24.58","24.10","4.04M","-0.33%"
"06/21/2013","24.44","24.83","24.97","24.44","4.50M","-1.05%"
"06/20/2013","24.70","24.86","25.17","24.70","4.10M","-1.75%"
"06/19/2013","25.14","25.50","25.55","24.92","3.73M","-1.22%"
"06/18/2013","25.45","25.40","25.45","25.18","4.08M","0.39%"
"06/17/2013","25.35","25.70","25.86","25.19","3.29M","-1.21%"
"06/14/2013","25.66","25.84","25.99","25.58","3.34M","-0.04%"
"06/13/2013","25.67","25.23","25.72","25.13","3.29M","0.47%"
"06/12/2013","25.55","25.69","25.69","25.41","3.20M","-0.97%"
"06/11/2013","25.80","26.15","26.20","25.45","3.77M","-1.34%"
"06/10/2013","26.15","26.88","26.91","26.15","2.96M","-2.43%"
"06/07/2013","26.80","26.78","26.80","26.45","2.64M","0.26%"
"06/06/2013","26.73","26.59","26.90","26.47","3.59M","0.56%"
"06/05/2013","26.58","26.58","26.92","26.53","2.92M","-0.30%"
"06/04/2013","26.66","26.82","26.95","26.60","2.05M","-0.52%"
"06/03/2013","26.80","26.51","26.82","26.45","2.85M","0.26%"
"05/31/2013","26.73","26.53","26.88","26.41","3.74M","0.87%"
"05/30/2013","26.50","26.75","27.11","26.50","3.09M","-0.86%"
"05/29/2013","26.73","26.49","26.89","26.43","2.88M","0.41%"
"05/28/2013","26.62","26.55","26.96","26.51","2.48M","0.26%"
"05/27/2013","26.55","26.60","26.60","26.40","784.96K","0.23%"
"05/24/2013","26.49","26.48","26.65","26.39","2.34M","0.00%"
"05/23/2013","26.49","26.47","26.54","26.22","5.37M","-2.14%"
"05/22/2013","27.07","26.99","27.07","26.64","3.82M","0.63%"
"05/21/2013","26.90","26.20","27.03","26.17","5.30M","2.28%"
"05/16/2013","26.30","26.18","26.39","26.07","3.22M","0.92%"
"05/15/2013","26.06","26.29","26.29","26.00","2.69M","-0.87%"
"05/14/2013","26.29","26.60","26.60","25.94","2.85M","-0.57%"
"05/13/2013","26.44","26.65","26.67","26.32","2.54M","-0.90%"
"05/10/2013","26.68","26.90","26.93","26.42","4.54M","-2.45%"
"05/08/2013","27.35","27.30","27.47","27.06","2.76M","0.66%"
"05/07/2013","27.17","27.23","27.50","27.06","3.66M","0.41%"
"05/06/2013","27.06","27.40","27.48","27.04","2.06M","-1.20%"
"05/03/2013","27.39","26.96","27.39","26.60","4.53M","1.52%"
"05/02/2013","26.98","26.98","26.99","26.62","4.21M","-0.07%"
"04/30/2013","27.00","26.95","27.05","26.76","3.22M","0.30%"
"04/29/2013","26.92","27.00","27.22","26.68","3.51M","-0.85%"
"04/26/2013","27.15","27.23","27.29","26.77","3.11M","-0.44%"
"04/25/2013","27.27","26.29","27.27","26.23","6.87M","4.08%"
"04/24/2013","26.20","26.58","26.95","26.09","12.06M","0.54%"
"04/23/2013","26.06","25.50","26.12","25.40","4.32M","1.80%"
"04/22/2013","25.60","25.66","25.90","25.44","3.48M","-0.47%"
"04/19/2013","25.72","25.57","25.76","25.45","2.69M","1.10%"
"04/18/2013","25.44","25.04","25.56","25.03","3.92M","1.35%"
"04/17/2013","25.10","25.10","25.19","24.80","3.70M","0.52%"
"04/16/2013","24.97","24.92","25.38","24.77","4.02M","0.28%"
"04/15/2013","24.90","25.65","25.70","24.85","4.94M","-3.11%"
"04/12/2013","25.70","25.63","25.70","25.40","3.85M","0.78%"
"04/11/2013","25.50","25.67","25.88","25.40","3.38M","-1.09%"
"04/10/2013","25.78","25.66","26.29","25.66","6.19M","1.50%"
"04/09/2013","25.40","25.30","25.58","25.22","4.13M","1.20%"
"04/08/2013","25.10","24.89","25.25","24.68","3.76M","1.05%"
"04/05/2013","24.84","25.00","25.04","24.48","3.88M","-0.56%"
"04/04/2013","24.98","24.84","25.28","24.83","4.08M","0.04%"
"04/03/2013","24.97","24.68","25.05","24.50","4.97M","1.09%"
"04/02/2013","24.70","25.30","25.43","24.55","8.01M","-2.14%"
"03/27/2013","25.24","25.37","25.68","25.22","2.24M","-0.51%"
"03/26/2013","25.37","25.26","25.40","25.14","2.39M","1.20%"
"03/25/2013","25.07","25.46","25.49","25.07","2.36M","-0.48%"
"03/22/2013","25.19","25.35","25.60","25.12","3.74M","-0.75%"
"03/21/2013","25.38","25.37","25.48","25.08","4.09M","0.91%"
"03/20/2013","25.15","25.49","25.59","25.14","3.43M","-0.98%"
"03/19/2013","25.40","25.42","25.50","25.08","3.94M","-0.59%"
"03/18/2013","25.55","25.02","25.55","25.02","3.71M","0.00%"
"03/15/2013","25.55","25.65","25.69","25.46","6.83M","0.04%"
"03/14/2013","25.54","25.08","25.54","24.90","4.35M","1.96%"
"03/13/2013","25.05","25.23","25.41","24.99","5.27M","-0.79%"
"03/12/2013","25.25","25.48","25.71","25.25","4.63M","-1.37%"
"03/11/2013","25.60","25.39","25.80","25.34","3.77M","0.99%"
"03/08/2013","25.35","25.57","25.76","25.25","5.06M","-1.02%"
"03/07/2013","25.61","25.41","25.84","25.41","3.41M","1.23%"
"03/06/2013","25.30","25.62","25.84","25.27","3.25M","-0.86%"
"03/05/2013","25.52","25.23","25.65","25.16","5.87M","1.47%"
"03/04/2013","25.15","25.06","25.29","24.93","4.03M","0.04%"
"03/01/2013","25.14","25.40","25.60","25.05","5.87M","-1.02%"
"02/28/2013","25.40","26.20","26.25","25.40","7.80M","-2.35%"
"02/27/2013","26.01","26.34","26.48","25.63","7.16M","-1.25%"
"02/26/2013","26.34","26.16","26.55","26.06","6.06M","-1.86%"
"02/25/2013","26.84","26.48","27.06","26.48","5.47M","1.82%"
"02/22/2013","26.36","26.81","27.06","26.34","5.03M","-1.42%"
"02/21/2013","26.74","27.01","27.08","26.48","7.17M","-1.87%"
"02/20/2013","27.25","27.41","27.53","27.20","4.90M","-0.62%"
"02/19/2013","27.42","27.21","27.56","27.20","5.45M","0.62%"
"02/18/2013","27.25","27.49","27.50","27.16","4.54M","-0.73%"
"02/15/2013","27.45","27.49","27.79","27.19","5.77M","-0.15%"
"02/14/2013","27.49","26.97","27.49","26.96","8.78M","1.70%"
"02/13/2013","27.03","26.90","27.26","26.90","7.04M","1.05%"
"02/12/2013","26.75","27.25","27.69","26.68","13.13M","0.19%"
"02/11/2013","26.70","26.75","26.99","26.70","5.26M","-0.37%"
"02/08/2013","26.80","26.47","26.94","26.47","5.53M","1.52%"
"02/07/2013","26.40","26.50","26.74","26.30","4.74M","-0.08%"
"02/06/2013","26.42","26.45","26.88","26.36","4.66M","-0.23%"
"02/05/2013","26.48","26.45","26.65","26.37","5.13M","-0.94%"
"02/04/2013","26.73","26.88","26.98","26.51","4.11M","-0.19%"
"02/01/2013","26.78","26.24","26.85","26.19","4.16M","2.33%"
"01/31/2013","26.17","26.20","26.58","26.14","5.10M","-0.38%"
"01/30/2013","26.27","26.58","26.64","26.15","4.19M","-0.94%"
"01/29/2013","26.52","26.36","26.63","26.23","4.35M","0.84%"
"01/28/2013","26.30","26.91","27.05","26.22","6.42M","-2.38%"
"01/25/2013","26.94","27.40","27.42","26.94","6.12M","-1.50%"
"01/24/2013","27.35","27.45","27.57","27.31","4.86M","-0.07%"
"01/23/2013","27.37","27.16","27.64","27.13","7.03M","0.88%"
"01/22/2013","27.13","27.30","27.39","26.98","5.05M","-0.70%"
"01/21/2013","27.32","27.60","27.68","27.21","2.71M","-0.80%"
"01/18/2013","27.54","27.69","27.81","27.14","6.23M","0.11%"
"01/17/2013","27.51","27.66","27.66","27.02","9.00M","-0.61%"
"01/16/2013","27.68","27.79","27.80","27.41","6.96M","-2.26%"
"01/15/2013","28.32","28.41","28.75","28.27","3.95M","-0.67%"
"01/14/2013","28.51","28.50","28.84","28.44","4.34M","0.39%"
"01/11/2013","28.40","28.91","28.94","28.24","5.11M","-1.83%"
"01/10/2013","28.93","28.65","28.99","28.65","4.30M","1.19%"
"01/09/2013","28.59","28.72","29.03","28.56","4.84M","0.46%"
"01/08/2013","28.46","28.60","28.74","28.31","3.31M","-0.32%"
"01/07/2013","28.55","28.85","28.89","28.42","3.00M","-0.87%"
"01/04/2013","28.80","28.89","28.93","28.60","4.02M","-1.00%"
"01/03/2013","29.09","28.83","29.09","28.49","4.72M","0.59%"
"01/02/2013","28.92","28.31","29.00","28.31","5.75M","3.73%"
"12/28/2012","27.88","28.03","28.15","27.56","2.02M","-0.50%"
"12/27/2012","28.02","27.90","28.32","27.84","1.58M","0.32%"
"12/21/2012","27.93","27.62","27.93","27.23","3.87M","0.00%"
"12/20/2012","27.93","27.86","28.28","27.66","5.80M","0.25%"
"12/19/2012","27.86","27.94","28.15","27.80","4.10M","-0.29%"
"12/18/2012","27.94","27.70","28.00","27.64","4.76M","1.23%"
"12/17/2012","27.60","27.55","27.65","27.25","3.32M","0.11%"
"12/14/2012","27.57","27.55","27.65","27.28","2.45M","0.44%"
"12/13/2012","27.45","27.59","27.65","27.25","3.48M","-0.25%"
"12/12/2012","27.52","27.39","27.65","27.26","3.95M","0.70%"
"12/11/2012","27.33","27.13","27.44","26.91","3.59M","1.64%"
"12/10/2012","26.89","27.20","27.20","26.71","2.91M","-0.55%"
"12/07/2012","27.04","27.10","27.30","26.77","5.55M","-2.38%"
"12/06/2012","27.70","27.05","27.77","27.02","5.06M","2.78%"
"12/05/2012","26.95","26.80","27.30","26.76","5.04M","1.43%"
"12/04/2012","26.57","26.99","26.99","26.25","4.10M","-1.99%"
"12/03/2012","27.11","27.24","27.49","27.00","3.07M","-0.18%"
"11/30/2012","27.16","26.82","27.25","26.82","5.25M","1.12%"
"11/29/2012","26.86","26.60","26.99","26.56","4.37M","2.48%"
"11/28/2012","26.21","26.38","26.51","25.94","3.79M","-0.87%"
"11/27/2012","26.44","26.31","26.56","26.20","4.89M","0.88%"
"11/26/2012","26.21","26.10","26.21","25.78","3.18M","0.08%"
"11/23/2012","26.19","26.50","26.67","26.03","2.82M","-1.10%"
"11/22/2012","26.48","25.56","26.49","25.56","2.66M","3.36%"
"11/21/2012","25.62","25.70","25.82","25.52","2.02M","-1.08%"
"11/20/2012","25.90","25.68","25.91","25.48","2.28M","0.70%"
"11/19/2012","25.72","25.10","25.88","25.10","3.16M","3.46%"
"11/16/2012","24.86","24.92","25.25","24.71","2.78M","-0.48%"
"11/15/2012","24.98","25.35","25.49","24.98","3.89M","-1.81%"
"11/14/2012","25.44","25.50","25.75","25.34","2.63M","0.12%"
"11/13/2012","25.41","25.84","25.84","25.15","3.14M","-1.66%"
"11/12/2012","25.84","26.03","26.20","25.76","1.41M","-0.62%"
"11/09/2012","26.00","25.67","26.10","25.52","2.78M","1.13%"
"11/08/2012","25.71","26.01","26.13","25.59","3.04M","-1.12%"
"11/07/2012","26.00","26.58","26.60","25.87","3.35M","-1.18%"
"11/06/2012","26.31","26.04","26.43","26.04","2.19M","1.04%"
"11/05/2012","26.04","26.20","26.25","25.85","2.62M","-1.66%"
"11/02/2012","26.48","26.29","26.85","26.16","4.05M","1.03%"
"11/01/2012","26.21","25.60","26.47","25.20","4.16M","2.10%"
"10/31/2012","25.67","25.70","26.03","25.62","3.03M","-0.04%"
"10/30/2012","25.68","25.54","25.90","25.54","1.91M","0.23%"
"10/29/2012","25.62","25.83","25.90","25.38","2.33M","-1.46%"
"10/26/2012","26.00","25.34","26.12","25.25","3.56M","1.48%"
"10/25/2012","25.62","25.86","26.08","25.62","3.15M","-0.39%"
"10/24/2012","25.72","26.00","26.34","25.39","5.29M","0.94%"
"10/23/2012","25.48","26.67","26.94","25.13","11.28M","-5.24%"
"10/22/2012","26.89","26.90","27.13","26.62","5.29M","-0.22%"
"10/19/2012","26.95","27.27","27.51","26.95","2.54M","-1.64%"
"10/18/2012","27.40","27.58","27.85","27.40","4.53M","-0.18%"
"10/17/2012","27.45","26.99","27.48","26.95","4.16M","2.43%"
"10/16/2012","26.80","26.50","26.91","26.50","4.48M","2.06%"
"10/15/2012","26.26","26.42","27.38","26.12","6.21M","-0.61%"
"10/12/2012","26.42","26.90","26.95","26.41","5.54M","-2.65%"
"10/11/2012","27.14","26.99","27.14","26.65","3.86M","0.33%"
"10/10/2012","27.05","27.28","27.79","26.96","5.18M","-2.66%"
"10/09/2012","27.79","27.58","27.85","27.34","3.78M","1.20%"
"10/08/2012","27.46","27.60","27.69","27.21","3.20M","-2.10%"
"10/05/2012","28.05","27.10","28.15","27.10","5.68M","4.08%"
"10/04/2012","26.95","27.20","27.20","26.35","4.06M","-0.26%"
"10/03/2012","27.02","27.17","27.28","26.87","2.22M","-0.73%"
"10/02/2012","27.22","27.07","27.66","27.00","2.84M","-0.11%"
"10/01/2012","27.25","26.63","27.33","26.52","3.66M","1.53%"
"09/28/2012","26.84","27.00","27.09","26.66","3.32M","0.22%"
"09/27/2012","26.78","27.12","27.17","26.67","2.97M","-0.15%"
"09/26/2012","26.82","27.28","27.35","26.57","4.76M","-2.86%"
"09/25/2012","27.61","27.61","28.07","27.52","3.20M","-0.14%"
"09/24/2012","27.65","28.17","28.26","27.51","3.79M","-2.74%"
"09/21/2012","28.43","28.40","28.53","28.15","4.17M","1.03%"
"09/20/2012","28.14","28.28","28.40","27.96","5.96M","-1.75%"
"09/19/2012","28.64","28.80","29.45","28.60","5.55M","0.35%"
"09/18/2012","28.54","28.50","28.88","28.10","5.36M","-0.38%"
"09/17/2012","28.65","28.64","29.48","28.61","5.37M","-1.04%"
"09/14/2012","28.95","27.73","29.00","27.58","13.14M","8.14%"
"09/13/2012","26.77","26.92","27.01","26.43","4.59M","-0.89%"
"09/12/2012","27.01","27.20","27.40","26.99","4.57M","-0.22%"
"09/11/2012","27.07","26.98","27.15","26.71","4.08M","-0.66%"
"09/10/2012","27.25","26.28","27.50","26.28","6.54M","3.89%"
"09/07/2012","26.23","25.79","26.69","25.74","8.50M","3.55%"
"09/06/2012","25.33","24.37","25.65","24.37","5.49M","4.41%"
"09/05/2012","24.26","24.58","24.59","24.11","3.01M","-1.02%"
"09/04/2012","24.51","25.00","25.05","24.44","2.16M","-1.29%"
"09/03/2012","24.83","24.80","25.11","24.64","2.17M","0.00%"
"08/31/2012","24.83","24.53","24.83","24.50","3.56M","1.35%"
"08/30/2012","24.50","25.01","25.15","24.38","3.23M","-2.78%"
"08/29/2012","25.20","25.15","25.24","25.00","3.05M","0.00%"
"08/28/2012","25.20","25.38","25.40","25.10","2.15M","-0.79%"
"08/27/2012","25.40","25.48","25.53","25.23","1.92M","0.00%"
"08/24/2012","25.40","25.52","25.67","25.19","3.35M","-1.05%"
"08/23/2012","25.67","25.56","26.16","25.56","3.56M","0.27%"
"08/22/2012","25.60","25.61","25.65","25.24","3.08M","-0.70%"
"08/21/2012","25.78","25.25","25.95","25.24","3.60M","2.42%"
"08/20/2012","25.17","25.50","25.50","25.17","2.51M","-1.45%"
"08/17/2012","25.54","25.20","25.69","25.02","4.57M","2.12%"
"08/16/2012","25.01","25.25","25.25","24.87","2.60M","-0.52%"
"08/15/2012","25.14","25.16","25.19","24.90","2.18M","-0.08%"
"08/14/2012","25.16","25.35","25.50","25.11","1.85M","-0.67%"
"08/13/2012","25.33","25.45","25.56","25.07","2.11M","-0.78%"
"08/10/2012","25.53","25.58","25.65","25.27","1.92M","-0.85%"
"08/09/2012","25.75","25.89","25.90","25.43","3.19M","0.27%"
"08/08/2012","25.68","25.98","25.98","25.52","2.29M","-0.89%"
"08/07/2012","25.91","25.05","26.09","24.98","4.80M","3.43%"
"08/06/2012","25.05","24.85","25.38","24.74","2.93M","0.44%"
"08/03/2012","24.94","24.24","24.97","24.12","3.12M","3.70%"
"08/02/2012","24.05","24.90","24.90","24.05","4.49M","-3.18%"
"08/01/2012","24.84","24.73","24.95","24.52","4.08M","0.98%"
"07/31/2012","24.60","24.50","24.73","24.32","6.50M","0.41%"
"07/30/2012","24.50","24.20","24.60","24.14","7.17M","1.58%"
"07/27/2012","24.12","23.60","24.24","23.48","7.63M","2.99%"
"07/26/2012","23.42","23.50","23.53","22.97","10.48M","0.09%"
"07/25/2012","23.40","24.15","24.65","23.32","9.24M","-4.76%"
"07/24/2012","24.57","25.20","26.38","24.44","10.34M","-3.08%"
"07/23/2012","25.35","25.79","26.25","25.34","5.03M","-3.10%"
"07/20/2012","26.16","26.37","26.47","25.91","4.31M","-0.76%"
"07/19/2012","26.36","25.81","26.38","25.74","3.26M","2.41%"
"07/18/2012","25.74","25.61","25.90","25.39","2.85M","0.86%"
"07/17/2012","25.52","25.98","26.13","25.38","2.56M","-1.35%"
"07/16/2012","25.87","25.88","26.12","25.72","2.49M","-0.04%"
"07/13/2012","25.88","25.45","25.93","25.33","3.25M","2.66%"
"07/12/2012","25.21","25.52","25.73","25.12","4.11M","-2.10%"
"07/11/2012","25.75","25.50","25.94","25.50","5.04M","-0.58%"
"07/10/2012","25.90","25.26","26.27","25.26","5.95M","2.57%"
"07/09/2012","25.25","25.46","25.54","25.00","4.19M","-1.06%"
"07/06/2012","25.52","26.00","26.15","25.52","3.28M","-1.92%"
"07/05/2012","26.02","26.64","26.77","25.72","5.38M","-2.73%"
"07/04/2012","26.75","26.90","26.95","26.59","3.65M","-0.67%"
"07/03/2012","26.93","26.63","26.93","26.46","7.48M","1.13%"
"07/02/2012","26.63","26.66","26.79","26.21","5.15M","-0.26%"
"06/29/2012","26.70","26.40","26.70","25.96","5.50M","4.13%"
"06/28/2012","25.64","26.11","26.11","25.39","4.78M","-0.89%"
"06/27/2012","25.87","25.91","25.98","25.23","4.91M","1.02%"
"06/26/2012","25.61","25.95","26.13","25.53","3.49M","-1.08%"
"06/25/2012","25.89","26.46","26.54","25.62","3.84M","-2.08%"
"06/22/2012","26.44","27.01","27.01","26.36","5.45M","-2.44%"
"06/21/2012","27.10","27.85","27.85","27.06","5.36M","-3.32%"
"06/20/2012","28.03","27.37","28.22","27.35","5.36M","2.41%"
"06/19/2012","27.37","27.04","27.43","26.64","4.57M","1.03%"
"06/18/2012","27.09","27.50","27.70","26.87","3.86M","-0.18%"
"06/15/2012","27.14","26.02","27.22","26.02","9.47M","4.51%"
"06/14/2012","25.97","26.26","26.40","25.65","5.24M","-1.33%"
"06/13/2012","26.32","26.05","26.60","26.05","6.01M","1.11%"
"06/12/2012","26.03","25.68","26.09","25.56","3.36M","1.01%"
"06/11/2012","25.77","26.90","26.99","25.63","4.65M","-1.83%"
"06/08/2012","26.25","26.27","26.38","25.90","3.61M","-1.35%"
"06/07/2012","26.61","26.39","26.93","25.98","6.31M","1.56%"
"06/06/2012","26.20","25.32","26.22","25.32","4.06M","4.26%"
"06/05/2012","25.13","25.17","25.30","24.81","2.65M","1.21%"
"06/04/2012","24.83","25.10","25.54","24.66","4.20M","-2.17%"
"06/01/2012","25.38","25.60","25.75","24.91","5.35M","0.04%"
"05/31/2012","25.37","25.86","26.07","25.16","5.59M","-1.28%"
"05/30/2012","25.70","26.26","26.30","25.60","4.37M","-2.13%"
"05/29/2012","26.26","26.02","26.56","25.90","4.98M","1.78%"
"05/25/2012","25.80","26.10","26.28","25.64","3.27M","-0.62%"
"05/24/2012","25.96","26.35","26.35","25.60","4.00M","-0.12%"
"05/23/2012","25.99","26.59","26.73","25.80","6.17M","-4.17%"
"05/22/2012","27.12","26.43","27.37","26.43","7.95M","4.07%"
"05/21/2012","26.06","25.46","26.14","25.38","6.45M","2.52%"
"05/18/2012","25.42","25.10","25.72","24.96","5.73M","-0.55%"
"05/16/2012","25.56","25.20","25.85","24.88","5.98M","0.20%"
"05/15/2012","25.51","26.18","26.31","25.50","6.34M","-2.63%"
"05/14/2012","26.20","26.70","26.70","25.70","5.93M","-2.42%"
"05/11/2012","26.85","25.75","27.02","25.42","6.81M","3.27%"
"05/10/2012","26.00","25.78","26.26","25.40","8.37M","1.96%"
"05/09/2012","25.50","25.64","25.64","24.73","7.56M","-2.07%"
"05/08/2012","26.04","26.91","26.91","25.90","5.38M","-3.41%"
"05/07/2012","26.96","26.19","26.96","25.50","3.97M","1.09%"
"05/04/2012","26.67","27.10","27.26","26.57","6.27M","-1.77%"
"05/03/2012","27.15","27.07","27.46","27.03","6.13M","0.18%"
"05/02/2012","27.10","28.64","28.64","26.99","9.05M","-2.66%"
"04/30/2012","27.84","28.88","28.89","27.73","4.57M","-3.06%"
"04/27/2012","28.72","28.50","28.87","28.10","5.45M","-0.76%"
"04/26/2012","28.94","28.91","29.03","28.24","4.48M","0.31%"
"04/25/2012","28.85","28.33","28.85","28.33","6.15M","2.30%"
"04/24/2012","28.20","28.25","28.42","27.72","7.52M","0.71%"
"04/23/2012","28.00","28.92","29.00","27.91","7.04M","-3.98%"
"04/20/2012","29.16","29.23","29.40","28.92","6.31M","-0.44%"
"04/19/2012","29.29","29.50","29.93","29.29","5.21M","-0.81%"
"04/18/2012","29.53","30.17","30.25","29.53","4.61M","-1.86%"
"04/17/2012","30.09","29.17","30.10","29.03","6.15M","1.90%"
"04/16/2012","29.53","29.80","30.03","29.16","7.42M","-1.86%"
"04/13/2012","30.09","30.44","30.58","30.04","5.20M","-1.08%"
"04/12/2012","30.42","30.30","30.42","29.93","6.04M","1.57%"
"04/11/2012","29.95","29.89","30.36","29.64","7.88M","2.22%"
"04/10/2012","29.30","30.00","30.25","29.30","7.04M","-3.33%"
"04/04/2012","30.31","31.07","31.21","30.15","3.98M","-2.79%"
"04/03/2012","31.18","31.70","31.70","31.12","3.57M","-1.33%"
"04/02/2012","31.60","31.38","31.61","30.85","4.26M","1.90%"
"03/30/2012","31.01","31.10","31.50","30.82","6.59M","1.31%"
"03/29/2012","30.61","30.70","31.20","30.41","5.20M","-0.36%"
"03/28/2012","30.72","31.50","31.50","30.62","5.21M","-2.41%"
"03/27/2012","31.48","31.80","32.00","31.43","5.28M","-0.44%"
"03/26/2012","31.62","31.34","31.88","31.05","4.36M","1.87%"
"03/23/2012","31.04","31.23","31.50","30.56","8.43M","-0.19%"
"03/22/2012","31.10","31.80","32.01","30.67","9.56M","-2.72%"
"03/21/2012","31.97","32.63","32.67","31.71","6.41M","-1.11%"
"03/20/2012","32.33","33.16","33.18","32.28","5.72M","-2.88%"
"03/19/2012","33.29","33.20","33.30","32.82","6.00M","0.88%"
"03/16/2012","33.00","32.81","33.18","32.73","4.37M","0.49%"
"03/15/2012","32.84","32.80","32.95","32.67","5.47M","0.12%"
"03/14/2012","32.80","32.94","33.00","32.45","8.26M","0.31%"
"03/13/2012","32.70","32.22","32.79","32.22","5.09M","2.12%"
"03/12/2012","32.02","32.22","32.29","31.98","4.09M","-0.96%"
"03/09/2012","32.33","32.38","32.45","31.85","5.24M","0.91%"
"03/08/2012","32.04","31.95","32.45","31.70","7.02M","1.33%"
"03/07/2012","31.62","31.30","31.73","31.19","5.09M","1.41%"
"03/06/2012","31.18","32.36","32.40","31.04","11.03M","-4.44%"
"03/05/2012","32.63","33.49","33.49","32.43","5.96M","-3.03%"
"03/02/2012","33.65","33.60","33.72","33.32","2.56M","0.24%"
"03/01/2012","33.57","33.50","33.81","33.35","4.51M","-0.09%"
"02/29/2012","33.60","33.79","34.23","33.60","6.42M","-0.15%"
"02/28/2012","33.65","33.70","34.10","33.44","5.30M","-0.27%"
"02/27/2012","33.74","34.21","34.21","33.13","6.22M","-1.46%"
"02/24/2012","34.24","34.20","34.45","34.03","4.34M","0.88%"
"02/23/2012","33.94","33.50","34.25","33.50","5.80M","0.83%"
"02/22/2012","33.66","34.23","34.52","33.46","6.68M","-1.29%"
"02/21/2012","34.10","34.08","34.58","33.70","8.94M","0.59%"
"02/20/2012","33.90","32.81","34.05","32.80","7.38M","4.28%"
"02/17/2012","32.51","32.48","33.30","32.38","10.34M","1.34%"
"02/16/2012","32.08","31.40","32.52","30.50","16.10M","4.84%"
"02/15/2012","30.60","30.90","31.18","30.48","5.65M","0.23%"
"02/14/2012","30.53","31.43","31.43","30.18","7.96M","-3.02%"
"02/13/2012","31.48","31.37","31.75","31.20","3.80M","0.61%"
"02/10/2012","31.29","31.70","31.96","31.07","4.91M","-2.64%"
"02/09/2012","32.14","31.64","32.15","31.63","6.30M","1.64%"
"02/08/2012","31.62","31.60","32.17","31.59","4.69M","0.13%"
"02/07/2012","31.58","31.50","31.60","31.07","4.51M","0.29%"
"02/06/2012","31.49","31.38","31.50","30.89","4.85M","0.99%"
"02/03/2012","31.18","31.00","31.49","30.73","6.57M","0.65%"
"02/02/2012","30.98","30.90","31.11","30.62","8.03M","-0.45%"
"02/01/2012","31.12","30.00","31.36","29.55","11.64M","0.39%"
"01/31/2012","31.00","31.34","31.37","30.84","5.46M","0.78%"
"01/30/2012","30.76","31.21","31.54","30.57","7.56M","-2.60%"
"01/27/2012","31.58","31.34","31.87","31.11","8.01M","0.57%"
"01/26/2012","31.40","30.81","31.72","30.81","6.57M","1.95%"
"01/25/2012","30.80","30.92","31.01","30.32","4.33M","0.20%"
"01/24/2012","30.74","31.17","31.24","30.37","9.09M","-2.47%"
"01/23/2012","31.52","31.32","31.74","31.10","5.30M","1.06%"
"01/20/2012","31.19","31.45","31.45","30.75","6.04M","-0.80%"
"01/19/2012","31.44","30.95","31.60","30.64","7.71M","1.75%"
"01/18/2012","30.90","30.78","30.98","30.20","5.74M","0.29%"
"01/17/2012","30.81","30.70","30.95","30.39","7.00M","2.29%"
"01/16/2012","30.12","29.93","30.17","29.55","4.52M","0.40%"
"01/13/2012","30.00","30.22","30.39","29.50","6.28M","0.47%"
"01/12/2012","29.86","29.43","30.34","29.40","9.63M","1.56%"
"01/11/2012","29.40","29.53","29.68","29.13","7.72M","-0.34%"
"01/10/2012","29.50","29.00","29.60","28.75","10.98M","4.91%"
"01/09/2012","28.12","28.47","28.81","28.05","6.31M","-1.54%"
"01/06/2012","28.56","28.80","29.25","28.22","9.44M","-1.01%"
"01/05/2012","28.85","29.35","29.65","28.67","8.90M","-1.37%"
"01/04/2012","29.25","29.05","29.52","28.82","7.15M","0.58%"
"01/03/2012","29.08","28.57","29.12","28.37","5.01M","2.50%"
"01/02/2012","28.37","27.75","28.45","27.56","2.01M","2.27%"
"12/30/2011","27.74","27.51","27.76","27.41","1.98M","0.87%"
"12/29/2011","27.50","27.62","27.62","27.22","2.58M","0.55%"
"12/28/2011","27.35","28.00","28.08","27.35","3.27M","-1.80%"
"12/27/2011","27.85","27.56","28.06","27.41","1.73M","1.05%"
"12/23/2011","27.56","27.46","27.65","27.23","2.70M","0.58%"
"12/22/2011","27.40","27.10","27.40","26.94","3.56M","1.67%"
"12/21/2011","26.95","27.49","27.71","26.80","6.90M","-0.70%"
"12/20/2011","27.14","26.09","27.14","25.89","7.03M","4.75%"
"12/19/2011","25.91","26.02","26.89","25.85","5.35M","-2.00%"
"12/16/2011","26.44","26.04","26.72","25.73","8.96M","4.55%"
"12/15/2011","25.29","25.00","25.80","24.65","6.91M","1.69%"
"12/14/2011","24.87","26.28","26.57","24.87","6.95M","-6.15%"
"12/13/2011","26.50","26.19","26.67","25.84","6.84M","1.18%"
"12/12/2011","26.19","26.66","26.82","26.11","6.49M","-2.42%"
"12/09/2011","26.84","25.82","26.91","25.65","6.90M","2.72%"
"12/08/2011","26.13","27.24","27.24","26.05","6.28M","-2.61%"
"12/07/2011","26.83","27.45","27.80","26.66","6.40M","-0.70%"
"12/06/2011","27.02","26.33","27.22","26.30","5.21M","0.30%"
"12/05/2011","26.94","26.88","27.12","26.47","4.43M","1.78%"
"12/02/2011","26.47","27.05","27.32","26.24","8.51M","-1.45%"
"12/01/2011","26.86","27.96","27.96","26.38","10.94M","-2.89%"
"11/30/2011","27.66","25.99","27.66","25.68","10.22M","5.37%"
"11/29/2011","26.25","26.40","26.69","25.69","5.96M","-0.49%"
"11/28/2011","26.38","25.50","26.38","25.39","6.00M","5.31%"
"11/25/2011","25.05","24.52","25.25","24.20","5.60M","1.75%"
"11/24/2011","24.62","24.23","25.19","24.06","7.77M","2.75%"
"11/23/2011","23.96","25.00","25.20","23.76","9.07M","-5.71%"
"11/22/2011","25.41","26.00","26.24","25.41","5.41M","-1.47%"
"11/21/2011","25.79","27.40","27.41","25.72","7.70M","-6.49%"
"11/18/2011","27.58","27.90","28.10","27.35","4.77M","-1.89%"
"11/17/2011","28.11","28.67","28.74","28.05","6.15M","-1.95%"
"11/16/2011","28.67","28.50","29.20","28.50","5.30M","-0.17%"
"11/15/2011","28.72","28.88","29.10","28.34","6.29M","-1.07%"
"11/14/2011","29.03","29.67","29.86","28.93","5.76M","-1.02%"
"11/11/2011","29.33","28.79","29.33","28.53","5.49M","2.80%"
"11/10/2011","28.53","28.21","29.27","28.10","6.29M","-1.38%"
"11/09/2011","28.93","30.05","30.22","28.68","10.04M","-2.69%"
"11/08/2011","29.73","29.70","30.34","29.66","7.68M","0.10%"
"11/07/2011","29.70","29.32","30.19","29.05","6.31M","0.34%"
"11/04/2011","29.60","29.69","30.25","29.10","9.22M","0.48%"
"11/03/2011","29.46","27.77","29.48","27.62","7.76M","2.94%"
"11/02/2011","28.62","28.30","28.75","27.60","9.02M","1.49%"
"11/01/2011","28.20","28.15","28.45","27.46","10.80M","-2.99%"
"10/31/2011","29.07","30.00","30.29","29.07","7.33M","-4.25%"
"10/28/2011","30.36","30.80","31.00","30.10","8.10M","-0.75%"
"10/27/2011","30.59","30.00","30.65","29.11","14.92M","4.80%"
"10/26/2011","29.19","29.44","30.05","28.96","6.45M","-0.85%"
"10/25/2011","29.44","29.70","30.43","29.07","8.62M","-1.74%"
"10/24/2011","29.96","29.00","29.96","28.72","8.13M","5.12%"
"10/21/2011","28.50","27.78","28.50","27.32","7.49M","4.24%"
"10/20/2011","27.34","27.35","27.84","27.13","8.58M","-1.55%"
"10/19/2011","27.77","28.49","28.65","27.77","7.47M","-0.75%"
"10/18/2011","27.98","27.54","28.08","27.01","8.13M","0.07%"
"10/17/2011","27.96","28.90","29.38","27.78","7.67M","-1.38%"
"10/14/2011","28.35","28.10","28.90","28.00","7.27M","1.25%"
"10/13/2011","28.00","28.05","29.08","27.76","8.76M","-0.53%"
"10/12/2011","28.15","27.01","28.35","26.90","9.11M","1.33%"
"10/11/2011","27.78","28.34","28.35","27.42","5.80M","-2.11%"
"10/10/2011","28.38","27.42","28.40","27.08","5.73M","4.92%"
"10/07/2011","27.05","27.77","28.05","27.02","6.53M","-1.35%"
"10/06/2011","27.42","26.02","27.48","25.81","11.10M","6.90%"
"10/05/2011","25.65","25.20","25.65","24.84","9.68M","4.57%"
"10/04/2011","24.53","25.71","25.96","24.53","11.74M","-5.58%"
"10/03/2011","25.98","26.17","26.73","25.85","7.55M","-4.03%"
"09/30/2011","27.07","27.21","28.12","26.76","6.93M","-1.20%"
"09/29/2011","27.40","26.90","27.83","26.82","8.52M","1.41%"
"09/28/2011","27.02","27.51","27.96","26.96","6.96M","-3.26%"
"09/27/2011","27.93","27.28","28.00","27.11","7.27M","5.92%"
"09/26/2011","26.37","25.84","27.09","25.50","11.48M","-2.33%"
"09/23/2011","27.00","27.43","27.71","26.33","6.71M","-1.17%"
"09/22/2011","27.32","28.02","28.10","27.32","9.98M","-5.70%"
"09/21/2011","28.97","29.06","29.28","28.77","6.04M","-0.75%"
"09/20/2011","29.19","28.66","29.44","28.54","8.95M","1.21%"
"09/19/2011","28.84","29.82","29.87","28.76","8.12M","-4.76%"
"09/16/2011","30.28","30.67","31.00","30.08","7.48M","0.10%"
"09/15/2011","30.25","30.20","30.66","30.01","8.52M","1.51%"
"09/14/2011","29.80","28.32","29.89","28.25","7.34M","3.91%"
"09/13/2011","28.68","29.54","29.57","28.02","9.46M","-1.17%"
"09/12/2011","29.02","28.97","29.50","28.60","6.00M","-2.45%"
"09/09/2011","29.75","30.70","31.00","29.65","5.39M","-4.03%"
"09/08/2011","31.00","30.48","31.28","30.19","9.47M","1.84%"
"09/07/2011","30.44","29.78","30.44","29.36","6.63M","5.51%"
"09/06/2011","28.85","29.56","29.97","28.42","11.01M","-2.43%"
"09/05/2011","29.57","31.00","31.24","29.57","10.73M","-7.71%"
"09/02/2011","32.04","32.70","32.90","31.93","7.07M","-3.49%"
"09/01/2011","33.20","32.85","33.69","32.43","9.47M","1.37%"
"08/31/2011","32.75","32.00","33.15","31.71","7.53M","2.83%"
"08/30/2011","31.85","32.42","32.42","31.30","6.91M","1.27%"
"08/29/2011","31.45","31.25","31.50","30.70","5.59M","2.34%"
"08/26/2011","30.73","30.70","30.90","29.90","5.49M","0.07%"
"08/25/2011","30.71","31.25","31.57","30.52","6.63M","-0.52%"
"08/24/2011","30.87","30.28","31.00","29.71","7.77M","3.38%"
"08/23/2011","29.86","30.40","30.78","29.36","6.77M","-0.30%"
"08/22/2011","29.95","29.69","30.58","29.41","5.98M","-0.20%"
"08/19/2011","30.01","30.30","30.66","28.80","12.46M","-1.61%"
"08/18/2011","30.50","32.50","32.62","30.40","9.29M","-7.49%"
"08/17/2011","32.97","32.55","33.24","32.30","6.58M","0.43%"
"08/16/2011","32.83","33.30","33.30","32.31","7.11M","-1.56%"
"08/15/2011","33.35","33.40","33.58","32.78","6.98M","1.93%"
"08/12/2011","32.72","32.39","32.99","31.50","8.09M","2.19%"
"08/11/2011","32.02","31.90","32.20","30.30","10.20M","3.12%"
"08/10/2011","31.05","33.32","33.56","30.69","12.34M","-3.72%"
"08/09/2011","32.25","31.06","32.56","29.90","18.77M","2.54%"
"08/08/2011","31.45","31.70","33.20","30.80","15.55M","-4.70%"
"08/05/2011","33.00","32.30","34.86","31.65","17.52M","-1.76%"
"08/04/2011","33.59","35.39","35.40","33.59","14.00M","-3.37%"
"08/03/2011","34.76","35.50","35.50","34.33","12.21M","-2.96%"
"08/02/2011","35.82","37.62","37.62","35.66","14.76M","-4.58%"
"08/01/2011","37.54","39.32","39.45","37.50","5.89M","-2.54%"
"07/29/2011","38.52","38.30","38.78","38.01","3.69M","-0.85%"
"07/28/2011","38.85","39.14","39.38","37.83","7.13M","-1.42%"
"07/27/2011","39.41","39.89","40.15","39.30","6.46M","-0.88%"
"07/26/2011","39.76","40.00","40.78","39.64","13.76M","2.16%"
"07/25/2011","38.92","38.35","39.02","37.83","5.46M","1.01%"
"07/22/2011","38.53","38.71","38.88","38.17","5.32M","0.29%"
"07/21/2011","38.42","38.08","38.59","37.52","4.93M","1.16%"
"07/20/2011","37.98","37.95","38.43","37.75","4.19M","1.39%"
"07/19/2011","37.46","37.20","37.83","37.17","4.90M","0.62%"
"07/18/2011","37.23","37.75","38.29","37.02","4.49M","-2.77%"
"07/15/2011","38.29","38.14","38.29","37.80","3.32M","-0.42%"
"07/14/2011","38.45","38.53","38.99","38.37","3.59M","-1.81%"
"07/13/2011","39.16","38.70","39.37","38.70","5.80M","1.32%"
"07/12/2011","38.65","38.70","38.77","37.76","9.33M","-1.73%"
"07/11/2011","39.33","39.84","40.20","39.15","5.76M","-1.85%"
"07/08/2011","40.07","41.67","41.85","39.80","7.17M","-3.79%"
"07/07/2011","41.65","41.30","41.90","40.81","6.26M","1.73%"
"07/06/2011","40.94","42.30","42.32","40.63","11.71M","-3.26%"
"07/05/2011","42.32","41.96","42.45","41.60","4.57M","0.64%"
"07/04/2011","42.05","42.00","42.29","41.55","4.58M","0.65%"
"07/01/2011","41.78","41.31","41.79","40.70","6.30M","1.14%"
"06/30/2011","41.31","41.08","41.31","40.56","8.88M","1.57%"
"06/29/2011","40.67","39.29","40.72","39.26","8.03M","4.68%"
"06/28/2011","38.85","38.58","39.07","38.41","4.43M","2.02%"
"06/27/2011","38.08","37.81","38.50","37.40","4.98M","0.47%"
"06/24/2011","37.90","38.50","39.06","37.72","5.25M","0.64%"
"06/23/2011","37.66","38.64","38.86","37.65","5.57M","-2.86%"
"06/22/2011","38.77","39.64","39.65","38.75","5.24M","-1.07%"
"06/21/2011","39.19","38.18","39.29","38.15","6.57M","3.46%"
"06/20/2011","37.88","38.05","38.15","37.44","7.19M","-1.56%"
"06/17/2011","38.48","38.39","39.24","37.30","8.92M","0.63%"
"06/16/2011","38.24","38.36","38.74","37.68","9.42M","-0.86%"
"06/15/2011","38.57","39.63","40.04","37.50","9.26M","-2.72%"
"06/14/2011","39.65","39.84","40.00","38.76","10.21M","-0.30%"
"06/10/2011","39.77","40.70","40.93","39.60","6.69M","-2.16%"
"06/09/2011","40.65","40.01","41.01","39.71","7.35M","0.67%"
"06/08/2011","40.38","41.38","41.48","40.02","8.42M","-2.51%"
"06/07/2011","41.42","41.23","41.80","41.22","4.45M","0.02%"
"06/06/2011","41.41","41.37","41.93","41.15","4.32M","0.41%"
"06/03/2011","41.24","41.84","42.35","40.60","7.84M","-2.90%"
"06/01/2011","42.47","43.40","43.40","42.40","5.59M","-1.62%"
"05/31/2011","43.17","42.75","43.37","42.75","10.18M","1.91%"
"05/30/2011","42.36","42.35","42.50","42.20","2.55M","0.50%"
"05/27/2011","42.15","42.25","42.49","41.78","5.98M","0.72%"
"05/26/2011","41.85","42.00","42.32","41.83","11.04M","0.26%"
"05/25/2011","41.74","40.50","41.75","40.50","9.00M","2.13%"
"05/24/2011","40.87","41.20","41.58","40.64","8.13M","-0.29%"
"05/23/2011","40.99","41.80","41.80","39.24","8.20M","-3.14%"
"05/20/2011","42.32","42.69","43.10","42.06","6.83M","-0.49%"
"05/19/2011","42.53","43.17","43.17","42.50","6.15M","0.00%"
"05/18/2011","42.53","42.10","43.18","42.00","7.47M","-0.05%"
"05/16/2011","42.55","42.53","42.75","41.52","7.50M","-0.65%"
"05/13/2011","42.83","43.45","43.53","42.80","5.00M","-0.07%"
"05/12/2011","42.86","42.90","43.17","42.24","8.07M","-1.83%"
"05/11/2011","43.66","44.00","44.63","43.55","7.43M","-0.55%"
"05/10/2011","43.90","43.00","44.34","43.00","6.73M","2.43%"
"05/09/2011","42.86","43.40","44.00","42.85","5.44M","-1.20%"
"05/06/2011","43.38","42.42","43.71","42.00","8.68M","1.07%"
"05/05/2011","42.92","43.70","44.06","42.42","9.48M","-1.24%"
"05/04/2011","43.46","45.74","45.90","43.46","15.40M","-5.64%"
"05/03/2011","46.06","46.41","46.44","45.65","8.08M","-0.97%"
"05/02/2011","46.51","46.50","46.79","46.00","6.17M","0.02%"
"04/29/2011","46.50","46.50","47.08","46.00","8.20M","-1.25%"
"04/28/2011","47.09","47.84","47.90","46.70","6.38M","-0.53%"
"04/27/2011","47.34","48.36","48.36","47.20","7.49M","-1.87%"
"04/26/2011","48.24","47.25","48.59","47.25","5.98M","0.86%"
"04/20/2011","47.83","47.08","47.85","47.08","4.40M","2.46%"
"04/19/2011","46.68","45.71","46.85","45.64","3.95M","2.28%"
"04/18/2011","45.64","46.87","46.96","45.30","5.48M","-2.73%"
"04/15/2011","46.92","46.59","47.05","46.27","6.05M","0.95%"
"04/14/2011","46.48","47.07","47.17","46.24","6.77M","-1.69%"
"04/13/2011","47.28","46.84","47.35","46.80","6.15M","1.24%"
"04/12/2011","46.70","46.97","47.48","46.47","10.93M","-2.79%"
"04/11/2011","48.04","48.00","48.39","47.92","4.32M","-0.23%"
"04/08/2011","48.15","47.95","48.33","47.80","7.30M","1.48%"
"04/07/2011","47.45","47.94","48.13","47.26","8.64M","-0.77%"
"04/06/2011","47.82","47.10","47.99","47.05","12.46M","2.18%"
"04/05/2011","46.80","46.30","47.00","46.12","8.35M","0.99%"
"04/04/2011","46.34","45.74","46.41","45.65","8.73M","1.31%"
"04/01/2011","45.74","45.33","45.89","45.33","5.19M","0.84%"
"03/31/2011","45.36","45.75","45.75","45.20","5.41M","0.00%"
"03/30/2011","45.36","45.90","45.95","45.34","7.20M","-0.04%"
"03/29/2011","45.38","45.12","45.48","44.73","7.04M","0.60%"
"03/28/2011","45.11","45.35","45.61","45.11","5.13M","-0.88%"
"03/25/2011","45.51","44.99","45.55","44.80","8.16M","1.77%"
"03/24/2011","44.72","44.00","44.73","44.00","8.04M","2.26%"
"03/23/2011","43.73","43.31","43.99","43.12","6.71M","0.76%"
"03/22/2011","43.40","43.49","43.83","43.15","7.01M","0.18%"
"03/21/2011","43.32","43.10","43.53","43.00","5.77M","1.79%"
"03/18/2011","42.56","43.30","43.39","42.44","11.14M","-0.14%"
"03/17/2011","42.62","41.26","42.85","41.26","13.32M","3.88%"
"03/16/2011","41.03","42.39","42.39","40.81","15.05M","-1.11%"
"03/15/2011","41.49","41.00","41.60","39.90","25.00M","-1.21%"
"03/14/2011","42.00","42.21","42.99","41.73","12.81M","-1.80%"
"03/11/2011","42.77","43.16","43.40","42.18","10.99M","-2.35%"
"03/10/2011","43.80","44.06","44.58","43.75","9.61M","-2.08%"
"03/09/2011","44.73","44.93","45.20","44.61","6.12M","-0.51%"
"03/08/2011","44.96","45.76","45.97","44.76","8.14M","-1.49%"
"03/07/2011","45.64","45.80","46.21","45.45","5.29M","-0.35%"
"03/04/2011","45.80","46.00","46.56","45.71","7.95M","0.09%"
"03/03/2011","45.76","45.82","45.90","45.42","5.95M","0.99%"
"03/02/2011","45.31","44.90","45.51","44.44","8.00M","-0.44%"
"03/01/2011","45.51","46.28","46.64","45.02","9.53M","-1.28%"
"02/28/2011","46.10","45.09","46.20","45.09","12.40M","3.29%"
"02/25/2011","44.63","44.17","44.81","44.05","6.89M","2.08%"
"02/24/2011","43.72","43.00","44.18","42.50","7.28M","0.55%"
"02/23/2011","43.48","44.50","44.69","43.25","10.65M","-2.51%"
"02/22/2011","44.60","45.46","45.50","43.30","14.95M","-2.83%"
"02/21/2011","45.90","46.73","46.87","45.77","8.01M","-1.84%"
"02/18/2011","46.76","46.43","46.85","45.94","8.13M","1.43%"
"02/17/2011","46.10","46.68","46.93","45.88","14.50M","-1.26%"
"02/16/2011","46.69","45.30","46.70","44.82","27.91M","3.53%"
"02/15/2011","45.10","45.30","45.55","44.91","10.76M","-0.18%"
"02/14/2011","45.18","44.82","45.44","44.74","13.98M","1.67%"
"02/11/2011","44.44","43.78","44.49","43.55","8.44M","1.72%"
"02/10/2011","43.69","44.69","44.69","43.36","8.69M","-1.73%"
"02/09/2011","44.46","44.73","44.79","43.97","7.53M","-0.31%"
"02/08/2011","44.60","44.99","45.20","44.40","8.52M","-0.31%"
"02/07/2011","44.74","44.10","44.88","44.00","7.46M","1.22%"
"02/04/2011","44.20","44.25","44.45","44.08","4.93M","0.00%"
"02/03/2011","44.20","44.39","44.70","43.96","6.45M","-0.58%"
"02/02/2011","44.46","44.80","44.90","44.01","11.41M","0.59%"
"02/01/2011","44.20","43.61","44.21","43.61","11.99M","1.98%"
"01/31/2011","43.34","43.01","43.34","42.54","5.59M","0.14%"
"01/28/2011","43.28","43.34","43.90","43.16","7.81M","-0.14%"
"01/27/2011","43.34","43.50","43.80","43.34","7.17M","0.39%"
"01/26/2011","43.17","42.85","43.37","42.65","7.91M","1.84%"
"01/25/2011","42.39","43.20","43.40","42.39","8.68M","-0.96%"
"01/24/2011","42.80","43.10","43.19","41.73","9.06M","-0.44%"
"01/21/2011","42.99","42.92","43.34","42.65","8.44M","1.13%"
"01/20/2011","42.51","43.80","44.00","42.51","15.91M","-3.61%"
"01/19/2011","44.10","44.99","45.08","43.96","10.75M","-1.32%"
"01/18/2011","44.69","44.20","44.87","44.09","11.00M","2.01%"
"01/17/2011","43.81","44.18","44.18","43.70","5.41M","-0.64%"
"01/14/2011","44.09","43.70","44.15","43.45","11.31M","0.59%"
"01/13/2011","43.83","44.49","44.49","43.31","19.48M","-1.86%"
"01/12/2011","44.66","44.60","44.92","44.25","10.62M","0.84%"
"01/11/2011","44.29","43.60","44.62","43.30","16.14M","1.40%"
"01/10/2011","43.68","43.76","43.80","43.21","8.75M","0.02%"
"01/07/2011","43.67","43.85","44.00","43.30","12.33M","-0.41%"
"01/06/2011","43.85","43.87","44.20","43.67","15.51M","0.55%"
"01/05/2011","43.61","43.50","43.63","42.57","12.98M","1.21%"
"01/04/2011","43.09","43.95","43.99","43.07","12.00M","-1.62%"
"01/03/2011","43.80","43.10","44.05","43.00","11.90M","2.79%"
"12/30/2010","42.61","42.75","42.86","42.51","2.82M","-0.44%"
"12/29/2010","42.80","42.75","42.90","42.62","2.35M","0.28%"
"12/28/2010","42.68","42.60","42.95","42.36","3.58M","0.85%"
"12/27/2010","42.32","42.55","42.65","41.90","2.66M","-0.45%"
"12/23/2010","42.51","42.40","42.57","42.06","4.54M","0.64%"
"12/22/2010","42.24","42.18","42.31","41.64","7.10M","-0.14%"
"12/21/2010","42.30","41.35","42.30","41.35","11.77M","3.37%"
"12/20/2010","40.92","40.60","41.25","40.34","10.46M","1.11%"
"12/17/2010","40.47","40.40","40.50","39.97","9.00M","1.07%"
"12/16/2010","40.04","39.50","40.04","39.46","8.52M","1.50%"
"12/15/2010","39.45","39.30","39.71","38.88","6.82M","0.10%"
"12/14/2010","39.41","39.40","39.73","39.22","10.52M","-1.84%"
"12/13/2010","40.15","39.92","40.18","39.84","6.57M","1.52%"
"12/10/2010","39.55","39.95","39.95","39.40","9.17M","-0.35%"
"12/09/2010","39.69","40.25","40.34","39.33","10.29M","0.13%"
"12/08/2010","39.64","39.05","40.38","38.76","16.30M","0.99%"
"12/07/2010","39.25","38.65","39.88","38.50","18.06M","2.24%"
"12/06/2010","38.39","38.35","38.74","37.99","6.62M","-0.03%"
"12/03/2010","38.40","38.40","38.98","37.90","11.97M","0.39%"
"12/02/2010","38.25","37.70","38.43","37.59","10.90M","2.11%"
"12/01/2010","37.46","36.70","37.46","36.70","8.01M","2.57%"
"11/30/2010","36.52","36.25","36.68","36.03","9.29M","0.77%"
"11/29/2010","36.24","37.21","37.45","36.12","7.81M","-2.11%"
"11/26/2010","37.02","37.37","37.47","36.70","6.59M","-1.83%"
"11/25/2010","37.71","37.85","37.85","37.36","4.15M","0.05%"
"11/24/2010","37.69","37.46","37.78","36.75","7.28M","1.43%"
"11/23/2010","37.16","37.57","37.80","37.01","7.52M","-2.44%"
"11/22/2010","38.09","38.60","38.98","37.93","7.85M","-0.29%"
"11/19/2010","38.20","38.28","38.32","37.69","8.10M","0.58%"
"11/18/2010","37.98","37.56","38.36","37.55","9.71M","2.32%"
"11/17/2010","37.12","36.95","37.28","36.62","9.16M","0.16%"
"11/16/2010","37.06","38.13","38.27","36.97","14.27M","-4.06%"
"11/15/2010","38.63","38.17","38.99","38.11","10.47M","0.08%"
"11/12/2010","38.60","38.62","38.93","38.15","17.53M","-2.11%"
"11/11/2010","39.43","38.65","39.74","38.65","22.39M","3.27%"
"11/10/2010","38.18","38.39","38.86","38.18","12.74M","-0.81%"
"11/09/2010","38.49","37.80","38.89","37.53","12.64M","1.93%"
"11/08/2010","37.76","38.57","38.61","37.25","19.27M","-2.43%"
"11/05/2010","38.70","38.38","39.10","38.05","17.82M","1.79%"
"11/04/2010","38.02","36.90","38.30","36.82","19.51M","4.82%"
"11/03/2010","36.27","36.80","37.15","36.27","10.42M","-1.41%"
"11/02/2010","36.79","36.65","36.90","36.27","9.99M","0.57%"
"11/01/2010","36.58","36.40","36.91","36.25","12.16M","2.01%"
"10/29/2010","35.86","36.26","36.26","35.62","10.70M","-1.16%"
"10/28/2010","36.28","36.75","36.79","36.18","8.54M","-0.38%"
"10/27/2010","36.42","36.62","36.98","36.34","13.33M","-2.49%"
"10/26/2010","37.35","37.33","37.55","36.80","10.08M","-0.03%"
"10/25/2010","37.36","36.59","37.52","36.59","8.64M","2.38%"
"10/22/2010","36.49","36.58","36.87","36.40","5.13M","-0.44%"
"10/21/2010","36.65","36.46","36.90","36.25","7.22M","0.41%"
"10/20/2010","36.50","36.09","36.52","35.84","10.51M","0.94%"
"10/19/2010","36.16","37.39","37.42","36.00","13.06M","-2.87%"
"10/18/2010","37.23","36.95","37.45","36.69","7.62M","-0.16%"
"10/15/2010","37.29","37.50","37.72","37.05","7.47M","-0.45%"
"10/14/2010","37.46","37.94","37.94","37.25","11.12M","-0.29%"
"10/13/2010","37.57","37.30","37.95","37.27","11.61M","1.35%"
"10/12/2010","37.07","37.60","37.70","36.60","14.23M","-2.19%"
"10/11/2010","37.90","38.00","38.14","37.60","11.92M","1.01%"
"10/08/2010","37.52","37.21","37.57","36.60","14.51M","2.37%"
"10/07/2010","36.65","36.80","36.96","36.42","12.43M","0.25%"
"10/06/2010","36.56","36.20","36.75","36.01","15.14M","1.87%"
"10/05/2010","35.89","34.98","35.89","34.50","8.50M","2.31%"
"10/04/2010","35.08","35.82","35.88","35.08","7.61M","-1.43%"
"10/01/2010","35.59","35.68","35.96","35.40","9.58M","0.25%"
"09/30/2010","35.50","35.11","36.07","35.11","11.30M","0.45%"
"09/29/2010","35.34","35.77","35.90","35.11","9.64M","-0.90%"
"09/28/2010","35.66","35.15","35.67","34.95","11.34M","0.31%"
"09/27/2010","35.55","35.82","35.97","35.26","13.11M","0.06%"
"09/24/2010","35.53","34.50","35.71","34.24","16.08M","2.99%"
"09/23/2010","34.50","35.00","35.29","33.72","17.42M","0.44%"
"09/22/2010","34.35","34.47","35.04","34.30","21.52M","1.09%"
"09/21/2010","33.98","33.70","34.40","33.65","12.99M","0.80%"
"09/20/2010","33.71","33.30","33.80","33.16","7.47M","1.26%"
"09/17/2010","33.29","33.14","33.57","32.90","7.05M","0.91%"
"09/16/2010","32.99","33.00","33.20","32.65","5.83M","-0.30%"
"09/15/2010","33.09","33.20","33.39","32.78","7.20M","-0.75%"
"09/14/2010","33.34","33.78","33.79","32.86","10.72M","-0.33%"
"09/13/2010","33.45","33.56","33.71","33.35","5.92M","0.36%"
"09/10/2010","33.33","33.09","33.43","32.95","8.04M","0.79%"
"09/09/2010","33.07","32.69","33.45","32.60","10.73M","0.82%"
"09/08/2010","32.80","31.87","32.95","31.78","13.50M","3.86%"
"09/07/2010","31.58","31.85","32.02","31.45","6.30M","-1.22%"
"09/06/2010","31.97","32.55","32.55","31.87","4.75M","-0.34%"
"09/03/2010","32.08","31.97","32.71","31.62","10.46M","1.55%"
"09/02/2010","31.59","31.80","31.99","31.51","7.64M","-0.41%"
"09/01/2010","31.72","30.25","31.81","29.96","12.34M","5.56%"
"08/31/2010","30.05","29.75","30.12","29.53","7.65M","-0.43%"
"08/30/2010","30.18","30.62","30.80","30.06","5.55M","-0.59%"
"08/27/2010","30.36","30.21","30.36","29.65","11.41M","-0.10%"
"08/26/2010","30.39","30.35","30.66","30.01","7.50M","1.27%"
"08/25/2010","30.01","30.20","30.57","29.60","9.06M","-0.92%"
"08/24/2010","30.29","30.85","30.89","30.09","10.33M","-2.57%"
"08/23/2010","31.09","31.38","31.79","31.01","6.65M","-0.64%"
"08/20/2010","31.29","31.55","31.87","30.98","9.58M","-1.07%"
"08/19/2010","31.63","32.16","32.67","31.56","14.54M","-1.09%"
"08/18/2010","31.98","31.97","32.17","31.71","11.88M","-0.19%"
"08/17/2010","32.04","31.34","32.04","31.00","12.14M","3.25%"
"08/16/2010","31.03","31.00","31.38","30.62","6.80M","0.55%"
"08/13/2010","30.86","31.40","31.45","30.41","8.63M","-0.23%"
"08/12/2010","30.93","31.04","31.46","30.52","15.00M","-0.55%"
"08/11/2010","31.10","32.25","32.25","31.06","15.08M","-4.34%"
"08/10/2010","32.51","33.00","33.16","32.15","17.70M","-3.65%"
"08/09/2010","33.74","34.10","34.41","33.67","7.15M","-0.03%"
"08/06/2010","33.75","33.67","34.27","33.44","10.72M","0.78%"
"08/05/2010","33.49","33.90","34.20","33.43","7.38M","-1.03%"
"08/04/2010","33.84","33.77","34.15","33.30","6.94M","0.15%"
"08/03/2010","33.79","34.31","34.45","33.50","6.18M","-1.11%"
"08/02/2010","34.17","33.36","34.44","33.10","10.53M","4.50%"
"07/30/2010","32.70","31.91","33.07","31.50","10.55M","2.06%"
"07/29/2010","32.04","33.99","34.00","32.00","14.29M","-4.95%"
"07/28/2010","33.71","34.48","34.75","33.27","8.05M","-1.52%"
"07/27/2010","34.23","35.50","35.84","34.00","12.10M","-2.06%"
"07/26/2010","34.95","34.36","34.98","33.90","10.13M","3.40%"
"07/23/2010","33.80","34.00","34.50","33.27","7.67M","-0.32%"
"07/22/2010","33.91","33.19","34.06","32.87","7.95M","1.59%"
"07/21/2010","33.38","32.86","33.55","32.57","9.10M","2.71%"
"07/20/2010","32.50","33.17","33.24","31.10","8.99M","-0.73%"
"07/19/2010","32.74","32.30","33.06","32.08","7.31M","1.33%"
"07/16/2010","32.31","32.70","33.07","32.00","9.62M","0.31%"
"07/15/2010","32.21","32.49","32.89","31.76","10.93M","-0.74%"
"07/14/2010","32.45","33.00","33.17","32.24","12.65M","-0.46%"
"07/13/2010","32.60","32.15","33.68","31.70","21.28M","3.03%"
"07/12/2010","31.64","32.50","32.65","31.52","8.23M","-2.83%"
"07/09/2010","32.56","32.25","32.80","31.86","7.55M","2.39%"
"07/08/2010","31.80","32.50","32.50","31.65","10.14M","-0.16%"
"07/07/2010","31.85","31.10","32.00","30.60","11.15M","2.08%"
"07/06/2010","31.20","29.62","31.64","29.55","25.97M","5.58%"
"07/05/2010","29.55","30.34","30.34","29.47","11.79M","-2.48%"
"07/02/2010","30.30","29.48","30.50","29.10","19.42M","4.27%"
"07/01/2010","29.06","29.10","30.04","28.02","19.71M","-2.32%"
"06/30/2010","29.75","30.85","30.85","29.46","16.67M","-3.19%"
"06/29/2010","30.73","31.65","31.80","30.30","15.10M","-4.36%"
"06/28/2010","32.13","33.00","33.05","31.14","18.06M","-1.74%"
"06/25/2010","32.70","33.60","33.80","32.40","13.16M","-2.68%"
"06/24/2010","33.60","35.34","35.58","33.33","8.40M","-4.65%"
"06/23/2010","35.24","35.70","36.05","35.13","6.07M","-1.54%"
"06/22/2010","35.79","36.44","36.80","35.36","7.11M","-2.13%"
"06/21/2010","36.57","35.97","37.22","35.72","14.75M","3.10%"
"06/18/2010","35.47","35.65","35.74","35.07","5.28M","-0.08%"
"06/17/2010","35.50","35.69","36.20","35.13","6.16M","-0.14%"
"06/16/2010","35.55","36.76","36.80","35.28","8.10M","-1.44%"
"06/15/2010","36.07","35.74","36.35","35.56","4.06M","0.03%"
"06/14/2010","36.06","35.27","36.14","35.27","5.36M","3.32%"
"06/11/2010","34.90","35.38","35.51","34.31","6.76M","-0.63%"
"06/10/2010","35.12","33.90","35.42","33.53","7.33M","3.23%"
"06/09/2010","34.02","33.87","34.09","33.25","5.09M","1.95%"
"06/08/2010","33.37","33.53","34.23","32.91","8.95M","0.63%"
"06/07/2010","33.16","33.65","34.09","32.89","9.70M","-4.41%"
"06/04/2010","34.69","35.59","36.20","34.44","8.28M","-2.91%"
"06/03/2010","35.73","36.02","36.55","35.56","5.84M","1.10%"
"06/02/2010","35.34","35.09","35.40","34.60","6.50M","-0.51%"
"06/01/2010","35.52","35.51","36.23","34.36","7.71M","0.00%"
"05/31/2010","35.52","36.39","36.91","35.52","4.17M","-2.15%"
"05/28/2010","36.30","36.90","37.22","36.23","6.77M","-1.12%"
"05/27/2010","36.71","36.08","36.91","35.92","9.19M","2.86%"
"05/26/2010","35.69","34.80","36.04","34.69","9.67M","4.82%"
"05/25/2010","34.05","34.43","34.45","33.19","13.51M","-7.62%"
"05/24/2010","36.86","38.32","38.32","36.86","","4.15%"
"05/21/2010","35.39","34.77","35.65","34.19","10.35M","1.03%"
"05/20/2010","35.03","36.89","37.03","34.26","12.44M","-3.87%"
"05/19/2010","36.44","37.77","37.77","35.72","16.04M","-4.88%"
"05/18/2010","38.31","38.73","38.95","37.68","7.74M","-0.42%"
"05/14/2010","38.47","40.07","40.44","38.47","8.46M","-11.36%"
"05/13/2010","43.40","43.23","43.40","43.23","","9.15%"
"05/12/2010","39.76","38.87","40.04","38.71","9.42M","1.56%"
"05/11/2010","39.15","39.42","39.42","38.43","7.58M","-0.99%"
"05/10/2010","39.54","38.97","39.75","38.73","13.70M","5.86%"
"05/07/2010","37.35","37.64","38.61","35.84","19.73M","-4.60%"
"05/06/2010","39.15","38.69","40.24","38.23","17.52M","-1.51%"
"05/05/2010","39.75","40.99","41.17","38.70","20.31M","-3.73%"
"05/04/2010","41.29","43.57","43.57","41.00","23.60M","-4.64%"
"05/03/2010","43.30","42.33","43.76","41.05","23.37M","2.63%"
"04/30/2010","42.19","43.18","43.57","42.05","9.12M","-2.56%"
"04/29/2010","43.30","43.21","43.46","42.56","8.91M","0.81%"
"04/28/2010","42.95","43.10","43.66","41.89","17.61M","-1.42%"
"04/27/2010","43.57","45.69","45.78","43.57","28.18M","0.62%"
"04/26/2010","43.30","42.84","43.30","42.70","10.87M","2.22%"
"04/23/2010","42.36","41.98","42.58","41.88","8.91M","1.05%"
"04/22/2010","41.92","41.92","42.63","41.71","9.46M","-0.02%"
"04/21/2010","41.93","42.55","42.61","41.93","7.44M","-0.71%"
"04/20/2010","42.23","41.47","42.47","41.41","8.30M","2.43%"
"04/19/2010","41.23","41.48","41.93","41.00","11.23M","-2.51%"
"04/16/2010","42.29","43.11","43.37","42.01","7.70M","-2.40%"
"04/15/2010","43.33","43.76","43.76","42.71","7.90M","-0.34%"
"04/14/2010","43.48","42.93","43.62","42.88","11.03M","2.60%"
"04/13/2010","42.38","42.38","42.65","41.78","10.90M","-1.00%"
"04/12/2010","42.81","42.87","43.10","42.38","7.19M","0.47%"
"04/09/2010","42.61","42.56","42.91","42.39","9.18M","0.78%"
"04/08/2010","42.28","42.19","42.38","41.73","6.93M","-0.49%"
"04/07/2010","42.49","42.69","42.96","42.24","10.05M","-0.38%"
"04/06/2010","42.65","42.93","43.02","42.24","14.97M","2.20%"
"03/31/2010","41.73","40.74","41.73","40.74","4.07M","1.95%"
"03/30/2010","40.93","41.37","41.78","40.65","9.54M","-0.10%"
"03/29/2010","40.97","40.55","41.27","40.53","7.03M","1.64%"
"03/26/2010","40.31","40.26","40.66","39.98","8.41M","-0.10%"
"03/25/2010","40.35","39.41","40.63","39.21","12.24M","2.33%"
"03/24/2010","39.43","39.52","39.84","39.06","6.91M","-0.45%"
"03/23/2010","39.61","38.83","39.61","38.83","8.27M","2.67%"
"03/22/2010","38.58","38.35","38.78","37.81","6.10M","0.03%"
"03/19/2010","38.57","39.38","39.68","38.55","9.58M","-1.71%"
"03/18/2010","39.24","39.61","39.94","39.15","9.18M","-1.08%"
"03/17/2010","39.67","38.72","39.77","38.72","12.98M","3.44%"
"03/16/2010","38.35","38.42","38.73","38.10","8.16M","-0.13%"
"03/15/2010","38.40","38.90","39.15","38.07","6.61M","-1.87%"
"03/12/2010","39.13","39.24","39.60","38.88","6.82M","-0.05%"
"03/11/2010","39.15","39.29","39.50","38.97","7.25M","-1.04%"
"03/10/2010","39.56","38.88","39.72","38.74","10.15M","1.20%"
"03/09/2010","39.09","39.48","39.61","38.51","9.71M","-0.69%"
"03/08/2010","39.36","40.72","40.77","39.24","9.56M","-1.85%"
"03/05/2010","40.10","39.71","40.17","39.43","10.60M","2.43%"
"03/04/2010","39.15","38.37","39.71","38.16","12.69M","1.32%"
"03/03/2010","38.64","37.96","38.76","37.73","10.58M","1.42%"
"03/02/2010","38.10","37.25","38.51","37.25","12.22M","1.87%"
"03/01/2010","37.40","37.20","37.67","36.80","11.57M","1.99%"
"02/26/2010","36.67","37.13","37.25","36.22","8.08M","0.33%"
"02/25/2010","36.55","37.44","37.72","36.55","8.19M","-2.69%"
"02/24/2010","37.56","37.41","37.86","36.90","8.71M","0.67%"
"02/23/2010","37.31","39.13","39.20","37.27","9.50M","-3.57%"
"02/22/2010","38.69","38.51","39.22","38.42","10.00M","1.31%"
"02/19/2010","38.19","37.11","38.37","36.99","9.67M","1.14%"
"02/18/2010","37.76","36.39","37.82","35.76","14.89M","3.25%"
"02/17/2010","36.57","37.08","38.32","36.27","26.95M","-4.72%"
"02/16/2010","38.38","37.61","38.38","37.37","6.84M","3.76%"
"02/15/2010","36.99","37.35","37.75","36.91","6.21M","-0.54%"
"02/12/2010","37.19","38.69","38.78","36.90","10.36M","-2.49%"
"02/11/2010","38.14","38.09","38.46","37.59","7.79M","1.71%"
"02/10/2010","37.50","39.01","39.24","37.01","10.63M","-2.52%"
"02/09/2010","38.47","37.38","39.03","37.38","17.46M","3.03%"
"02/08/2010","37.34","38.07","38.37","36.30","21.26M","-1.32%"
"02/05/2010","37.84","38.14","38.58","37.04","17.85M","-2.05%"
"02/04/2010","38.63","40.46","40.92","38.63","14.64M","-5.16%"
"02/03/2010","40.73","41.87","41.87","40.62","13.06M","-1.62%"
"02/02/2010","41.40","41.27","41.91","40.67","16.02M","2.48%"
"02/01/2010","40.40","39.80","40.40","39.20","11.31M","0.82%"
"01/29/2010","40.07","39.20","40.30","38.99","9.14M","2.80%"
"01/28/2010","38.98","40.63","40.94","38.79","12.99M","-1.52%"
"01/27/2010","39.58","39.93","40.33","39.46","9.01M","-1.20%"
"01/26/2010","40.06","40.35","40.72","39.74","10.37M","-1.81%"
"01/25/2010","40.80","40.35","41.68","40.30","7.09M","-0.20%"
"01/22/2010","40.88","40.63","41.73","40.38","11.14M","0.17%"
"01/21/2010","40.81","42.82","43.09","40.54","12.81M","-3.91%"
"01/20/2010","42.47","44.44","44.50","42.15","8.56M","-4.26%"
"01/19/2010","44.36","43.89","44.71","43.45","5.15M","0.32%"
"01/18/2010","44.22","43.22","44.22","43.11","3.19M","1.14%"
"01/15/2010","43.72","44.54","44.86","43.39","6.28M","-1.75%"
"01/14/2010","44.50","44.77","45.00","44.25","8.19M","0.88%"
"01/13/2010","44.11","43.39","44.54","43.21","10.78M","0.52%"
"01/12/2010","43.88","45.51","45.78","43.85","18.98M","-5.31%"
"01/11/2010","46.34","46.34","47.58","46.20","13.03M","1.25%"
"01/08/2010","45.77","45.72","46.15","45.31","6.16M","0.24%"
"01/07/2010","45.66","46.29","46.48","45.60","8.92M","-0.87%"
"01/06/2010","46.06","45.47","46.15","44.97","9.10M","1.16%"
"01/05/2010","45.53","45.74","46.15","44.98","11.46M","-0.33%"
"01/04/2010","45.68","45.06","45.68","45.00","6.67M","1.81%"
"12/30/2009","44.87","45.33","45.46","44.80","2.52M","-1.10%"
"12/29/2009","45.37","44.91","45.42","44.85","3.61M","0.82%"
"12/28/2009","45.00","44.22","45.04","43.99","2.36M","2.37%"
"12/23/2009","43.96","44.59","44.63","43.68","4.14M","-0.43%"
"12/22/2009","44.15","44.14","44.50","43.75","7.89M","0.30%"
"12/21/2009","44.02","42.52","44.13","42.52","9.25M","5.64%"
"12/18/2009","41.67","42.76","43.23","41.67","6.96M","-2.50%"
"12/17/2009","42.74","43.11","43.27","42.48","7.57M","-1.36%"
"12/16/2009","43.33","42.86","43.48","42.70","7.30M","0.79%"
"12/15/2009","42.99","43.07","43.07","41.97","7.48M","0.56%"
"12/14/2009","42.75","42.47","43.52","42.24","15.14M","3.11%"
"12/11/2009","41.46","40.78","41.63","40.65","10.59M","2.55%"
"12/10/2009","40.43","39.52","40.44","39.24","8.16M","2.30%"
"12/09/2009","39.52","39.77","39.94","38.77","8.42M","-0.70%"
"12/08/2009","39.80","39.80","40.47","39.49","9.86M","-0.40%"
"12/07/2009","39.96","39.86","40.26","39.52","8.86M","0.25%"
"12/04/2009","39.86","39.11","40.44","38.97","11.08M","1.92%"
"12/03/2009","39.11","39.43","39.71","38.97","10.69M","1.16%"
"12/02/2009","38.66","38.25","38.97","37.96","10.80M","1.87%"
"12/01/2009","37.95","37.46","37.95","37.11","6.73M","2.99%"
"11/30/2009","36.85","38.13","38.13","36.63","7.17M","-2.62%"
"11/27/2009","37.84","35.84","37.97","35.51","9.22M","2.30%"
"11/26/2009","36.99","38.14","38.31","36.87","6.86M","-3.50%"
"11/25/2009","38.33","38.89","39.13","38.11","6.66M","-0.42%"
"11/24/2009","38.49","38.29","39.05","38.25","5.78M","-0.93%"
"11/23/2009","38.85","38.22","39.15","37.89","4.96M","3.32%"
"11/20/2009","37.60","37.77","38.28","37.32","7.91M","0.43%"
"11/19/2009","37.44","38.33","38.63","37.44","9.31M","-2.65%"
"11/18/2009","38.46","38.68","39.24","38.42","7.41M","0.79%"
"11/17/2009","38.16","38.28","38.95","38.14","9.53M","-0.18%"
"11/16/2009","38.23","37.49","38.37","37.45","9.14M","3.77%"
"11/13/2009","36.84","36.76","37.07","36.08","4.45M","0.35%"
"11/12/2009","36.71","36.67","37.49","36.57","8.04M","-0.38%"
"11/11/2009","36.85","36.67","37.39","36.67","6.48M","0.99%"
"11/10/2009","36.49","36.39","36.97","36.30","8.40M","0.39%"
"11/09/2009","36.35","35.97","36.39","35.76","5.47M","2.63%"
"11/06/2009","35.42","36.11","36.39","34.92","10.49M","-0.67%"
"11/05/2009","35.66","34.68","35.82","34.19","8.62M","0.73%"
"11/04/2009","35.40","34.64","35.45","34.15","9.18M","3.42%"
"11/03/2009","34.23","34.65","34.81","33.16","10.47M","-2.87%"
"11/02/2009","35.24","34.46","35.42","33.96","8.12M","1.32%"
"10/30/2009","34.78","36.67","36.82","34.45","8.41M","-4.37%"
"10/29/2009","36.37","34.64","36.37","34.37","9.76M","4.45%"
"10/28/2009","34.82","35.62","35.69","34.48","13.04M","-3.52%"
"10/27/2009","36.09","36.77","37.31","35.91","20.47M","-4.02%"
"10/26/2009","37.60","38.88","38.97","37.49","8.48M","-2.59%"
"10/23/2009","38.60","38.92","39.32","38.51","8.72M","0.57%"
"10/22/2009","38.38","38.60","38.83","37.85","10.51M","-1.94%"
"10/21/2009","39.14","39.42","39.73","38.42","17.68M","-1.78%"
"10/20/2009","39.85","40.53","40.77","39.61","9.04M","-1.58%"
"10/19/2009","40.49","39.95","40.49","39.91","5.52M","1.56%"
"10/16/2009","39.87","40.64","40.77","39.24","9.70M","-0.99%"
"10/15/2009","40.27","40.95","41.06","39.89","8.87M","-0.98%"
"10/14/2009","40.67","40.12","40.78","39.82","14.05M","3.94%"
"10/13/2009","39.13","39.18","39.78","38.42","12.09M","-0.13%"
"10/12/2009","39.18","38.93","39.66","38.61","9.88M","1.85%"
"10/09/2009","38.47","38.65","39.15","37.97","14.81M","-1.74%"
"10/08/2009","39.15","37.59","39.15","37.36","42.55M","8.81%"
"10/07/2009","35.98","36.50","36.83","35.67","9.82M","-1.51%"
"10/06/2009","36.53","35.88","36.53","35.38","13.70M","2.79%"
"10/05/2009","35.54","35.93","35.93","34.78","13.72M","4.25%"
"10/02/2009","34.09","34.19","34.51","33.72","10.48M","-1.76%"
"10/01/2009","34.70","35.76","36.16","34.55","11.60M","-2.01%"
"09/30/2009","35.41","35.31","35.96","34.78","11.81M","1.64%"
"09/29/2009","34.84","35.19","35.28","34.53","6.81M","-0.49%"
"09/28/2009","35.01","33.90","35.13","33.47","8.40M","2.67%"
"09/25/2009","34.10","35.19","35.74","33.99","14.50M","-3.23%"
"09/24/2009","35.24","35.93","36.24","35.15","12.24M","-2.79%"
"09/23/2009","36.25","36.91","37.11","36.19","9.31M","-1.36%"
"09/22/2009","36.75","36.67","37.31","36.67","14.05M","0.85%"
"09/21/2009","36.44","36.38","37.22","36.01","17.71M","-0.11%"
"09/18/2009","36.48","35.64","36.99","35.22","14.57M","1.14%"
"09/17/2009","36.07","36.61","36.62","35.65","12.27M","0.39%"
"09/16/2009","35.93","35.51","36.48","35.47","18.44M","3.99%"
"09/15/2009","34.55","33.91","34.55","33.58","11.26M","2.07%"
"09/14/2009","33.85","33.62","34.06","33.16","8.43M","-1.37%"
"09/11/2009","34.32","34.39","34.61","33.86","8.74M","1.00%"
"09/10/2009","33.98","34.82","34.82","33.49","12.00M","-1.65%"
"09/09/2009","34.55","34.19","34.91","33.85","12.32M","0.17%"
"09/08/2009","34.49","33.80","34.63","33.58","14.10M","3.60%"
"09/07/2009","33.29","33.21","33.40","32.85","4.75M","1.59%"
"09/04/2009","32.77","33.04","33.25","32.44","6.64M","0.37%"
"09/03/2009","32.65","32.38","33.14","32.34","9.10M","2.83%"
"09/02/2009","31.75","32.28","32.43","31.46","9.62M","-2.67%"
"09/01/2009","32.62","33.45","33.55","32.29","11.86M","-1.63%"
"08/31/2009","33.16","33.47","33.58","32.63","8.33M","-2.87%"
"08/28/2009","34.14","34.23","34.44","33.90","8.81M","1.31%"
"08/27/2009","33.70","34.21","34.35","33.16","8.62M","-1.92%"
"08/26/2009","34.36","35.15","35.79","34.10","10.27M","-2.97%"
"08/25/2009","35.41","34.57","35.84","34.39","12.84M","0.74%"
"08/24/2009","35.15","34.47","35.31","34.38","11.88M","3.53%"
"08/21/2009","33.95","32.94","33.99","32.81","11.02M","2.01%"
"08/20/2009","33.28","33.12","33.63","32.71","10.52M","1.80%"
"08/19/2009","32.69","32.98","33.16","32.21","11.98M","-2.21%"
"08/18/2009","33.43","32.43","33.60","32.43","19.08M","4.27%"
"08/17/2009","32.06","32.58","32.66","31.64","11.53M","-3.40%"
"08/14/2009","33.19","33.68","34.02","32.67","11.01M","-0.63%"
"08/13/2009","33.40","33.12","33.81","32.91","13.30M","1.92%"
"08/12/2009","32.77","32.42","32.91","31.25","15.88M","1.24%"
"08/11/2009","32.37","33.83","34.28","32.20","14.96M","-4.79%"
"08/10/2009","34.00","34.50","34.53","33.56","8.43M","-1.56%"
"08/07/2009","34.54","33.92","34.67","32.76","13.03M","1.14%"
"08/06/2009","34.15","34.55","35.01","33.53","13.41M","0.23%"
"08/05/2009","34.07","33.85","35.01","33.45","13.97M","0.62%"
"08/04/2009","33.86","34.64","34.80","33.35","11.22M","-2.14%"
"08/03/2009","34.60","33.35","34.62","33.30","11.53M","4.34%"
"07/31/2009","33.16","32.80","33.16","32.44","9.00M","1.13%"
"07/30/2009","32.79","31.94","32.79","31.57","10.17M","4.10%"
"07/29/2009","31.50","31.69","32.34","31.25","9.91M","-0.72%"
"07/28/2009","31.73","32.80","33.05","31.41","10.66M","-2.97%"
"07/27/2009","32.70","32.13","32.74","31.88","13.19M","4.24%"
"07/24/2009","31.37","31.23","31.97","30.95","8.03M","1.00%"
"07/23/2009","31.06","31.18","31.51","29.96","14.66M","0.06%"
"07/22/2009","31.04","32.14","32.20","30.96","20.40M","2.58%"
"07/21/2009","30.26","29.20","30.83","28.94","17.59M","5.25%"
"07/20/2009","28.75","28.93","29.48","28.70","9.13M","1.38%"
"07/17/2009","28.36","27.74","28.60","27.49","8.76M","3.47%"
"07/16/2009","27.41","27.95","28.01","27.12","9.50M","-1.58%"
"07/15/2009","27.85","26.93","27.86","26.55","12.50M","4.98%"
"07/14/2009","26.53","26.39","26.82","26.27","14.35M","1.92%"
"07/13/2009","26.03","25.20","26.03","24.87","11.55M","3.13%"
"07/10/2009","25.24","25.89","25.89","25.20","11.32M","-2.66%"
"07/09/2009","25.93","27.21","27.21","25.71","15.72M","-0.65%"
"07/08/2009","26.10","26.23","26.76","26.03","11.42M","-1.62%"
"07/07/2009","26.53","27.36","27.59","26.53","13.65M","-3.03%"
"07/06/2009","27.36","28.47","28.56","27.20","11.78M","-5.72%"
"07/03/2009","29.02","29.85","29.89","29.02","5.78M","-2.49%"
"07/02/2009","29.76","30.86","30.91","29.71","8.36M","-4.28%"
"07/01/2009","31.09","30.63","31.37","30.31","9.12M","2.27%"
"06/30/2009","30.40","31.18","31.55","30.17","8.53M","-1.65%"
"06/29/2009","30.91","31.00","31.60","30.45","8.29M","-1.31%"
"06/26/2009","31.32","31.51","32.06","31.00","8.23M","1.03%"
"06/25/2009","31.00","31.78","31.92","30.59","7.89M","-2.76%"
"06/24/2009","31.88","30.54","31.88","30.31","9.17M","6.16%"
"06/23/2009","30.03","30.45","31.32","29.16","13.61M","-2.25%"
"06/22/2009","30.72","31.83","32.24","30.49","13.24M","-3.34%"
"06/19/2009","31.78","32.24","32.47","31.51","10.70M","-1.58%"
"06/18/2009","32.29","32.01","32.29","30.59","13.35M","2.64%"
"06/17/2009","31.46","33.72","33.76","31.14","20.44M","-7.82%"
"06/16/2009","34.13","33.72","34.32","32.84","13.26M","1.49%"
"06/15/2009","33.63","34.64","34.68","33.53","9.84M","-3.94%"
"06/12/2009","35.01","36.30","36.67","34.68","14.05M","-3.66%"
"06/11/2009","36.34","35.01","36.48","34.41","18.22M","4.37%"
"06/10/2009","34.82","33.72","35.51","33.21","24.87M","6.48%"
"06/09/2009","32.70","33.35","33.81","32.34","11.25M","-0.70%"
"06/08/2009","32.93","32.98","33.30","32.38","9.66M","-1.79%"
"06/05/2009","33.53","32.80","33.86","32.66","12.42M","5.04%"
"06/04/2009","31.92","32.43","32.52","31.23","11.30M","-0.72%"
"06/03/2009","32.15","33.63","33.90","31.78","15.46M","-3.60%"
"06/02/2009","33.35","32.24","33.35","31.88","14.24M","7.41%"
"05/29/2009","31.05","31.09","31.46","30.95","12.56M","0.62%"
"05/28/2009","30.86","29.85","31.09","29.53","10.64M","1.35%"
"05/27/2009","30.45","31.14","31.23","29.94","8.91M","-0.13%"
"05/26/2009","30.49","30.03","30.59","29.07","13.29M","-0.16%"
"05/25/2009","30.54","30.63","30.72","29.89","6.09M","0.16%"
"05/22/2009","30.49","31.05","31.55","30.26","11.44M","-3.94%"
"05/20/2009","31.74","31.14","32.01","30.95","13.03M","2.39%"
"05/19/2009","31.00","30.95","31.60","30.59","13.83M","2.92%"
"05/18/2009","30.12","28.65","30.31","28.51","8.96M","2.66%"
"05/15/2009","29.34","29.39","29.80","28.93","9.74M","2.59%"
"05/14/2009","28.60","28.10","29.16","27.64","13.87M","0.46%"
"05/13/2009","28.47","30.49","30.49","28.24","16.44M","-5.35%"
"05/12/2009","30.08","30.12","31.41","29.62","16.40M","-1.67%"
"05/11/2009","30.59","32.70","32.75","30.22","11.38M","-5.12%"
"05/08/2009","32.24","31.32","32.24","31.32","8.76M","4.78%"
"05/07/2009","30.77","30.49","32.61","30.12","20.21M","3.08%"
"05/06/2009","29.85","28.47","30.12","28.28","15.58M","5.22%"
"05/05/2009","28.37","28.83","29.66","28.37","12.39M","-1.15%"
"05/04/2009","28.70","28.19","28.93","27.91","12.21M","5.59%"
"04/30/2009","27.18","28.19","28.37","27.04","8.99M","-2.30%"
"04/29/2009","27.82","26.81","28.01","26.26","12.81M","3.77%"
"04/28/2009","26.81","26.76","26.99","25.98","10.25M","-2.69%"
"04/27/2009","27.55","27.45","27.78","27.08","8.34M","-1.96%"
"04/24/2009","28.10","27.27","28.51","27.22","8.17M","3.58%"
"04/23/2009","27.13","26.67","27.68","26.49","6.81M","1.19%"
"04/22/2009","26.81","26.81","26.90","25.98","6.68M","-0.15%"
"04/21/2009","26.85","26.07","26.90","25.66","11.13M","2.09%"
"04/20/2009","26.30","27.64","28.56","25.98","12.98M","-5.63%"
"04/17/2009","27.87","27.08","28.05","26.81","16.02M","2.05%"
"04/16/2009","27.31","26.90","27.59","26.35","14.49M","3.10%"
"04/15/2009","26.49","25.43","26.85","25.20","11.61M","2.71%"
"04/14/2009","25.79","24.78","25.93","24.32","13.68M","11.07%"
"04/08/2009","23.22","22.71","23.49","22.52","4.94M","-0.77%"
"04/07/2009","23.40","24.46","24.83","22.85","10.20M","-3.58%"
"04/06/2009","24.27","25.70","26.03","24.27","8.79M","-2.06%"
"04/03/2009","24.78","24.41","26.16","24.00","13.25M","0.16%"
"04/02/2009","24.74","23.86","24.97","23.63","12.56M","6.36%"
"04/01/2009","23.26","23.22","23.45","22.34","8.60M","-0.60%"
"03/31/2009","23.40","22.57","23.40","22.57","8.10M","4.74%"
"03/30/2009","22.34","23.63","23.63","22.11","10.61M","-7.61%"
"03/27/2009","24.18","25.10","25.38","24.00","8.95M","-4.54%"
"03/26/2009","25.33","24.27","25.47","24.00","16.01M","5.76%"
"03/25/2009","23.95","22.66","24.23","22.48","12.74M","4.40%"
"03/24/2009","22.94","24.23","24.41","22.66","10.55M","-3.29%"
"03/23/2009","23.72","22.94","23.77","22.80","12.31M","4.86%"
"03/20/2009","22.62","21.46","22.71","21.42","12.92M","4.05%"
"03/19/2009","21.74","21.28","22.16","21.00","19.75M","3.52%"
"03/18/2009","21.00","21.19","21.23","20.54","12.86M","0.43%"
"03/17/2009","20.91","21.28","21.79","20.27","15.87M","-3.82%"
"03/16/2009","21.74","21.56","21.74","21.00","8.77M","3.72%"
"03/13/2009","20.96","21.46","22.25","20.96","11.24M","0.24%"
"03/12/2009","20.91","19.99","21.14","19.90","8.86M","2.00%"
"03/11/2009","20.50","20.64","21.46","20.18","11.79M","-0.68%"
"03/10/2009","20.64","19.62","20.82","19.16","11.95M","4.45%"
"03/09/2009","19.76","18.98","19.76","18.19","7.60M","5.16%"
"03/06/2009","18.79","18.93","19.85","18.61","11.65M","-1.93%"
"03/05/2009","19.16","20.45","20.64","18.93","14.08M","-8.59%"
"03/04/2009","20.96","19.62","20.96","19.25","10.42M","9.11%"
"03/03/2009","19.21","19.99","20.41","19.12","11.10M","-3.90%"
"03/02/2009","19.99","20.45","20.54","19.58","11.56M","-4.81%"
"02/27/2009","21.00","22.29","22.43","20.64","13.42M","-8.26%"
"02/26/2009","22.89","22.11","23.22","22.11","10.04M","4.86%"
"02/25/2009","21.83","21.10","22.52","20.50","17.84M","5.77%"
"02/24/2009","20.64","20.54","20.73","19.81","12.44M","-1.95%"
"02/23/2009","21.05","22.20","22.39","21.00","8.84M","-4.19%"
"02/20/2009","21.97","23.86","23.95","21.88","7.86M","-9.66%"
"02/19/2009","24.32","23.77","24.41","23.58","6.13M","1.54%"
"02/18/2009","23.95","23.77","24.60","23.08","9.42M","0.00%"
"02/17/2009","23.95","24.41","24.51","23.77","5.25M","-3.00%"
"02/16/2009","24.69","24.87","24.97","24.51","2.87M","-0.72%"
"02/13/2009","24.87","24.74","25.15","24.46","6.71M","2.26%"
"02/12/2009","24.32","25.29","25.38","24.04","6.78M","-3.99%"
"02/11/2009","25.33","24.60","25.61","24.32","8.89M","-0.20%"
"02/10/2009","25.38","24.87","25.98","24.00","13.31M","-1.25%"
"02/09/2009","25.70","25.52","26.44","25.15","7.96M","-1.42%"
"02/06/2009","26.07","24.32","26.16","23.58","9.63M","7.82%"
"02/05/2009","24.18","22.99","24.32","22.89","9.83M","2.54%"
"02/04/2009","23.58","22.94","23.81","22.57","10.39M","3.01%"
"02/03/2009","22.89","21.88","22.89","20.96","5.49M","5.48%"
"02/02/2009","21.70","22.48","22.66","21.51","8.15M","-5.03%"
"01/30/2009","22.85","23.40","23.72","22.71","6.96M","-1.97%"
"01/29/2009","23.31","24.09","24.09","22.99","9.32M","-4.15%"
"01/28/2009","24.32","22.11","24.32","22.06","10.59M","5.60%"
"01/27/2009","23.03","23.63","23.68","22.57","6.94M","-1.37%"
"01/26/2009","23.35","23.22","23.86","22.29","10.02M","1.57%"
"01/23/2009","22.99","21.97","22.99","21.51","7.76M","5.75%"
"01/22/2009","21.74","23.12","23.31","21.65","6.95M","-3.29%"
"01/21/2009","22.48","22.11","22.89","21.19","12.95M","0.00%"
"01/20/2009","22.48","23.31","23.95","22.20","6.95M","-3.56%"
"01/19/2009","23.31","24.69","24.74","23.08","8.33M","-4.35%"
"01/16/2009","24.37","23.68","24.41","23.54","11.03M","7.12%"
"01/15/2009","22.75","23.03","23.86","21.97","13.32M","0.00%"
"01/14/2009","22.75","26.03","26.03","22.66","10.88M","-10.99%"
"01/13/2009","25.56","24.87","25.93","24.41","10.81M","2.77%"
"01/12/2009","24.87","26.30","26.90","24.69","10.23M","-10.02%"
"01/09/2009","27.64","28.01","28.37","27.08","10.19M","0.84%"
"01/08/2009","27.41","26.53","28.01","26.26","12.05M","1.56%"
"01/07/2009","26.99","28.56","30.40","26.95","16.98M","-7.57%"
"01/06/2009","29.20","26.35","29.20","25.93","15.77M","10.44%"
"01/05/2009","26.44","27.64","27.91","25.98","8.96M","-2.36%"
"01/02/2009","27.08","26.58","27.08","26.07","6.17M","5.74%"