"Date","Price","Open","High","Low","Vol.","Change %"
"12/30/2025","17.45","17.43","17.47","17.26","1.92M","0.11%"
"12/29/2025","17.43","17.26","17.45","17.17","2.79M","0.87%"
"12/23/2025","17.28","17.20","17.35","17.16","2.74M","0.09%"
"12/22/2025","17.26","17.39","17.39","17.13","2.88M","-0.75%"
"12/19/2025","17.40","17.48","17.53","17.29","5.10M","-0.34%"
"12/18/2025","17.45","17.42","17.53","17.32","3.00M","-0.11%"
"12/17/2025","17.48","17.50","17.72","17.41","4.62M","-2.78%"
"12/16/2025","17.98","17.50","18.08","17.50","7.57M","2.33%"
"12/15/2025","17.57","17.47","17.80","17.47","2.76M","0.20%"
"12/12/2025","17.53","17.20","17.58","17.17","4.38M","1.89%"
"12/11/2025","17.20","17.31","17.47","17.10","2.13M","-0.06%"
"12/10/2025","17.22","17.16","17.31","16.92","2.36M","0.26%"
"12/09/2025","17.17","17.19","17.19","16.96","2.72M","-0.15%"
"12/08/2025","17.19","17.20","17.38","17.12","2.80M","0.44%"
"12/05/2025","17.12","17.00","17.30","16.99","3.54M","0.91%"
"12/04/2025","16.97","17.45","17.48","16.93","4.53M","-2.47%"
"12/03/2025","17.40","17.63","17.66","17.19","3.20M","-1.47%"
"12/02/2025","17.66","17.40","17.81","17.36","4.25M","1.82%"
"12/01/2025","17.34","17.24","17.56","17.14","3.07M","0.23%"
"11/28/2025","17.30","17.00","17.30","16.76","3.58M","1.53%"
"11/27/2025","17.04","17.48","17.63","17.00","5.31M","-2.52%"
"11/26/2025","17.48","17.00","17.48","16.98","8.16M","2.82%"
"11/25/2025","17.00","16.50","17.05","16.36","9.08M","3.09%"
"11/24/2025","16.49","15.65","16.52","15.65","10.68M","5.47%"
"11/21/2025","15.64","15.32","15.72","15.32","2.80M","-0.03%"
"11/20/2025","15.64","15.47","15.64","15.34","2.76M","1.10%"
"11/19/2025","15.47","14.98","15.47","14.98","3.69M","3.06%"
"11/18/2025","15.01","15.12","15.16","14.96","3.26M","-2.18%"
"11/17/2025","15.35","15.50","15.60","15.19","2.98M","-0.52%"
"11/14/2025","15.43","15.71","15.78","15.30","2.75M","-1.88%"
"11/13/2025","15.72","15.20","15.73","15.20","5.05M","3.42%"
"11/12/2025","15.20","15.15","15.27","14.94","5.92M","0.50%"
"11/11/2025","15.13","15.22","15.23","15.04","2.57M","-0.75%"
"11/10/2025","15.24","15.22","15.40","15.19","2.56M","0.93%"
"11/07/2025","15.10","15.10","15.13","15.00","5.94M","-0.26%"
"11/06/2025","15.14","15.60","15.61","15.06","4.67M","-0.92%"
"11/05/2025","15.28","15.51","15.61","15.14","3.59M","-1.67%"
"11/04/2025","15.54","15.95","15.96","15.52","3.12M","-2.33%"
"11/03/2025","15.91","15.66","16.02","15.63","3.95M","1.11%"
"10/31/2025","15.73","15.60","15.80","15.59","4.11M","0.90%"
"10/30/2025","15.60","15.25","15.60","15.23","5.05M","2.33%"
"10/29/2025","15.24","15.27","15.39","15.10","3.25M","0.26%"
"10/28/2025","15.20","15.42","15.45","15.11","2.98M","-1.43%"
"10/27/2025","15.42","15.40","15.62","15.38","3.19M","0.62%"
"10/24/2025","15.32","15.62","15.62","15.19","6.26M","-1.70%"
"10/23/2025","15.59","15.60","15.70","15.37","6.77M","0.26%"
"10/22/2025","15.55","16.93","17.04","15.48","21.66M","-4.89%"
"10/21/2025","16.35","16.73","16.78","16.27","4.10M","-2.50%"
"10/20/2025","16.77","16.75","16.93","16.65","2.60M","0.42%"
"10/17/2025","16.70","16.60","16.70","16.29","3.47M","0.15%"
"10/16/2025","16.67","16.72","16.75","16.52","2.38M","-0.24%"
"10/15/2025","16.72","17.07","17.08","16.69","3.10M","-1.44%"
"10/14/2025","16.96","16.39","16.96","16.33","6.44M","3.86%"
"10/13/2025","16.33","15.92","16.34","15.77","5.30M","3.95%"
"10/10/2025","15.71","15.81","15.88","15.56","4.21M","1.81%"
"10/09/2025","15.43","15.24","15.56","15.24","3.83M","1.51%"
"10/08/2025","15.20","15.27","15.27","15.02","5.24M","-0.49%"
"10/07/2025","15.27","15.45","15.60","15.27","3.67M","-0.81%"
"10/06/2025","15.40","15.70","16.03","15.40","6.06M","0.00%"
"10/03/2025","15.40","15.52","15.53","15.32","2.80M","-0.48%"
"10/02/2025","15.47","15.77","15.90","15.47","3.40M","-2.27%"
"10/01/2025","15.83","15.85","16.02","15.64","2.21M","-0.47%"
"09/30/2025","15.90","15.60","16.05","15.60","4.55M","1.96%"
"09/29/2025","15.60","15.80","15.80","15.46","2.45M","-0.83%"
"09/26/2025","15.73","15.90","16.02","15.70","5.46M","0.32%"
"09/25/2025","15.68","15.90","16.05","15.68","4.71M","-1.45%"
"09/24/2025","15.91","16.02","16.15","15.86","2.51M","-0.38%"
"09/23/2025","15.97","15.91","16.24","15.91","2.63M","-0.09%"
"09/22/2025","15.98","16.04","16.14","15.88","2.43M","-0.25%"
"09/19/2025","16.02","16.35","16.47","15.94","10.86M","-1.81%"
"09/18/2025","16.32","16.30","16.47","16.22","2.47M","0.46%"
"09/17/2025","16.25","16.37","16.43","16.14","2.69M","-0.67%"
"09/16/2025","16.35","16.41","16.47","16.24","2.71M","-0.73%"
"09/15/2025","16.48","16.49","16.63","16.38","2.85M","-0.06%"
"09/12/2025","16.49","16.83","16.90","16.49","2.62M","-1.79%"
"09/11/2025","16.78","16.35","17.01","16.35","9.31M","3.36%"
"09/10/2025","16.24","16.30","16.31","16.05","3.27M","-0.06%"
"09/09/2025","16.25","15.88","16.25","15.88","3.33M","2.10%"
"09/08/2025","15.91","15.91","16.08","15.80","3.03M","-0.16%"
"09/05/2025","15.94","16.10","16.13","15.74","7.90M","-0.96%"
"09/04/2025","16.09","16.41","16.41","15.60","13.21M","-1.98%"
"09/03/2025","16.42","16.30","16.50","16.12","4.10M","1.67%"
"09/02/2025","16.15","16.70","16.70","16.08","6.31M","-3.35%"
"09/01/2025","16.71","17.05","17.09","16.62","4.97M","-1.71%"
"08/29/2025","17.00","17.20","17.20","16.92","4.10M","-0.93%"
"08/28/2025","17.16","16.90","17.24","16.89","4.41M","1.81%"
"08/27/2025","16.85","17.06","17.26","16.85","3.90M","-1.46%"
"08/26/2025","17.10","17.06","17.20","16.84","5.89M","-0.32%"
"08/25/2025","17.16","16.60","17.29","16.59","9.43M","3.56%"
"08/22/2025","16.57","16.39","16.69","16.36","5.53M","1.10%"
"08/21/2025","16.39","16.45","16.57","16.23","4.68M","-0.55%"
"08/20/2025","16.48","16.57","16.70","16.45","3.42M","-0.72%"
"08/19/2025","16.60","16.33","16.67","16.27","5.56M","1.62%"
"08/18/2025","16.33","16.31","16.60","16.25","5.70M","0.83%"
"08/15/2025","16.20","16.19","16.23","16.02","4.39M","0.90%"
"08/14/2025","16.06","16.05","16.33","16.00","6.99M","0.28%"
"08/13/2025","16.01","15.98","16.17","15.90","6.87M","0.85%"
"08/12/2025","15.88","15.85","15.95","15.61","5.73M","-4.94%"
"08/11/2025","16.70","16.58","16.70","16.41","4.73M","1.43%"
"08/08/2025","16.47","16.45","16.58","16.30","5.53M","0.00%"
"08/07/2025","16.47","16.25","16.71","16.25","5.95M","1.67%"
"08/06/2025","16.20","16.73","16.73","16.04","7.79M","-2.06%"
"08/05/2025","16.54","16.92","16.98","16.33","8.21M","-2.13%"
"08/04/2025","16.90","16.93","16.96","16.65","4.99M","0.63%"
"08/01/2025","16.80","17.00","17.19","16.71","6.51M","-1.35%"
"07/31/2025","17.02","17.16","17.38","16.95","8.81M","-0.44%"
"07/30/2025","17.10","17.00","17.45","16.94","6.95M","-0.18%"
"07/29/2025","17.13","16.90","17.24","16.84","6.65M","1.93%"
"07/28/2025","16.81","17.00","17.33","16.78","7.31M","-0.94%"
"07/25/2025","16.97","16.90","16.97","16.70","5.93M","0.38%"
"07/24/2025","16.90","17.12","17.15","16.83","8.52M","-1.29%"
"07/23/2025","17.12","17.45","17.45","17.02","8.92M","-1.13%"
"07/22/2025","17.32","17.52","17.61","17.10","9.62M","-1.51%"
"07/21/2025","17.58","17.69","18.07","17.51","5.86M","-0.31%"
"07/18/2025","17.64","18.04","18.08","17.60","8.47M","-2.57%"
"07/17/2025","18.10","18.16","18.19","17.87","7.25M","-0.06%"
"07/16/2025","18.11","18.00","18.11","17.72","7.66M","-0.14%"
"07/15/2025","18.14","18.34","18.45","17.82","17.89M","-0.25%"
"07/14/2025","18.18","17.41","18.23","17.35","20.44M","4.63%"
"07/11/2025","17.38","16.45","17.50","16.42","36.83M","10.81%"
"07/10/2025","15.68","15.40","15.70","15.15","12.67M","2.28%"
"07/09/2025","15.33","15.08","15.46","15.06","10.11M","1.73%"
"07/08/2025","15.07","15.05","15.14","14.83","8.34M","-0.69%"
"07/07/2025","15.18","14.75","15.31","14.70","13.32M","3.90%"
"07/04/2025","14.60","14.98","15.09","14.58","13.50M","0.07%"
"07/03/2025","14.60","14.25","14.60","14.18","6.26M","2.42%"
"07/02/2025","14.25","14.50","14.55","14.22","6.96M","-1.72%"
"07/01/2025","14.50","14.60","14.69","14.33","6.66M","-0.65%"
"06/30/2025","14.60","14.50","14.62","14.33","8.45M","1.25%"
"06/27/2025","14.41","13.70","14.52","13.67","18.41M","5.99%"
"06/26/2025","13.60","13.50","13.75","13.45","4.58M","0.85%"
"06/25/2025","13.48","13.36","13.56","13.21","6.98M","1.70%"
"06/24/2025","13.26","13.05","13.40","12.98","19.87M","6.76%"
"06/23/2025","12.42","12.51","12.61","12.29","13.54M","-3.42%"
"06/20/2025","12.86","12.75","12.98","12.61","9.60M","1.50%"
"06/19/2025","12.67","12.70","12.85","12.60","4.61M","-1.21%"
"06/18/2025","12.82","12.80","12.89","12.68","5.02M","0.35%"
"06/17/2025","12.78","12.96","12.96","12.64","10.04M","-2.55%"
"06/16/2025","13.11","12.76","13.11","12.63","10.81M","2.54%"
"06/13/2025","12.79","12.75","12.98","12.62","16.15M","-3.69%"
"06/12/2025","13.28","13.68","13.68","13.08","16.79M","-4.18%"
"06/11/2025","13.86","13.68","14.08","13.60","5.87M","1.46%"
"06/10/2025","13.66","13.60","13.81","13.57","5.95M","0.44%"
"06/06/2025","13.60","13.76","13.88","13.56","7.36M","-1.05%"
"06/05/2025","13.74","14.08","14.08","13.71","8.49M","-2.21%"
"06/04/2025","14.06","13.95","14.20","13.82","78.82M","-0.07%"
"06/03/2025","14.06","14.30","14.43","14.05","4.76M","-1.30%"
"06/02/2025","14.25","14.24","14.43","14.10","7.87M","-0.21%"
"05/30/2025","14.28","13.80","14.35","13.69","19.67M","3.48%"
"05/28/2025","13.80","13.64","13.85","13.51","6.46M","0.99%"
"05/27/2025","13.66","13.14","13.70","13.14","8.97M","4.67%"
"05/26/2025","13.06","13.22","13.34","13.00","5.49M","-0.19%"
"05/23/2025","13.08","13.38","13.40","12.95","7.35M","-2.24%"
"05/22/2025","13.38","13.40","13.40","12.85","18.46M","-4.70%"
"05/21/2025","14.04","14.17","14.19","13.86","7.21M","-1.13%"
"05/20/2025","14.20","13.97","14.27","13.90","6.37M","1.07%"
"05/19/2025","14.05","13.65","14.08","13.56","8.53M","2.93%"
"05/16/2025","13.65","13.75","13.86","13.64","6.79M","-0.40%"
"05/15/2025","13.70","13.47","13.73","13.27","5.65M","1.67%"
"05/14/2025","13.48","13.88","13.88","13.28","9.48M","-2.11%"
"05/13/2025","13.77","13.81","14.16","13.77","7.80M","0.51%"
"05/12/2025","13.70","13.99","14.13","13.56","11.32M","-0.72%"
"05/09/2025","13.80","13.86","14.04","13.53","11.51M","2.22%"
"05/08/2025","13.50","13.51","13.90","12.95","23.53M","-6.70%"
"05/07/2025","14.47","14.59","14.67","14.30","5.45M","-0.52%"
"05/06/2025","14.55","14.55","14.74","14.13","6.77M","0.14%"
"05/05/2025","14.52","13.89","14.78","13.85","9.48M","3.42%"
"05/02/2025","14.05","13.80","14.05","13.64","9.41M","3.16%"
"04/30/2025","13.61","13.60","13.74","13.47","6.79M","0.04%"
"04/29/2025","13.61","13.80","13.87","13.50","5.35M","-0.66%"
"04/28/2025","13.70","13.28","13.72","13.06","6.43M","2.89%"
"04/25/2025","13.31","13.34","13.52","13.16","9.17M","1.06%"
"04/24/2025","13.18","13.26","13.29","13.02","3.55M","-0.64%"
"04/23/2025","13.26","12.85","13.31","12.81","6.54M","4.74%"
"04/22/2025","12.66","12.47","12.84","12.32","6.43M","0.68%"
"04/16/2025","12.57","12.46","12.61","12.30","3.62M","0.28%"
"04/15/2025","12.54","12.49","12.63","12.31","5.10M","0.48%"
"04/14/2025","12.48","11.96","12.54","11.96","9.69M","5.58%"
"04/11/2025","11.82","12.34","12.34","11.61","11.58M","-4.52%"
"04/10/2025","12.38","12.57","12.60","12.21","10.11M","3.90%"
"04/09/2025","11.91","11.36","12.00","11.30","13.28M","2.45%"
"04/08/2025","11.63","12.15","12.30","11.20","11.66M","-3.24%"
"04/07/2025","12.02","10.95","12.15","10.92","14.52M","0.80%"
"04/04/2025","11.93","12.20","12.56","11.84","17.76M","-4.02%"
"04/03/2025","12.43","12.00","12.59","11.96","9.22M","0.16%"
"04/02/2025","12.40","12.77","12.93","12.40","6.36M","-2.09%"
"04/01/2025","12.67","12.26","12.92","12.26","11.59M","5.72%"
"03/31/2025","11.98","11.81","12.20","11.76","7.30M","0.63%"
"03/28/2025","11.91","12.35","12.36","11.90","8.92M","-4.07%"
"03/27/2025","12.41","12.30","12.49","12.11","7.40M","1.60%"
"03/26/2025","12.22","11.95","12.26","11.91","7.93M","2.60%"
"03/25/2025","11.91","11.53","11.99","11.53","7.28M","3.39%"
"03/24/2025","11.52","11.68","11.76","11.48","3.86M","-0.99%"
"03/21/2025","11.64","11.45","11.64","11.26","10.91M","0.95%"
"03/20/2025","11.52","11.50","11.70","11.43","3.30M","0.13%"
"03/19/2025","11.51","11.47","11.57","11.35","3.54M","-0.78%"
"03/18/2025","11.60","11.52","11.74","11.52","4.78M","0.69%"
"03/17/2025","11.52","10.93","11.54","10.93","6.08M","4.97%"
"03/14/2025","10.98","10.94","11.06","10.64","6.15M","1.20%"
"03/13/2025","10.85","10.65","10.95","10.53","4.16M","1.69%"
"03/12/2025","10.66","11.01","11.10","10.56","7.42M","-2.38%"
"03/11/2025","10.93","11.09","11.40","10.87","6.84M","-3.49%"
"03/10/2025","11.32","11.60","11.74","11.23","3.59M","-2.12%"
"03/07/2025","11.56","11.85","11.86","11.36","6.78M","-2.36%"
"03/06/2025","11.85","11.40","12.08","11.39","11.48M","3.36%"
"03/05/2025","11.46","11.10","11.48","11.05","5.44M","5.43%"
"03/04/2025","10.87","11.37","11.38","10.82","7.38M","-5.44%"
"03/03/2025","11.49","11.40","11.71","11.40","4.75M","0.35%"
"02/28/2025","11.45","11.08","11.54","11.08","6.37M","2.28%"
"02/27/2025","11.20","11.38","11.38","11.15","2.95M","-2.69%"
"02/26/2025","11.51","11.30","11.60","11.26","3.66M","1.99%"
"02/25/2025","11.28","11.00","11.40","10.94","2.55M","2.08%"
"02/24/2025","11.06","11.15","11.23","10.99","2.60M","-0.94%"
"02/21/2025","11.16","11.19","11.28","11.13","2.07M","0.77%"
"02/20/2025","11.07","11.20","11.32","11.04","2.61M","-1.38%"
"02/19/2025","11.23","11.50","11.56","11.19","4.19M","-2.81%"
"02/18/2025","11.56","11.74","11.90","11.51","3.93M","-1.87%"
"02/17/2025","11.77","11.52","11.85","11.35","4.44M","1.64%"
"02/14/2025","11.59","11.50","11.89","11.20","8.79M","1.94%"
"02/13/2025","11.36","10.77","11.59","10.75","7.57M","4.46%"
"02/12/2025","10.88","10.89","11.25","10.86","5.39M","-1.09%"
"02/11/2025","11.00","11.02","11.05","10.69","4.50M","-0.68%"
"02/10/2025","11.07","11.24","11.31","11.02","3.61M","-1.56%"
"02/07/2025","11.25","11.29","11.40","11.23","4.12M","0.40%"
"02/06/2025","11.20","10.70","11.26","10.70","8.60M","7.74%"
"02/05/2025","10.40","10.59","10.60","10.38","3.06M","-1.79%"
"02/04/2025","10.59","10.45","10.67","10.41","3.43M","2.27%"
"02/03/2025","10.35","10.56","10.62","10.22","6.90M","-4.61%"
"01/31/2025","10.85","10.99","11.03","10.85","3.45M","-1.27%"
"01/30/2025","10.99","10.99","11.11","10.89","3.42M","0.00%"
"01/29/2025","10.99","10.82","11.13","10.82","5.40M","1.71%"
"01/28/2025","10.81","10.60","10.85","10.47","5.16M","2.03%"
"01/27/2025","10.60","10.50","10.66","10.40","3.54M","0.90%"
"01/24/2025","10.50","10.56","10.78","10.41","11.90M","0.05%"
"01/23/2025","10.49","10.40","10.56","10.39","2.40M","0.72%"
"01/22/2025","10.42","10.60","10.61","10.36","3.66M","-1.70%"
"01/21/2025","10.60","10.60","10.71","10.51","2.52M","-0.19%"
"01/20/2025","10.62","10.33","10.73","10.33","5.53M","2.91%"
"01/17/2025","10.32","10.13","10.37","10.13","4.27M","1.43%"
"01/16/2025","10.18","10.10","10.19","10.02","4.64M","0.94%"
"01/15/2025","10.08","10.08","10.21","9.95","7.77M","-1.56%"
"01/14/2025","10.24","10.00","10.28","9.97","7.11M","2.25%"
"01/13/2025","10.02","10.00","10.12","9.78","15.49M","-5.38%"
"01/10/2025","10.59","10.84","10.87","10.50","7.69M","-2.35%"
"01/09/2025","10.84","11.17","11.20","10.84","3.13M","-3.04%"
"01/08/2025","11.18","10.77","11.23","10.72","4.93M","3.14%"
"01/07/2025","10.84","11.02","11.02","10.73","6.10M","-1.63%"
"01/06/2025","11.02","11.18","11.34","10.87","4.69M","-1.34%"
"01/03/2025","11.17","11.39","11.41","11.15","3.39M","-1.93%"
"01/02/2025","11.39","11.10","11.42","11.10","3.97M","3.55%"
"12/30/2024","11.00","10.97","11.06","10.87","3.19M","-0.45%"
"12/27/2024","11.05","11.13","11.38","11.05","2.54M","-0.45%"
"12/23/2024","11.10","10.90","11.18","10.90","2.91M","1.98%"
"12/20/2024","10.89","11.05","11.10","10.76","5.50M","-0.87%"
"12/19/2024","10.98","11.14","11.14","10.85","6.37M","-3.09%"
"12/18/2024","11.33","11.15","11.38","11.15","2.19M","1.61%"
"12/17/2024","11.15","11.00","11.15","10.91","5.63M","0.18%"
"12/16/2024","11.13","11.28","11.28","11.00","4.14M","-1.46%"
"12/13/2024","11.30","11.28","11.38","11.19","4.06M","-0.40%"
"12/12/2024","11.34","11.32","11.42","11.20","2.44M","0.22%"
"12/11/2024","11.31","11.47","11.56","11.26","3.22M","-1.78%"
"12/10/2024","11.52","11.53","11.73","11.47","2.34M","-0.65%"
"12/09/2024","11.60","11.60","11.80","11.47","2.94M","-0.22%"
"12/06/2024","11.62","11.64","11.88","11.50","4.95M","-0.21%"
"12/05/2024","11.65","11.10","11.68","11.10","11.42M","5.58%"
"12/04/2024","11.03","10.98","11.14","10.89","2.71M","0.55%"
"12/03/2024","10.97","10.70","11.05","10.69","4.01M","2.91%"
"12/02/2024","10.66","11.24","11.27","10.58","7.24M","-5.20%"
"11/29/2024","11.24","11.32","11.36","11.15","3.10M","-1.10%"
"11/28/2024","11.37","11.04","11.41","11.04","5.26M","2.94%"
"11/27/2024","11.05","11.26","11.32","10.82","4.43M","-1.87%"
"11/26/2024","11.26","11.10","11.44","11.10","7.41M","-0.31%"
"11/25/2024","11.29","10.84","11.30","10.84","8.29M","4.49%"
"11/22/2024","10.81","10.98","11.05","10.78","2.56M","-1.95%"
"11/21/2024","11.02","10.81","11.08","10.76","2.73M","1.75%"
"11/20/2024","10.83","11.05","11.15","10.83","2.93M","-1.63%"
"11/19/2024","11.01","11.20","11.23","10.80","3.85M","-1.26%"
"11/18/2024","11.15","11.02","11.36","11.02","2.82M","1.09%"
"11/15/2024","11.03","10.81","11.23","10.81","4.02M","1.29%"
"11/14/2024","10.89","10.55","10.95","10.50","2.90M","2.54%"
"11/13/2024","10.62","10.65","10.85","10.57","2.52M","-0.61%"
"11/12/2024","10.69","11.14","11.20","10.69","3.35M","-4.64%"
"11/11/2024","11.20","10.86","11.31","10.86","4.92M","3.13%"
"11/08/2024","10.86","10.69","10.90","10.58","2.81M","1.26%"
"11/07/2024","10.73","10.55","10.77","10.40","2.80M","1.04%"
"11/06/2024","10.62","10.53","10.94","10.53","4.17M","1.48%"
"11/05/2024","10.47","10.40","10.69","10.26","5.40M","2.95%"
"11/04/2024","10.16","10.56","10.59","10.11","3.55M","-3.88%"
"11/01/2024","10.57","10.59","10.68","10.43","3.48M","-0.24%"
"10/31/2024","10.60","10.40","10.68","10.35","5.24M","1.58%"
"10/30/2024","10.44","10.23","10.57","10.15","7.43M","3.06%"
"10/29/2024","10.13","9.80","10.21","9.80","7.94M","2.54%"
"10/28/2024","9.87","9.90","10.11","9.70","12.74M","-0.88%"
"10/25/2024","9.96","10.50","10.54","9.83","33.83M","-11.76%"
"10/24/2024","11.29","11.35","11.57","11.24","6.14M","-0.48%"
"10/23/2024","11.35","11.50","11.50","11.35","2.83M","-1.35%"
"10/22/2024","11.50","11.57","11.80","11.49","3.80M","-0.73%"
"10/21/2024","11.59","12.00","12.13","11.59","4.19M","-3.54%"
"10/18/2024","12.01","12.08","12.24","12.01","3.14M","-0.58%"
"10/17/2024","12.08","12.25","12.31","12.08","8.08M","-1.27%"
"10/16/2024","12.23","12.39","12.50","12.06","3.51M","-2.12%"
"10/15/2024","12.50","12.38","12.72","12.36","3.93M","1.30%"
"10/14/2024","12.34","11.80","12.36","11.70","4.77M","4.18%"
"10/11/2024","11.85","11.72","11.94","11.67","4.74M","1.07%"
"10/10/2024","11.72","11.94","11.94","11.20","5.26M","-1.92%"
"10/09/2024","11.95","11.85","12.14","11.80","4.07M","1.10%"
"10/08/2024","11.82","11.60","11.88","11.48","4.11M","1.20%"
"10/07/2024","11.68","11.10","11.71","11.08","9.70M","7.16%"
"10/04/2024","10.90","12.21","12.22","10.72","24.89M","-11.56%"
"10/03/2024","12.32","12.00","12.47","11.96","4.30M","2.24%"
"10/02/2024","12.06","12.40","12.40","11.87","9.06M","-4.14%"
"10/01/2024","12.57","13.00","13.03","12.38","4.61M","-2.97%"
"09/30/2024","12.96","12.81","12.96","12.59","5.47M","1.33%"
"09/27/2024","12.79","12.65","12.88","12.65","5.37M","1.11%"
"09/26/2024","12.65","12.32","12.76","12.32","6.36M","2.72%"
"09/25/2024","12.31","12.20","12.44","12.17","4.53M","1.36%"
"09/24/2024","12.15","11.85","12.19","11.85","4.99M","2.66%"
"09/23/2024","11.84","12.05","12.05","11.70","4.01M","-1.78%"
"09/20/2024","12.05","12.23","12.29","11.98","5.65M","-1.23%"
"09/19/2024","12.20","11.98","12.28","11.97","5.45M","2.09%"
"09/18/2024","11.95","11.82","11.99","11.73","6.22M","0.93%"
"09/17/2024","11.84","11.35","11.87","11.35","6.14M","4.41%"
"09/16/2024","11.34","11.21","11.35","11.09","","0.35%"
"09/13/2024","11.30","10.90","11.31","10.90","8.06M","2.77%"
"09/12/2024","10.99","11.13","11.17","10.95","4.63M","-0.05%"
"09/11/2024","11.00","10.78","11.20","10.77","5.16M","2.04%"
"09/10/2024","10.78","10.81","10.96","10.72","2.85M","0.28%"
"09/09/2024","10.75","10.53","10.84","10.51","4.71M","2.28%"
"09/06/2024","10.51","11.13","11.13","10.51","10.12M","-7.40%"
"09/05/2024","11.35","11.80","11.94","11.10","8.15M","-2.74%"
"09/04/2024","11.67","11.24","11.72","11.24","6.22M","1.92%"
"09/03/2024","11.45","11.00","11.56","10.99","8.28M","5.34%"
"09/02/2024","10.87","10.98","11.00","10.85","2.77M","-1.85%"
"08/30/2024","11.07","10.74","11.07","10.74","4.93M","3.17%"
"08/29/2024","10.73","10.70","10.85","10.66","2.63M","0.51%"
"08/28/2024","10.68","10.87","10.89","10.66","3.00M","-1.75%"
"08/27/2024","10.87","10.61","11.05","10.52","5.26M","1.12%"
"08/26/2024","10.75","11.02","11.10","10.72","5.67M","-1.38%"
"08/23/2024","10.90","10.54","10.90","10.50","8.76M","4.81%"
"08/22/2024","10.40","10.57","10.65","10.40","4.69M","-1.23%"
"08/21/2024","10.53","10.40","10.57","10.30","3.81M","0.86%"
"08/20/2024","10.44","10.40","10.59","10.31","3.92M","0.77%"
"08/19/2024","10.36","10.35","10.56","10.28","4.09M","0.10%"
"08/16/2024","10.35","10.30","10.35","10.19","4.05M","0.49%"
"08/15/2024","10.30","10.31","10.34","10.10","4.56M","-0.05%"
"08/14/2024","10.31","10.47","10.47","10.26","5.72M","-0.19%"
"08/13/2024","10.32","10.31","10.39","10.19","2.87M","-0.24%"
"08/12/2024","10.35","10.26","10.42","10.16","3.80M","1.37%"
"08/09/2024","10.21","10.10","10.40","10.09","5.54M","2.00%"
"08/08/2024","10.01","10.15","10.26","9.90","11.36M","-5.12%"
"08/07/2024","10.55","10.57","10.74","10.46","4.19M","0.96%"
"08/06/2024","10.45","10.75","11.03","10.30","8.92M","0.72%"
"08/05/2024","10.38","10.12","10.55","9.84","12.00M","-2.17%"
"08/02/2024","10.60","10.80","10.90","10.52","6.67M","-3.15%"
"08/01/2024","10.95","11.41","11.42","10.95","4.78M","-3.86%"
"07/31/2024","11.39","11.28","11.44","11.20","6.18M","0.35%"
"07/30/2024","11.35","11.10","11.39","11.10","4.66M","2.21%"
"07/29/2024","11.10","11.10","11.24","11.07","3.85M","0.32%"
"07/26/2024","11.07","10.94","11.16","10.85","5.43M","1.84%"
"07/25/2024","10.87","10.72","10.94","10.57","6.90M","0.56%"
"07/24/2024","10.81","10.85","11.02","10.74","5.53M","-0.55%"
"07/23/2024","10.87","10.90","11.02","10.72","8.72M","-0.73%"
"07/22/2024","10.95","11.11","11.44","10.95","9.74M","-4.24%"
"07/19/2024","11.44","11.70","11.71","11.37","6.61M","-2.93%"
"07/18/2024","11.78","11.46","11.88","11.31","8.83M","3.02%"
"07/17/2024","11.44","11.28","11.49","11.23","5.10M","1.37%"
"07/16/2024","11.28","11.16","11.34","11.16","6.38M","-0.04%"
"07/15/2024","11.28","11.40","11.55","11.16","9.16M","-0.92%"
"07/12/2024","11.39","11.22","11.44","10.99","25.22M","7.76%"
"07/11/2024","10.57","10.51","10.63","10.32","11.62M","0.57%"
"07/10/2024","10.51","10.30","10.51","10.11","14.09M","1.06%"
"07/09/2024","10.40","10.68","10.89","10.35","14.48M","-2.26%"
"07/08/2024","10.64","10.82","10.82","10.45","13.03M","-1.48%"
"07/05/2024","10.80","10.82","11.11","10.66","24.00M","0.93%"
"07/04/2024","10.70","11.70","11.70","10.51","61.33M","-16.41%"
"07/03/2024","12.80","12.60","12.90","12.49","6.29M","1.91%"
"07/02/2024","12.56","12.66","12.70","12.38","6.44M","-0.71%"
"07/01/2024","12.65","12.61","13.00","12.55","7.38M","0.56%"
"06/28/2024","12.58","12.53","12.59","12.36","6.11M","0.68%"
"06/27/2024","12.49","12.38","12.56","12.38","3.94M","0.52%"
"06/26/2024","12.43","12.53","12.72","12.34","5.18M","-0.12%"
"06/25/2024","12.44","12.42","12.63","12.32","4.13M","-0.04%"
"06/24/2024","12.45","12.20","12.77","12.20","9.01M","-0.68%"
"06/21/2024","12.53","12.65","12.70","12.39","14.47M","-0.91%"
"06/20/2024","12.65","13.50","13.56","12.64","29.29M","-9.51%"
"06/19/2024","13.98","14.00","14.19","13.98","3.04M","0.14%"
"06/18/2024","13.96","14.08","14.22","13.93","3.52M","-0.11%"
"06/17/2024","13.98","13.85","14.20","13.73","4.83M","1.27%"
"06/14/2024","13.80","14.10","14.35","13.79","4.33M","-2.34%"
"06/13/2024","14.13","13.98","14.60","13.87","7.02M","0.46%"
"06/12/2024","14.06","13.70","14.06","13.55","7.01M","2.96%"
"06/11/2024","13.66","13.75","13.84","13.50","5.09M","-0.94%"
"06/10/2024","13.79","13.70","13.86","13.63","3.26M","0.29%"
"06/07/2024","13.75","13.55","13.80","13.55","6.44M","1.97%"
"06/06/2024","13.48","14.30","14.46","13.42","22.59M","-7.76%"
"06/05/2024","14.62","14.98","15.00","14.62","4.89M","-0.98%"
"06/04/2024","14.77","15.06","15.07","14.56","6.59M","-1.96%"
"06/03/2024","15.06","15.20","15.49","15.03","12.91M","7.11%"
"05/31/2024","14.06","14.01","14.32","13.96","9.30M","0.36%"
"05/30/2024","14.01","13.88","14.25","13.62","4.99M","0.72%"
"05/29/2024","13.91","14.50","14.58","13.91","12.72M","-5.18%"
"05/28/2024","14.67","15.01","15.05","14.66","4.62M","-2.20%"
"05/27/2024","15.00","14.50","15.10","14.36","7.47M","2.42%"
"05/24/2024","14.65","14.64","14.69","14.48","2.64M","0.00%"
"05/23/2024","14.65","14.44","14.83","14.35","7.38M","1.03%"
"05/22/2024","14.50","14.45","14.62","14.42","3.05M","0.14%"
"05/21/2024","14.48","14.77","14.80","14.40","6.07M","-1.50%"
"05/16/2024","14.70","14.51","14.85","14.24","7.78M","1.62%"
"05/15/2024","14.47","14.89","14.89","14.46","4.37M","-2.85%"
"05/14/2024","14.89","14.75","14.94","14.45","6.00M","0.64%"
"05/13/2024","14.80","14.66","15.02","14.60","6.59M","1.27%"
"05/10/2024","14.61","14.63","14.72","14.48","6.50M","-0.27%"
"05/08/2024","14.65","14.40","14.84","14.26","6.55M","1.17%"
"05/07/2024","14.48","15.40","15.40","14.46","9.88M","-4.36%"
"05/06/2024","15.14","14.56","15.27","14.48","7.97M","3.98%"
"05/03/2024","14.56","14.60","14.84","14.55","3.21M","-0.31%"
"05/02/2024","14.60","14.65","14.75","14.48","4.13M","0.00%"
"04/30/2024","14.60","14.36","14.86","14.30","8.19M","0.59%"
"04/29/2024","14.52","14.78","14.93","14.32","12.08M","-2.39%"
"04/26/2024","14.88","15.30","15.30","14.71","9.73M","-0.90%"
"04/25/2024","15.01","15.38","15.70","14.56","33.04M","-6.74%"
"04/24/2024","16.09","16.10","16.24","15.90","6.41M","0.12%"
"04/23/2024","16.08","16.67","16.67","16.02","4.29M","-2.66%"
"04/22/2024","16.51","16.89","17.03","16.51","4.35M","-0.57%"
"04/19/2024","16.61","16.26","16.69","15.91","5.87M","0.21%"
"04/18/2024","16.58","16.70","16.84","16.25","5.20M","-0.21%"
"04/17/2024","16.61","16.16","16.79","16.15","5.29M","3.30%"
"04/16/2024","16.08","15.99","16.14","15.56","10.07M","-0.62%"
"04/15/2024","16.18","16.19","16.60","15.85","8.88M","-1.55%"
"04/12/2024","16.43","17.00","17.06","16.33","7.85M","-2.26%"
"04/11/2024","16.82","17.81","17.81","16.71","17.47M","-6.17%"
"04/10/2024","17.92","18.15","18.18","17.68","7.37M","-1.27%"
"04/09/2024","18.15","17.90","18.40","17.90","9.50M","2.25%"
"04/08/2024","17.75","16.82","17.95","16.80","13.32M","8.00%"
"04/05/2024","16.43","16.99","17.17","16.16","9.57M","-4.06%"
"04/04/2024","17.13","16.95","17.22","16.76","4.90M","1.66%"
"04/03/2024","16.85","16.66","16.85","16.00","3.81M","0.93%"
"04/02/2024","16.69","16.31","16.69","16.23","4.37M","1.99%"
"03/27/2024","16.37","16.45","16.48","16.31","2.05M","-0.46%"
"03/26/2024","16.44","15.95","16.44","15.85","4.92M","2.30%"
"03/25/2024","16.08","16.00","16.08","15.71","7.47M","-0.77%"
"03/22/2024","16.20","16.50","16.65","16.03","9.64M","-1.91%"
"03/21/2024","16.51","16.80","16.87","16.41","5.01M","-1.08%"
"03/20/2024","16.69","16.59","16.70","16.36","4.44M","0.60%"
"03/19/2024","16.59","16.52","16.65","16.41","4.73M","-0.39%"
"03/18/2024","16.66","16.93","17.15","16.45","8.22M","-1.51%"
"03/15/2024","16.92","17.01","17.05","16.70","8.21M","-0.50%"
"03/14/2024","17.00","17.50","17.50","16.97","6.69M","-3.00%"
"03/13/2024","17.52","17.32","17.52","17.17","5.73M","1.15%"
"03/12/2024","17.33","17.51","17.59","16.93","7.15M","-0.23%"
"03/11/2024","17.36","17.08","17.79","16.92","6.22M","1.49%"
"03/08/2024","17.11","17.17","17.33","16.86","18.23M","-0.41%"
"03/07/2024","17.18","17.50","17.60","17.06","10.52M","-1.74%"
"03/06/2024","17.49","17.90","17.99","17.32","10.45M","-1.55%"
"03/05/2024","17.76","17.62","17.82","17.46","6.09M","0.28%"
"03/04/2024","17.71","17.68","17.84","17.53","6.49M","0.80%"
"03/01/2024","17.57","17.61","17.82","17.45","8.02M","0.51%"
"02/29/2024","17.48","17.10","17.51","16.81","9.01M","1.98%"
"02/28/2024","17.14","17.55","17.67","17.08","9.65M","-2.06%"
"02/27/2024","17.50","17.02","17.50","16.92","6.60M","3.06%"
"02/26/2024","16.98","16.58","17.09","16.58","7.36M","2.35%"
"02/23/2024","16.59","16.89","16.92","16.42","8.99M","-2.01%"
"02/22/2024","16.93","17.64","17.77","16.65","15.66M","-3.59%"
"02/21/2024","17.56","17.80","18.22","17.30","18.69M","-0.48%"
"02/20/2024","17.65","16.94","17.65","16.45","18.04M","4.47%"
"02/19/2024","16.89","16.95","17.10","16.75","13.29M","1.96%"
"02/16/2024","16.57","16.00","17.10","15.88","34.99M","10.58%"
"02/15/2024","14.98","15.13","15.35","14.90","9.10M","-0.66%"
"02/14/2024","15.08","14.70","15.14","14.70","7.10M","2.06%"
"02/13/2024","14.77","14.87","14.87","14.61","4.86M","-0.71%"
"02/12/2024","14.88","14.80","14.88","14.55","5.58M","0.95%"
"02/09/2024","14.74","14.64","14.83","14.46","6.35M","0.55%"
"02/08/2024","14.66","14.60","14.74","14.48","4.54M","0.55%"
"02/07/2024","14.58","14.60","14.60","14.28","6.18M","0.21%"
"02/06/2024","14.55","14.34","14.57","14.03","7.49M","1.82%"
"02/05/2024","14.29","13.76","14.36","13.76","11.45M","4.65%"
"02/02/2024","13.65","13.23","13.82","13.23","12.91M","5.00%"
"02/01/2024","13.01","12.76","13.15","12.69","3.72M","0.31%"
"01/31/2024","12.97","13.08","13.09","12.75","5.18M","-1.18%"
"01/30/2024","13.12","13.28","13.40","13.08","5.06M","-0.91%"
"01/29/2024","13.24","13.25","13.35","13.06","7.47M","-1.16%"
"01/26/2024","13.40","13.31","13.53","13.18","6.11M","-0.15%"
"01/25/2024","13.41","13.40","13.60","13.27","10.14M","0.19%"
"01/24/2024","13.39","13.40","13.62","13.14","16.01M","4.49%"
"01/23/2024","12.81","12.55","13.05","12.50","16.09M","4.02%"
"01/22/2024","12.32","12.20","12.38","12.06","5.95M","1.78%"
"01/19/2024","12.10","12.24","12.44","12.06","14.33M","1.00%"
"01/18/2024","11.98","11.94","12.02","11.78","7.96M","0.88%"
"01/17/2024","11.88","11.80","11.93","11.55","6.66M","-0.34%"
"01/16/2024","11.92","12.00","12.05","11.78","5.47M","-1.61%"
"01/15/2024","12.11","12.20","12.27","11.75","6.13M","-1.58%"
"01/12/2024","12.31","12.63","12.70","12.31","13.00M","-2.15%"
"01/11/2024","12.58","12.07","12.70","12.05","21.75M","5.05%"
"01/10/2024","11.98","11.84","12.05","11.74","9.07M","1.14%"
"01/09/2024","11.84","11.70","11.90","11.65","6.14M","1.33%"
"01/08/2024","11.69","11.53","11.72","11.37","6.07M","0.47%"
"01/05/2024","11.63","11.38","11.65","11.16","8.77M","2.11%"
"01/04/2024","11.39","11.00","11.39","10.95","7.36M","3.36%"
"01/03/2024","11.02","10.93","11.15","10.90","5.29M","0.18%"
"01/02/2024","11.00","10.72","11.08","10.70","5.98M","2.61%"
"12/29/2023","10.72","10.60","10.72","10.56","2.81M","0.70%"
"12/28/2023","10.65","10.78","10.80","10.55","3.79M","-1.25%"
"12/27/2023","10.78","10.90","10.90","10.72","3.12M","-0.60%"
"12/22/2023","10.85","11.50","11.58","10.73","15.34M","0.51%"
"12/21/2023","10.79","10.87","10.95","10.76","3.03M","-1.37%"
"12/20/2023","10.94","10.94","11.11","10.87","3.77M","0.00%"
"12/19/2023","10.94","11.10","11.15","10.80","5.05M","-1.66%"
"12/18/2023","11.12","11.48","11.51","11.11","6.01M","-3.43%"
"12/15/2023","11.52","11.25","11.58","11.18","11.19M","2.95%"
"12/14/2023","11.19","10.99","11.25","10.95","7.55M","2.71%"
"12/13/2023","10.89","11.00","11.11","10.80","5.70M","-0.91%"
"12/12/2023","10.99","10.80","11.08","10.72","6.95M","1.76%"
"12/11/2023","10.80","10.85","11.10","10.75","7.99M","-0.51%"
"12/08/2023","10.85","10.75","10.98","10.68","7.31M","1.07%"
"12/07/2023","10.74","10.60","10.74","10.39","6.36M","0.42%"
"12/06/2023","10.69","10.39","10.74","10.35","10.14M","3.99%"
"12/05/2023","10.28","10.10","10.31","10.07","5.09M","0.88%"
"12/04/2023","10.19","10.32","10.44","10.11","3.74M","-1.40%"
"12/01/2023","10.34","10.06","10.41","10.06","13.60M","3.94%"
"11/30/2023","9.95","10.03","10.03","9.85","7.18M","-0.22%"
"11/29/2023","9.97","9.71","10.06","9.71","7.08M","2.93%"
"11/28/2023","9.69","9.60","9.72","9.57","2.99M","0.75%"
"11/27/2023","9.61","9.85","9.95","9.61","4.41M","-3.10%"
"11/24/2023","9.92","10.01","10.03","9.88","7.14M","-0.78%"
"11/23/2023","10.00","9.98","10.06","9.87","5.33M","0.10%"
"11/22/2023","9.99","9.85","9.99","9.78","3.50M","1.13%"
"11/21/2023","9.88","10.10","10.25","9.83","8.40M","-2.00%"
"11/20/2023","10.08","9.99","10.13","9.89","9.50M","1.20%"
"11/17/2023","9.96","9.50","9.99","9.45","14.09M","1.78%"
"11/16/2023","9.79","9.80","9.86","9.67","6.02M","0.10%"
"11/15/2023","9.78","9.54","9.90","9.51","12.96M","2.67%"
"11/14/2023","9.52","9.30","9.59","9.30","8.01M","0.66%"
"11/13/2023","9.46","9.60","9.71","9.43","7.56M","-1.48%"
"11/10/2023","9.60","9.75","9.76","9.48","13.73M","-2.42%"
"11/09/2023","9.84","9.67","9.88","9.55","16.20M","1.44%"
"11/08/2023","9.70","9.30","9.73","9.30","12.04M","3.08%"
"11/07/2023","9.41","9.52","9.56","9.21","12.90M","-2.18%"
"11/06/2023","9.62","9.77","9.90","9.50","18.60M","0.50%"
"11/03/2023","9.57","9.19","9.57","9.10","27.44M","6.36%"
"11/02/2023","9.00","8.70","9.23","8.70","41.55M","10.38%"
"11/01/2023","8.15","8.17","8.21","7.90","24.27M","1.75%"
"10/31/2023","8.01","8.00","8.12","7.96","9.32M","-0.20%"
"10/30/2023","8.03","7.95","8.18","7.88","12.67M","1.29%"
"10/27/2023","7.93","7.89","7.99","7.69","9.87M","0.23%"
"10/26/2023","7.91","7.83","8.04","7.80","4.60M","0.38%"
"10/25/2023","7.88","8.20","8.29","7.88","4.98M","-3.57%"
"10/24/2023","8.17","7.86","8.24","7.86","7.57M","3.65%"
"10/23/2023","7.88","7.90","7.95","7.77","5.28M","-0.45%"
"10/20/2023","7.92","8.08","8.09","7.84","9.83M","-3.60%"
"10/19/2023","8.22","8.15","8.27","8.05","6.07M","0.49%"
"10/18/2023","8.18","8.43","8.48","8.15","7.93M","-3.81%"
"10/17/2023","8.50","8.55","8.68","8.38","4.10M","-1.73%"
"10/16/2023","8.65","8.55","8.65","8.32","6.94M","0.63%"
"10/13/2023","8.60","8.70","8.77","8.54","6.46M","-1.87%"
"10/12/2023","8.76","8.75","8.92","8.66","8.44M","1.46%"
"10/11/2023","8.63","8.52","8.66","8.52","3.42M","0.40%"
"10/10/2023","8.60","8.30","8.60","8.30","5.40M","3.61%"
"10/09/2023","8.30","8.55","8.58","8.29","7.90M","-5.21%"
"10/06/2023","8.76","8.70","8.91","8.62","8.11M","0.90%"
"10/05/2023","8.68","8.45","8.70","8.44","9.68M","4.45%"
"10/04/2023","8.31","8.12","8.61","8.04","12.38M","1.19%"
"10/03/2023","8.21","8.40","8.43","8.19","8.81M","-3.23%"
"10/02/2023","8.48","8.54","8.64","8.46","5.52M","-0.68%"
"09/29/2023","8.54","8.50","8.64","8.48","5.01M","0.61%"
"09/28/2023","8.49","8.40","8.49","8.23","8.71M","1.26%"
"09/27/2023","8.38","8.39","8.55","8.33","4.67M","-0.66%"
"09/26/2023","8.44","8.52","8.54","8.37","5.91M","-1.12%"
"09/25/2023","8.54","8.78","8.81","8.52","7.77M","-3.59%"
"09/22/2023","8.85","8.84","8.92","8.77","3.71M","-1.18%"
"09/21/2023","8.96","8.99","8.99","8.87","3.73M","-0.62%"
"09/20/2023","9.02","8.81","9.11","8.81","6.30M","1.62%"
"09/19/2023","8.87","8.80","8.94","8.75","5.34M","0.59%"
"09/18/2023","8.82","8.95","9.00","8.79","6.89M","-2.13%"
"09/15/2023","9.01","8.84","9.03","8.70","19.07M","1.14%"
"09/14/2023","8.91","9.00","9.05","8.86","10.69M","-2.02%"
"09/13/2023","9.09","9.22","9.30","9.06","4.31M","-1.92%"
"09/12/2023","9.27","9.23","9.43","9.14","5.40M","0.13%"
"09/11/2023","9.26","9.10","9.26","9.07","4.04M","1.76%"
"09/08/2023","9.10","9.10","9.24","9.01","7.39M","-1.09%"
"09/07/2023","9.20","9.18","9.33","9.15","4.66M","-0.73%"
"09/06/2023","9.27","9.48","9.55","9.27","9.21M","-2.30%"
"09/05/2023","9.49","9.57","9.61","9.39","5.40M","-0.88%"
"09/04/2023","9.57","9.19","9.64","9.18","7.98M","4.07%"
"09/01/2023","9.20","9.07","9.25","9.07","8.20M","1.86%"
"08/31/2023","9.03","9.04","9.14","8.98","6.00M","-0.55%"
"08/30/2023","9.08","9.05","9.17","8.96","5.40M","0.49%"
"08/29/2023","9.03","9.00","9.10","8.86","10.09M","1.21%"
"08/28/2023","8.93","9.16","9.31","8.88","11.54M","-2.43%"
"08/25/2023","9.15","9.45","9.48","9.12","21.05M","-3.01%"
"08/24/2023","9.43","10.18","10.30","9.41","35.44M","-7.80%"
"08/23/2023","10.23","10.38","10.41","10.15","8.27M","-1.25%"
"08/22/2023","10.36","10.20","10.40","10.15","8.49M","2.63%"
"08/21/2023","10.10","9.80","10.20","9.76","11.69M","3.22%"
"08/18/2023","9.78","9.73","9.88","9.66","5.80M","0.00%"
"08/17/2023","9.78","9.75","10.00","9.55","11.48M","-0.33%"
"08/16/2023","9.82","9.80","9.92","9.72","4.52M","0.27%"
"08/15/2023","9.79","10.01","10.04","9.76","7.90M","-1.77%"
"08/14/2023","9.97","10.03","10.10","9.92","4.77M","-1.08%"
"08/11/2023","10.07","9.95","10.16","9.95","7.24M","0.40%"
"08/10/2023","10.03","9.95","10.11","9.95","5.44M","0.25%"
"08/09/2023","10.01","10.04","10.21","9.92","10.37M","2.94%"
"08/08/2023","9.72","10.12","10.12","9.61","15.00M","-4.10%"
"08/07/2023","10.14","10.19","10.32","10.13","5.58M","-0.88%"
"08/04/2023","10.23","10.30","10.38","10.03","14.81M","1.64%"
"08/03/2023","10.06","9.95","10.10","9.89","5.53M","0.45%"
"08/02/2023","10.02","10.10","10.14","9.85","7.16M","-1.33%"
"08/01/2023","10.15","10.10","10.31","10.06","6.10M","0.15%"
"07/31/2023","10.14","10.05","10.19","9.94","3.75M","0.75%"
"07/28/2023","10.06","10.10","10.10","9.86","6.73M","-0.15%"
"07/27/2023","10.08","10.22","10.23","10.03","3.66M","-0.69%"
"07/26/2023","10.15","10.15","10.29","10.03","3.98M","-0.15%"
"07/25/2023","10.16","10.25","10.32","10.15","2.61M","-0.59%"
"07/24/2023","10.23","10.30","10.32","10.16","2.79M","-1.16%"
"07/21/2023","10.35","10.19","10.45","10.17","2.86M","1.42%"
"07/20/2023","10.20","10.20","10.30","10.19","1.88M","-0.05%"
"07/19/2023","10.20","10.30","10.34","10.20","1.79M","-0.39%"
"07/18/2023","10.24","10.37","10.37","10.21","2.42M","-0.87%"
"07/17/2023","10.34","10.27","10.37","10.19","2.08M","0.24%"
"07/14/2023","10.31","10.58","10.60","10.26","3.41M","-2.60%"
"07/13/2023","10.59","10.40","10.70","10.31","5.89M","2.72%"
"07/12/2023","10.31","10.20","10.37","10.08","2.98M","1.03%"
"07/11/2023","10.20","10.33","10.40","10.20","2.54M","-2.02%"
"07/10/2023","10.41","10.54","10.54","10.34","3.47M","-1.09%"
"07/07/2023","10.52","10.36","10.60","10.09","4.97M","1.84%"
"07/06/2023","10.34","10.89","11.08","10.32","18.94M","0.00%"
"07/05/2023","10.34","10.42","10.57","10.30","4.76M","-1.29%"
"07/04/2023","10.47","10.47","10.53","10.30","3.38M","0.00%"
"07/03/2023","10.47","10.35","10.66","10.33","6.79M","1.65%"
"06/30/2023","10.30","10.37","10.39","10.23","5.32M","-0.82%"
"06/29/2023","10.39","10.60","10.61","10.25","6.41M","-1.89%"
"06/28/2023","10.59","10.64","10.89","10.55","5.07M","0.81%"
"06/27/2023","10.50","11.11","11.15","10.20","10.87M","-5.58%"
"06/26/2023","11.12","11.56","11.57","10.91","4.62M","-2.11%"
"06/23/2023","11.36","11.56","11.63","10.87","6.78M","0.93%"
"06/22/2023","11.26","11.56","11.59","11.18","5.43M","-3.22%"
"06/21/2023","11.63","11.57","11.69","11.30","2.89M","0.39%"
"06/20/2023","11.59","11.80","11.80","11.52","2.20M","-2.36%"
"06/19/2023","11.86","12.03","12.04","11.73","2.40M","-1.90%"
"06/16/2023","12.10","12.20","12.22","12.02","2.43M","-0.86%"
"06/15/2023","12.20","12.49","12.50","12.19","2.07M","-2.56%"
"06/14/2023","12.52","12.60","12.74","12.52","2.29M","-0.40%"
"06/13/2023","12.57","12.60","12.76","12.49","3.45M","0.20%"
"06/12/2023","12.55","12.35","12.55","12.06","4.64M","3.51%"
"06/09/2023","12.12","11.90","12.16","11.79","2.79M","0.87%"
"06/08/2023","12.02","12.28","12.34","11.51","4.84M","-2.48%"
"06/07/2023","12.32","12.47","12.52","12.27","2.63M","-1.20%"
"06/06/2023","12.47","12.90","12.94","12.43","5.53M","-0.08%"
"06/05/2023","12.48","13.10","13.16","12.43","4.99M","-3.70%"
"06/02/2023","12.96","13.41","13.52","12.94","4.94M","-2.78%"
"06/01/2023","13.33","13.10","13.53","12.94","6.75M","3.01%"
"05/31/2023","12.94","12.91","13.17","12.80","10.78M","1.69%"
"05/30/2023","12.73","12.92","13.05","12.56","4.61M","-1.39%"
"05/26/2023","12.90","12.94","13.07","12.76","4.93M","0.66%"
"05/25/2023","12.82","12.59","12.99","12.48","4.71M","1.10%"
"05/24/2023","12.68","12.70","12.87","12.50","5.92M","-1.32%"
"05/23/2023","12.85","12.77","12.85","12.38","6.06M","1.18%"
"05/22/2023","12.70","12.36","12.86","12.25","10.44M","4.83%"
"05/19/2023","12.11","12.27","12.55","12.11","5.55M","0.33%"
"05/16/2023","12.07","11.99","12.51","11.87","11.85M","1.64%"
"05/15/2023","11.88","10.93","11.99","10.85","16.91M","11.92%"
"05/12/2023","10.61","11.22","11.36","10.43","14.64M","-4.20%"
"05/11/2023","11.08","11.10","11.25","10.85","4.80M","0.54%"
"05/10/2023","11.02","10.94","11.15","10.83","4.58M","0.87%"
"05/09/2023","10.93","10.81","10.94","10.72","2.46M","0.23%"
"05/08/2023","10.90","11.05","11.10","10.77","2.69M","-0.14%"
"05/05/2023","10.91","10.60","10.94","10.56","6.34M","6.96%"
"05/04/2023","10.20","10.50","10.50","10.20","2.10M","-3.50%"
"05/03/2023","10.57","10.56","10.73","10.41","3.12M","0.52%"
"05/02/2023","10.52","10.35","10.72","10.35","4.24M","1.84%"
"04/28/2023","10.33","10.01","10.33","9.95","2.54M","3.20%"
"04/27/2023","10.01","9.90","10.07","9.80","2.27M","1.52%"
"04/26/2023","9.86","10.01","10.04","9.82","2.57M","-2.09%"
"04/25/2023","10.07","10.08","10.15","10.01","2.45M","-1.32%"
"04/24/2023","10.20","10.10","10.27","10.02","1.77M","1.95%"
"04/21/2023","10.01","10.10","10.10","9.90","2.21M","-1.72%"
"04/20/2023","10.19","10.11","10.23","10.05","1.25M","0.15%"
"04/19/2023","10.17","10.40","10.48","10.06","2.39M","-2.68%"
"04/18/2023","10.45","10.34","10.54","10.29","2.90M","1.51%"
"04/17/2023","10.30","9.95","10.31","9.95","2.90M","2.44%"
"04/14/2023","10.05","9.85","10.26","9.81","4.22M","1.89%"
"04/13/2023","9.86","10.10","10.11","9.75","6.18M","-3.34%"
"04/12/2023","10.20","10.46","10.46","10.14","3.35M","-2.58%"
"04/11/2023","10.48","10.64","10.78","10.27","3.77M","0.72%"
"04/05/2023","10.40","10.34","10.47","10.30","912.29K","0.82%"
"04/04/2023","10.31","10.46","10.56","10.31","1.71M","-1.29%"
"04/03/2023","10.45","10.66","10.72","10.45","1.69M","-2.65%"
"03/31/2023","10.73","10.59","10.73","10.52","1.99M","1.04%"
"03/30/2023","10.63","10.11","10.65","10.11","3.05M","4.99%"
"03/29/2023","10.12","10.18","10.23","10.04","2.19M","-0.15%"
"03/28/2023","10.14","10.38","10.41","10.06","1.58M","-2.22%"
"03/27/2023","10.36","10.14","10.41","9.96","3.27M","1.42%"
"03/24/2023","10.22","10.50","10.50","10.02","4.66M","-2.81%"
"03/23/2023","10.52","10.33","10.56","10.30","1.93M","-0.33%"
"03/22/2023","10.55","10.75","10.77","10.48","1.98M","-1.59%"
"03/21/2023","10.72","10.51","10.76","10.45","3.91M","2.78%"
"03/20/2023","10.43","10.02","10.47","9.76","5.10M","2.51%"
"03/17/2023","10.18","10.88","10.94","10.06","8.07M","-4.46%"
"03/16/2023","10.65","10.64","10.90","10.40","3.85M","0.14%"
"03/15/2023","10.64","11.20","11.24","10.52","4.08M","-5.72%"
"03/14/2023","11.28","10.68","11.29","10.64","5.60M","4.44%"
"03/13/2023","10.80","11.36","11.44","10.70","6.06M","-6.09%"
"03/10/2023","11.50","11.61","11.73","11.50","3.91M","-2.95%"
"03/09/2023","11.85","11.87","11.87","11.76","3.11M","0.17%"
"03/08/2023","11.83","11.52","11.93","11.40","5.61M","1.89%"
"03/07/2023","11.61","11.66","11.67","11.44","4.56M","0.09%"
"03/06/2023","11.60","11.40","11.75","11.40","7.83M","2.75%"
"03/03/2023","11.29","11.30","11.40","11.15","3.60M","-0.53%"
"03/02/2023","11.35","11.28","11.51","11.26","3.04M","0.00%"
"03/01/2023","11.35","11.40","11.44","11.23","2.95M","-0.35%"
"02/28/2023","11.39","11.40","11.45","11.24","4.05M","0.26%"
"02/27/2023","11.36","11.14","11.39","11.09","4.62M","1.52%"
"02/24/2023","11.19","11.40","11.48","11.09","4.59M","-0.31%"
"02/23/2023","11.23","11.01","11.32","11.01","4.41M","2.51%"
"02/22/2023","10.95","11.20","11.24","10.51","8.08M","-3.95%"
"02/21/2023","11.40","11.53","11.53","11.35","3.02M","-1.51%"
"02/20/2023","11.57","11.76","11.77","11.36","5.61M","-0.22%"
"02/17/2023","11.60","11.40","11.88","11.30","16.84M","1.44%"
"02/16/2023","11.44","10.75","11.46","10.14","19.08M","9.64%"
"02/15/2023","10.43","10.70","10.87","10.43","8.58M","0.97%"
"02/14/2023","10.33","10.04","10.40","10.04","3.44M","2.08%"
"02/13/2023","10.12","10.47","10.48","9.95","5.95M","-2.55%"
"02/10/2023","10.39","10.40","10.52","10.03","6.52M","-1.24%"
"02/09/2023","10.52","10.70","10.80","10.46","7.78M","-2.09%"
"02/08/2023","10.74","10.92","10.95","10.60","5.39M","-0.09%"
"02/07/2023","10.75","11.30","11.35","10.73","9.25M","-2.93%"
"02/06/2023","11.07","10.60","11.18","10.59","9.57M","4.33%"
"02/03/2023","10.61","10.42","10.69","10.30","9.14M","2.61%"
"02/02/2023","10.35","10.13","10.48","10.13","7.63M","3.14%"
"02/01/2023","10.03","9.85","10.09","9.75","14.31M","6.14%"
"01/31/2023","9.45","9.30","9.62","9.22","5.85M","2.83%"
"01/30/2023","9.19","9.42","9.76","9.16","8.84M","-0.86%"
"01/27/2023","9.27","9.10","9.29","9.07","3.17M","1.51%"
"01/26/2023","9.13","9.18","9.19","8.83","3.34M","0.77%"
"01/25/2023","9.06","8.73","9.27","8.73","9.30M","5.08%"
"01/24/2023","8.62","8.48","8.63","8.47","2.42M","1.94%"
"01/23/2023","8.46","8.28","8.49","8.20","1.94M","2.15%"
"01/20/2023","8.28","8.15","8.37","8.15","2.84M","2.22%"
"01/19/2023","8.10","8.11","8.18","8.02","1.67M","-0.64%"
"01/18/2023","8.15","7.84","8.21","7.84","3.16M","3.37%"
"01/17/2023","7.89","7.97","8.00","7.80","1.89M","-1.05%"
"01/16/2023","7.97","8.00","8.08","7.95","1.13M","-0.52%"
"01/13/2023","8.01","7.85","8.08","7.82","4.04M","3.14%"
"01/12/2023","7.77","8.08","8.12","7.42","12.59M","-6.00%"
"01/11/2023","8.27","8.00","8.28","7.96","2.65M","3.45%"
"01/10/2023","7.99","7.90","7.99","7.82","1.56M","0.25%"
"01/09/2023","7.97","8.00","8.00","7.84","1.75M","1.48%"
"01/06/2023","7.85","7.65","7.96","7.63","2.64M","1.50%"
"01/05/2023","7.74","7.82","7.83","7.64","3.43M","0.62%"
"01/04/2023","7.69","7.88","7.89","7.50","3.47M","-1.03%"
"01/03/2023","7.77","7.80","8.06","7.73","4.35M","0.67%"
"01/02/2023","7.72","7.37","7.75","7.37","3.40M","5.09%"
"12/30/2022","7.34","7.50","7.50","7.28","4.78M","-1.69%"
"12/29/2022","7.47","7.38","7.51","7.21","5.43M","1.27%"
"12/28/2022","7.38","7.75","7.75","7.19","8.37M","-5.34%"
"12/27/2022","7.79","8.02","8.15","7.76","2.68M","-2.96%"
"12/23/2022","8.03","8.19","8.19","7.99","2.52M","-2.12%"
"12/22/2022","8.20","8.30","8.43","8.15","1.75M","-1.61%"
"12/21/2022","8.34","8.30","8.39","8.22","1.87M","0.53%"
"12/20/2022","8.29","8.13","8.31","8.01","2.44M","0.29%"
"12/19/2022","8.27","8.25","8.38","8.20","1.94M","-0.48%"
"12/16/2022","8.31","8.34","8.41","8.16","2.31M","-2.00%"
"12/15/2022","8.48","8.36","8.60","8.34","1.93M","0.50%"
"12/14/2022","8.44","8.60","8.60","8.31","3.40M","-2.90%"
"12/13/2022","8.69","8.60","8.78","8.52","3.45M","2.60%"
"12/12/2022","8.47","8.70","8.72","8.47","1.84M","-3.04%"
"12/09/2022","8.74","8.78","8.88","8.62","2.70M","-0.50%"
"12/08/2022","8.78","8.82","8.88","8.71","1.52M","-0.48%"
"12/07/2022","8.82","8.98","9.09","8.80","2.22M","-1.19%"
"12/06/2022","8.93","9.17","9.17","8.86","3.88M","-2.64%"
"12/05/2022","9.17","8.90","9.25","8.83","5.11M","3.57%"
"12/02/2022","8.85","8.70","8.88","8.63","2.25M","2.00%"
"12/01/2022","8.68","8.85","8.89","8.68","1.29M","-1.45%"
"11/30/2022","8.81","8.70","9.01","8.70","3.00M","0.23%"
"11/29/2022","8.79","8.74","8.83","8.63","1.70M","0.50%"
"11/28/2022","8.74","8.60","9.00","8.59","1.43M","-0.27%"
"11/25/2022","8.77","8.75","8.79","8.62","1.58M","0.27%"
"11/24/2022","8.74","8.51","8.74","8.50","2.65M","2.87%"
"11/23/2022","8.50","8.30","8.56","8.23","2.31M","2.38%"
"11/22/2022","8.30","8.45","8.50","8.30","1.69M","-2.03%"
"11/21/2022","8.47","8.60","8.60","8.41","2.02M","-1.47%"
"11/18/2022","8.60","8.41","8.62","8.35","2.60M","2.97%"
"11/17/2022","8.35","8.35","8.52","8.25","2.12M","0.22%"
"11/16/2022","8.33","8.89","8.89","8.33","3.46M","-6.28%"
"11/15/2022","8.89","8.78","8.90","8.63","3.46M","0.70%"
"11/14/2022","8.83","8.99","9.02","8.78","2.32M","-1.08%"
"11/11/2022","8.93","8.90","9.08","8.82","3.65M","1.62%"
"11/10/2022","8.78","8.66","8.83","8.50","3.60M","1.81%"
"11/09/2022","8.63","8.81","8.81","8.52","3.96M","-2.46%"
"11/08/2022","8.85","8.58","8.89","8.53","3.95M","3.37%"
"11/07/2022","8.56","8.45","8.61","8.30","3.24M","1.86%"
"11/04/2022","8.40","8.41","8.57","8.34","5.04M","2.29%"
"11/03/2022","8.21","8.22","8.33","8.04","3.06M","-0.87%"
"11/02/2022","8.29","8.52","8.56","8.16","4.01M","-2.31%"
"11/01/2022","8.48","8.34","8.55","8.22","5.25M","1.92%"
"10/31/2022","8.32","8.31","8.52","8.27","4.63M","0.63%"
"10/28/2022","8.27","8.38","8.54","8.20","4.95M","-1.55%"
"10/27/2022","8.40","8.36","8.57","8.12","10.73M","3.70%"
"10/26/2022","8.10","7.60","8.48","7.42","24.14M","9.37%"
"10/25/2022","7.41","7.42","7.52","7.10","18.32M","-0.43%"
"10/24/2022","7.44","7.25","7.47","7.16","13.11M","2.59%"
"10/21/2022","7.25","7.23","7.28","7.06","2.35M","-0.36%"
"10/20/2022","7.28","7.25","7.33","7.12","2.65M","-0.71%"
"10/19/2022","7.33","7.32","7.41","7.26","2.78M","-0.16%"
"10/18/2022","7.34","7.14","7.36","7.01","5.81M","3.18%"
"10/17/2022","7.11","6.90","7.18","6.80","6.17M","3.55%"
"10/14/2022","6.87","7.10","7.12","6.87","3.66M","0.00%"
"10/13/2022","6.87","6.60","6.95","6.52","4.73M","4.85%"
"10/12/2022","6.55","6.87","6.93","6.55","5.00M","-5.04%"
"10/11/2022","6.90","6.80","7.02","6.72","3.21M","0.00%"
"10/10/2022","6.90","6.96","6.97","6.57","6.13M","-0.98%"
"10/07/2022","6.97","7.17","7.34","6.94","8.02M","-3.46%"
"10/06/2022","7.22","7.16","7.52","7.14","20.80M","1.66%"
"10/05/2022","7.10","7.11","7.15","6.90","5.88M","0.57%"
"10/04/2022","7.06","6.95","7.10","6.87","7.32M","3.82%"
"10/03/2022","6.80","7.25","7.26","6.70","6.93M","-6.26%"
"09/30/2022","7.25","7.10","7.33","6.93","5.45M","2.72%"
"09/29/2022","7.06","7.06","7.60","7.02","11.27M","6.81%"
"09/28/2022","6.61","6.67","6.67","6.33","5.33M","-2.25%"
"09/27/2022","6.76","6.82","6.91","6.64","3.78M","-0.59%"
"09/26/2022","6.80","6.59","6.81","6.50","4.59M","1.98%"
"09/23/2022","6.67","6.99","7.00","6.62","5.02M","-4.49%"
"09/22/2022","6.99","7.12","7.29","6.98","4.24M","-2.67%"
"09/21/2022","7.18","7.49","7.58","7.18","4.49M","-5.90%"
"09/20/2022","7.63","7.58","7.84","7.51","3.01M","0.82%"
"09/19/2022","7.57","7.62","7.62","7.28","4.21M","-1.20%"
"09/16/2022","7.66","7.58","7.77","7.48","4.72M","-0.34%"
"09/15/2022","7.68","7.44","7.72","7.43","3.74M","4.15%"
"09/14/2022","7.38","7.44","7.52","7.27","2.85M","-3.02%"
"09/13/2022","7.61","7.75","7.78","7.46","5.31M","-0.39%"
"09/12/2022","7.64","7.53","7.78","7.49","4.91M","2.63%"
"09/09/2022","7.44","7.27","7.44","7.27","3.31M","3.48%"
"09/08/2022","7.19","7.49","7.58","7.13","3.78M","-1.59%"
"09/07/2022","7.31","7.20","7.33","7.02","7.19M","0.86%"
"09/06/2022","7.25","7.50","7.68","7.15","9.63M","-3.98%"
"09/05/2022","7.55","7.94","7.94","7.47","6.82M","-5.91%"
"09/02/2022","8.02","7.95","8.12","7.91","5.49M","0.91%"
"09/01/2022","7.95","8.23","8.25","7.59","17.11M","-6.41%"
"08/31/2022","8.49","8.52","8.58","8.33","3.61M","-0.28%"
"08/30/2022","8.52","8.36","8.67","8.32","3.84M","1.38%"
"08/29/2022","8.40","8.66","8.66","8.17","8.65M","-3.89%"
"08/26/2022","8.74","9.05","9.06","8.61","8.92M","-2.98%"
"08/25/2022","9.01","9.62","9.65","8.91","19.88M","-7.42%"
"08/24/2022","9.73","9.48","9.77","9.24","5.45M","3.03%"
"08/23/2022","9.44","9.10","9.49","9.03","4.17M","4.63%"
"08/22/2022","9.03","9.41","9.41","8.98","6.25M","-4.49%"
"08/19/2022","9.45","9.66","9.66","9.35","4.04M","-2.07%"
"08/18/2022","9.65","9.65","9.80","9.53","3.71M","-0.33%"
"08/17/2022","9.68","10.06","10.09","9.68","3.63M","-3.66%"
"08/16/2022","10.05","9.72","10.35","9.72","6.44M","2.63%"
"08/15/2022","9.79","9.73","9.81","9.59","2.14M","0.74%"
"08/12/2022","9.72","9.85","9.88","9.68","2.35M","-1.32%"
"08/11/2022","9.85","9.66","9.87","9.61","3.77M","2.16%"
"08/10/2022","9.64","9.65","9.71","9.57","2.44M","-1.23%"
"08/09/2022","9.76","9.89","9.90","9.64","3.05M","-0.99%"
"08/08/2022","9.86","9.94","9.96","9.69","3.28M","-0.74%"
"08/05/2022","9.93","10.33","10.40","9.77","6.39M","-2.32%"
"08/04/2022","10.17","10.60","10.70","10.17","12.51M","0.05%"
"08/03/2022","10.16","9.81","10.19","9.76","6.62M","4.47%"
"08/02/2022","9.73","9.95","10.05","9.72","5.50M","-1.68%"
"08/01/2022","9.90","9.36","10.00","9.36","7.49M","5.66%"
"07/29/2022","9.37","9.22","9.53","9.22","6.51M","2.92%"
"07/28/2022","9.10","9.22","9.40","9.10","3.82M","-1.49%"
"07/27/2022","9.24","9.06","9.35","9.04","3.30M","1.29%"
"07/26/2022","9.12","9.31","9.39","9.08","3.34M","-2.46%"
"07/25/2022","9.35","9.10","9.41","9.04","3.26M","2.45%"
"07/22/2022","9.13","9.00","9.29","9.00","3.99M","1.40%"
"07/21/2022","9.00","9.23","9.25","8.97","3.86M","-1.42%"
"07/20/2022","9.13","9.40","9.44","9.06","3.22M","-1.74%"
"07/19/2022","9.29","9.50","9.55","9.15","3.80M","-3.21%"
"07/18/2022","9.60","9.20","9.72","9.20","5.58M","5.15%"
"07/15/2022","9.13","9.04","9.29","8.91","3.79M","1.53%"
"07/14/2022","8.99","9.03","9.30","8.95","3.86M","-0.38%"
"07/13/2022","9.03","9.19","9.38","9.02","4.90M","-0.88%"
"07/12/2022","9.11","9.05","9.19","8.97","4.03M","0.86%"
"07/11/2022","9.03","9.25","9.26","8.96","3.96M","-2.32%"
"07/08/2022","9.24","9.19","9.35","9.11","5.03M","2.05%"
"07/07/2022","9.06","9.09","9.15","8.93","3.58M","1.98%"
"07/06/2022","8.88","9.30","9.38","8.84","6.08M","-1.33%"
"07/05/2022","9.00","9.50","9.62","8.78","10.52M","-1.75%"
"07/04/2022","9.16","8.71","9.20","8.54","9.52M","7.13%"
"07/01/2022","8.55","8.39","8.71","8.20","4.65M","5.06%"
"06/30/2022","8.14","8.45","8.52","8.06","8.32M","-4.08%"
"06/29/2022","8.48","9.06","9.06","8.40","6.93M","-5.86%"
"06/28/2022","9.01","9.00","9.39","8.95","7.52M","2.32%"
"06/27/2022","8.81","8.70","9.08","8.52","5.55M","1.24%"
"06/24/2022","8.70","9.10","9.10","8.53","5.57M","-2.99%"
"06/23/2022","8.97","9.01","9.35","8.84","5.92M","0.54%"
"06/22/2022","8.92","9.01","9.06","8.82","6.58M","-2.15%"
"06/21/2022","9.12","9.55","9.72","9.09","5.21M","-3.82%"
"06/20/2022","9.48","9.10","9.48","8.95","4.03M","2.98%"
"06/17/2022","9.20","9.02","9.32","8.85","5.37M","4.28%"
"06/16/2022","8.83","9.55","9.55","8.80","7.80M","-6.25%"
"06/15/2022","9.41","9.43","9.50","8.97","9.38M","-0.11%"
"06/14/2022","9.42","9.45","9.65","9.30","5.00M","-0.30%"
"06/13/2022","9.45","9.99","9.99","9.41","7.79M","-5.39%"
"06/10/2022","9.99","10.26","10.28","9.96","6.75M","-2.54%"
"06/09/2022","10.25","10.58","10.58","10.07","5.55M","-1.82%"
"06/08/2022","10.44","11.02","11.02","10.41","6.51M","-3.73%"
"06/07/2022","10.85","11.20","11.22","10.56","7.13M","-2.21%"
"06/03/2022","11.09","11.40","11.48","11.06","4.61M","-1.86%"
"06/02/2022","11.30","11.37","11.45","11.15","4.76M","-0.62%"
"06/01/2022","11.37","11.45","11.57","11.24","6.75M","-0.04%"
"05/31/2022","11.38","11.48","11.58","11.01","12.99M","0.04%"
"05/30/2022","11.37","10.56","11.49","10.49","20.28M","9.64%"
"05/27/2022","10.37","10.30","10.45","10.10","6.75M","2.67%"
"05/25/2022","10.10","9.86","10.10","9.60","10.97M","3.25%"
"05/24/2022","9.78","10.00","10.03","9.73","6.80M","-2.42%"
"05/23/2022","10.02","10.21","10.21","9.96","4.80M","-0.74%"
"05/20/2022","10.10","10.31","10.36","10.07","4.95M","-0.88%"
"05/19/2022","10.19","10.10","10.23","9.91","6.36M","-0.97%"
"05/18/2022","10.29","10.67","10.72","10.20","8.93M","-0.68%"
"05/16/2022","10.36","11.05","11.16","10.32","14.04M","-4.78%"
"05/13/2022","10.88","10.80","10.93","10.16","13.24M","2.45%"
"05/12/2022","10.62","11.20","11.20","10.42","10.12M","-4.97%"
"05/11/2022","11.18","10.88","11.27","10.85","5.38M","2.01%"
"05/10/2022","10.95","11.00","11.03","10.39","9.13M","-1.40%"
"05/09/2022","11.11","11.07","11.34","10.90","4.15M","-1.07%"
"05/06/2022","11.23","11.50","11.51","11.06","5.89M","-4.06%"
"05/05/2022","11.70","12.54","12.70","11.70","7.87M","-4.25%"
"05/04/2022","12.23","12.90","12.90","12.17","5.81M","-4.00%"
"05/03/2022","12.73","12.67","13.05","12.63","3.21M","0.91%"
"05/02/2022","12.62","13.20","13.26","12.50","6.92M","-4.39%"
"04/29/2022","13.20","13.15","13.70","12.94","8.14M","1.15%"
"04/28/2022","13.05","12.45","13.31","12.40","9.16M","6.49%"
"04/27/2022","12.26","12.60","12.68","12.26","6.71M","-1.13%"
"04/26/2022","12.40","12.25","12.62","12.13","4.16M","2.14%"
"04/25/2022","12.14","12.40","12.58","12.07","5.64M","-2.02%"
"04/22/2022","12.39","12.35","12.74","12.13","7.03M","0.28%"
"04/21/2022","12.35","11.85","12.45","11.76","7.73M","5.33%"
"04/20/2022","11.73","11.74","12.09","11.57","6.82M","1.08%"
"04/19/2022","11.60","11.37","11.66","11.30","6.04M","3.02%"
"04/13/2022","11.26","11.50","11.54","11.22","7.52M","-2.43%"
"04/12/2022","11.54","11.55","11.73","11.25","4.86M","-0.77%"
"04/11/2022","11.63","11.30","11.68","10.97","6.61M","2.92%"
"04/08/2022","11.30","11.00","11.40","10.81","7.27M","3.91%"
"04/07/2022","10.88","10.52","11.07","10.43","5.34M","4.27%"
"04/06/2022","10.43","11.25","11.46","10.27","9.75M","-3.56%"
"04/05/2022","10.81","10.67","11.10","10.63","4.65M","1.50%"
"04/04/2022","10.65","10.70","10.86","10.54","3.67M","-0.05%"
"04/01/2022","10.66","10.61","10.85","10.55","3.17M","-0.80%"
"03/31/2022","10.75","11.02","11.12","10.67","4.79M","-1.95%"
"03/30/2022","10.96","11.27","11.30","10.88","5.09M","-1.86%"
"03/29/2022","11.17","10.45","11.28","10.35","11.98M","7.72%"
"03/28/2022","10.37","10.40","10.52","10.22","4.51M","0.80%"
"03/25/2022","10.29","10.31","10.40","10.05","4.45M","2.39%"
"03/24/2022","10.05","10.23","10.23","9.90","5.10M","-1.45%"
"03/23/2022","10.19","10.37","10.45","10.13","3.90M","-1.51%"
"03/22/2022","10.35","10.30","10.47","10.11","4.17M","0.76%"
"03/21/2022","10.27","10.98","11.03","10.25","6.87M","-5.41%"
"03/18/2022","10.86","10.45","11.09","10.29","11.78M","4.89%"
"03/17/2022","10.35","11.00","11.00","10.24","6.39M","-3.23%"
"03/16/2022","10.70","10.50","10.84","10.32","7.64M","4.84%"
"03/15/2022","10.21","10.19","10.23","9.92","4.11M","0.06%"
"03/14/2022","10.20","10.45","10.55","10.14","5.30M","-1.07%"
"03/11/2022","10.31","10.20","10.54","9.92","7.46M","3.47%"
"03/10/2022","9.96","10.41","10.77","9.81","8.41M","-2.01%"
"03/09/2022","10.17","9.39","10.34","9.25","8.49M","11.26%"
"03/08/2022","9.14","8.94","9.42","8.85","9.84M","-0.66%"
"03/07/2022","9.20","9.23","9.51","8.66","11.74M","-5.64%"
"03/04/2022","9.75","10.04","10.06","9.50","9.25M","-2.89%"
"03/03/2022","10.04","10.25","10.40","9.97","4.88M","-2.13%"
"03/02/2022","10.26","9.98","10.34","9.48","9.83M","2.33%"
"03/01/2022","10.02","10.94","11.03","10.02","12.94M","-7.39%"
"02/28/2022","10.82","10.90","11.20","10.64","7.24M","-3.86%"
"02/25/2022","11.26","10.77","11.30","10.73","7.16M","4.51%"
"02/24/2022","10.77","10.38","10.90","10.21","12.68M","-2.39%"
"02/23/2022","11.04","11.90","11.99","10.92","8.64M","-5.84%"
"02/22/2022","11.72","11.19","11.75","10.50","7.68M","0.69%"
"02/21/2022","11.64","11.90","12.16","11.50","7.64M","0.61%"
"02/18/2022","11.57","12.14","12.57","11.54","14.44M","-1.78%"
"02/17/2022","11.78","12.70","12.70","11.67","10.21M","-6.43%"
"02/16/2022","12.59","12.62","13.06","12.51","5.27M","1.29%"
"02/15/2022","12.43","12.29","12.68","12.10","7.32M","2.74%"
"02/14/2022","12.10","12.70","12.71","11.56","10.92M","-5.90%"
"02/11/2022","12.86","13.05","13.07","12.77","3.50M","-1.18%"
"02/10/2022","13.01","13.20","13.28","12.85","5.01M","-0.66%"
"02/09/2022","13.10","13.30","13.41","13.08","7.14M","0.00%"
"02/08/2022","13.10","13.11","13.27","12.91","4.48M","1.00%"
"02/07/2022","12.97","13.15","13.20","12.66","4.51M","-0.23%"
"02/04/2022","13.00","12.85","13.33","12.60","19.78M","0.23%"
"02/03/2022","12.97","13.37","13.49","12.90","7.73M","-0.23%"
"02/02/2022","13.00","12.60","13.50","12.60","22.58M","4.13%"
"02/01/2022","12.48","12.20","12.50","12.18","6.97M","3.86%"
"01/31/2022","12.02","12.20","12.26","11.89","5.95M","1.76%"
"01/28/2022","11.81","12.50","12.50","11.76","8.51M","-5.00%"
"01/27/2022","12.43","12.00","12.71","11.70","11.33M","3.62%"
"01/26/2022","12.00","11.08","12.18","11.07","11.38M","9.55%"
"01/25/2022","10.95","10.90","11.40","10.88","4.06M","1.43%"
"01/24/2022","10.80","11.54","11.54","10.71","7.15M","-6.38%"
"01/21/2022","11.54","11.94","11.98","11.50","5.82M","-3.24%"
"01/20/2022","11.92","11.60","11.96","11.45","3.72M","2.41%"
"01/19/2022","11.64","11.46","11.67","11.25","4.05M","-0.15%"
"01/18/2022","11.66","11.76","11.76","11.11","5.11M","-1.19%"
"01/17/2022","11.80","12.02","12.10","11.79","3.43M","-1.67%"
"01/14/2022","12.00","12.26","12.26","11.86","4.38M","-1.80%"
"01/13/2022","12.22","11.75","12.25","11.73","6.39M","4.04%"
"01/12/2022","11.75","11.95","12.05","11.75","3.15M","-0.98%"
"01/11/2022","11.86","11.92","12.04","11.75","3.66M","1.04%"
"01/10/2022","11.74","12.22","12.39","11.66","7.28M","-2.94%"
"01/07/2022","12.10","11.94","12.26","11.85","6.92M","2.51%"
"01/06/2022","11.80","11.60","12.09","11.25","9.98M","0.39%"
"01/05/2022","11.75","11.67","11.90","11.42","6.68M","1.40%"
"01/04/2022","11.59","10.90","11.85","10.90","16.10M","6.41%"
"01/03/2022","10.89","10.80","11.10","10.76","6.47M","1.34%"
"12/30/2021","10.75","10.50","10.79","10.29","3.61M","2.13%"
"12/29/2021","10.53","10.50","10.68","10.48","3.21M","0.10%"
"12/28/2021","10.52","10.50","10.76","10.47","3.70M","0.00%"
"12/27/2021","10.51","10.32","10.53","10.01","5.01M","1.12%"
"12/23/2021","10.40","10.00","10.53","9.99","5.75M","4.06%"
"12/22/2021","9.99","9.60","9.99","9.34","5.53M","4.63%"
"12/21/2021","9.55","9.30","9.62","9.27","5.62M","3.39%"
"12/20/2021","9.23","8.90","9.24","8.81","3.70M","1.48%"
"12/17/2021","9.10","9.24","9.25","9.08","5.26M","-2.15%"
"12/16/2021","9.30","9.32","9.55","9.20","7.59M","1.91%"
"12/15/2021","9.13","9.09","9.25","8.98","4.43M","-0.29%"
"12/14/2021","9.15","9.40","9.51","9.01","10.37M","-5.21%"
"12/13/2021","9.66","10.04","10.10","9.48","5.34M","-3.88%"
"12/10/2021","10.05","9.80","10.12","9.72","2.87M","1.17%"
"12/09/2021","9.93","10.20","10.20","9.79","3.28M","-1.97%"
"12/08/2021","10.13","10.21","10.32","9.84","7.54M","-0.73%"
"12/07/2021","10.20","9.94","10.25","9.67","7.28M","3.97%"
"12/06/2021","9.81","9.45","9.91","9.06","8.83M","4.29%"
"12/03/2021","9.41","9.58","9.67","9.28","4.96M","-1.25%"
"12/02/2021","9.53","9.40","9.59","9.23","5.39M","0.21%"
"12/01/2021","9.51","9.24","9.61","8.91","7.62M","4.96%"
"11/30/2021","9.06","9.20","9.42","8.82","27.23M","-2.58%"
"11/29/2021","9.30","9.11","9.66","9.06","11.88M","2.99%"
"11/26/2021","9.03","9.54","9.60","9.00","16.99M","-10.27%"
"11/25/2021","10.06","10.33","10.45","10.02","5.23M","-3.12%"
"11/24/2021","10.39","10.44","10.44","10.16","4.20M","-0.63%"
"11/23/2021","10.45","10.65","10.65","10.28","4.17M","-2.30%"
"11/22/2021","10.70","10.38","10.88","10.33","5.38M","3.10%"
"11/19/2021","10.38","10.63","10.84","10.07","9.52M","-2.37%"
"11/18/2021","10.63","11.20","11.30","10.63","9.02M","-6.06%"
"11/17/2021","11.32","11.45","11.65","11.05","7.40M","-0.30%"
"11/16/2021","11.35","11.99","11.99","11.32","7.39M","-4.61%"
"11/15/2021","11.90","11.45","11.96","11.44","7.10M","3.97%"
"11/12/2021","11.44","11.60","11.80","11.07","8.20M","-0.38%"
"11/11/2021","11.49","11.70","11.93","11.36","6.65M","-0.59%"
"11/10/2021","11.56","11.86","12.00","11.55","4.93M","-2.48%"
"11/09/2021","11.85","11.55","12.12","11.54","8.45M","1.07%"
"11/08/2021","11.72","12.06","12.29","11.56","8.35M","-1.48%"
"11/05/2021","11.90","12.00","12.20","11.31","12.90M","0.68%"
"11/04/2021","11.82","11.31","12.08","11.20","17.09M","7.42%"
"11/03/2021","11.00","11.60","11.62","10.66","15.13M","-3.73%"
"11/02/2021","11.43","11.17","11.56","10.94","14.18M","4.35%"
"11/01/2021","10.95","10.69","11.06","10.45","16.62M","6.35%"
"10/29/2021","10.30","10.00","10.69","9.93","13.79M","4.23%"
"10/28/2021","9.88","10.56","11.01","9.77","13.10M","-1.18%"
"10/27/2021","10.00","9.80","10.09","9.46","6.42M","3.42%"
"10/26/2021","9.67","9.48","9.68","9.30","2.68M","2.79%"
"10/25/2021","9.41","9.80","9.80","9.33","4.94M","-3.02%"
"10/22/2021","9.70","10.00","10.03","9.65","3.39M","-2.61%"
"10/21/2021","9.96","9.71","10.08","9.65","4.60M","2.59%"
"10/20/2021","9.71","10.05","10.13","9.59","5.66M","-2.91%"
"10/19/2021","10.00","10.16","10.16","9.89","4.20M","-0.66%"
"10/18/2021","10.07","10.48","10.67","9.96","7.25M","-3.21%"
"10/15/2021","10.40","10.00","10.49","9.97","6.99M","4.52%"
"10/14/2021","9.95","10.15","10.15","9.93","2.56M","-0.66%"
"10/13/2021","10.02","9.90","10.17","9.77","4.22M","1.84%"
"10/12/2021","9.84","9.69","9.88","9.56","3.24M","0.96%"
"10/11/2021","9.74","9.60","9.86","9.48","3.09M","2.42%"
"10/08/2021","9.51","9.48","9.77","9.36","5.01M","0.33%"
"10/07/2021","9.48","9.72","9.72","8.99","5.70M","-0.21%"
"10/06/2021","9.50","9.80","10.17","9.48","7.81M","-1.04%"
"10/05/2021","9.60","9.71","9.71","9.42","3.15M","-1.17%"
"10/04/2021","9.71","9.78","9.96","9.58","2.59M","0.33%"
"10/01/2021","9.68","9.90","9.92","9.51","4.43M","-2.55%"
"09/30/2021","9.94","9.82","10.00","9.58","5.18M","1.90%"
"09/29/2021","9.75","9.87","9.93","9.41","4.80M","0.00%"
"09/28/2021","9.75","10.48","10.53","9.75","10.07M","-5.34%"
"09/27/2021","10.30","10.61","10.82","10.14","15.76M","3.00%"
"09/24/2021","10.00","10.00","10.19","9.90","6.56M","0.56%"
"09/23/2021","9.94","9.00","9.94","9.00","7.10M","10.86%"
"09/22/2021","8.97","9.00","9.06","8.78","3.11M","-0.33%"
"09/21/2021","9.00","8.88","9.04","8.57","6.80M","2.27%"
"09/20/2021","8.80","9.26","9.27","8.74","10.47M","-5.38%"
"09/17/2021","9.30","9.25","9.54","8.86","16.17M","1.53%"
"09/16/2021","9.16","9.35","9.47","9.12","3.85M","-1.51%"
"09/15/2021","9.30","9.49","9.49","9.22","4.52M","-2.11%"
"09/14/2021","9.50","9.43","9.61","9.10","5.92M","0.86%"
"09/13/2021","9.42","9.82","9.82","9.32","4.51M","-2.70%"
"09/10/2021","9.68","9.94","9.96","9.66","2.78M","-2.22%"
"09/09/2021","9.90","9.90","9.94","9.67","4.96M","-0.99%"
"09/08/2021","10.00","10.06","10.28","9.94","3.40M","-0.31%"
"09/07/2021","10.03","10.04","10.10","9.80","4.93M","0.06%"
"09/06/2021","10.02","10.35","10.60","10.00","10.92M","0.14%"
"09/03/2021","10.01","9.70","10.02","9.68","8.01M","3.49%"
"09/02/2021","9.67","9.45","9.82","9.41","107.92M","-1.56%"
"09/01/2021","9.82","9.90","10.11","9.70","6.53M","2.87%"
"08/31/2021","9.55","10.35","10.46","9.34","7.29M","-4.28%"
"08/30/2021","9.98","9.90","10.05","9.77","2.92M","2.86%"
"08/27/2021","9.70","9.90","9.97","9.40","4.23M","-2.01%"
"08/26/2021","9.90","10.11","10.15","9.76","3.64M","-1.73%"
"08/25/2021","10.07","10.18","10.30","10.03","2.10M","-0.22%"
"08/24/2021","10.10","10.28","10.44","10.05","2.70M","-1.79%"
"08/23/2021","10.28","10.50","10.53","10.28","2.13M","-1.59%"
"08/20/2021","10.45","10.49","10.56","10.26","2.29M","0.00%"
"08/19/2021","10.45","10.46","10.50","10.25","2.18M","0.97%"
"08/18/2021","10.35","10.26","10.45","10.26","1.41M","0.51%"
"08/17/2021","10.29","10.40","10.44","10.16","1.78M","-0.62%"
"08/16/2021","10.36","10.30","10.61","10.28","2.64M","0.76%"
"08/13/2021","10.28","10.50","10.51","10.28","1.86M","-2.00%"
"08/12/2021","10.49","10.62","10.66","10.37","2.29M","-1.15%"
"08/11/2021","10.61","10.65","10.72","10.52","1.38M","0.53%"
"08/10/2021","10.56","10.80","10.80","10.56","1.37M","-1.35%"
"08/09/2021","10.70","11.00","11.10","10.70","2.31M","-2.50%"
"08/06/2021","10.97","10.90","11.00","10.70","1.63M","0.62%"
"08/05/2021","10.91","11.11","11.14","10.71","2.31M","-1.43%"
"08/04/2021","11.06","11.11","11.17","10.75","2.02M","0.77%"
"08/03/2021","10.98","11.30","11.60","10.84","3.74M","-1.96%"
"08/02/2021","11.20","10.70","11.30","10.55","4.52M","5.36%"
"07/30/2021","10.63","10.70","10.70","10.46","1.78M","-0.64%"
"07/29/2021","10.70","10.75","10.76","10.52","1.35M","0.21%"
"07/28/2021","10.68","10.56","10.85","10.39","2.22M","2.16%"
"07/27/2021","10.45","10.40","10.90","10.40","2.70M","0.46%"
"07/26/2021","10.40","10.52","10.68","10.33","3.36M","-4.57%"
"07/23/2021","10.90","10.83","10.99","10.73","1.35M","0.59%"
"07/22/2021","10.84","10.99","11.03","10.56","2.45M","0.06%"
"07/21/2021","10.83","10.99","10.99","10.65","2.09M","2.17%"
"07/20/2021","10.60","10.12","10.64","10.12","2.53M","5.22%"
"07/19/2021","10.07","10.39","10.46","9.95","4.84M","-3.04%"
"07/16/2021","10.39","10.87","10.95","10.39","4.67M","-4.42%"
"07/15/2021","10.87","11.23","11.23","10.68","3.74M","-4.16%"
"07/14/2021","11.34","11.40","11.47","11.13","2.72M","-0.51%"
"07/13/2021","11.40","11.70","11.76","11.38","2.62M","-2.25%"
"07/12/2021","11.66","12.10","12.10","11.36","5.53M","-2.49%"
"07/09/2021","11.96","12.32","12.32","11.80","3.82M","-2.18%"
"07/08/2021","12.23","12.29","12.40","11.84","6.66M","0.21%"
"07/07/2021","12.20","12.07","12.72","11.82","8.14M","1.84%"
"07/06/2021","11.98","11.85","12.91","11.80","14.41M","2.31%"
"07/05/2021","11.71","11.50","11.75","11.20","4.23M","2.36%"
"07/02/2021","11.44","11.88","11.95","11.27","4.94M","-2.97%"
"07/01/2021","11.79","11.33","11.79","11.18","8.67M","5.95%"
"06/30/2021","11.13","11.20","11.47","10.95","6.54M","0.14%"
"06/29/2021","11.11","11.80","11.80","11.05","7.18M","-3.91%"
"06/28/2021","11.56","11.50","11.80","11.38","7.83M","1.62%"
"06/25/2021","11.38","11.10","11.46","10.78","8.24M","1.70%"
"06/24/2021","11.19","12.20","12.40","11.10","14.06M","-6.77%"
"06/23/2021","12.00","11.50","12.18","11.43","23.84M","7.24%"
"06/22/2021","11.19","10.48","11.47","10.40","20.67M","10.81%"
"06/21/2021","10.10","10.39","10.42","9.72","10.89M","-1.17%"
"06/18/2021","10.22","10.31","10.60","10.10","6.45M","0.00%"
"06/17/2021","10.22","10.58","10.62","10.10","6.71M","-3.40%"
"06/16/2021","10.58","10.86","10.88","10.45","3.90M","-1.56%"
"06/15/2021","10.75","10.95","11.00","10.58","3.86M","-0.46%"
"06/14/2021","10.80","11.20","11.20","10.75","4.84M","-1.39%"
"06/11/2021","10.95","10.98","11.02","10.76","2.89M","1.20%"
"06/10/2021","10.82","11.25","11.40","10.73","6.36M","-2.70%"
"06/09/2021","11.12","10.85","11.25","10.70","9.27M","3.60%"
"06/08/2021","10.73","11.10","11.30","10.63","5.95M","-1.97%"
"06/07/2021","10.95","11.27","11.27","10.90","4.21M","-0.64%"
"06/04/2021","11.02","10.99","11.24","10.61","9.43M","2.80%"
"06/03/2021","10.72","11.80","11.81","10.72","10.50M","-8.38%"
"06/02/2021","11.70","12.19","12.28","11.20","12.06M","-1.76%"
"06/01/2021","11.91","12.20","12.49","11.68","28.07M","5.40%"
"05/31/2021","11.30","10.99","11.88","10.50","25.82M","11.33%"
"05/28/2021","10.15","10.55","10.82","9.70","29.97M","-3.43%"
"05/27/2021","10.51","10.10","12.48","10.10","79.61M","-49.19%"
"05/26/2021","20.68","19.24","24.80","18.72","8.90M","9.44%"
"05/25/2021","18.90","16.10","20.75","14.50","7.20M","-18.09%"
"05/21/2021","23.08","23.91","24.29","22.80","1.25M","-2.12%"
"05/20/2021","23.58","25.70","26.99","22.30","1.99M","-8.43%"
"05/19/2021","25.75","28.82","29.42","25.10","2.27M","-9.56%"
"05/18/2021","28.47","22.90","29.42","22.80","2.94M","28.42%"
"05/14/2021","22.17","25.08","25.65","21.60","1.63M","-11.61%"
"05/12/2021","25.08","26.35","29.77","24.20","1.82M","-4.84%"
"05/11/2021","26.35","32.71","32.74","25.96","2.10M","-21.86%"
"05/10/2021","33.72","36.09","36.09","32.50","1.57M","-7.35%"
"05/07/2021","36.40","31.00","38.56","30.33","2.64M","20.41%"
"05/06/2021","30.23","39.70","39.78","30.00","2.87M","-23.34%"
"05/05/2021","39.42","31.00","45.08","27.90","5.64M","50.82%"
"05/04/2021","26.14","25.78","26.63","25.08","2.44M","0.56%"
"05/03/2021","26.00","26.24","26.63","25.43","1.43M","-1.24%"
"04/30/2021","26.32","26.39","26.61","26.07","568.66K","-0.90%"
"04/29/2021","26.56","27.09","27.09","26.17","724.77K","-2.89%"
"04/28/2021","27.35","27.93","27.98","27.12","393.84K","-0.58%"
"04/27/2021","27.51","28.00","28.14","27.27","392.87K","-1.36%"
"04/26/2021","27.89","27.79","27.98","27.41","368.38K","1.19%"
"04/23/2021","27.56","27.47","27.93","26.87","412.68K","1.53%"
"04/22/2021","27.14","26.74","27.55","26.74","379.41K","1.54%"
"04/21/2021","26.73","27.08","27.44","25.88","596.51K","-1.63%"
"04/20/2021","27.18","27.63","27.63","26.77","649.49K","-2.05%"
"04/19/2021","27.75","28.91","29.15","26.93","1.18M","-2.01%"
"04/16/2021","28.32","28.03","29.38","27.72","1.42M","1.88%"
"04/15/2021","27.79","26.60","27.92","26.36","1.00M","6.04%"
"04/14/2021","26.21","25.93","28.01","25.04","1.61M","5.04%"
"04/13/2021","24.95","26.08","26.08","24.85","1.09M","-0.89%"
"04/12/2021","25.18","26.23","28.26","25.07","2.49M","-3.96%"
"04/09/2021","26.21","27.79","28.35","26.21","988.29K","-5.68%"
"04/08/2021","27.79","28.44","29.23","27.68","869.66K","-1.29%"
"04/07/2021","28.16","30.36","30.80","28.03","1.95M","-7.19%"
"04/06/2021","30.34","31.66","32.80","29.55","2.81M","-2.18%"
"03/31/2021","31.02","28.65","32.87","28.65","3.77M","9.28%"
"03/30/2021","28.38","26.07","28.39","25.80","1.48M","10.47%"
"03/29/2021","25.69","24.99","28.49","24.99","2.32M","3.73%"
"03/26/2021","24.77","25.13","25.36","24.48","417.34K","-0.53%"
"03/25/2021","24.90","24.99","25.32","24.44","893.51K","0.00%"
"03/24/2021","24.90","24.30","25.02","23.53","719.80K","1.95%"
"03/23/2021","24.42","24.52","24.74","24.10","462.56K","-0.57%"
"03/22/2021","24.56","25.22","25.64","24.38","571.62K","-2.63%"
"03/19/2021","25.22","24.76","25.22","24.32","577.99K","2.35%"
"03/18/2021","24.65","24.85","25.10","24.62","312.86K","0.30%"
"03/17/2021","24.57","25.17","25.17","24.52","346.92K","-1.20%"
"03/16/2021","24.87","25.22","25.46","24.57","519.03K","0.04%"
"03/15/2021","24.86","24.62","25.18","23.97","1.00M","1.41%"
"03/12/2021","24.51","24.76","25.41","24.38","820.65K","-0.72%"
"03/11/2021","24.69","25.90","26.01","24.29","1.53M","-3.19%"
"03/10/2021","25.50","25.93","26.15","25.50","540.42K","-0.91%"
"03/09/2021","25.74","26.16","26.32","25.60","711.41K","-0.90%"
"03/08/2021","25.97","26.67","27.09","25.69","743.20K","0.00%"
"03/05/2021","25.97","25.74","27.33","25.36","873.17K","1.09%"
"03/04/2021","25.69","26.58","26.63","25.51","804.65K","0.04%"
"03/03/2021","25.68","25.91","26.47","25.32","604.04K","-0.40%"
"03/02/2021","25.78","25.69","26.06","25.37","533.21K","2.07%"
"03/01/2021","25.26","26.16","27.00","25.26","733.54K","-1.60%"
"02/26/2021","25.67","25.69","26.71","24.29","897.13K","-2.28%"
"02/25/2021","26.27","25.93","28.02","25.71","1.62M","3.38%"
"02/24/2021","25.41","24.55","25.41","23.96","1.31M","3.50%"
"02/23/2021","24.55","24.74","25.45","23.59","1.06M","-0.42%"
"02/22/2021","24.65","25.38","25.74","24.48","535.17K","-0.98%"
"02/19/2021","24.90","24.86","25.30","23.57","1.06M","0.15%"
"02/18/2021","24.86","25.34","25.44","24.85","413.57K","-1.81%"
"02/17/2021","25.32","25.55","25.69","25.22","603.29K","-0.91%"
"02/16/2021","25.55","26.16","26.28","25.36","625.72K","-0.80%"
"02/15/2021","25.76","25.69","25.93","25.32","716.22K","1.73%"
"02/12/2021","25.32","25.80","26.20","25.11","468.53K","-1.49%"
"02/11/2021","25.70","25.04","25.93","24.94","925.28K","2.53%"
"02/10/2021","25.07","25.29","26.58","25.07","1.34M","-0.52%"
"02/09/2021","25.20","26.02","26.10","25.13","1.15M","-3.16%"
"02/08/2021","26.02","27.56","27.78","25.73","1.55M","-4.79%"
"02/05/2021","27.33","27.75","27.75","26.97","894.48K","-2.50%"
"02/04/2021","28.03","28.49","28.49","27.09","1.05M","-2.12%"
"02/03/2021","28.63","29.80","30.13","28.03","1.40M","-2.70%"
"02/02/2021","29.43","29.65","30.13","28.74","2.34M","1.61%"
"02/01/2021","28.96","28.24","29.71","27.23","2.45M","7.08%"
"01/29/2021","27.05","24.89","29.66","24.80","5.23M","8.63%"
"01/28/2021","24.90","25.69","26.39","24.13","3.04M","-4.82%"
"01/27/2021","26.16","28.54","28.54","25.78","2.25M","-8.35%"
"01/26/2021","28.54","28.91","29.14","27.47","1.50M","-1.29%"
"01/25/2021","28.91","30.76","30.76","28.40","2.88M","-7.61%"
"01/22/2021","31.30","32.70","33.54","30.13","7.42M","-1.47%"
"01/21/2021","31.76","30.53","33.03","30.36","10.07M","13.33%"
"01/20/2021","28.03","31.05","31.05","27.56","1.83M","-7.98%"
"01/19/2021","30.46","30.36","32.37","29.71","2.87M","1.49%"
"01/18/2021","30.01","28.59","31.67","26.19","3.76M","3.28%"
"01/15/2021","29.05","33.61","33.61","29.05","3.52M","-14.79%"
"01/14/2021","34.10","33.63","35.73","31.48","4.62M","-5.19%"
"01/13/2021","35.97","35.97","36.44","34.30","1.33M","0.39%"
"01/12/2021","35.83","35.50","36.88","34.59","1.43M","1.46%"
"01/11/2021","35.31","37.38","37.82","34.21","1.68M","-5.26%"
"01/08/2021","37.28","38.73","40.76","36.44","3.30M","0.43%"
"01/07/2021","37.12","35.03","38.96","34.69","3.57M","8.52%"
"01/06/2021","34.20","33.24","35.96","30.13","4.50M","1.69%"
"01/05/2021","33.63","39.60","39.71","33.63","4.34M","-15.29%"
"01/04/2021","39.71","42.04","42.17","38.58","4.80M","-2.23%"
"12/30/2020","40.61","45.31","45.68","37.86","9.31M","-8.23%"
"12/29/2020","44.25","42.92","51.38","37.63","19.36M","6.50%"
"12/28/2020","41.55","34.10","42.03","34.10","12.06M","32.66%"
"12/23/2020","31.33","29.81","31.86","28.73","7.70M","10.26%"
"12/22/2020","28.41","24.85","30.26","23.94","9.89M","13.01%"
"12/21/2020","25.14","22.38","25.19","19.99","11.88M","15.77%"
"12/18/2020","21.72","27.09","28.03","20.32","29.28M","-26.81%"
"12/17/2020","29.67","30.60","34.89","28.30","11.95M","4.82%"
"12/16/2020","28.31","23.25","30.24","21.49","11.78M","16.54%"
"12/15/2020","24.29","29.90","29.90","24.07","9.19M","-19.75%"
"12/14/2020","30.27","37.14","38.16","29.52","9.55M","-17.43%"
"12/11/2020","36.66","44.56","50.03","32.70","26.79M","-16.06%"
"12/10/2020","43.68","27.75","48.44","27.75","38.18M","71.37%"
"12/09/2020","25.49","19.44","25.69","19.20","13.75M","34.78%"
"12/08/2020","18.91","20.03","21.49","18.72","12.03M","9.05%"
"12/07/2020","17.34","17.28","20.17","16.12","7.91M","3.11%"
"12/04/2020","16.82","17.98","18.69","16.82","4.49M","0.00%"
"12/03/2020","16.82","16.12","19.62","15.42","9.03M","7.17%"
"12/02/2020","15.70","15.41","17.49","14.01","5.25M","5.00%"
"12/01/2020","14.95","17.00","17.09","14.67","4.40M","-10.79%"
"11/30/2020","16.76","19.15","19.15","16.68","3.87M","-11.43%"
"11/27/2020","18.92","20.55","21.02","18.92","3.33M","-5.62%"
"11/26/2020","20.04","19.62","21.02","19.15","4.01M","5.90%"
"11/25/2020","18.93","23.36","23.38","18.73","8.82M","-23.55%"
"11/24/2020","24.76","19.55","31.76","18.68","12.60M","26.79%"
"11/23/2020","19.53","20.55","20.55","18.51","2.55M","-4.50%"
"11/20/2020","20.45","18.68","21.95","18.68","3.77M","9.43%"
"11/19/2020","18.68","21.86","21.86","18.27","6.06M","-15.65%"
"11/18/2020","22.15","22.42","22.89","20.24","1.72M","-0.32%"
"11/17/2020","22.22","25.08","25.36","21.74","2.99M","-11.08%"
"11/16/2020","24.99","23.44","25.93","23.44","2.85M","6.70%"
"11/13/2020","23.42","23.92","23.92","23.30","920.79K","-2.07%"
"11/12/2020","23.92","24.57","24.76","23.82","1.38M","-2.66%"
"11/11/2020","24.57","26.16","26.16","23.92","1.58M","-6.41%"
"11/10/2020","26.25","24.74","28.69","23.36","2.61M","0.57%"
"11/09/2020","26.10","27.64","33.17","22.89","5.43M","-13.23%"
"11/06/2020","30.08","28.96","30.30","28.65","365.35K","5.06%"
"11/05/2020","28.63","28.26","30.25","28.04","410.76K","2.13%"
"11/04/2020","28.04","27.61","28.30","27.09","372.72K","3.66%"
"11/03/2020","27.05","28.03","28.96","26.75","620.85K","-3.14%"
"11/02/2020","27.92","28.96","30.36","27.85","419.26K","-1.22%"
"10/30/2020","28.27","29.34","29.43","28.07","462.53K","-3.51%"
"10/29/2020","29.30","29.01","30.27","28.05","416.09K","2.82%"
"10/28/2020","28.49","32.65","32.65","28.49","748.86K","-11.21%"
"10/27/2020","32.09","31.25","33.07","31.23","452.79K","2.69%"
"10/26/2020","31.25","32.23","33.55","30.36","616.24K","-0.48%"
"10/23/2020","31.40","29.40","33.17","29.40","718.50K","6.80%"
"10/22/2020","29.40","31.97","32.44","29.20","578.16K","-8.04%"
"10/21/2020","31.97","35.49","36.80","31.01","858.11K","-8.50%"
"10/20/2020","34.94","32.26","37.27","32.26","1.15M","9.48%"
"10/19/2020","31.91","28.96","34.59","28.59","1.03M","11.89%"
"10/16/2020","28.52","28.26","28.96","28.07","337.26K","0.93%"
"10/15/2020","28.26","29.24","29.24","27.33","572.39K","-3.35%"
"10/14/2020","29.24","28.07","29.90","27.85","803.54K","4.23%"
"10/13/2020","28.06","31.61","31.61","28.03","1.02M","-11.26%"
"10/12/2020","31.61","33.12","33.17","30.36","1.03M","-2.81%"
"10/09/2020","32.53","37.37","39.24","30.09","4.39M","-24.12%"
"10/08/2020","42.87","43.40","43.63","41.95","383.08K","-0.52%"
"10/07/2020","43.10","46.52","46.95","41.95","510.30K","-6.81%"
"10/06/2020","46.24","46.74","47.51","46.24","303.68K","0.10%"
"10/05/2020","46.20","47.65","48.67","45.56","452.53K","-1.10%"
"10/02/2020","46.71","46.71","49.98","45.11","473.74K","0.00%"
"10/01/2020","46.71","44.38","47.32","44.34","578.79K","6.38%"
"09/30/2020","43.91","43.91","43.91","41.87","268.60K","2.17%"
"09/29/2020","42.97","42.76","43.93","41.11","338.33K","0.57%"
"09/28/2020","42.73","41.52","43.91","40.98","505.10K","5.46%"
"09/25/2020","40.52","44.84","45.31","37.37","848.25K","-9.17%"
"09/24/2020","44.61","46.71","47.51","43.34","467.11K","-4.50%"
"09/23/2020","46.71","47.37","47.69","46.71","312.66K","-1.67%"
"09/22/2020","47.51","47.65","47.67","46.71","266.16K","0.30%"
"09/21/2020","47.37","49.05","49.56","47.27","386.14K","-0.83%"
"09/18/2020","47.76","49.05","49.14","47.44","373.89K","-2.11%"
"09/17/2020","48.79","48.30","49.42","48.30","307.75K","1.16%"
"09/16/2020","48.23","48.95","49.23","48.11","224.55K","-1.43%"
"09/15/2020","48.93","49.02","49.30","48.35","209.59K","0.05%"
"09/14/2020","48.91","49.35","49.98","48.16","313.21K","0.24%"
"09/11/2020","48.79","48.81","51.24","48.37","355.72K","0.19%"
"09/10/2020","48.70","49.21","49.56","48.70","180.96K","0.05%"
"09/09/2020","48.67","49.35","49.98","48.11","229.55K","-1.14%"
"09/08/2020","49.23","50.99","51.71","49.12","295.95K","-3.12%"
"09/07/2020","50.82","50.92","51.41","49.61","268.29K","2.50%"
"09/04/2020","49.58","52.55","52.78","49.05","615.06K","-5.64%"
"09/03/2020","52.55","47.60","53.77","47.60","988.71K","11.88%"
"09/02/2020","46.97","49.51","50.12","46.71","895.72K","-5.14%"
"09/01/2020","49.51","56.05","56.05","48.58","1.20M","-12.65%"
"08/31/2020","56.68","53.63","59.09","52.85","960.82K","8.16%"
"08/28/2020","52.41","56.05","56.78","51.55","885.37K","-9.52%"
"08/27/2020","57.92","58.11","58.16","56.52","278.80K","-0.16%"
"08/26/2020","58.02","58.95","59.46","57.27","339.34K","-1.39%"
"08/25/2020","58.83","58.60","59.28","58.18","535.31K","0.88%"
"08/24/2020","58.32","59.46","59.56","57.32","380.25K","-1.15%"
"08/21/2020","59.00","60.73","60.96","58.18","447.19K","-2.77%"
"08/20/2020","60.68","60.63","60.82","58.88","270.24K","0.54%"
"08/19/2020","60.35","60.73","61.87","59.56","383.74K","-0.62%"
"08/18/2020","60.73","64.84","64.84","59.67","657.78K","-4.94%"
"08/17/2020","63.88","59.30","64.25","59.00","552.71K","9.31%"
"08/14/2020","58.44","61.66","62.48","57.13","867.39K","-5.23%"
"08/13/2020","61.66","68.36","68.48","60.26","1.19M","-8.33%"
"08/12/2020","67.27","67.73","69.41","65.40","1.07M","2.89%"
"08/11/2020","65.37","62.94","70.35","62.92","1.92M","3.90%"
"08/10/2020","62.92","70.07","70.53","60.00","2.23M","-14.58%"
"08/07/2020","73.66","86.02","86.14","73.66","1.42M","-14.76%"
"08/06/2020","86.42","93.42","93.42","84.81","1.03M","-7.73%"
"08/05/2020","93.66","98.52","98.61","93.42","569.64K","-4.93%"
"08/04/2020","98.52","99.73","100.66","95.85","473.22K","-0.99%"
"08/03/2020","99.50","107.44","108.04","99.50","434.86K","-6.25%"
"07/31/2020","106.13","105.10","108.23","104.12","326.19K","1.88%"
"07/30/2020","104.17","112.81","114.44","103.98","564.50K","-7.66%"
"07/29/2020","112.81","115.19","116.08","111.64","371.42K","-2.07%"
"07/28/2020","115.19","115.85","116.31","111.69","359.49K","-0.57%"
"07/27/2020","115.85","118.18","119.96","111.27","511.91K","-1.86%"
"07/24/2020","118.04","123.74","124.95","116.87","429.16K","-4.61%"
"07/23/2020","123.74","127.62","131.26","122.62","443.66K","-3.04%"
"07/22/2020","127.62","133.13","134.30","126.64","334.89K","-4.48%"
"07/21/2020","133.60","135.46","137.80","133.13","334.76K","-1.37%"
"07/20/2020","135.46","142.89","142.99","133.78","409.55K","-4.30%"
"07/17/2020","141.54","154.15","158.31","135.98","849.06K","-7.34%"
"07/16/2020","152.75","147.14","155.46","146.16","794.84K","5.83%"
"07/15/2020","144.34","134.76","148.17","134.76","526.80K","7.33%"
"07/14/2020","134.48","133.13","136.87","132.94","313.82K","1.05%"
"07/13/2020","133.08","129.63","133.50","128.22","301.10K","5.52%"
"07/10/2020","126.12","123.32","128.18","120.98","239.46K","2.27%"
"07/09/2020","123.32","124.44","125.66","122.01","168.10K","-0.38%"
"07/08/2020","123.79","126.59","127.06","117.71","395.56K","-2.21%"
"07/07/2020","126.59","128.97","129.35","125.47","225.82K","-1.27%"
"07/06/2020","128.22","129.02","130.79","127.43","297.50K","-0.19%"
"07/03/2020","128.46","129.86","130.70","126.87","197.54K","-0.29%"
"07/02/2020","128.83","129.86","129.86","126.87","283.36K","1.03%"
"07/01/2020","127.52","128.04","130.70","126.87","239.13K","0.51%"
"06/30/2020","126.87","131.45","134.02","124.53","522.29K","2.49%"
"06/29/2020","123.79","128.60","128.78","122.81","466.23K","-3.67%"
"06/26/2020","128.50","135.46","137.29","128.50","342.92K","-4.45%"
"06/25/2020","134.48","132.90","134.53","127.99","343.14K","1.37%"
"06/24/2020","132.66","129.95","134.06","129.53","370.07K","2.49%"
"06/23/2020","129.44","135.70","137.33","129.44","441.91K","-3.28%"
"06/22/2020","133.83","137.33","140.14","130.79","598.28K","-2.55%"
"06/19/2020","137.33","146.68","149.01","134.72","756.14K","-3.86%"
"06/18/2020","142.84","151.35","151.35","140.14","842.08K","-4.44%"
"06/17/2020","149.48","158.82","166.01","145.74","2.34M","6.28%"
"06/16/2020","140.65","132.66","143.87","132.66","1.19M","10.70%"
"06/15/2020","127.06","130.79","130.79","115.66","2.10M","-13.92%"
"06/12/2020","147.61","139.53","154.99","128.92","1.60M","5.79%"
"06/11/2020","139.53","168.16","168.16","139.01","2.01M","-23.41%"
"06/10/2020","182.18","200.86","200.86","163.49","1.41M","-9.68%"
"06/09/2020","201.70","215.67","215.81","186.85","1.12M","-0.96%"
"06/08/2020","203.66","207.87","222.68","199.46","1.91M","2.44%"
"06/05/2020","198.81","186.85","206.47","186.85","1.36M","10.86%"
"06/04/2020","179.33","163.59","183.11","159.01","900.94K","9.62%"
"06/03/2020","163.59","161.34","166.76","155.32","612.79K","3.00%"
"06/02/2020","158.82","175.64","177.97","141.54","1.75M","-9.58%"
"05/29/2020","175.64","179.84","185.35","170.50","883.29K","-2.34%"
"05/28/2020","179.84","179.79","189.46","166.29","1.56M","-5.13%"
"05/27/2020","189.56","214.87","227.95","182.18","2.84M","-9.32%"
"05/26/2020","209.04","183.11","226.55","182.69","3.58M","24.31%"
"05/25/2020","168.16","142.47","168.16","138.27","2.36M","21.95%"
"05/22/2020","137.89","133.13","147.14","128.46","2.60M","13.54%"
"05/20/2020","121.45","70.07","148.08","70.07","8.73M","-31.22%"
"05/19/2020","176.57","158.82","198.15","140.14","867.71K","-4.62%"
"05/18/2020","185.12","238.23","245.24","117.15","1.24M","-22.29%"
"05/15/2020","238.23","239.45","245.70","225.62","128.83K","3.45%"
"05/14/2020","230.29","254.67","258.22","226.65","176.57K","-9.57%"
"05/13/2020","254.67","252.15","263.36","246.64","237.25K","3.41%"
"05/12/2020","246.27","233.56","268.13","226.55","397.77K","12.24%"
"05/11/2020","219.41","210.20","222.91","210.20","164.24K","4.87%"
"05/08/2020","209.22","200.86","216.74","199.97","132.39K","6.64%"
"05/07/2020","196.19","194.32","202.73","182.69","226.97K","0.96%"
"05/06/2020","194.32","215.30","219.55","186.85","296.31K","-13.34%"
"05/05/2020","224.22","253.18","267.57","224.22","340.33K","-9.77%"
"05/04/2020","248.51","268.59","357.25","243.00","1.16M","3.95%"
"04/30/2020","239.07","246.64","254.11","228.89","181.89K","1.10%"
"04/29/2020","236.46","234.49","254.11","213.80","255.80K","0.64%"
"04/28/2020","234.96","253.09","253.09","231.92","252.00K","-8.55%"
"04/27/2020","256.92","268.59","268.59","233.56","284.97K","-5.17%"
"04/24/2020","270.93","275.60","279.34","258.60","125.55K","1.61%"
"04/23/2020","266.63","277.94","283.73","263.55","113.63K","-3.25%"
"04/22/2020","275.60","269.53","283.91","257.94","168.19K","3.04%"
"04/21/2020","267.47","252.71","272.98","245.89","188.64K","5.68%"
"04/20/2020","253.09","258.22","298.96","206.00","549.36K","-0.22%"
"04/17/2020","253.65","246.64","256.92","239.16","223.99K","8.60%"
"04/16/2020","233.56","226.55","246.64","224.68","247.91K","4.17%"
"04/15/2020","224.22","214.87","256.45","186.85","617.58K","4.35%"
"04/14/2020","214.87","299.52","301.29","144.81","1.21M","-44.38%"
"04/08/2020","386.31","413.40","414.99","379.49","86.82K","-6.34%"
"04/07/2020","412.47","370.52","425.92","366.69","238.47K","11.35%"
"04/06/2020","370.43","386.31","386.31","364.54","135.74K","-4.46%"
"04/03/2020","387.71","412.47","412.47","387.71","118.97K","-5.40%"
"04/02/2020","409.85","420.41","428.25","401.72","117.68K","-2.51%"
"04/01/2020","420.41","421.34","421.34","406.67","105.15K","-0.44%"
"03/31/2020","422.28","453.11","459.18","411.06","206.76K","-2.59%"
"03/30/2020","433.49","439.09","439.09","415.74","131.00K","-2.56%"
"03/27/2020","444.88","448.43","478.80","439.09","139.24K","-0.27%"
"03/26/2020","446.10","467.12","467.12","420.41","212.13K","-4.97%"
"03/25/2020","469.45","443.30","574.79","398.45","412.61K","10.54%"
"03/24/2020","424.70","490.47","521.77","417.60","270.80K","1.70%"
"03/23/2020","417.60","490.47","490.47","397.05","222.72K","-16.06%"
"03/20/2020","497.48","667.98","686.90","465.90","548.00K","-6.99%"
"03/19/2020","534.85","542.79","555.87","467.12","374.22K","2.32%"
"03/18/2020","522.71","443.76","573.39","420.41","794.45K","29.36%"
"03/17/2020","404.06","365.75","419.94","365.75","343.36K","21.97%"
"03/16/2020","331.28","375.10","375.10","312.88","254.54K","-11.75%"
"03/13/2020","375.38","359.68","461.98","346.51","549.03K","8.18%"
"03/12/2020","346.98","372.76","383.04","324.65","369.05K","-22.05%"
"03/11/2020","445.16","526.91","530.88","426.67","261.29K","-15.29%"
"03/10/2020","525.51","553.30","574.09","472.02","347.60K","1.90%"
"03/09/2020","515.70","467.12","555.17","404.99","307.74K","-9.80%"
"03/06/2020","571.75","696.01","696.01","524.11","450.98K","-22.78%"
"03/05/2020","740.38","840.81","848.99","740.38","247.08K","-12.96%"
"03/04/2020","850.62","929.57","941.24","834.27","187.29K","-8.47%"
"03/03/2020","929.33","966.47","966.94","916.95","159.92K","3.73%"
"03/02/2020","895.93","980.95","1,008.98","887.99","199.90K","1.29%"
"02/28/2020","884.49","832.87","958.53","748.56","367.89K","6.17%"
"02/27/2020","833.11","1,004.31","1,004.31","784.76","563.07K","-21.64%"
"02/26/2020","1,063.16","1,214.51","1,214.51","1,063.16","231.05K","-14.11%"
"02/25/2020","1,237.87","1,448.07","1,482.17","1,237.87","196.77K","-13.90%"
"02/24/2020","1,437.79","1,634.92","1,658.27","1,424.71","150.84K","-14.62%"
"02/21/2020","1,683.96","1,719.00","1,719.00","1,681.63","41.80K","-2.36%"
"02/20/2020","1,724.60","1,728.81","1,731.61","1,704.05","35.31K","-0.32%"
"02/19/2020","1,730.21","1,765.71","1,779.72","1,721.80","37.82K","-1.65%"
"02/18/2020","1,759.17","1,784.39","1,784.39","1,725.07","41.87K","-1.98%"
"02/17/2020","1,794.67","1,811.95","1,865.67","1,785.33","42.29K","-2.39%"
"02/14/2020","1,838.58","1,882.49","1,924.06","1,821.76","50.60K","-1.97%"
"02/13/2020","1,875.48","1,845.12","1,902.11","1,798.41","209.85K","-4.61%"
"02/12/2020","1,966.10","1,831.11","1,984.32","1,831.11","103.97K","7.37%"
"02/11/2020","1,831.11","1,757.77","1,831.11","1,754.97","33.60K","5.43%"
"02/10/2020","1,736.75","1,751.70","1,779.26","1,704.98","31.84K","0.00%"
"02/07/2020","1,736.75","1,810.09","1,812.42","1,733.95","47.62K","-2.34%"
"02/06/2020","1,778.32","1,835.78","1,877.82","1,776.92","63.87K","0.08%"
"02/05/2020","1,776.92","1,729.74","1,800.74","1,723.67","46.24K","3.31%"
"02/04/2020","1,719.93","1,648.93","1,741.42","1,647.53","43.13K","5.11%"
"02/03/2020","1,636.32","1,658.27","1,662.94","1,606.89","41.52K","-2.10%"
"01/31/2020","1,671.35","1,650.33","1,712.46","1,644.73","34.61K","2.20%"
"01/30/2020","1,635.38","1,676.96","1,679.29","1,634.92","36.32K","-3.58%"
"01/29/2020","1,696.11","1,727.87","1,727.87","1,676.49","39.05K","-1.01%"
"01/28/2020","1,713.39","1,675.56","1,720.87","1,634.92","66.23K","1.58%"
"01/27/2020","1,686.77","1,745.62","1,745.62","1,669.02","74.73K","-5.47%"
"01/24/2020","1,784.39","1,826.44","1,835.78","1,775.52","40.91K","-0.73%"
"01/23/2020","1,797.47","1,877.82","1,880.62","1,763.84","56.38K","-4.16%"
"01/22/2020","1,875.48","1,915.19","1,935.27","1,868.94","46.27K","-3.25%"
"01/21/2020","1,938.54","1,915.19","1,956.29","1,901.64","25.30K","0.17%"
"01/20/2020","1,935.27","1,955.83","1,964.70","1,906.78","31.98K","-1.92%"
"01/17/2020","1,973.11","1,932.47","1,984.32","1,932.47","26.70K","2.18%"
"01/16/2020","1,931.07","1,959.56","1,966.57","1,919.86","27.19K","-1.38%"
"01/15/2020","1,958.16","1,999.74","2,007.21","1,946.02","27.82K","-1.73%"
"01/14/2020","1,992.73","1,980.58","2,015.62","1,969.84","30.87K","0.61%"
"01/13/2020","1,980.58","1,972.18","2,032.90","1,959.56","63.22K","0.43%"
"01/10/2020","1,972.18","2,013.28","2,031.97","1,943.22","72.04K","-1.86%"
"01/09/2020","2,009.55","1,876.88","2,015.62","1,866.61","117.53K","8.53%"
"01/08/2020","1,851.66","1,830.17","1,876.88","1,790.93","71.72K","0.00%"
"01/07/2020","1,851.66","1,887.16","1,917.99","1,846.05","125.11K","2.77%"
"01/06/2020","1,801.68","1,861.94","1,861.94","1,763.37","44.76K","-3.24%"
"01/03/2020","1,861.94","1,910.98","1,910.98","1,851.19","46.44K","-2.64%"
"01/02/2020","1,912.39","1,821.76","1,920.79","1,815.22","104.71K","8.45%"
"12/30/2019","1,763.37","1,765.71","1,774.12","1,746.09","21.94K","-0.19%"
"12/27/2019","1,766.64","1,737.68","1,783.93","1,734.88","29.25K","1.67%"
"12/23/2019","1,737.68","1,744.22","1,747.49","1,725.07","41.39K","-0.56%"
"12/20/2019","1,747.49","1,755.43","1,766.64","1,740.49","28.83K","-0.43%"
"12/19/2019","1,754.97","1,758.70","1,765.24","1,740.95","23.14K","0.05%"
"12/18/2019","1,754.03","1,770.38","1,771.32","1,704.98","35.82K","-0.61%"
"12/17/2019","1,764.78","1,804.95","1,804.95","1,758.24","31.42K","-2.38%"
"12/16/2019","1,807.75","1,766.18","1,815.22","1,747.96","42.34K","3.04%"
"12/13/2019","1,754.50","1,779.72","1,788.13","1,739.08","24.23K","-0.53%"
"12/12/2019","1,763.84","1,739.55","1,805.41","1,722.27","50.39K","2.05%"
"12/11/2019","1,728.34","1,718.06","1,750.76","1,701.71","34.30K","1.65%"
"12/10/2019","1,700.31","1,756.37","1,797.94","1,693.77","44.82K","1.25%"
"12/09/2019","1,679.29","1,733.48","1,739.55","1,679.29","36.12K","-3.10%"
"12/06/2019","1,733.01","1,742.35","1,755.43","1,717.60","27.03K","-0.08%"
"12/05/2019","1,734.41","1,832.51","1,858.20","1,734.41","51.61K","-0.75%"
"12/04/2019","1,747.49","1,747.03","1,756.37","1,682.56","34.63K","0.67%"
"12/03/2019","1,735.81","1,799.34","1,821.76","1,726.00","31.84K","-3.73%"
"12/02/2019","1,803.08","1,868.48","1,881.56","1,803.08","24.00K","-1.83%"
"11/29/2019","1,836.71","1,812.89","1,843.25","1,806.82","21.96K","1.65%"
"11/28/2019","1,806.82","1,810.09","1,826.90","1,785.80","17.00K","-0.18%"
"11/27/2019","1,810.09","1,859.60","1,868.48","1,789.53","30.84K","-2.34%"
"11/26/2019","1,853.53","1,868.01","1,886.23","1,853.53","33.78K","0.20%"
"11/25/2019","1,849.79","1,868.48","1,873.15","1,847.92","20.58K","-0.63%"
"11/22/2019","1,861.47","1,867.54","1,872.68","1,850.73","13.27K","-0.08%"
"11/21/2019","1,862.87","1,863.80","1,886.23","1,862.87","17.62K","0.03%"
"11/20/2019","1,862.40","1,883.42","1,915.19","1,861.00","32.90K","-1.73%"
"11/19/2019","1,895.10","1,897.44","1,934.81","1,879.22","29.44K","-0.07%"
"11/18/2019","1,896.50","1,898.37","1,913.32","1,864.74","20.69K","0.40%"
"11/15/2019","1,889.03","1,868.48","1,889.03","1,856.80","19.13K","1.13%"
"11/14/2019","1,868.01","1,881.56","1,896.50","1,856.80","20.03K","-0.27%"
"11/13/2019","1,873.15","1,891.83","1,891.83","1,863.80","16.97K","-0.99%"
"11/12/2019","1,891.83","1,868.94","1,915.19","1,868.94","162.28K","2.27%"
"11/11/2019","1,849.79","1,909.12","1,916.12","1,835.78","33.69K","-3.11%"
"11/08/2019","1,909.12","1,923.60","1,948.82","1,908.65","31.74K","-0.68%"
"11/07/2019","1,922.19","1,910.05","1,938.54","1,909.12","36.17K","1.11%"
"11/06/2019","1,901.17","1,976.85","2,003.94","1,901.17","285.07K","-11.64%"
"11/05/2019","2,151.55","2,116.52","2,187.52","2,102.04","59.87K","3.00%"
"11/04/2019","2,088.96","2,102.04","2,124.46","2,073.54","20.77K","-0.62%"
"11/01/2019","2,102.04","2,106.71","2,123.06","2,070.74","20.89K","0.74%"
"10/31/2019","2,086.62","2,087.09","2,127.73","2,067.00","34.34K","-0.49%"
"10/30/2019","2,096.90","2,148.28","2,199.20","2,096.90","64.59K","-1.60%"
"10/29/2019","2,131.00","2,003.94","2,145.01","1,985.26","61.81K","5.68%"
"10/28/2019","2,016.55","2,194.53","2,194.53","2,016.55","91.12K","-7.52%"
"10/25/2019","2,180.51","2,144.08","2,250.11","2,139.41","222.57K","3.48%"
"10/24/2019","2,107.17","1,977.78","2,113.71","1,880.15","250.74K","25.31%"
"10/23/2019","1,681.63","1,670.42","1,686.30","1,654.07","16.61K","0.67%"
"10/22/2019","1,670.42","1,737.68","1,750.29","1,661.08","23.30K","-3.35%"
"10/21/2019","1,728.34","1,674.62","1,770.38","1,658.27","36.84K","3.50%"
"10/18/2019","1,669.95","1,624.64","1,686.30","1,619.50","43.64K","2.58%"
"10/17/2019","1,627.91","1,574.19","1,728.34","1,531.68","54.49K","3.57%"
"10/16/2019","1,571.86","1,584.93","1,594.28","1,565.78","12.96K","-0.77%"
"10/15/2019","1,584.00","1,607.82","1,631.18","1,580.73","16.36K","-1.14%"
"10/14/2019","1,602.22","1,577.93","1,609.22","1,555.51","14.57K","1.48%"
"10/11/2019","1,578.86","1,597.55","1,630.25","1,569.52","32.76K","-0.59%"
"10/10/2019","1,588.20","1,571.39","1,621.84","1,567.18","20.53K","0.77%"
"10/09/2019","1,576.06","1,588.20","1,596.15","1,566.25","18.79K","-1.69%"
"10/08/2019","1,603.15","1,653.60","1,657.34","1,592.88","16.98K","-2.44%"
"10/07/2019","1,643.32","1,634.92","1,745.62","1,628.38","48.44K","1.03%"
"10/04/2019","1,626.51","1,634.92","1,663.41","1,602.22","52.95K","1.90%"
"10/03/2019","1,596.15","1,667.61","1,674.15","1,588.20","40.30K","-4.87%"
"10/02/2019","1,677.89","1,691.44","1,736.28","1,667.61","28.99K","-0.80%"
"10/01/2019","1,691.44","1,681.16","1,728.34","1,674.62","21.47K","0.58%"
"09/30/2019","1,681.63","1,659.67","1,690.04","1,626.98","22.44K","1.07%"
"09/27/2019","1,663.88","1,733.01","1,734.88","1,655.94","24.33K","-2.41%"
"09/26/2019","1,704.98","1,751.70","1,783.93","1,702.18","22.13K","-2.82%"
"09/25/2019","1,754.50","1,778.79","1,796.54","1,751.70","19.25K","-3.44%"
"09/24/2019","1,817.09","1,739.55","1,847.46","1,712.46","37.40K","4.60%"
"09/23/2019","1,737.22","1,789.07","1,821.30","1,711.99","47.30K","-2.29%"
"09/20/2019","1,777.85","1,817.09","1,827.37","1,756.37","30.74K","-1.65%"
"09/19/2019","1,807.75","1,855.86","1,889.50","1,793.74","26.30K","-2.59%"
"09/18/2019","1,855.86","1,961.90","1,991.80","1,826.44","76.64K","-4.50%"
"09/17/2019","1,943.22","1,873.15","2,062.80","1,747.03","182.35K","3.97%"
"09/16/2019","1,868.94","1,812.42","1,971.24","1,634.92","156.01K","2.33%"
"09/13/2019","1,826.44","1,728.34","1,877.35","1,687.23","144.00K","11.11%"
"09/12/2019","1,643.79","1,707.32","1,746.56","1,609.69","93.43K","5.87%"
"09/11/2019","1,552.70","1,448.07","1,597.55","1,436.39","80.91K","6.98%"
"09/10/2019","1,451.34","1,471.42","1,471.42","1,434.99","31.58K","-1.40%"
"09/09/2019","1,471.89","1,520.94","1,524.68","1,459.28","27.70K","-4.25%"
"09/06/2019","1,537.29","1,448.07","1,570.45","1,442.93","58.27K","6.92%"
"09/05/2019","1,437.79","1,482.17","1,526.54","1,427.52","61.18K","-1.97%"
"09/04/2019","1,466.75","1,518.14","1,550.84","1,334.56","116.93K","-2.70%"
"09/03/2019","1,507.39","1,607.36","1,611.56","1,498.98","59.65K","-7.91%"
"09/02/2019","1,636.78","1,634.92","1,794.20","1,616.23","47.30K","-3.76%"
"08/30/2019","1,700.78","1,810.09","1,840.45","1,690.97","35.19K","-5.97%"
"08/29/2019","1,808.68","1,695.64","1,841.38","1,693.77","44.91K","6.49%"
"08/28/2019","1,698.44","1,728.34","1,775.05","1,648.93","49.74K","-2.42%"
"08/27/2019","1,740.49","1,499.45","1,742.35","1,480.30","93.54K","20.12%"
"08/26/2019","1,449.00","1,415.37","1,481.23","1,382.67","31.14K","0.42%"
"08/23/2019","1,442.93","1,518.60","1,532.15","1,441.53","41.52K","-6.96%"
"08/22/2019","1,550.84","1,591.01","1,593.34","1,541.96","14.25K","-2.52%"
"08/21/2019","1,591.01","1,578.86","1,609.22","1,563.91","19.38K","0.12%"
"08/20/2019","1,589.14","1,548.97","1,594.74","1,528.41","27.81K","3.53%"
"08/19/2019","1,534.95","1,634.92","1,681.63","1,523.74","57.62K","4.05%"
"08/16/2019","1,475.16","1,499.45","1,580.73","1,445.73","41.65K","-1.07%"
"08/15/2019","1,491.04","1,508.79","1,541.03","1,421.91","48.48K","-1.39%"
"08/14/2019","1,512.06","1,659.67","1,672.29","1,494.78","43.14K","-8.69%"
"08/13/2019","1,655.94","1,690.97","1,690.97","1,602.22","36.26K","-2.88%"
"08/12/2019","1,704.98","1,765.71","1,794.20","1,694.71","36.93K","-4.20%"
"08/09/2019","1,779.72","1,844.65","1,861.00","1,772.72","19.04K","-3.00%"
"08/08/2019","1,834.84","1,821.76","1,853.53","1,791.87","22.73K","3.64%"
"08/07/2019","1,770.38","1,845.12","1,894.17","1,766.18","35.83K","-3.44%"
"08/06/2019","1,833.44","1,803.08","1,877.82","1,744.22","53.47K","-5.15%"
"08/05/2019","1,932.94","1,822.23","1,957.23","1,780.19","42.91K","5.62%"
"08/02/2019","1,830.17","1,839.51","1,856.33","1,758.70","27.43K","-1.51%"
"08/01/2019","1,858.20","1,861.00","1,880.15","1,844.65","18.65K","-0.18%"
"07/31/2019","1,861.47","1,868.48","1,900.24","1,824.10","29.37K","-0.38%"
"07/30/2019","1,868.48","2,024.49","2,031.97","1,868.48","47.72K","-7.71%"
"07/29/2019","2,024.49","2,067.94","2,079.15","2,017.95","23.90K","-2.19%"
"07/26/2019","2,069.80","2,096.90","2,109.04","2,042.24","13.76K","-0.78%"
"07/25/2019","2,086.15","2,111.84","2,120.25","2,078.68","16.54K","-0.91%"
"07/24/2019","2,105.31","2,153.42","2,164.63","2,094.56","20.89K","-2.32%"
"07/23/2019","2,155.29","2,148.75","2,172.10","2,116.98","19.68K","1.18%"
"07/22/2019","2,130.06","2,102.04","2,137.07","2,064.67","19.94K","1.33%"
"07/19/2019","2,102.04","2,085.22","2,125.39","2,044.11","31.50K","3.16%"
"07/18/2019","2,037.57","2,122.12","2,122.12","2,010.95","30.80K","-4.59%"
"07/17/2019","2,135.67","2,144.08","2,193.12","2,134.73","42.30K","0.93%"
"07/16/2019","2,116.05","2,031.97","2,120.25","1,994.60","43.75K","4.04%"
"07/15/2019","2,033.84","2,008.61","2,079.15","2,003.94","41.38K","1.49%"
"07/12/2019","2,003.94","1,875.95","2,024.49","1,838.11","76.04K","9.80%"
"07/11/2019","1,825.03","2,139.41","2,183.78","1,817.09","139.45K","-12.61%"
"07/10/2019","2,088.49","2,139.41","2,192.19","2,074.01","54.76K","-2.19%"
"07/09/2019","2,135.20","2,102.04","2,144.54","2,069.80","39.89K","1.58%"
"07/08/2019","2,102.04","2,055.32","2,111.38","1,964.70","48.68K","2.27%"
"07/05/2019","2,055.32","2,097.36","2,149.68","1,985.26","163.85K","7.66%"
"07/04/2019","1,909.12","1,798.41","1,910.52","1,784.39","61.57K","9.57%"
"07/03/2019","1,742.35","1,653.60","1,744.22","1,648.93","33.05K","5.28%"
"07/02/2019","1,655.00","1,634.92","1,662.94","1,616.23","29.85K","1.37%"
"07/01/2019","1,632.58","1,611.56","1,672.29","1,611.56","22.74K","-1.94%"
"06/28/2019","1,664.81","1,625.57","1,678.83","1,617.17","21.45K","1.86%"
"06/27/2019","1,634.45","1,634.92","1,661.08","1,611.56","16.59K","-0.65%"
"06/26/2019","1,645.19","1,650.33","1,685.83","1,630.71","22.50K","-0.79%"
"06/25/2019","1,658.27","1,676.96","1,700.31","1,615.76","21.46K","-0.95%"
"06/24/2019","1,674.15","1,686.30","1,709.66","1,639.59","21.71K","-0.72%"
"06/21/2019","1,686.30","1,733.01","1,756.37","1,662.94","29.14K","-3.11%"
"06/20/2019","1,740.49","1,597.08","1,740.49","1,587.27","61.73K","9.52%"
"06/19/2019","1,589.14","1,565.78","1,598.95","1,531.68","28.33K","0.68%"
"06/18/2019","1,578.40","1,519.54","1,578.40","1,497.12","20.38K","3.87%"
"06/17/2019","1,519.54","1,541.49","1,564.85","1,490.11","29.34K","-3.87%"
"06/14/2019","1,580.73","1,462.08","1,580.73","1,420.04","35.18K","8.29%"
"06/13/2019","1,459.75","1,410.70","1,462.55","1,365.86","53.82K","3.79%"
"06/12/2019","1,406.50","1,485.44","1,485.91","1,399.96","30.47K","-5.91%"
"06/11/2019","1,494.78","1,541.49","1,541.49","1,492.91","28.45K","0.00%"
"06/07/2019","1,494.78","1,574.19","1,589.61","1,486.37","38.10K","-4.08%"
"06/06/2019","1,558.31","1,696.11","1,717.13","1,552.70","57.14K","-6.89%"
"06/05/2019","1,673.69","1,612.49","1,685.37","1,594.74","42.05K","4.86%"
"06/04/2019","1,596.15","1,555.51","1,629.31","1,527.48","29.95K","2.67%"
"06/03/2019","1,554.57","1,481.23","1,555.04","1,459.75","32.29K","3.42%"
"05/31/2019","1,503.19","1,496.18","1,562.51","1,401.36","43.43K","0.09%"
"05/29/2019","1,501.79","1,564.85","1,569.52","1,450.87","50.93K","-3.91%"
"05/28/2019","1,562.98","1,681.16","1,685.83","1,560.18","55.40K","-6.56%"
"05/27/2019","1,672.75","1,709.19","1,709.66","1,667.15","21.64K","-1.10%"
"05/24/2019","1,691.44","1,695.64","1,738.62","1,671.82","26.35K","1.32%"
"05/23/2019","1,669.48","1,752.16","1,761.04","1,669.02","41.47K","-5.95%"
"05/22/2019","1,775.05","1,812.89","1,824.57","1,761.04","19.62K","-2.06%"
"05/21/2019","1,812.42","1,785.33","1,854.00","1,740.02","35.71K","1.44%"
"05/20/2019","1,786.73","1,870.81","1,891.83","1,768.05","84.12K","-4.49%"
"05/16/2019","1,870.81","1,676.96","2,078.68","1,644.26","198.78K","13.78%"
"05/15/2019","1,644.26","1,728.34","1,737.68","1,630.25","42.50K","-4.01%"
"05/14/2019","1,712.93","1,762.44","1,768.05","1,697.04","37.76K","-2.86%"
"05/13/2019","1,763.37","1,821.30","1,849.79","1,750.29","58.18K","-1.97%"
"05/10/2019","1,798.88","1,835.78","1,844.19","1,794.67","33.85K","-0.36%"
"05/09/2019","1,805.41","1,890.43","1,891.83","1,802.61","41.98K","-4.50%"
"05/08/2019","1,890.43","1,890.90","1,919.39","1,797.94","38.70K","1.17%"
"05/07/2019","1,868.48","1,961.90","1,984.32","1,861.47","85.91K","2.70%"
"05/06/2019","1,819.43","1,789.07","1,819.43","1,731.61","30.82K","1.54%"
"05/03/2019","1,791.87","1,751.70","1,838.11","1,742.35","43.28K","3.99%"
"05/02/2019","1,723.20","1,704.98","1,779.72","1,694.24","56.57K","2.24%"
"04/30/2019","1,685.37","1,747.03","1,755.90","1,650.80","71.23K","-3.45%"
"04/29/2019","1,745.62","1,821.76","1,863.80","1,736.28","68.68K","-3.11%"
"04/26/2019","1,801.68","1,974.51","2,029.63","1,789.53","99.91K","-6.99%"
"04/25/2019","1,937.14","1,878.29","1,961.43","1,835.78","112.66K","7.69%"
"04/24/2019","1,798.88","1,859.13","1,863.80","1,798.88","35.36K","-3.12%"
"04/23/2019","1,856.80","1,891.83","1,915.19","1,833.91","37.24K","-1.85%"
"04/17/2019","1,891.83","1,903.51","1,928.27","1,885.29","21.10K","0.80%"
"04/16/2019","1,876.88","1,871.28","1,905.85","1,822.23","30.35K","0.27%"
"04/15/2019","1,871.75","1,961.90","1,961.90","1,863.80","41.89K","-3.10%"
"04/12/2019","1,931.54","1,877.82","1,999.27","1,852.13","80.58K","3.71%"
"04/11/2019","1,862.40","1,868.48","1,891.83","1,836.71","79.69K","4.56%"
"04/10/2019","1,781.12","1,770.38","1,814.76","1,763.37","35.34K","1.14%"
"04/09/2019","1,761.04","1,887.63","1,887.63","1,754.03","65.77K","-6.59%"
"04/08/2019","1,885.29","1,933.87","1,946.48","1,878.75","33.11K","-1.99%"
"04/05/2019","1,923.60","1,891.83","1,952.09","1,875.02","33.88K","1.93%"
"04/04/2019","1,887.16","1,915.19","1,919.86","1,847.92","55.43K","1.13%"
"04/03/2019","1,866.14","1,916.12","1,985.26","1,862.87","66.24K","-1.36%"
"04/02/2019","1,891.83","1,908.18","1,952.09","1,868.01","70.70K","0.67%"
"04/01/2019","1,879.22","2,069.34","2,069.34","1,873.61","86.39K","-8.57%"
"03/29/2019","2,055.32","2,176.77","2,177.24","2,055.32","62.07K","-5.62%"
"03/28/2019","2,177.71","2,251.51","2,283.74","2,175.37","24.82K","-2.47%"
"03/27/2019","2,232.83","2,282.34","2,282.34","2,218.82","22.30K","-1.75%"
"03/26/2019","2,272.53","2,288.88","2,314.11","2,232.83","25.63K","1.14%"
"03/25/2019","2,246.84","2,250.58","2,329.99","2,149.68","51.56K","0.00%"
"03/22/2019","2,246.84","2,288.88","2,330.46","2,232.83","61.31K","0.17%"
"03/21/2019","2,243.11","2,386.98","2,404.73","2,148.75","100.55K","-5.32%"
"03/20/2019","2,369.23","2,593.44","2,593.44","2,354.28","85.15K","-9.75%"
"03/19/2019","2,625.21","2,562.61","2,685.00","2,541.13","40.42K","2.59%"
"03/18/2019","2,558.88","2,625.21","2,727.97","2,534.59","57.72K","-1.15%"
"03/15/2019","2,588.77","2,531.78","2,588.77","2,424.35","32.18K","2.44%"
"03/14/2019","2,527.11","2,545.80","2,639.22","2,517.77","24.88K","-0.11%"
"03/13/2019","2,529.92","2,475.73","2,656.04","2,446.77","37.49K","-1.53%"
"03/12/2019","2,569.15","2,663.51","2,692.47","2,401.93","58.91K","-2.90%"
"03/11/2019","2,645.76","2,752.27","2,752.27","2,592.51","31.01K","-6.38%"
"03/08/2019","2,826.07","2,844.75","2,852.23","2,781.23","13.78K","-0.33%"
"03/07/2019","2,835.41","3,013.85","3,020.39","2,827.00","23.35K","-5.01%"
"03/06/2019","2,984.89","2,802.71","2,998.90","2,784.96","75.08K","7.21%"
"03/05/2019","2,784.03","2,629.88","2,814.86","2,622.41","47.34K","4.56%"
"03/04/2019","2,662.58","2,662.58","2,681.26","2,578.50","21.81K","0.21%"
"03/01/2019","2,656.97","2,709.29","2,751.33","2,642.03","17.24K","-2.07%"
"02/28/2019","2,713.03","2,754.13","2,812.06","2,675.66","22.09K","-1.56%"
"02/27/2019","2,756.00","2,802.71","2,822.33","2,715.83","18.07K","-0.84%"
"02/26/2019","2,779.36","2,746.66","2,929.77","2,672.85","39.80K","1.19%"
"02/25/2019","2,746.66","2,556.08","2,746.66","2,533.65","49.19K","7.46%"
"02/22/2019","2,556.08","2,615.87","2,619.60","2,388.85","72.80K","-4.00%"
"02/21/2019","2,662.58","2,718.63","2,741.05","2,615.87","19.62K","-2.06%"
"02/20/2019","2,718.63","2,569.15","2,826.07","2,522.44","67.83K","11.21%"
"02/19/2019","2,444.59","2,474.68","2,514.44","2,382.27","56.65K","-2.15%"
"02/18/2019","2,498.32","2,600.40","2,630.49","2,229.68","116.49K","-4.46%"
"02/15/2019","2,614.91","2,678.30","2,779.04","2,614.91","33.02K","-2.41%"
"02/14/2019","2,679.38","2,890.53","2,898.59","2,675.62","30.13K","-6.79%"
"02/13/2019","2,874.41","2,992.61","3,008.73","2,866.35","19.62K","-3.60%"
"02/12/2019","2,981.86","2,914.70","3,008.73","2,854.26","28.18K","3.74%"
"02/11/2019","2,874.41","2,809.94","2,874.41","2,687.71","36.54K","-0.60%"
"02/08/2019","2,891.87","3,054.40","3,066.48","2,748.15","58.58K","-4.31%"
"02/07/2019","3,022.16","3,357.95","3,392.88","3,022.16","66.57K","-11.87%"
"02/06/2019","3,429.14","3,390.19","3,574.21","3,320.35","55.28K","2.37%"
"02/05/2019","3,349.90","3,498.99","3,540.63","3,292.14","35.30K","-2.77%"
"02/04/2019","3,445.26","3,594.36","3,594.36","3,433.17","18.85K","-2.95%"
"02/01/2019","3,550.03","3,519.14","3,613.16","3,497.65","26.15K","2.64%"
"01/31/2019","3,458.69","3,572.86","3,610.47","3,451.98","33.71K","-1.72%"
"01/30/2019","3,519.14","3,289.45","3,594.36","3,289.45","53.74K","8.76%"
"01/29/2019","3,235.73","2,686.36","3,533.91","2,642.31","162.81K","-14.60%"
"01/28/2019","3,789.12","3,864.33","3,915.38","3,755.54","27.44K","-1.26%"
"01/25/2019","3,837.47","3,814.64","3,876.42","3,633.31","70.05K","2.04%"
"01/24/2019","3,760.91","4,781.73","4,862.32","3,546.00","131.23K","-21.48%"
"01/23/2019","4,789.79","4,819.34","4,883.81","4,701.14","22.73K","-0.61%"
"01/22/2019","4,819.34","4,725.31","4,969.77","4,638.01","27.75K","0.96%"
"01/21/2019","4,773.67","4,701.14","4,929.48","4,671.59","23.84K","3.52%"
"01/18/2019","4,611.14","4,397.58","4,938.88","4,338.48","44.38K","4.92%"
"01/17/2019","4,394.89","4,505.03","4,513.09","4,378.77","16.38K","-1.65%"
"01/16/2019","4,468.77","4,525.18","4,560.10","4,413.70","8.32K","-0.48%"
"01/15/2019","4,490.26","4,552.04","4,617.86","4,378.77","12.87K","-0.86%"
"01/14/2019","4,529.21","4,623.23","4,672.93","4,491.60","10.65K","-1.83%"
"01/11/2019","4,613.83","4,658.16","4,695.76","4,535.93","12.00K","-0.17%"
"01/10/2019","4,621.89","4,733.37","4,809.93","4,584.28","13.56K","-3.32%"
"01/09/2019","4,780.38","4,955.00","4,996.64","4,745.46","14.32K","-2.23%"
"01/08/2019","4,889.18","4,916.05","5,038.28","4,862.32","16.92K","1.25%"
"01/07/2019","4,828.74","4,642.04","5,019.47","4,518.46","17.97K","3.87%"
"01/04/2019","4,648.75","4,668.90","4,741.43","4,633.98","10.12K","0.79%"
"01/03/2019","4,612.49","4,620.55","4,750.83","4,553.39","8.26K","1.09%"
"01/02/2019","4,562.79","4,568.16","4,697.11","4,459.36","11.24K","-2.08%"
"12/28/2018","4,659.50","4,638.01","4,754.86","4,580.25","13.26K","3.12%"
"12/27/2018","4,518.46","4,835.46","4,996.64","4,511.75","18.08K","-4.84%"
"12/21/2018","4,748.15","4,834.11","4,887.84","4,690.39","27.11K","-1.78%"
"12/20/2018","4,834.11","5,023.50","5,023.50","4,682.33","24.16K","-4.96%"
"12/19/2018","5,086.63","5,224.98","5,274.68","5,085.29","9.12K","-2.65%"
"12/18/2018","5,224.98","5,269.30","5,297.51","5,030.22","9.94K","-1.24%"
"12/17/2018","5,290.79","5,520.48","5,716.58","5,267.96","9.78K","-4.86%"
"12/14/2018","5,560.77","5,469.44","5,646.74","5,439.89","11.65K","-0.29%"
"12/13/2018","5,576.89","5,445.26","5,609.13","5,345.86","16.32K","4.30%"
"12/12/2018","5,347.21","5,258.56","5,466.75","5,195.43","11.24K","2.60%"
"12/11/2018","5,211.55","5,104.09","5,223.63","4,995.29","8.17K","2.78%"
"12/10/2018","5,070.51","5,195.43","5,399.59","5,044.99","12.99K","-1.54%"
"12/07/2018","5,149.76","4,942.91","5,198.11","4,941.57","17.27K","6.23%"
"12/06/2018","4,847.54","5,587.64","5,587.64","4,847.54","51.33K","-15.36%"
"12/05/2018","5,727.33","5,665.54","5,850.90","5,558.09","6.96K","0.47%"
"12/04/2018","5,700.46","5,963.73","5,985.22","5,619.87","19.01K","-3.98%"
"12/03/2018","5,936.86","5,950.30","6,001.34","5,845.53","7.98K","2.08%"
"11/30/2018","5,815.98","5,864.33","5,920.75","5,711.21","10.18K","-0.05%"
"11/29/2018","5,818.66","5,802.55","5,896.57","5,727.33","6.77K","3.09%"
"11/28/2018","5,644.05","5,856.27","5,869.71","5,641.36","8.52K","-3.18%"
"11/27/2018","5,829.41","5,856.27","5,985.22","5,721.96","8.83K","0.18%"
"11/26/2018","5,818.66","5,576.89","5,842.84","5,520.48","8.32K","5.61%"
"11/23/2018","5,509.73","5,485.56","5,571.52","5,421.08","7.18K","0.74%"
"11/22/2018","5,469.44","5,480.18","5,498.99","5,292.14","6.83K","0.54%"
"11/21/2018","5,439.89","5,361.98","5,512.42","5,339.15","8.04K","2.71%"
"11/20/2018","5,296.17","5,533.91","5,568.83","5,247.81","15.06K","-3.83%"
"11/19/2018","5,507.05","5,869.71","5,923.43","5,507.05","18.17K","-5.66%"
"11/16/2018","5,837.47","5,743.45","5,963.73","5,732.70","7.11K","2.21%"
"11/15/2018","5,711.21","5,987.91","6,060.44","5,678.97","14.84K","-4.23%"
"11/14/2018","5,963.73","6,175.95","6,229.68","5,961.04","12.92K","-1.94%"
"11/13/2018","6,081.93","5,936.86","6,130.28","5,899.26","9.09K","3.00%"
"11/12/2018","5,904.63","6,208.19","6,218.93","5,834.78","9.70K","-4.85%"
"11/09/2018","6,205.50","6,192.07","6,218.93","6,119.54","7.68K","0.22%"
"11/08/2018","6,192.07","6,178.64","6,275.35","6,114.16","7.17K","1.05%"
"11/07/2018","6,127.60","6,197.44","6,339.82","6,084.61","10.78K","-0.78%"
"11/06/2018","6,175.95","6,055.06","6,232.36","5,955.67","10.87K","1.55%"
"11/05/2018","6,081.93","6,055.06","6,286.09","6,022.83","15.98K","1.52%"
"11/02/2018","5,990.59","5,910.00","6,055.06","5,837.47","22.63K","3.72%"
"11/01/2018","5,775.68","5,730.01","5,883.14","5,721.96","11.31K","0.00%"
"10/31/2018","5,775.68","5,732.70","5,934.18","5,721.96","15.61K","0.75%"
"10/30/2018","5,732.70","5,802.55","5,824.04","5,590.32","15.70K","-2.20%"
"10/29/2018","5,861.65","5,910.00","6,044.32","5,829.41","14.04K","-1.53%"
"10/26/2018","5,952.98","5,684.35","6,159.83","5,453.32","41.40K","4.63%"
"10/25/2018","5,689.72","4,754.86","5,799.86","4,569.51","50.92K","16.53%"
"10/24/2018","4,882.47","4,698.45","5,040.96","4,652.78","23.27K","5.18%"
"10/23/2018","4,642.04","4,703.82","4,732.03","4,548.01","31.57K","-1.90%"
"10/22/2018","4,732.03","5,071.86","5,071.86","4,732.03","21.42K","-5.88%"
"10/19/2018","5,027.53","5,105.43","5,133.64","4,922.76","21.57K","-1.50%"
"10/18/2018","5,104.09","5,238.41","5,261.24","5,046.33","19.61K","-5.75%"
"10/17/2018","5,415.71","5,122.90","5,447.95","5,020.81","19.88K","6.44%"
"10/16/2018","5,087.97","5,282.73","5,359.30","5,078.57","28.93K","-5.86%"
"10/15/2018","5,404.96","5,404.96","5,490.93","5,266.62","17.42K","0.60%"
"10/12/2018","5,372.73","5,336.46","5,480.18","5,308.26","18.96K","0.50%"
"10/11/2018","5,345.86","5,372.73","5,399.59","5,187.37","20.09K","-1.39%"
"10/10/2018","5,421.08","5,665.54","5,670.91","5,418.40","14.90K","-4.54%"
"10/09/2018","5,678.97","5,359.30","5,692.41","5,312.28","24.07K","7.09%"
"10/08/2018","5,302.88","5,507.05","5,574.21","5,246.47","34.39K","-4.87%"
"10/05/2018","5,574.21","5,746.13","5,756.88","5,474.81","18.91K","-2.90%"
"10/04/2018","5,740.76","5,990.59","5,990.59","5,641.36","36.38K","-5.02%"
"10/03/2018","6,044.32","6,087.30","6,184.01","5,971.79","16.82K","-0.75%"
"10/02/2018","6,089.99","6,261.91","6,353.25","6,060.44","25.52K","-2.87%"
"10/01/2018","6,269.97","6,527.86","6,527.86","6,269.97","25.60K","-4.73%"
"09/28/2018","6,581.59","6,581.59","6,629.95","6,533.24","7.58K","-0.12%"
"09/27/2018","6,589.65","6,629.95","6,651.44","6,581.59","6.71K","-0.61%"
"09/26/2018","6,629.95","6,670.24","6,750.83","6,546.67","10.15K","-0.52%"
"09/25/2018","6,664.87","6,885.15","6,917.39","6,608.46","16.65K","-3.39%"
"09/24/2018","6,898.58","6,903.96","7,011.41","6,858.29","15.69K","0.27%"
"09/21/2018","6,879.78","6,930.82","6,995.29","6,866.35","10.10K","-0.54%"
"09/20/2018","6,917.39","6,941.56","7,006.04","6,877.09","5.03K","-0.27%"
"09/19/2018","6,936.19","6,930.82","6,979.17","6,882.46","6.40K","0.27%"
"09/18/2018","6,917.39","7,040.96","7,108.12","6,874.41","10.96K","-1.94%"
"09/17/2018","7,054.39","7,089.31","7,100.06","6,989.92","5.65K","-0.72%"
"09/14/2018","7,105.43","7,032.90","7,132.30","7,027.53","5.44K","1.11%"
"09/13/2018","7,027.53","7,092.00","7,124.24","7,027.53","4.35K","-1.06%"
"09/12/2018","7,102.75","7,159.16","7,247.81","7,062.45","9.65K","-0.79%"
"09/11/2018","7,159.16","7,202.14","7,328.40","7,100.06","6.68K","-0.60%"
"09/10/2018","7,202.14","7,105.43","7,226.32","7,014.10","7.18K","1.28%"
"09/07/2018","7,110.81","7,145.73","7,167.22","7,032.90","7.60K","-0.79%"
"09/06/2018","7,167.22","7,314.97","7,347.21","7,156.47","13.50K","-1.04%"
"09/05/2018","7,242.44","7,226.32","7,314.97","7,191.40","11.44K","0.56%"
"09/04/2018","7,202.14","7,387.50","7,414.36","7,102.75","12.39K","-2.12%"
"09/03/2018","7,357.95","7,030.21","7,403.62","7,030.21","18.33K","4.58%"
"08/31/2018","7,035.59","7,059.76","7,202.14","7,024.84","9.93K","-0.34%"
"08/30/2018","7,059.76","7,145.73","7,183.34","6,995.29","5.00K","-1.43%"
"08/29/2018","7,161.85","7,134.98","7,199.46","7,092.00","4.40K","0.76%"
"08/28/2018","7,108.12","7,156.47","7,180.65","7,011.41","6.55K","-0.41%"
"08/27/2018","7,137.67","7,333.77","7,355.26","7,105.43","9.69K","-0.60%"
"08/24/2018","7,180.65","7,183.34","7,258.56","7,137.67","10.20K","-0.04%"
"08/23/2018","7,183.34","7,065.14","7,212.89","7,065.14","11.09K","1.75%"
"08/22/2018","7,059.76","6,957.68","7,137.67","6,946.94","18.86K","1.86%"
"08/21/2018","6,930.82","6,957.68","7,116.18","6,909.33","16.26K","-0.42%"
"08/20/2018","6,960.37","6,680.99","6,960.37","6,680.99","12.43K","4.06%"
"08/17/2018","6,689.05","6,672.93","6,753.52","6,621.89","10.33K","0.44%"
"08/16/2018","6,659.50","6,680.99","6,680.99","6,541.30","5.28K","0.45%"
"08/15/2018","6,629.95","6,764.26","6,764.26","6,573.53","10.06K","-2.45%"
"08/14/2018","6,796.50","6,439.21","6,823.36","6,420.41","34.88K","5.77%"
"08/13/2018","6,425.78","6,393.55","6,455.33","6,269.97","8.95K","0.46%"
"08/10/2018","6,396.23","6,401.61","6,474.14","6,339.82","8.39K","-0.46%"
"08/09/2018","6,425.78","6,525.18","6,546.67","6,415.04","7.02K","-1.52%"
"08/08/2018","6,525.18","6,455.33","6,546.67","6,428.47","11.76K","1.08%"
"08/07/2018","6,455.33","6,406.98","6,455.33","6,315.64","10.31K","1.05%"
"08/06/2018","6,388.17","6,527.86","6,554.73","6,353.25","15.37K","0.42%"
"08/03/2018","6,361.31","6,393.55","6,482.20","5,939.55","22.78K","1.20%"
"08/02/2018","6,286.09","6,382.80","6,420.41","6,286.09","7.49K","-1.64%"
"08/01/2018","6,390.86","6,441.90","6,482.20","6,358.62","7.50K","-0.25%"
"07/31/2018","6,406.98","6,364.00","6,449.96","6,323.70","8.07K","1.19%"
"07/30/2018","6,331.76","6,326.39","6,380.11","6,323.70","3.81K","0.08%"
"07/27/2018","6,326.39","6,433.84","6,433.84","6,315.64","7.30K","-0.63%"
"07/26/2018","6,366.68","6,312.96","6,463.39","6,312.96","6.30K","1.07%"
"07/25/2018","6,299.52","6,294.15","6,350.56","6,291.46","3.73K","0.09%"
"07/24/2018","6,294.15","6,326.39","6,428.47","6,291.46","7.64K","-0.42%"
"07/23/2018","6,321.01","6,420.41","6,431.16","6,310.27","4.99K","-1.55%"
"07/20/2018","6,420.41","6,468.76","6,479.51","6,364.00","4.08K","-0.75%"
"07/19/2018","6,468.76","6,420.41","6,525.18","6,385.49","7.55K","1.01%"
"07/18/2018","6,404.29","6,417.72","6,441.90","6,331.76","4.73K","0.38%"
"07/17/2018","6,380.11","6,581.59","6,659.50","6,326.39","13.15K","-3.18%"
"07/16/2018","6,589.65","6,662.18","6,662.18","6,484.88","6.04K","-0.73%"
"07/13/2018","6,638.01","6,877.09","6,877.09","6,543.98","18.85K","1.48%"
"07/12/2018","6,541.30","6,877.09","6,944.25","6,533.24","34.71K","1.93%"
"07/11/2018","6,417.72","6,460.71","6,538.61","6,355.94","9.99K","-0.62%"
"07/10/2018","6,458.02","6,471.45","6,509.06","6,401.61","8.05K","-0.12%"
"07/09/2018","6,466.08","6,479.51","6,527.86","6,350.56","11.00K","1.13%"
"07/06/2018","6,393.55","6,447.27","6,501.00","6,339.82","9.32K","-0.83%"
"07/05/2018","6,447.27","6,608.46","6,613.83","6,447.27","7.87K","-1.32%"
"07/04/2018","6,533.24","6,519.81","6,581.59","6,441.90","7.01K","0.45%"
"07/03/2018","6,503.69","6,554.73","6,578.91","6,487.57","3.36K","-0.78%"
"07/02/2018","6,554.73","6,715.91","6,715.91","6,474.14","7.17K","-1.77%"
"06/29/2018","6,672.93","6,769.64","6,769.64","6,525.18","8.93K","1.39%"
"06/28/2018","6,581.59","6,527.86","6,761.58","6,479.51","12.87K","-0.08%"
"06/27/2018","6,586.96","6,689.05","6,689.05","6,447.27","19.31K","-1.21%"
"06/26/2018","6,667.56","6,920.07","6,941.56","6,667.56","17.01K","-2.74%"
"06/25/2018","6,855.60","7,172.59","7,199.46","6,831.42","20.55K","-5.20%"
"06/22/2018","7,231.69","7,368.70","7,473.46","7,204.83","12.01K","-1.75%"
"06/21/2018","7,360.64","7,360.64","7,645.39","7,306.91","29.09K","-0.15%"
"06/20/2018","7,371.38","7,656.14","7,685.69","7,371.38","17.40K","-4.72%"
"06/19/2018","7,736.73","7,441.23","7,790.46","7,212.89","61.54K","5.11%"
"06/18/2018","7,360.64","7,360.64","7,494.96","7,118.86","53.14K","10.13%"
"06/15/2018","6,683.67","6,552.04","6,742.77","6,492.94","15.64K","1.22%"
"06/14/2018","6,603.08","6,393.55","6,702.48","6,323.70","23.43K","3.36%"
"06/13/2018","6,388.17","6,629.95","6,629.95","6,374.74","13.38K","-3.84%"
"06/12/2018","6,643.38","6,689.05","6,909.33","6,613.83","24.97K","0.82%"
"06/11/2018","6,589.65","6,447.27","6,713.22","6,178.64","37.11K","0.82%"
"06/08/2018","6,535.92","6,581.59","6,608.46","6,466.08","8.70K","-0.69%"
"06/07/2018","6,581.59","6,707.85","6,707.85","6,484.88","10.40K","-0.41%"
"06/06/2018","6,608.46","6,742.77","6,828.74","6,562.79","22.42K","0.33%"
"06/05/2018","6,586.96","6,769.64","6,769.64","6,466.08","16.31K","-2.70%"
"06/04/2018","6,769.64","6,807.25","6,957.68","6,729.34","11.33K","-0.16%"
"06/01/2018","6,780.38","6,887.84","6,906.64","6,758.89","6.21K","-0.90%"
"05/31/2018","6,842.17","6,809.93","6,968.43","6,734.71","13.98K","0.87%"
"05/30/2018","6,783.07","6,718.60","6,903.96","6,608.46","11.17K","0.04%"
"05/29/2018","6,780.38","6,984.55","6,984.55","6,758.89","13.70K","-3.11%"
"05/28/2018","6,997.98","7,118.86","7,169.91","6,965.74","4.90K","-1.44%"
"05/25/2018","7,100.06","7,306.91","7,306.91","7,065.14","12.98K","-0.90%"
"05/24/2018","7,164.53","7,118.86","7,790.46","7,040.96","41.98K","1.25%"
"05/23/2018","7,075.88","7,304.22","7,304.22","7,038.27","18.30K","-3.69%"
"05/22/2018","7,347.21","7,387.50","7,473.46","7,038.27","63.02K","9.18%"
"05/18/2018","6,729.34","7,271.99","7,411.68","6,514.43","50.23K","-7.43%"
"05/16/2018","7,269.30","7,309.60","7,339.15","7,132.30","10.80K","-0.66%"
"05/15/2018","7,317.66","7,521.82","7,521.82","7,293.48","9.54K","-2.92%"
"05/14/2018","7,537.94","7,602.41","7,605.10","7,392.87","12.01K","-0.53%"
"05/11/2018","7,578.23","7,629.27","7,674.94","7,379.44","14.17K","-0.14%"
"05/09/2018","7,588.98","8,048.35","8,048.35","7,559.43","24.26K","-4.14%"
"05/08/2018","7,916.71","7,656.14","8,037.60","7,605.10","34.88K","4.13%"
"05/07/2018","7,602.41","7,194.08","7,862.99","7,065.14","37.30K","4.54%"
"05/04/2018","7,271.99","8,059.09","8,596.36","7,051.71","95.68K","-9.98%"
"05/03/2018","8,077.90","8,153.11","8,190.72","8,059.09","10.27K","-0.92%"
"05/02/2018","8,153.11","8,110.13","8,274.00","8,037.60","17.20K","0.16%"
"04/30/2018","8,139.68","8,013.42","8,214.90","7,932.83","18.83K","1.00%"
"04/27/2018","8,059.09","8,271.31","8,300.86","7,924.77","34.72K","-3.23%"
"04/26/2018","8,327.73","7,868.36","8,456.67","7,605.10","88.68K","17.69%"
"04/25/2018","7,075.88","7,280.05","7,546.00","7,051.71","23.42K","-3.83%"
"04/24/2018","7,357.95","7,551.37","7,736.73","7,288.11","25.51K","-2.63%"
"04/23/2018","7,556.74","7,975.81","8,048.35","7,524.51","31.12K","-6.20%"
"04/20/2018","8,056.41","7,951.64","8,102.07","7,817.32","20.22K","0.07%"
"04/19/2018","8,051.03","8,220.27","8,327.73","7,876.42","37.01K","-1.80%"
"04/18/2018","8,198.78","8,274.00","8,402.95","7,924.77","84.08K","5.97%"
"04/17/2018","7,736.73","7,790.46","7,946.26","7,527.19","44.02K","-0.69%"
"04/16/2018","7,790.46","7,121.55","7,916.71","7,121.55","108.78K","9.43%"
"04/13/2018","7,118.86","7,140.36","7,991.93","7,014.10","161.15K","0.38%"
"04/12/2018","7,092.00","4,836.80","7,094.69","4,827.40","264.13K","47.24%"
"04/11/2018","4,816.65","4,719.94","4,862.32","4,599.06","29.65K","3.40%"
"04/10/2018","4,658.16","4,764.27","4,808.59","4,617.86","14.17K","-1.48%"
"04/09/2018","4,728.00","4,687.71","4,796.50","4,635.32","8.48K","0.43%"
"04/06/2018","4,707.85","4,676.96","4,848.89","4,676.96","26.58K","1.89%"
"04/05/2018","4,620.55","4,633.98","4,668.90","4,553.39","7.97K","1.15%"
"04/04/2018","4,568.16","4,674.27","4,691.73","4,468.77","16.18K","-0.41%"
"04/03/2018","4,586.97","4,513.09","4,765.61","4,513.09","21.71K","1.64%"
"03/28/2018","4,513.09","4,455.33","4,513.09","4,445.93","7.23K","1.27%"
"03/27/2018","4,456.68","4,443.25","4,531.90","4,421.76","12.26K","0.85%"
"03/26/2018","4,419.07","4,611.14","4,611.14","4,419.07","17.93K","-3.24%"
"03/23/2018","4,566.82","4,676.96","4,719.94","4,441.90","37.63K","-2.30%"
"03/22/2018","4,674.27","4,556.07","4,897.24","4,507.72","56.88K","2.96%"
"03/21/2018","4,539.96","4,378.77","4,564.13","4,325.05","77.82K","-1.18%"
"03/20/2018","4,594.27","4,618.37","4,670.57","4,556.79","11.18K","-0.23%"
"03/19/2018","4,604.98","4,663.88","4,706.72","4,604.98","10.36K","-1.29%"
"03/16/2018","4,665.22","4,738.85","4,752.23","4,649.16","8.09K","-1.55%"
"03/15/2018","4,738.85","4,779.00","4,847.28","4,690.65","12.70K","-0.78%"
"03/14/2018","4,776.33","4,745.54","4,891.45","4,738.85","16.57K","0.65%"
"03/13/2018","4,745.54","4,643.80","4,785.70","4,606.32","17.73K","3.02%"
"03/12/2018","4,606.32","4,622.38","4,657.19","4,591.59","5.84K","0.03%"
"03/09/2018","4,604.98","4,658.53","4,679.94","4,570.17","14.09K","-0.84%"
"03/08/2018","4,643.80","4,606.32","4,720.10","4,602.30","14.20K","1.08%"
"03/07/2018","4,594.27","4,658.53","4,721.44","4,571.51","21.21K","-2.94%"
"03/06/2018","4,733.49","4,604.98","4,801.76","4,556.79","34.96K","3.45%"
"03/05/2018","4,575.53","4,631.75","4,696.01","4,560.80","15.06K","-0.87%"
"03/02/2018","4,615.69","4,736.17","4,762.94","4,604.98","14.00K","-2.52%"
"03/01/2018","4,734.83","4,792.39","4,844.60","4,734.83","8.74K","-1.34%"
"02/28/2018","4,799.08","4,734.83","4,845.94","4,698.69","9.22K","1.27%"
"02/27/2018","4,738.85","4,685.30","4,748.22","4,666.56","15.35K","1.14%"
"02/26/2018","4,685.30","4,770.97","4,817.83","4,685.30","10.04K","-1.77%"
"02/23/2018","4,769.63","4,899.48","4,903.50","4,766.96","11.44K","-2.09%"
"02/22/2018","4,871.37","4,819.16","4,907.52","4,718.77","15.50K","1.62%"
"02/21/2018","4,793.73","4,599.62","4,793.73","4,552.77","24.68K","4.28%"
"02/20/2018","4,596.95","4,653.17","4,697.35","4,594.27","16.36K","-1.21%"
"02/19/2018","4,653.17","4,726.80","4,849.95","4,645.14","31.95K","-0.69%"
"02/16/2018","4,685.30","4,904.84","4,953.03","4,685.30","43.37K","-4.89%"
"02/15/2018","4,926.26","4,718.77","5,133.75","4,702.70","55.18K","-4.96%"
"02/14/2018","5,183.28","5,418.88","5,418.88","5,183.28","15.43K","-4.35%"
"02/13/2018","5,418.88","5,381.40","5,432.27","5,306.44","11.05K","1.20%"
"02/12/2018","5,354.63","5,339.90","5,448.33","5,306.44","10.86K","-1.72%"
"02/09/2018","5,448.33","5,220.76","5,477.78","5,119.02","22.75K","2.16%"
"02/08/2018","5,333.21","5,376.05","5,483.14","5,247.53","21.58K","-0.65%"
"02/07/2018","5,368.01","5,649.13","5,675.90","5,362.66","22.96K","-2.10%"
"02/06/2018","5,483.14","5,716.06","5,796.38","5,416.21","48.50K","-10.96%"
"02/05/2018","6,157.82","6,149.79","6,216.72","5,962.38","20.34K","-1.29%"
"02/02/2018","6,238.14","6,050.73","6,238.14","5,892.77","22.06K","3.05%"
"02/01/2018","6,053.41","6,077.50","6,157.82","5,978.44","13.34K","0.09%"
"01/31/2018","6,048.05","6,117.66","6,232.79","5,965.05","16.78K","-1.31%"
"01/30/2018","6,128.37","6,238.14","6,313.11","6,104.28","14.83K","-2.01%"
"01/29/2018","6,254.20","6,318.46","6,500.52","6,251.53","32.72K","-0.60%"
"01/26/2018","6,291.69","5,943.64","6,291.69","5,943.64","34.97K","6.14%"
"01/25/2018","5,927.57","6,077.50","6,077.50","5,890.09","10.20K","-2.47%"
"01/24/2018","6,077.50","6,002.54","6,149.79","5,943.64","20.61K","0.49%"
"01/23/2018","6,048.05","5,863.32","6,074.82","5,847.25","26.48K","3.62%"
"01/22/2018","5,836.54","5,879.38","5,919.54","5,809.77","5.70K","-0.73%"
"01/19/2018","5,879.38","5,841.90","5,911.51","5,788.35","11.85K","0.50%"
"01/18/2018","5,849.93","5,930.25","5,978.44","5,849.93","10.82K","-1.18%"
"01/17/2018","5,919.54","5,943.64","6,037.34","5,863.32","12.14K","-0.09%"
"01/16/2018","5,924.90","5,895.44","6,023.96","5,812.45","11.20K","0.91%"
"01/15/2018","5,871.35","6,023.96","6,109.63","5,871.35","16.57K","-2.53%"
"01/12/2018","6,023.96","5,943.64","6,023.96","5,903.48","13.91K","1.81%"
"01/11/2018","5,916.86","5,758.90","5,943.64","5,737.48","18.89K","2.98%"
"01/10/2018","5,745.52","5,729.45","5,849.93","5,614.33","22.46K","-1.11%"
"01/09/2018","5,809.77","6,056.08","6,104.28","5,758.90","26.96K","-3.60%"
"01/08/2018","6,026.63","6,291.69","6,398.78","5,975.76","42.68K","-1.36%"
"01/05/2018","6,109.63","5,501.88","6,109.63","5,384.08","89.55K","20.17%"
"01/04/2018","5,084.22","5,274.31","5,295.73","5,033.35","26.43K","-3.36%"
"01/03/2018","5,260.92","5,180.60","5,274.31","5,136.43","30.35K","2.72%"
"01/02/2018","5,121.70","4,819.16","5,210.05","4,819.16","53.75K","8.69%"
"12/29/2017","4,712.07","4,819.16","4,942.32","4,704.04","19.70K","-2.22%"
"12/28/2017","4,819.16","4,655.85","4,853.97","4,642.46","17.42K","3.51%"
"12/27/2017","4,655.85","4,604.98","4,674.59","4,604.98","8.78K","1.10%"
"12/22/2017","4,604.98","4,591.59","4,671.91","4,572.85","13.64K","0.29%"
"12/21/2017","4,591.59","4,634.43","4,687.98","4,562.14","24.71K","-1.83%"
"12/20/2017","4,677.27","4,781.68","4,792.39","4,618.37","19.39K","-3.48%"
"12/19/2017","4,845.94","4,829.87","4,886.10","4,827.20","6.81K","0.33%"
"12/18/2017","4,829.87","4,803.10","4,853.97","4,792.39","6.76K","1.06%"
"12/15/2017","4,779.00","4,803.10","4,840.58","4,779.00","6.92K","0.22%"
"12/14/2017","4,768.30","4,848.62","4,872.71","4,765.62","9.90K","-1.66%"
"12/13/2017","4,848.62","4,899.48","5,006.58","4,824.52","10.74K","-0.88%"
"12/12/2017","4,891.45","4,720.10","4,899.48","4,698.69","15.56K","3.69%"
"12/11/2017","4,717.43","4,899.48","4,899.48","4,693.33","10.03K","-3.72%"
"12/08/2017","4,899.48","4,604.98","4,963.74","4,551.43","26.85K","6.83%"
"12/07/2017","4,586.24","4,658.53","4,698.69","4,586.24","11.90K","-1.21%"
"12/06/2017","4,642.46","4,824.52","4,872.71","4,642.46","25.50K","-0.12%"
"12/05/2017","4,647.82","4,658.53","4,709.39","4,631.75","13.91K","-0.23%"
"12/04/2017","4,658.53","4,872.71","4,872.71","4,645.14","23.86K","-3.87%"
"12/01/2017","4,845.94","4,872.71","4,926.26","4,824.52","9.45K","-0.55%"
"11/30/2017","4,872.71","4,926.26","4,953.03","4,795.07","13.80K","-0.98%"
"11/29/2017","4,920.90","4,926.26","4,995.87","4,899.48","9.37K","0.11%"
"11/28/2017","4,915.55","4,995.87","5,033.35","4,907.52","9.57K","-1.40%"
"11/27/2017","4,985.16","5,073.51","5,108.31","4,969.09","8.88K","-0.69%"
"11/24/2017","5,019.96","5,137.76","5,137.76","5,019.96","7.60K","-1.88%"
"11/23/2017","5,116.35","5,180.60","5,210.05","5,086.90","8.16K","-1.39%"
"11/22/2017","5,188.63","5,108.31","5,247.53","5,046.74","10.62K","2.00%"
"11/21/2017","5,086.90","5,081.54","5,140.44","5,041.38","9.28K","1.17%"
"11/20/2017","5,028.00","5,113.67","5,180.60","5,028.00","7.32K","-1.62%"
"11/17/2017","5,110.99","5,282.34","5,314.47","5,094.93","12.35K","-3.05%"
"11/16/2017","5,271.63","5,140.44","5,274.31","5,140.44","19.86K","3.63%"
"11/15/2017","5,086.90","5,060.12","5,156.51","5,046.74","13.79K","0.85%"
"11/14/2017","5,044.06","4,886.10","5,121.70","4,886.10","20.13K","3.52%"
"11/13/2017","4,872.71","5,102.96","5,215.41","4,827.20","22.23K","-4.46%"
"11/10/2017","5,100.28","5,135.09","5,199.34","4,934.29","23.35K","0.37%"
"11/09/2017","5,081.54","5,247.53","5,480.46","5,019.96","34.95K","-2.67%"
"11/08/2017","5,220.76","5,675.90","5,675.90","5,220.76","51.54K","-8.02%"
"11/07/2017","5,675.90","5,812.45","5,884.74","5,675.90","22.81K","-2.12%"
"11/06/2017","5,799.06","5,935.60","5,970.41","5,799.06","30.25K","-5.62%"
"11/03/2017","6,144.43","6,131.05","6,184.59","6,082.86","8.65K","0.57%"
"11/02/2017","6,109.63","6,254.20","6,254.20","6,104.28","15.07K","-2.69%"
"11/01/2017","6,278.30","6,264.91","6,345.23","6,211.37","17.59K","1.52%"
"10/31/2017","6,184.59","6,211.37","6,264.91","6,104.28","15.55K","-0.43%"
"10/30/2017","6,211.37","6,085.53","6,214.04","5,997.18","15.20K","2.07%"
"10/27/2017","6,085.53","6,238.14","6,240.82","6,026.63","22.95K","-2.61%"
"10/26/2017","6,248.85","6,157.82","6,345.23","6,077.50","31.06K","-2.34%"
"10/25/2017","6,398.78","6,342.56","6,422.88","6,294.36","16.27K","2.01%"
"10/24/2017","6,272.95","6,446.97","6,446.97","6,248.85","12.06K","-2.37%"
"10/23/2017","6,425.55","6,452.33","6,532.65","6,385.39","12.05K","0.00%"
"10/20/2017","6,425.55","6,291.69","6,425.55","6,291.69","21.69K","3.18%"
"10/19/2017","6,227.43","6,291.69","6,428.23","6,181.92","17.51K","-1.02%"
"10/18/2017","6,291.69","6,157.82","6,305.07","6,147.11","23.64K","1.73%"
"10/17/2017","6,184.59","6,171.21","6,246.17","6,117.66","16.79K","1.94%"
"10/16/2017","6,066.79","6,131.05","6,152.47","6,064.12","5.21K","-0.83%"
"10/13/2017","6,117.66","6,050.73","6,120.34","6,013.25","8.63K","1.11%"
"10/12/2017","6,050.73","6,050.73","6,155.14","5,948.99","11.18K","0.00%"
"10/11/2017","6,050.73","6,157.82","6,157.82","6,023.96","13.31K","-2.38%"
"10/10/2017","6,197.98","6,251.53","6,289.01","6,160.50","9.00K","-1.03%"
"10/09/2017","6,262.24","6,345.23","6,414.84","6,262.24","9.39K","-0.68%"
"10/06/2017","6,305.07","6,227.43","6,331.85","6,200.66","11.42K","1.51%"
"10/05/2017","6,211.37","6,238.14","6,270.27","6,023.96","23.54K","-3.41%"
"10/04/2017","6,430.91","6,612.96","6,612.96","6,382.72","21.25K","-2.36%"
"10/03/2017","6,586.19","6,313.11","6,586.19","6,294.36","30.39K","4.33%"
"10/02/2017","6,313.11","6,291.69","6,422.88","6,267.59","18.53K","1.64%"
"09/29/2017","6,211.37","6,224.75","6,331.85","6,187.27","14.55K","-0.21%"
"09/28/2017","6,224.75","6,184.59","6,278.30","6,131.05","13.95K","0.65%"
"09/27/2017","6,184.59","6,181.92","6,235.46","6,037.34","16.63K","0.43%"
"09/26/2017","6,157.82","6,350.59","6,385.39","6,157.82","22.18K","-4.13%"
"09/25/2017","6,422.88","6,264.91","6,471.07","6,187.27","53.98K","6.62%"
"09/22/2017","6,023.96","5,887.41","6,023.96","5,874.03","27.72K","2.51%"
"09/21/2017","5,876.70","5,943.64","6,037.34","5,863.32","11.68K","-1.35%"
"09/20/2017","5,957.02","6,104.28","6,157.82","5,940.96","13.68K","-2.63%"
"09/19/2017","6,117.66","6,023.96","6,216.72","5,973.09","11.48K","0.35%"
"09/18/2017","6,096.24","6,254.20","6,294.36","6,096.24","12.79K","-2.27%"
"09/15/2017","6,238.14","6,224.75","6,286.33","6,077.50","18.26K","0.00%"
"09/14/2017","6,238.14","6,366.65","6,409.49","6,173.89","118.68K","8.88%"
"09/13/2017","5,729.45","5,801.74","5,836.54","5,691.97","35.91K","2.88%"
"09/12/2017","5,568.81","5,622.36","5,649.13","5,448.33","12.67K","-0.48%"
"09/11/2017","5,595.59","5,574.17","5,662.52","5,571.49","12.80K","0.38%"
"09/08/2017","5,574.17","5,614.33","5,622.36","5,464.40","15.26K","0.05%"
"09/07/2017","5,571.49","5,349.27","5,622.36","5,327.85","50.38K","4.84%"
"09/06/2017","5,314.47","5,322.50","5,461.72","5,250.21","30.30K","1.79%"
"09/05/2017","5,220.76","5,220.76","5,351.95","5,191.31","21.03K","0.31%"
"09/04/2017","5,204.70","4,819.16","5,212.73","4,770.97","36.65K","0.36%"
"09/01/2017","5,185.96","5,167.22","5,247.53","5,161.86","8.21K","0.10%"
"08/31/2017","5,180.60","5,293.05","5,298.40","5,151.15","20.47K","-3.25%"
"08/30/2017","5,354.63","5,314.47","5,354.63","5,212.73","10.97K","1.01%"
"08/29/2017","5,301.08","5,298.40","5,338.56","5,231.47","9.33K","-0.85%"
"08/28/2017","5,346.60","5,480.46","5,480.46","5,322.50","7.16K","-1.33%"
"08/25/2017","5,418.88","5,365.34","5,418.88","5,228.79","11.94K","2.48%"
"08/24/2017","5,287.69","5,434.95","5,434.95","5,247.53","14.23K","-2.71%"
"08/23/2017","5,434.95","5,381.40","5,515.27","5,368.01","20.30K","1.45%"
"08/22/2017","5,357.30","5,159.18","5,386.76","5,153.83","25.65K","3.84%"
"08/21/2017","5,159.18","5,086.90","5,252.89","5,084.22","11.57K","1.53%"
"08/18/2017","5,081.54","5,140.44","5,164.54","5,014.61","25.57K","-2.37%"
"08/17/2017","5,204.70","5,349.27","5,483.14","5,140.44","30.01K","-2.70%"
"08/16/2017","5,349.27","5,113.67","5,354.63","5,113.67","30.36K","4.99%"
"08/15/2017","5,094.93","4,979.80","5,234.15","4,923.58","35.57K","2.86%"
"08/14/2017","4,953.03","4,789.71","5,065.48","4,746.88","34.92K","6.94%"
"08/11/2017","4,631.75","4,687.98","4,744.20","4,538.05","26.61K","-2.65%"
"08/10/2017","4,757.59","4,888.77","4,915.55","4,757.59","15.50K","-2.58%"
"08/09/2017","4,883.42","4,947.68","4,947.68","4,821.84","16.74K","-0.33%"
"08/08/2017","4,899.48","4,915.55","4,953.03","4,878.07","11.36K","0.16%"
"08/07/2017","4,891.45","5,006.58","5,017.29","4,891.45","12.78K","-2.14%"
"08/04/2017","4,998.54","5,046.74","5,145.80","4,912.87","25.96K","-2.05%"
"08/03/2017","5,102.96","5,220.76","5,247.53","5,102.96","11.76K","-1.75%"
"08/02/2017","5,193.99","5,140.44","5,247.53","5,124.38","17.89K","1.78%"
"08/01/2017","5,102.96","5,180.60","5,193.99","5,028.00","20.20K","-1.50%"
"07/31/2017","5,180.60","5,006.58","5,191.31","4,958.38","28.75K","5.74%"
"07/28/2017","4,899.48","4,819.16","4,915.55","4,819.16","10.72K","2.06%"
"07/27/2017","4,800.42","4,827.20","5,009.25","4,776.33","32.11K","-0.11%"
"07/26/2017","4,805.78","4,685.30","4,845.94","4,594.27","28.96K","2.16%"
"07/25/2017","4,704.04","4,859.32","4,864.68","4,674.59","16.68K","-2.93%"
"07/24/2017","4,845.94","4,899.48","4,904.84","4,840.58","9.45K","-0.98%"
"07/21/2017","4,894.13","4,856.65","4,947.68","4,848.62","16.39K","1.16%"
"07/20/2017","4,837.91","5,033.35","5,054.77","4,787.04","22.19K","-3.42%"
"07/19/2017","5,009.25","5,006.58","5,057.45","4,958.38","22.14K","1.19%"
"07/18/2017","4,950.35","4,918.23","5,019.96","4,888.77","24.16K","2.04%"
"07/17/2017","4,851.29","4,819.16","5,028.00","4,792.39","46.26K","2.37%"
"07/14/2017","4,738.85","4,867.36","4,899.48","4,658.53","82.23K","-2.21%"
"07/13/2017","4,845.94","5,207.38","5,247.53","4,827.20","106.99K","-14.82%"
"07/12/2017","5,689.29","5,488.49","5,713.39","5,480.46","23.63K","3.91%"
"07/11/2017","5,475.11","5,608.97","5,649.13","5,426.91","32.42K","-2.34%"
"07/10/2017","5,606.29","5,753.55","5,777.64","5,555.43","20.83K","-1.51%"
"07/07/2017","5,691.97","6,023.96","6,023.96","5,678.58","31.59K","-4.96%"
"07/06/2017","5,989.15","6,289.01","6,404.13","5,890.09","54.13K","-7.75%"
"07/05/2017","6,492.49","6,495.16","6,591.55","6,473.74","7.93K","-0.04%"
"07/04/2017","6,495.16","6,438.94","6,519.26","6,414.84","5.77K","1.29%"
"07/03/2017","6,412.17","6,532.65","6,626.35","6,398.78","8.83K","-1.52%"
"06/30/2017","6,511.23","6,468.39","6,586.19","6,457.68","8.83K","0.66%"
"06/29/2017","6,468.39","6,602.26","6,709.35","6,438.94","18.38K","-1.15%"
"06/28/2017","6,543.35","6,307.75","6,559.42","6,283.66","18.95K","3.34%"
"06/27/2017","6,331.85","6,505.87","6,505.87","6,294.36","14.19K","-3.07%"
"06/26/2017","6,532.65","6,345.23","6,575.48","6,318.46","26.24K","2.65%"
"06/23/2017","6,363.97","6,064.12","6,363.97","6,040.02","14.34K","4.94%"
"06/22/2017","6,064.12","6,141.76","6,144.43","6,023.96","5.23K","-0.31%"
"06/21/2017","6,082.86","6,147.11","6,147.11","6,048.05","9.14K","-1.05%"
"06/20/2017","6,147.11","6,058.76","6,171.21","6,050.73","8.83K","1.68%"
"06/19/2017","6,045.37","5,997.18","6,088.21","5,997.18","3.40K","1.35%"
"06/16/2017","5,965.05","6,085.53","6,141.76","5,948.99","12.95K","-1.55%"
"06/15/2017","6,058.76","6,291.69","6,307.75","6,056.08","9.44K","-3.62%"
"06/14/2017","6,286.33","6,157.82","6,291.69","6,064.12","21.98K","2.76%"
"06/13/2017","6,117.66","5,890.09","6,125.69","5,890.09","13.62K","4.43%"
"06/12/2017","5,857.96","5,943.64","5,986.47","5,844.58","9.56K","-1.35%"
"06/09/2017","5,938.28","5,983.80","5,983.80","5,876.70","5.43K","0.64%"
"06/08/2017","5,900.80","6,077.50","6,085.53","5,890.09","10.17K","-2.17%"
"06/07/2017","6,031.99","6,278.30","6,283.66","5,978.44","17.46K","-4.05%"
"06/06/2017","6,286.33","6,184.59","6,334.52","6,141.76","12.60K","1.43%"
"06/02/2017","6,197.98","6,184.59","6,248.85","6,141.76","7.00K","0.78%"
"06/01/2017","6,149.79","6,104.28","6,208.69","6,101.60","7.16K","0.92%"
"05/31/2017","6,093.57","6,179.24","6,179.24","6,050.73","8.81K","-1.04%"
"05/30/2017","6,157.82","6,050.73","6,179.24","6,037.34","14.32K","2.40%"
"05/29/2017","6,013.25","6,015.92","6,120.34","5,997.18","7.94K","-0.31%"
"05/26/2017","6,031.99","5,890.09","6,053.41","5,879.38","10.75K","2.69%"
"05/24/2017","5,874.03","5,823.16","5,887.41","5,785.67","7.25K","1.06%"
"05/23/2017","5,812.45","5,876.70","5,914.19","5,809.77","12.12K","-0.82%"
"05/22/2017","5,860.64","5,997.18","6,050.73","5,852.61","9.65K","-2.28%"
"05/19/2017","5,997.18","5,965.05","5,999.86","5,863.32","13.84K","1.68%"
"05/18/2017","5,898.12","5,970.41","6,048.05","5,772.29","118.52K","-2.05%"
"05/16/2017","6,021.28","6,023.96","6,056.08","5,948.99","12.98K","-0.13%"
"05/15/2017","6,029.31","6,214.04","6,235.46","6,023.96","12.20K","-2.09%"
"05/12/2017","6,157.82","6,230.11","6,294.36","6,112.31","12.77K","-0.86%"
"05/11/2017","6,211.37","6,417.52","6,460.36","6,211.37","20.13K","-4.68%"
"05/10/2017","6,516.58","6,264.91","6,529.97","6,235.46","21.26K","4.20%"
"05/09/2017","6,254.20","6,425.55","6,425.55","6,157.82","16.94K","-1.93%"
"05/08/2017","6,377.36","6,452.33","6,484.45","6,294.36","8.89K","-0.71%"
"05/05/2017","6,422.88","6,157.82","6,425.55","6,120.34","35.99K","9.34%"
"05/04/2017","5,874.03","6,264.91","6,264.91","5,868.67","25.51K","-5.23%"
"05/03/2017","6,197.98","6,305.07","6,382.72","6,173.89","9.29K","-1.28%"
"05/02/2017","6,278.30","6,532.65","6,546.03","6,235.46","13.14K","-3.78%"
"04/28/2017","6,524.61","6,476.42","6,666.51","6,465.71","14.03K","-0.73%"
"04/27/2017","6,572.80","6,117.66","6,612.96","6,053.41","31.21K","4.47%"
"04/26/2017","6,291.69","6,211.37","6,291.69","6,176.56","7.44K","0.86%"
"04/25/2017","6,238.14","6,353.27","6,353.27","6,163.18","12.04K","-1.35%"
"04/24/2017","6,323.81","6,390.75","6,390.75","6,259.56","9.10K","-1.05%"
"04/21/2017","6,390.75","6,334.52","6,479.10","6,305.07","9.31K","1.70%"
"04/20/2017","6,283.66","6,353.27","6,366.65","6,259.56","7.51K","-0.13%"
"04/19/2017","6,291.69","6,289.01","6,345.23","6,254.20","9.86K","0.04%"
"04/18/2017","6,289.01","6,238.14","6,363.97","6,216.72","14.10K","1.78%"
"04/12/2017","6,179.24","6,307.75","6,307.75","6,160.50","5.47K","-2.04%"
"04/11/2017","6,307.75","6,345.23","6,401.46","6,264.91","10.26K","-1.83%"
"04/10/2017","6,425.55","6,345.23","6,441.62","6,321.14","4.58K","1.31%"
"04/07/2017","6,342.56","6,342.56","6,377.36","6,299.72","8.44K","-0.21%"
"04/06/2017","6,355.94","6,291.69","6,417.52","6,238.14","19.53K","-1.49%"
"04/05/2017","6,452.33","6,449.65","6,463.04","6,377.36","4.86K","0.04%"
"04/04/2017","6,449.65","6,476.42","6,476.42","6,372.01","6.82K","0.50%"
"04/03/2017","6,417.52","6,425.55","6,473.74","6,363.97","8.74K","1.35%"
"03/31/2017","6,331.85","6,489.81","6,489.81","6,243.50","15.85K","-1.05%"
"03/30/2017","6,398.78","6,578.16","6,578.16","6,326.49","16.41K","-1.24%"
"03/29/2017","6,479.10","6,626.35","6,642.42","6,425.55","14.21K","-1.55%"
"03/28/2017","6,580.84","6,757.54","6,843.21","6,559.42","15.80K","-2.23%"
"03/27/2017","6,730.77","6,800.38","6,800.38","6,602.26","12.16K","-1.64%"
"03/24/2017","6,843.21","6,853.92","6,910.15","6,808.41","3.93K","-0.16%"
"03/23/2017","6,853.92","6,880.70","6,987.79","6,843.21","8.03K","-0.16%"
"03/22/2017","6,864.63","6,961.02","7,001.18","6,797.70","10.07K","-2.36%"
"03/21/2017","7,030.63","7,183.23","7,239.46","6,974.40","10.05K","-2.12%"
"03/20/2017","7,183.23","7,218.04","7,266.23","7,148.43","6.03K","-0.63%"
"03/17/2017","7,228.75","7,279.62","7,309.07","7,201.97","13.69K","-0.55%"
"03/16/2017","7,268.91","7,228.75","7,325.13","7,223.39","19.10K","1.27%"
"03/15/2017","7,177.88","7,148.43","7,274.26","7,148.43","14.08K","0.45%"
"03/14/2017","7,145.75","7,041.33","7,156.46","6,939.60","14.68K","1.68%"
"03/13/2017","7,027.95","6,971.72","7,161.81","6,966.37","14.38K","0.96%"
"03/10/2017","6,961.02","6,880.70","6,974.40","6,856.60","15.22K","1.56%"
"03/09/2017","6,853.92","6,634.38","6,875.34","6,607.61","19.19K","3.52%"
"03/08/2017","6,621.00","6,653.12","6,693.28","6,372.01","23.48K","-0.60%"
"03/07/2017","6,661.16","6,746.83","6,816.44","6,645.09","7.28K","-1.23%"
"03/06/2017","6,744.15","6,864.63","6,880.70","6,690.61","16.77K","-2.06%"
"03/03/2017","6,886.05","6,832.50","6,920.86","6,752.18","8.17K","-0.16%"
"03/02/2017","6,896.76","6,918.18","6,939.60","6,859.28","5.38K","-0.50%"
"03/01/2017","6,931.57","7,011.88","7,027.95","6,864.63","7.00K","-1.45%"
"02/28/2017","7,033.30","6,853.92","7,033.30","6,786.99","14.52K","3.75%"
"02/27/2017","6,778.96","6,853.92","6,904.79","6,720.06","5.42K","-0.35%"
"02/24/2017","6,803.05","6,773.60","6,819.12","6,733.44","6.99K","1.15%"
"02/23/2017","6,725.41","6,728.09","6,776.28","6,693.28","9.18K","0.00%"
"02/22/2017","6,725.41","6,770.93","6,797.70","6,671.87","17.28K","-2.45%"
"02/21/2017","6,894.08","6,733.44","6,982.43","6,685.25","18.07K","3.62%"
"02/20/2017","6,653.12","6,610.29","6,722.73","6,610.29","14.81K","1.02%"
"02/17/2017","6,586.19","6,934.24","6,934.24","6,532.65","47.84K","-6.53%"
"02/16/2017","7,046.69","7,129.69","7,284.97","7,025.27","48.74K","-6.33%"
"02/15/2017","7,523.25","7,555.38","7,584.83","7,429.55","13.77K","-0.28%"
"02/14/2017","7,544.67","7,550.02","7,550.02","7,376.00","18.73K","-0.25%"
"02/13/2017","7,563.41","7,590.18","7,627.67","7,472.38","7.67K","0.25%"
"02/10/2017","7,544.67","7,378.68","7,678.54","7,378.68","20.13K","2.73%"
"02/09/2017","7,343.87","7,335.84","7,384.03","7,271.58","8.29K","0.66%"
"02/08/2017","7,295.68","7,175.20","7,335.84","7,161.81","22.17K","4.49%"
"02/07/2017","6,982.43","6,934.24","7,046.69","6,883.37","12.81K","0.27%"
"02/06/2017","6,963.69","7,266.23","7,268.91","6,963.69","26.96K","-4.16%"
"02/03/2017","7,266.23","7,255.52","7,322.45","7,207.33","6.13K","1.46%"
"02/02/2017","7,161.81","7,335.84","7,335.84","7,161.81","5.52K","-1.55%"
"02/01/2017","7,274.26","7,201.97","7,333.16","7,201.97","5.34K","1.04%"
"01/31/2017","7,199.30","7,244.81","7,271.58","7,180.56","7.51K","-0.55%"
"01/30/2017","7,239.46","7,392.06","7,402.77","7,239.46","6.62K","-2.06%"
"01/27/2017","7,392.06","7,491.12","7,523.25","7,376.00","7.49K","-1.15%"
"01/26/2017","7,477.74","7,536.64","7,558.06","7,389.39","12.57K","-0.25%"
"01/25/2017","7,496.48","7,298.36","7,496.48","7,234.10","17.94K","2.56%"
"01/24/2017","7,309.07","7,309.07","7,389.39","7,193.94","16.56K","0.37%"
"01/23/2017","7,282.29","7,346.55","7,362.61","7,282.29","6.88K","-1.09%"
"01/20/2017","7,362.61","7,335.84","7,386.71","7,274.26","7.97K","0.04%"
"01/19/2017","7,359.94","7,220.71","7,359.94","7,167.17","9.09K","2.19%"
"01/18/2017","7,201.97","7,215.36","7,263.55","7,148.43","7.45K","0.11%"
"01/17/2017","7,193.94","7,121.65","7,204.65","7,121.65","11.54K","1.28%"
"01/16/2017","7,102.91","7,309.07","7,309.07","7,097.56","12.14K","-3.18%"
"01/13/2017","7,335.84","7,309.07","7,378.68","7,287.65","10.40K","1.48%"
"01/12/2017","7,228.75","7,322.45","7,322.45","7,151.10","42.69K","-0.30%"
"01/11/2017","7,250.17","7,201.97","7,290.33","7,175.20","10.64K","0.78%"
"01/10/2017","7,193.94","7,266.23","7,266.23","7,148.43","13.85K","-1.10%"
"01/09/2017","7,274.26","7,485.77","7,496.48","7,271.58","17.51K","-2.83%"
"01/06/2017","7,485.77","7,603.57","7,630.34","7,469.71","24.07K","-3.22%"
"01/05/2017","7,734.76","8,005.17","8,098.87","7,662.47","28.57K","-2.60%"
"01/04/2017","7,940.91","7,873.98","8,005.17","7,873.98","14.64K","1.30%"
"01/03/2017","7,839.17","7,951.62","7,978.39","7,812.40","13.47K","-1.25%"
"01/02/2017","7,938.23","7,761.53","8,029.26","7,761.53","18.67K","3.31%"
"12/30/2016","7,683.89","7,630.34","7,737.44","7,606.25","6.44K","0.77%"
"12/29/2016","7,624.99","7,603.57","7,630.34","7,555.38","3.95K","0.60%"
"12/28/2016","7,579.47","7,579.47","7,630.34","7,571.44","3.39K","-0.11%"
"12/27/2016","7,587.51","7,657.12","7,710.66","7,552.70","6.07K","-0.91%"
"12/23/2016","7,657.12","7,523.25","7,657.12","7,509.86","6.01K","1.96%"
"12/22/2016","7,509.86","7,520.57","7,523.25","7,472.38","3.29K","0.47%"
"12/21/2016","7,475.06","7,590.18","7,590.18","7,456.32","7.18K","-1.38%"
"12/20/2016","7,579.47","7,563.41","7,649.09","7,550.02","7.37K","0.75%"
"12/19/2016","7,523.25","7,622.31","7,681.21","7,523.25","9.56K","-1.20%"
"12/16/2016","7,614.28","7,523.25","7,694.60","7,509.86","13.39K","1.28%"
"12/15/2016","7,517.90","7,442.93","7,539.32","7,402.77","8.18K","1.92%"
"12/14/2016","7,376.00","7,483.09","7,501.83","7,362.61","7.24K","-0.97%"
"12/13/2016","7,448.29","7,547.35","7,568.77","7,384.03","7.44K","-1.10%"
"12/12/2016","7,531.28","7,710.66","7,710.66","7,469.71","8.12K","-1.19%"
"12/09/2016","7,622.31","7,665.15","7,745.47","7,555.38","12.36K","0.60%"
"12/08/2016","7,576.80","7,566.09","7,657.12","7,496.48","10.38K","1.07%"
"12/07/2016","7,496.48","8,085.49","8,090.84","7,496.48","25.79K","-5.72%"
"12/06/2016","7,951.62","7,873.98","8,240.77","7,817.76","42.57K","-0.34%"
"12/05/2016","7,978.39","7,528.61","7,978.39","7,429.55","49.64K","15.01%"
"12/02/2016","6,936.92","7,006.53","7,014.56","6,907.47","7.81K","-0.77%"
"12/01/2016","6,990.47","7,129.69","7,153.78","6,979.76","8.62K","-1.92%"
"11/30/2016","7,127.01","7,140.40","7,153.78","7,046.69","7.05K","-0.11%"
"11/29/2016","7,135.04","6,963.69","7,175.20","6,963.69","12.90K","2.34%"
"11/28/2016","6,971.72","7,068.11","7,070.79","6,915.50","7.02K","-1.21%"
"11/25/2016","7,057.40","7,041.33","7,108.27","7,027.95","5.71K","0.23%"
"11/24/2016","7,041.33","7,044.01","7,110.95","7,022.59","6.15K","-0.04%"
"11/23/2016","7,044.01","7,118.98","7,164.49","7,033.30","5.00K","-1.02%"
"11/22/2016","7,116.30","7,153.78","7,188.59","7,100.24","6.20K","-0.52%"
"11/21/2016","7,153.78","7,185.91","7,223.39","7,108.27","6.03K","-0.37%"
"11/18/2016","7,180.56","7,314.42","7,322.45","7,180.56","8.80K","-1.69%"
"11/17/2016","7,303.71","7,220.71","7,325.13","7,220.71","8.25K","0.81%"
"11/16/2016","7,244.81","7,228.75","7,268.91","7,177.88","8.42K","0.30%"
"11/15/2016","7,223.39","7,175.20","7,309.07","7,175.20","9.26K","0.41%"
"11/14/2016","7,193.94","7,335.84","7,354.58","7,151.10","7.11K","-1.68%"
"11/11/2016","7,317.10","7,242.13","7,357.26","7,188.59","7.10K","0.11%"
"11/10/2016","7,309.07","7,263.55","7,378.68","7,250.17","9.10K","1.68%"
"11/09/2016","7,188.59","7,148.43","7,376.00","7,094.88","24.67K","-3.94%"
"11/08/2016","7,483.09","7,496.48","7,576.80","7,477.74","6.72K","0.07%"
"11/07/2016","7,477.74","7,456.32","7,552.70","7,397.42","10.00K","0.79%"
"11/04/2016","7,418.84","7,507.19","7,550.02","7,322.45","14.08K","-1.21%"
"11/03/2016","7,509.86","7,437.58","7,560.73","7,405.45","9.76K","1.19%"
"11/02/2016","7,421.51","7,499.16","7,544.67","7,389.39","7.14K","-1.63%"
"11/01/2016","7,544.67","7,464.35","7,574.12","7,445.61","5.70K","1.15%"
"10/31/2016","7,459.00","7,608.93","7,633.02","7,459.00","8.63K","-1.94%"
"10/28/2016","7,606.25","7,603.57","7,627.67","7,475.06","7.11K","0.21%"
"10/27/2016","7,590.18","7,603.57","7,665.15","7,536.64","7.84K","-0.53%"
"10/26/2016","7,630.34","7,710.66","7,737.44","7,579.47","11.26K","-1.04%"
"10/25/2016","7,710.66","7,871.30","7,890.04","7,670.50","13.67K","-1.94%"
"10/24/2016","7,863.27","8,031.94","8,058.71","7,831.14","10.72K","-2.10%"
"10/21/2016","8,031.94","8,056.04","8,192.58","7,924.85","20.35K","-0.10%"
"10/20/2016","8,039.97","8,005.17","8,254.16","7,978.39","51.94K","5.18%"
"10/19/2016","7,643.73","7,681.21","7,686.57","7,539.32","9.47K","-0.07%"
"10/18/2016","7,649.09","7,496.48","7,707.99","7,483.09","11.15K","0.88%"
"10/17/2016","7,582.15","7,590.18","7,678.54","7,523.25","6.99K","-0.32%"
"10/14/2016","7,606.25","7,657.12","7,729.40","7,600.89","5.79K","-0.32%"
"10/13/2016","7,630.34","7,675.86","7,697.28","7,541.99","7.62K","-0.59%"
"10/12/2016","7,675.86","7,520.57","7,724.05","7,509.86","8.89K","2.21%"
"10/11/2016","7,509.86","7,389.39","7,590.18","7,362.61","16.27K","2.19%"
"10/10/2016","7,349.23","7,442.93","7,493.80","7,349.23","9.90K","-0.69%"
"10/07/2016","7,400.09","7,590.18","7,603.57","7,367.97","18.09K","-2.26%"
"10/06/2016","7,571.44","7,724.05","7,748.15","7,571.44","20.47K","-3.51%"
"10/05/2016","7,847.21","7,831.14","7,873.98","7,804.37","5.67K","-0.44%"
"10/04/2016","7,882.01","7,844.53","7,906.11","7,804.37","8.03K","0.55%"
"10/03/2016","7,839.17","7,820.43","7,882.01","7,745.47","5.60K","0.07%"
"09/30/2016","7,833.82","7,828.47","7,863.27","7,742.79","6.63K","-0.03%"
"09/29/2016","7,836.50","7,903.43","7,922.17","7,710.66","7.23K","-0.78%"
"09/28/2016","7,898.08","7,790.98","7,935.56","7,764.21","5.82K","2.04%"
"09/27/2016","7,740.11","8,010.52","8,013.20","7,651.76","11.10K","-2.33%"
"09/26/2016","7,924.85","8,031.94","8,031.94","7,871.30","6.70K","-1.33%"
"09/23/2016","8,031.94","8,096.20","8,096.20","7,983.75","4.88K","-0.96%"
"09/22/2016","8,109.58","7,884.69","8,112.26","7,855.24","11.23K","3.77%"
"09/21/2016","7,815.08","8,010.52","8,080.13","7,796.34","10.79K","-1.92%"
"09/20/2016","7,967.69","8,031.94","8,031.94","7,943.59","9.13K","-0.80%"
"09/19/2016","8,031.94","8,058.71","8,085.49","7,919.49","7.33K","0.13%"
"09/16/2016","8,021.23","7,951.62","8,045.33","7,879.33","14.78K","0.91%"
"09/15/2016","7,948.94","8,005.17","8,053.36","7,930.20","12.48K","-0.37%"
"09/14/2016","7,978.39","8,077.46","8,131.00","7,930.20","7.49K","-1.16%"
"09/13/2016","8,072.10","8,098.87","8,189.90","8,007.85","6.85K","-0.23%"
"09/12/2016","8,090.84","8,101.55","8,112.26","7,962.33","11.39K","-1.95%"
"09/09/2016","8,251.48","8,326.45","8,342.51","8,235.42","5.43K","-0.45%"
"09/08/2016","8,288.96","8,192.58","8,339.83","8,192.58","9.49K","1.74%"
"09/07/2016","8,147.07","8,278.25","8,353.22","8,128.32","11.73K","-1.52%"
"09/06/2016","8,272.90","8,353.22","8,353.22","8,222.03","12.19K","-1.69%"
"09/05/2016","8,414.80","8,406.76","8,554.02","8,388.02","8.10K","0.29%"
"09/02/2016","8,390.70","8,264.87","8,390.70","8,216.68","11.62K","2.12%"
"09/01/2016","8,216.68","8,152.42","8,339.83","8,141.71","10.56K","1.29%"
"08/31/2016","8,112.26","8,272.90","8,272.90","8,098.87","6.59K","-1.88%"
"08/30/2016","8,267.54","8,353.22","8,385.35","8,195.26","8.09K","-1.03%"
"08/29/2016","8,353.22","8,163.13","8,353.22","8,152.42","7.27K","1.96%"
"08/26/2016","8,192.58","8,243.45","8,286.29","8,090.84","5.37K","-0.65%"
"08/25/2016","8,246.13","8,315.74","8,339.83","8,149.74","5.79K","-1.47%"
"08/24/2016","8,369.28","8,326.45","8,406.76","8,256.84","5.49K","0.16%"
"08/23/2016","8,355.90","8,406.76","8,406.76","8,256.84","5.85K","-0.60%"
"08/22/2016","8,406.76","8,104.23","8,433.54","8,098.87","6.90K","3.70%"
"08/19/2016","8,106.91","8,192.58","8,232.74","8,082.81","7.61K","-0.75%"
"08/18/2016","8,168.48","8,272.90","8,318.41","8,106.91","9.71K","-0.78%"
"08/17/2016","8,232.74","8,537.95","8,540.63","8,232.74","9.68K","-3.70%"
"08/16/2016","8,548.66","8,433.54","8,567.40","8,259.51","10.55K","1.08%"
"08/15/2016","8,457.63","8,634.34","8,674.50","8,446.92","6.73K","-2.05%"
"08/12/2016","8,634.34","8,543.31","8,634.34","8,438.89","7.36K","1.45%"
"08/11/2016","8,511.18","8,484.41","8,524.57","8,393.38","6.45K","0.13%"
"08/10/2016","8,500.47","8,602.21","8,602.21","8,438.89","10.52K","-1.46%"
"08/09/2016","8,626.30","8,272.90","8,642.37","8,272.90","21.16K","4.58%"
"08/08/2016","8,248.80","8,307.70","8,331.80","8,230.06","6.43K","-0.71%"
"08/05/2016","8,307.70","8,406.76","8,420.15","8,176.52","21.82K","-1.46%"
"08/04/2016","8,430.86","7,956.98","8,430.86","7,900.75","34.08K","10.41%"
"08/03/2016","7,635.70","7,833.82","7,833.82","7,622.31","8.12K","-2.53%"
"08/02/2016","7,833.82","7,922.17","7,978.39","7,804.37","6.93K","-1.01%"
"08/01/2016","7,914.14","8,152.42","8,219.35","7,898.08","8.53K","-2.44%"
"07/29/2016","8,112.26","7,828.47","8,157.77","7,769.56","15.54K","4.20%"
"07/28/2016","7,785.63","7,764.21","7,868.62","7,683.89","6.83K","0.00%"
"07/27/2016","7,785.63","7,734.76","7,855.24","7,726.73","8.06K","1.18%"
"07/26/2016","7,694.60","7,737.44","7,764.21","7,633.02","6.13K","-0.86%"
"07/25/2016","7,761.53","7,630.34","7,772.24","7,558.06","10.64K","2.33%"
"07/22/2016","7,584.83","7,558.06","7,729.40","7,496.48","25.39K","0.35%"
"07/21/2016","7,558.06","7,772.24","7,772.24","7,536.64","16.67K","-2.28%"
"07/20/2016","7,734.76","7,871.30","7,898.08","7,659.79","9.54K","-1.80%"
"07/19/2016","7,876.66","7,911.46","7,938.23","7,828.47","5.67K","-0.17%"
"07/18/2016","7,890.04","7,898.08","7,973.04","7,847.21","6.09K","-0.03%"
"07/15/2016","7,892.72","8,112.26","8,139.03","7,890.04","18.81K","-3.53%"
"07/14/2016","8,181.87","8,262.19","8,272.90","7,863.27","35.57K","-0.52%"
"07/13/2016","8,224.71","8,299.67","8,358.57","8,176.52","9.33K","-0.26%"
"07/12/2016","8,246.13","8,243.45","8,280.93","8,042.65","11.38K","0.10%"
"07/11/2016","8,238.09","8,139.03","8,299.67","8,077.46","14.20K","2.57%"
"07/08/2016","8,031.94","7,683.89","8,031.94","7,606.25","16.31K","4.24%"
"07/07/2016","7,705.31","7,662.47","7,764.21","7,598.22","13.21K","2.49%"
"07/06/2016","7,517.90","7,630.34","7,817.76","7,496.48","13.20K","-0.07%"
"07/05/2016","7,523.25","7,643.73","7,675.86","7,456.32","9.92K","-1.06%"
"07/04/2016","7,603.57","7,496.48","7,772.24","7,459.00","12.00K","1.21%"
"07/01/2016","7,512.54","7,638.38","7,764.21","7,437.58","18.58K","-2.47%"
"06/30/2016","7,702.63","7,662.47","7,815.08","7,550.02","10.68K","0.95%"
"06/29/2016","7,630.34","7,764.21","7,882.01","7,584.83","16.21K","-0.45%"
"06/28/2016","7,665.15","7,362.61","7,665.15","7,362.61","35.05K","6.43%"
"06/27/2016","7,201.97","8,192.58","8,214.00","7,201.97","56.39K","-13.78%"
"06/24/2016","8,353.22","8,353.22","8,567.40","8,222.03","42.88K","-9.09%"
"06/23/2016","9,188.54","8,995.77","9,298.31","8,969.00","12.14K","2.14%"
"06/22/2016","8,995.77","8,995.77","9,057.35","8,880.65","7.31K","0.27%"
"06/21/2016","8,971.68","9,169.80","9,169.80","8,923.49","7.28K","-2.45%"
"06/20/2016","9,196.57","8,861.91","9,196.57","8,861.91","15.39K","4.92%"
"06/17/2016","8,765.52","8,433.54","8,794.98","8,433.54","19.32K","5.31%"
"06/16/2016","8,323.77","8,637.01","8,690.56","8,270.22","12.16K","-4.51%"
"06/15/2016","8,717.33","8,741.43","8,859.23","8,647.72","8.44K","0.46%"
"06/14/2016","8,677.17","8,594.18","8,805.68","8,580.79","9.99K","0.56%"
"06/13/2016","8,628.98","8,824.43","8,832.46","8,588.82","9.82K","-2.36%"
"06/10/2016","8,837.81","8,998.45","9,006.48","8,781.59","9.68K","-1.32%"
"06/09/2016","8,955.61","9,102.87","9,102.87","8,899.39","12.34K","-2.19%"
"06/08/2016","9,156.41","9,199.25","9,199.25","8,998.45","13.20K","-1.13%"
"06/07/2016","9,260.83","9,102.87","9,260.83","8,971.68","14.31K","2.16%"
"06/06/2016","9,065.38","9,373.28","9,383.98","8,942.23","16.63K","-2.81%"
"06/03/2016","9,327.76","9,343.82","9,400.05","9,276.89","8.02K","0.17%"
"06/02/2016","9,311.70","9,338.47","9,397.37","9,228.70","8.93K","0.32%"
"06/01/2016","9,282.25","9,129.64","9,450.92","9,129.64","14.97K","1.37%"
"05/31/2016","9,156.41","9,188.54","9,250.12","9,129.64","8.48K","-0.64%"
"05/30/2016","9,215.31","9,284.92","9,341.15","9,204.60","4.01K","-0.75%"
"05/27/2016","9,284.92","9,234.05","9,327.76","9,156.41","5.29K","0.38%"
"05/26/2016","9,250.12","9,274.21","9,292.96","9,143.03","7.20K","-0.14%"
"05/25/2016","9,263.51","9,236.73","9,343.82","9,236.73","8.56K","0.20%"
"05/24/2016","9,244.76","9,268.86","9,362.57","9,169.80","7.79K","-0.26%"
"05/23/2016","9,268.86","9,153.74","9,317.05","9,076.09","12.99K","-0.77%"
"05/20/2016","9,341.15","9,373.28","9,445.56","9,252.80","12.55K","-0.29%"
"05/19/2016","9,367.92","9,234.05","9,408.08","9,177.83","8.32K","1.04%"
"05/18/2016","9,271.54","9,236.73","9,290.28","9,049.32","12.68K","0.32%"
"05/13/2016","9,242.09","9,558.01","9,558.01","9,068.06","22.55K","-3.31%"
"05/12/2016","9,558.01","9,397.37","9,600.85","9,370.60","8.96K","1.74%"
"05/11/2016","9,394.69","9,367.92","9,413.43","9,298.31","8.61K","0.26%"
"05/10/2016","9,370.60","9,386.66","9,485.72","9,306.34","8.85K","0.06%"
"05/09/2016","9,365.24","9,317.05","9,499.11","9,279.57","15.04K","1.07%"
"05/06/2016","9,266.18","9,434.85","9,544.62","9,217.99","13.74K","-2.51%"
"05/04/2016","9,504.46","9,809.68","9,809.68","9,330.44","20.57K","-3.11%"
"05/03/2016","9,809.68","9,911.42","9,932.83","9,544.62","12.34K","-0.19%"
"05/02/2016","9,828.42","9,906.06","9,908.74","9,724.00","7.03K","-1.05%"
"04/29/2016","9,932.83","9,956.93","10,010.48","9,823.06","11.08K","-0.72%"
"04/28/2016","10,005.12","10,013.15","10,058.67","9,964.96","8.51K","-1.40%"
"04/27/2016","10,147.02","9,906.06","10,147.02","9,780.23","13.60K","2.29%"
"04/26/2016","9,919.45","9,584.78","9,919.45","9,558.01","14.28K","3.78%"
"04/25/2016","9,558.01","9,531.24","9,630.30","9,477.69","8.14K","0.71%"
"04/22/2016","9,491.08","9,397.37","9,651.72","9,343.82","18.95K","0.94%"
"04/21/2016","9,402.73","9,798.97","9,847.16","9,402.73","31.91K","-5.92%"
"04/20/2016","9,994.41","9,906.06","10,104.18","9,900.71","22.70K","0.97%"
"04/19/2016","9,898.03","9,852.51","9,946.22","9,740.07","22.05K","1.23%"
"04/18/2016","9,777.55","9,852.51","9,881.96","9,608.88","26.05K","2.47%"
"04/15/2016","9,541.95","9,298.31","9,584.78","9,247.44","16.86K","2.62%"
"04/14/2016","9,298.31","9,354.53","9,392.02","9,209.96","9.81K","-0.49%"
"04/13/2016","9,343.82","9,587.46","9,603.52","9,268.86","18.36K","-1.69%"
"04/12/2016","9,504.46","9,220.67","9,541.95","9,169.80","31.57K","3.77%"
"04/11/2016","9,159.09","9,212.64","9,223.35","9,134.99","6.27K","-0.58%"
"04/08/2016","9,212.64","9,183.19","9,290.28","9,156.41","12.90K","0.70%"
"04/07/2016","9,148.38","9,234.05","9,341.15","9,105.54","14.88K","-1.13%"
"04/06/2016","9,252.80","8,888.68","9,266.18","8,861.91","36.43K","6.01%"
"04/05/2016","8,728.04","8,749.46","8,749.46","8,567.40","9.97K","-0.61%"
"04/04/2016","8,781.59","8,521.89","8,821.75","8,521.89","15.08K","3.05%"
"04/01/2016","8,521.89","8,345.19","8,529.92","8,246.13","14.04K","2.18%"
"03/31/2016","8,339.83","8,527.24","8,537.95","8,334.48","10.60K","-2.32%"
"03/30/2016","8,537.95","8,259.51","8,540.63","8,259.51","8.52K","3.91%"
"03/29/2016","8,216.68","8,487.08","8,487.08","8,216.68","11.60K","-3.49%"
"03/23/2016","8,513.86","8,503.15","8,607.56","8,497.79","2.53K","0.22%"
"03/22/2016","8,495.12","8,406.76","8,516.53","8,302.35","18.01K","-1.80%"
"03/21/2016","8,650.40","8,594.18","8,661.11","8,500.47","5.59K","0.34%"
"03/18/2016","8,620.95","8,460.31","8,620.95","8,406.76","10.54K","2.22%"
"03/17/2016","8,433.54","8,433.54","8,460.31","8,310.38","7.41K","0.10%"
"03/16/2016","8,425.51","8,305.03","8,433.54","8,296.99","6.43K","1.35%"
"03/15/2016","8,313.06","8,366.61","8,401.41","8,214.00","6.90K","-0.26%"
"03/14/2016","8,334.48","8,302.35","8,374.64","8,278.25","7.34K","1.07%"
"03/11/2016","8,246.13","8,278.25","8,393.38","8,246.13","7.90K","-1.09%"
"03/10/2016","8,337.15","8,165.81","8,353.22","8,106.91","12.09K","2.10%"
"03/09/2016","8,165.81","8,042.65","8,240.77","7,911.46","7.70K","1.50%"
"03/08/2016","8,045.33","8,112.26","8,176.52","7,962.33","7.33K","-1.02%"
"03/07/2016","8,128.32","8,278.25","8,299.67","8,026.59","11.79K","-1.81%"
"03/04/2016","8,278.25","8,018.55","8,299.67","7,812.40","22.25K","3.76%"
"03/03/2016","7,978.39","7,667.83","7,978.39","7,657.12","20.76K","5.11%"
"03/02/2016","7,590.18","7,694.60","7,764.21","7,568.77","7.72K","-0.56%"
"03/01/2016","7,633.02","7,699.95","7,817.76","7,576.80","9.38K","-0.66%"
"02/29/2016","7,683.89","7,790.98","7,790.98","7,635.70","7.23K","-1.71%"
"02/26/2016","7,817.76","7,630.34","7,871.30","7,550.02","12.51K","4.29%"
"02/25/2016","7,496.48","7,376.00","7,590.18","7,362.61","10.46K","3.90%"
"02/24/2016","7,215.36","7,335.84","7,402.77","7,105.59","6.47K","-2.14%"
"02/23/2016","7,373.32","7,413.48","7,488.45","7,335.84","4.66K","-0.72%"
"02/22/2016","7,426.87","7,309.07","7,432.22","7,295.68","7.47K","1.91%"
"02/19/2016","7,287.65","7,496.48","7,550.02","7,255.52","11.61K","-2.79%"
"02/18/2016","7,496.48","7,469.71","7,579.47","7,362.61","12.45K","1.01%"
"02/17/2016","7,421.51","7,201.97","7,421.51","7,199.30","10.83K","4.09%"
"02/16/2016","7,129.69","7,266.23","7,376.00","7,129.69","11.47K","-1.00%"
"02/15/2016","7,201.97","7,148.43","7,306.39","7,121.65","11.95K","2.40%"
"02/12/2016","7,033.30","6,987.79","7,094.88","6,883.37","13.63K","0.27%"
"02/11/2016","7,014.56","6,907.47","7,065.43","6,717.38","17.60K","-0.08%"
"02/10/2016","7,019.92","6,744.15","7,068.11","6,693.28","15.57K","4.05%"
"02/09/2016","6,746.83","6,695.96","6,821.80","6,476.42","14.02K","0.76%"
"02/08/2016","6,695.96","7,068.11","7,121.65","6,695.96","19.92K","-5.16%"
"02/05/2016","7,060.08","6,666.51","7,201.97","6,623.67","22.62K","6.59%"
"02/04/2016","6,623.67","6,934.24","6,936.92","6,479.10","17.26K","0.08%"
"02/03/2016","6,618.32","6,955.66","7,014.56","6,618.32","15.96K","-4.85%"
"02/02/2016","6,955.66","7,003.85","7,030.63","6,824.47","13.57K","1.68%"
"02/01/2016","6,840.54","7,172.52","7,172.52","6,813.76","14.88K","-2.63%"
"01/29/2016","7,025.27","6,827.15","7,068.11","6,786.99","26.59K","8.43%"
"01/28/2016","6,479.10","6,720.06","6,803.05","6,412.17","19.17K","-3.70%"
"01/27/2016","6,728.09","6,666.51","6,795.02","6,564.77","12.51K","1.33%"
"01/26/2016","6,639.74","6,845.89","6,845.89","6,559.42","25.71K","-4.65%"
"01/25/2016","6,963.69","7,068.11","7,089.53","6,904.79","6.71K","-0.91%"
"01/22/2016","7,027.95","7,359.94","7,424.19","6,998.50","21.23K","0.19%"
"01/21/2016","7,014.56","6,958.34","7,116.30","6,827.15","15.77K","2.14%"
"01/20/2016","6,867.31","7,014.56","7,062.75","6,797.70","16.81K","-6.93%"
"01/19/2016","7,378.68","7,124.33","7,405.45","7,086.85","19.93K","5.80%"
"01/18/2016","6,974.40","6,961.02","7,089.53","6,813.76","12.20K","-0.65%"
"01/15/2016","7,019.92","7,094.88","7,132.36","6,698.64","25.79K","-0.49%"
"01/14/2016","7,054.72","7,523.25","7,523.25","6,995.82","22.09K","-6.99%"
"01/13/2016","7,584.83","7,764.21","7,809.72","7,563.41","12.63K","-0.63%"
"01/12/2016","7,633.02","7,911.46","7,970.36","7,630.34","17.91K","-3.78%"
"01/11/2016","7,932.88","8,112.26","8,251.48","7,916.82","14.74K","-2.18%"
"01/08/2016","8,109.58","8,013.20","8,189.90","7,898.08","18.51K","2.82%"
"01/07/2016","7,887.37","7,930.20","7,930.20","7,552.70","20.06K","-1.54%"
"01/06/2016","8,010.52","8,379.99","8,379.99","7,959.65","18.59K","-4.53%"
"01/05/2016","8,390.70","8,433.54","8,468.34","8,246.13","8.68K","0.03%"
"01/04/2016","8,388.02","8,567.40","8,567.40","8,342.51","12.36K","-3.21%"
"12/30/2015","8,666.46","8,650.40","8,754.82","8,650.40","7.50K","0.22%"
"12/29/2015","8,647.72","8,527.24","8,671.82","8,513.86","6.66K","1.57%"
"12/28/2015","8,513.86","8,540.63","8,562.05","8,465.67","5.53K","-0.22%"
"12/23/2015","8,532.60","8,513.86","8,532.60","8,379.99","5.37K","0.92%"
"12/22/2015","8,454.96","8,473.70","8,567.40","8,417.47","8.79K","-0.06%"
"12/21/2015","8,460.31","8,272.90","8,532.60","8,272.90","8.49K","2.33%"
"12/18/2015","8,267.54","8,366.61","8,414.80","8,246.13","9.16K","-0.87%"
"12/17/2015","8,339.83","8,420.15","8,487.08","8,286.29","11.11K","0.00%"
"12/16/2015","8,339.83","8,259.51","8,433.54","8,259.51","12.45K","1.20%"
"12/15/2015","8,240.77","8,007.85","8,246.13","8,007.85","12.78K","3.12%"
"12/14/2015","7,991.78","8,085.49","8,264.87","7,924.85","17.86K","-0.67%"
"12/11/2015","8,045.33","8,109.58","8,267.54","8,010.52","15.36K","0.40%"
"12/10/2015","8,013.20","8,031.94","8,152.42","7,932.88","6.26K","-0.30%"
"12/09/2015","8,037.30","8,056.04","8,232.74","7,938.23","11.21K","-0.46%"
"12/08/2015","8,074.78","8,299.67","8,511.18","7,948.94","17.76K","-3.02%"
"12/07/2015","8,326.45","8,299.67","8,444.25","8,240.77","15.77K","2.47%"
"12/04/2015","8,125.65","8,031.94","8,165.81","7,951.62","14.42K","-0.49%"
"12/03/2015","8,165.81","8,112.26","8,272.90","8,112.26","12.51K","0.33%"
"12/02/2015","8,139.03","8,085.49","8,246.13","8,056.04","15.77K","2.49%"
"12/01/2015","7,940.91","7,790.98","8,005.17","7,790.98","15.97K","1.61%"
"11/30/2015","7,815.08","7,951.62","8,034.62","7,804.37","12.17K","-1.52%"
"11/27/2015","7,935.56","7,769.56","7,989.10","7,764.21","12.37K","2.07%"
"11/26/2015","7,774.92","7,726.73","7,809.72","7,710.66","11.30K","1.33%"
"11/25/2015","7,673.18","7,766.89","7,817.76","7,662.47","12.08K","-0.10%"
"11/24/2015","7,681.21","8,026.59","8,029.26","7,630.34","33.22K","-5.56%"
"11/23/2015","8,133.68","8,487.08","8,487.08","8,120.29","18.24K","-4.31%"
"11/20/2015","8,500.47","8,350.54","8,516.53","8,342.51","14.06K","1.93%"
"11/19/2015","8,339.83","8,299.67","8,521.89","8,299.67","13.88K","0.91%"
"11/18/2015","8,264.87","8,299.67","8,326.45","8,246.13","8.41K","-0.42%"
"11/17/2015","8,299.67","8,329.12","8,428.18","8,262.19","8.91K","-0.19%"
"11/16/2015","8,315.74","8,420.15","8,452.28","8,302.35","10.91K","-2.97%"
"11/13/2015","8,570.08","8,299.67","8,653.08","8,248.80","20.92K","3.26%"
"11/12/2015","8,299.67","8,379.99","8,396.06","8,222.03","9.35K","-1.15%"
"11/11/2015","8,396.06","8,326.45","8,417.47","8,248.80","7.62K","0.84%"
"11/10/2015","8,326.45","8,513.86","8,519.21","8,326.45","11.38K","-2.35%"
"11/09/2015","8,527.24","8,752.14","8,754.82","8,481.73","15.31K","-2.48%"
"11/06/2015","8,744.11","8,792.30","8,808.36","8,602.21","15.97K","-0.49%"
"11/05/2015","8,786.94","8,620.95","8,819.07","8,503.15","28.25K","3.63%"
"11/04/2015","8,479.05","8,620.95","8,620.95","8,422.83","13.95K","-0.41%"
"11/03/2015","8,513.86","8,406.76","8,594.18","8,366.61","12.75K","1.76%"
"11/02/2015","8,366.61","8,379.99","8,406.76","8,259.51","9.91K","0.06%"
"10/30/2015","8,361.25","8,270.22","8,401.41","8,157.77","12.89K","1.23%"
"10/29/2015","8,259.51","8,259.51","8,272.90","8,090.84","18.05K","0.75%"
"10/28/2015","8,197.93","8,353.22","8,406.76","8,171.16","16.13K","-1.86%"
"10/27/2015","8,353.22","8,358.57","8,406.76","8,192.58","14.64K","0.00%"
"10/26/2015","8,353.22","8,379.99","8,436.22","8,088.16","24.42K","1.13%"
"10/23/2015","8,259.51","8,728.04","8,778.91","8,248.80","44.07K","-3.80%"
"10/22/2015","8,586.14","8,620.95","8,835.14","8,409.44","72.51K","-7.98%"
"10/21/2015","9,330.44","9,477.69","9,579.43","9,319.73","10.11K","-1.41%"
"10/20/2015","9,464.30","9,317.05","9,491.08","9,271.54","10.06K","1.58%"
"10/19/2015","9,317.05","9,209.96","9,349.18","9,209.96","11.09K","1.10%"
"10/16/2015","9,215.31","9,003.81","9,317.05","8,995.77","17.06K","2.62%"
"10/15/2015","8,979.71","9,022.55","9,070.74","8,861.91","8.58K","-0.18%"
"10/14/2015","8,995.77","9,006.48","9,033.26","8,942.23","10.47K","-0.15%"
"10/13/2015","9,009.16","8,760.17","9,019.87","8,760.17","16.12K","2.91%"
"10/12/2015","8,754.82","8,757.49","8,928.84","8,730.72","16.36K","0.31%"
"10/09/2015","8,728.04","8,848.52","8,939.55","8,701.27","16.20K","-0.58%"
"10/08/2015","8,778.91","8,888.68","8,969.00","8,728.04","21.26K","-0.49%"
"10/07/2015","8,821.75","9,290.28","9,290.28","8,709.30","45.54K","-4.77%"
"10/06/2015","9,263.51","9,638.33","9,678.49","9,263.51","28.11K","-3.08%"
"10/05/2015","9,558.01","9,608.88","9,614.23","9,491.08","11.46K","1.74%"
"10/02/2015","9,394.69","9,236.73","9,477.69","9,153.74","20.99K","3.72%"
"10/01/2015","9,057.35","9,022.55","9,287.60","9,006.48","12.15K","1.59%"
"09/30/2015","8,915.45","8,835.14","8,995.77","8,835.14","11.76K","2.75%"
"09/29/2015","8,677.17","8,784.27","8,821.75","8,610.24","12.07K","-1.76%"
"09/28/2015","8,832.46","8,969.00","9,038.61","8,832.46","7.83K","-1.90%"
"09/25/2015","9,003.81","8,939.55","9,140.35","8,840.49","14.74K","3.10%"
"09/24/2015","8,733.40","8,886.00","9,009.16","8,701.27","20.89K","-1.03%"
"09/23/2015","8,824.43","8,717.33","9,097.51","8,717.33","15.93K","1.10%"
"09/22/2015","8,728.04","9,116.25","9,124.28","8,728.04","16.33K","-4.43%"
"09/21/2015","9,132.32","9,102.87","9,276.89","9,025.22","11.39K","-0.99%"
"09/18/2015","9,223.35","9,501.79","9,501.79","9,102.87","33.33K","-4.17%"
"09/17/2015","9,624.94","9,638.33","9,689.20","9,488.40","10.79K","-0.44%"
"09/16/2015","9,667.78","9,710.62","9,758.81","9,555.33","7.00K","-0.08%"
"09/15/2015","9,675.81","9,616.91","9,710.62","9,582.11","6.60K","0.61%"
"09/14/2015","9,616.91","9,828.42","9,852.51","9,544.62","7.16K","-2.15%"
"09/11/2015","9,828.42","9,908.74","9,935.51","9,737.39","6.69K","-0.24%"
"09/10/2015","9,852.51","9,959.61","9,983.70","9,804.32","10.13K","-1.68%"
"09/09/2015","10,021.18","10,147.02","10,203.24","10,005.12","17.84K","0.67%"
"09/08/2015","9,954.25","9,940.87","10,013.15","9,871.26","15.54K","1.31%"
"09/07/2015","9,825.74","10,037.25","10,069.38","9,777.55","7.81K","-1.13%"
"09/04/2015","9,938.19","10,197.89","10,307.66","9,852.51","24.76K","-2.19%"
"09/03/2015","10,160.41","9,959.61","10,307.66","9,959.61","32.08K","3.41%"
"09/02/2015","9,825.74","9,745.42","9,906.06","9,614.23","12.79K","0.80%"
"09/01/2015","9,748.10","9,959.61","10,010.48","9,681.17","12.26K","-2.12%"
"08/31/2015","9,959.61","9,734.71","9,970.32","9,675.81","14.50K","2.88%"
"08/28/2015","9,681.17","9,772.19","9,828.42","9,558.01","12.42K","-0.60%"
"08/27/2015","9,740.07","9,906.06","9,972.99","9,651.72","17.42K","2.19%"
"08/26/2015","9,531.24","9,400.05","9,745.42","9,266.18","12.60K","-0.22%"
"08/25/2015","9,552.66","9,183.19","9,584.78","8,993.10","15.42K","3.93%"
"08/24/2015","9,191.22","9,156.41","9,367.92","8,733.40","23.15K","-4.00%"
"08/21/2015","9,574.07","9,370.60","9,737.39","9,290.28","13.80K","-0.67%"
"08/20/2015","9,638.33","9,986.38","10,039.93","9,627.62","14.20K","-3.46%"
"08/19/2015","9,983.70","10,066.70","10,066.70","9,903.38","5.22K","-0.43%"
"08/18/2015","10,026.54","9,879.29","10,066.70","9,825.74","15.57K","2.35%"
"08/17/2015","9,796.29","9,756.13","9,820.39","9,579.43","7.26K","2.12%"
"08/14/2015","9,592.81","9,879.29","9,935.51","9,571.40","11.41K","-2.66%"
"08/13/2015","9,855.19","9,986.38","9,999.77","9,772.19","6.22K","0.33%"
"08/12/2015","9,823.06","9,879.29","10,230.02","9,552.66","21.18K","-0.76%"
"08/11/2015","9,898.03","10,114.89","10,120.25","9,855.19","10.55K","-1.91%"
"08/10/2015","10,090.80","10,039.93","10,165.76","9,940.87","8.06K","0.48%"
"08/07/2015","10,042.60","9,970.32","10,128.28","9,924.80","8.82K","1.08%"
"08/06/2015","9,935.51","10,278.21","10,334.43","9,879.29","23.04K","-1.41%"
"08/05/2015","10,077.41","9,873.93","10,077.41","9,857.87","12.42K","2.37%"
"08/04/2015","9,844.48","9,986.38","9,997.09","9,758.81","11.83K","-1.00%"
"08/03/2015","9,943.54","9,531.24","9,975.67","9,496.43","29.70K","5.39%"
"07/31/2015","9,434.85","9,137.67","9,504.46","9,084.13","18.66K","3.86%"
"07/30/2015","9,084.13","9,097.51","9,169.80","9,009.16","6.21K","-0.06%"
"07/29/2015","9,089.48","9,129.64","9,209.96","8,985.06","6.94K","0.06%"
"07/28/2015","9,084.13","8,888.68","9,153.74","8,888.68","7.76K","2.35%"
"07/27/2015","8,875.29","9,263.51","9,263.51","8,816.39","15.32K","-4.19%"
"07/24/2015","9,263.51","9,370.60","9,424.14","9,250.12","5.66K","-1.14%"
"07/23/2015","9,370.60","9,440.21","9,477.69","9,327.76","5.21K","-0.51%"
"07/22/2015","9,418.79","9,370.60","9,450.92","9,309.02","6.87K","0.77%"
"07/21/2015","9,346.50","9,370.60","9,426.82","9,290.28","5.89K","-0.06%"
"07/20/2015","9,351.86","9,290.28","9,464.30","9,260.83","7.68K","0.66%"
"07/17/2015","9,290.28","9,290.28","9,319.73","9,207.28","8.54K","-0.06%"
"07/16/2015","9,295.63","9,437.53","9,450.92","9,247.44","20.45K","0.64%"
"07/15/2015","9,236.73","9,330.44","9,381.31","9,134.99","14.22K","-0.63%"
"07/14/2015","9,295.63","9,102.87","9,375.95","9,022.55","18.91K","2.24%"
"07/13/2015","9,092.16","8,928.84","9,102.87","8,928.84","15.39K","2.04%"
"07/10/2015","8,910.10","8,586.14","8,915.45","8,567.40","17.60K","4.16%"
"07/09/2015","8,554.02","8,433.54","8,583.47","8,358.57","10.65K","2.08%"
"07/08/2015","8,379.99","8,781.59","8,781.59","8,339.83","24.25K","-4.57%"
"07/07/2015","8,781.59","8,709.30","8,944.90","8,709.30","11.67K","1.23%"
"07/06/2015","8,674.50","8,594.18","8,754.82","8,594.18","7.55K","0.00%"
"07/03/2015","8,674.50","8,829.78","8,848.52","8,631.66","7.77K","-1.46%"
"07/02/2015","8,803.01","8,794.98","8,869.94","8,762.85","11.75K","0.40%"
"07/01/2015","8,768.20","8,754.82","8,835.14","8,728.04","15.90K","0.80%"
"06/30/2015","8,698.59","8,540.63","8,835.14","8,537.95","10.11K","1.44%"
"06/29/2015","8,575.44","8,433.54","8,653.08","8,299.67","15.45K","-1.08%"
"06/26/2015","8,669.14","8,655.75","8,701.27","8,540.63","6.88K","0.62%"
"06/25/2015","8,615.60","8,540.63","8,674.50","8,438.89","6.24K","0.78%"
"06/24/2015","8,548.66","8,513.86","8,570.08","8,473.70","6.33K","0.54%"
"06/23/2015","8,503.15","8,594.18","8,717.33","8,500.47","8.80K","-0.84%"
"06/22/2015","8,575.44","8,540.63","8,580.79","8,446.92","12.40K","1.68%"
"06/19/2015","8,433.54","8,165.81","8,454.96","8,152.42","27.94K","3.52%"
"06/18/2015","8,147.07","8,243.45","8,302.35","8,112.26","11.81K","-1.49%"
"06/17/2015","8,270.22","8,251.48","8,353.22","8,187.23","6.90K","0.62%"
"06/16/2015","8,219.35","8,219.35","8,246.13","8,015.88","7.26K","0.39%"
"06/15/2015","8,187.23","8,377.31","8,417.47","8,165.81","6.56K","-2.83%"
"06/12/2015","8,425.51","8,425.51","8,468.34","8,315.74","5.84K","-0.32%"
"06/11/2015","8,452.28","8,246.13","8,492.44","8,219.35","11.77K","2.87%"
"06/10/2015","8,216.68","8,299.67","8,337.15","8,139.03","6.77K","-1.00%"
"06/09/2015","8,299.67","8,513.86","8,513.86","8,192.58","18.18K","-2.52%"
"06/08/2015","8,513.86","8,626.30","8,626.30","8,462.99","6.24K","-1.55%"
"06/05/2015","8,647.72","8,671.82","8,741.43","8,612.92","10.93K","-0.71%"
"06/04/2015","8,709.30","8,835.14","8,861.91","8,623.63","24.16K","2.33%"
"06/03/2015","8,511.18","8,353.22","8,607.56","8,337.15","20.39K","2.15%"
"06/02/2015","8,331.80","8,122.97","8,353.22","7,994.46","12.82K","2.88%"
"06/01/2015","8,098.87","8,077.46","8,144.39","7,970.36","9.13K","0.20%"
"05/29/2015","8,082.81","8,299.67","8,299.67","8,031.94","10.71K","-1.82%"
"05/28/2015","8,232.74","8,085.49","8,288.96","7,898.08","20.99K","2.50%"
"05/27/2015","8,031.94","8,246.13","8,246.13","7,965.01","23.31K","0.54%"
"05/26/2015","7,989.10","8,031.94","8,267.54","7,975.72","13.27K","-0.47%"
"05/22/2015","8,026.59","8,179.19","8,240.77","7,914.14","18.59K","-1.87%"
"05/21/2015","8,179.19","8,594.18","8,602.21","8,120.29","20.64K","-3.05%"
"05/20/2015","8,436.22","8,588.82","8,602.21","8,404.09","8.93K","-1.56%"
"05/19/2015","8,570.08","8,570.08","8,736.07","8,540.63","15.55K","0.03%"
"05/18/2015","8,567.40","8,610.24","8,762.85","8,497.79","12.55K","0.03%"
"05/15/2015","8,564.73","8,519.21","8,610.24","8,460.31","8.90K","0.91%"
"05/13/2015","8,487.08","8,620.95","8,728.04","8,420.15","12.89K","-1.31%"
"05/12/2015","8,599.53","8,706.62","8,781.59","8,596.85","10.84K","-2.67%"
"05/11/2015","8,835.14","8,762.85","8,969.00","8,714.66","15.80K","0.92%"
"05/08/2015","8,754.82","8,460.31","8,835.14","8,420.15","32.40K","4.41%"
"05/07/2015","8,385.35","8,430.86","8,513.86","8,278.25","14.87K","1.29%"
"05/06/2015","8,278.25","8,454.96","8,578.11","8,254.16","16.21K","-2.74%"
"05/05/2015","8,511.18","8,412.12","8,551.34","8,353.22","13.56K","-0.03%"
"05/04/2015","8,513.86","8,444.25","8,645.05","8,398.73","18.05K","0.63%"
"04/30/2015","8,460.31","8,288.96","8,537.95","8,173.84","22.12K","1.77%"
"04/29/2015","8,313.06","7,978.39","8,347.86","7,954.30","49.15K","10.50%"
"04/28/2015","7,523.25","7,772.24","7,790.98","7,469.71","14.64K","-3.30%"
"04/27/2015","7,780.27","7,922.17","7,973.04","7,724.05","14.45K","-1.79%"
"04/24/2015","7,922.17","7,844.53","8,031.94","7,799.01","14.96K","0.99%"
"04/23/2015","7,844.53","8,272.90","8,286.29","7,793.66","16.39K","-5.15%"
"04/22/2015","8,270.22","8,203.29","8,286.29","8,112.26","17.68K","0.72%"
"04/21/2015","8,211.32","8,160.45","8,259.51","8,085.49","23.92K","3.27%"
"04/20/2015","7,951.62","7,734.76","8,136.36","7,734.76","32.71K","3.20%"
"04/17/2015","7,705.31","7,951.62","8,031.94","7,705.31","17.00K","-3.26%"
"04/16/2015","7,965.01","7,608.93","7,965.01","7,555.38","18.74K","4.28%"
"04/15/2015","7,638.38","7,817.76","7,817.76","7,550.02","10.39K","-1.72%"
"04/14/2015","7,772.24","7,536.64","7,919.49","7,509.86","28.14K","2.94%"
"04/13/2015","7,550.02","7,683.89","7,764.21","7,448.29","24.81K","-1.54%"
"04/10/2015","7,667.83","6,907.47","7,697.28","6,907.47","85.14K","15.72%"
"04/09/2015","6,626.35","6,578.16","6,647.77","6,497.84","12.79K","0.77%"
"04/08/2015","6,575.48","6,677.22","6,693.28","6,567.45","9.77K","-1.37%"
"04/07/2015","6,666.51","6,481.78","6,733.44","6,452.33","24.51K","3.41%"
"04/01/2015","6,446.97","6,414.84","6,479.10","6,350.59","4.07K","0.33%"
"03/31/2015","6,425.55","6,372.01","6,438.94","6,294.36","4.78K","1.05%"
"03/30/2015","6,358.62","6,438.94","6,471.07","6,297.04","5.57K","-1.08%"
"03/27/2015","6,428.23","6,297.04","6,428.23","6,230.11","9.92K","3.27%"
"03/26/2015","6,224.75","6,372.01","6,398.78","6,157.82","13.88K","-3.13%"
"03/25/2015","6,425.55","6,425.55","6,516.58","6,385.39","9.63K","-0.04%"
"03/24/2015","6,428.23","6,398.78","6,492.49","6,318.46","18.84K","0.59%"
"03/23/2015","6,390.75","6,546.03","6,546.03","6,318.46","11.86K","-1.12%"
"03/20/2015","6,463.04","6,639.74","6,645.09","6,404.13","21.49K","-2.27%"
"03/19/2015","6,612.96","6,398.78","6,612.96","6,398.78","25.53K","3.52%"
"03/18/2015","6,388.07","6,248.85","6,422.88","6,224.75","17.21K","3.25%"
"03/17/2015","6,187.27","6,238.14","6,291.69","6,171.21","16.08K","-0.39%"
"03/16/2015","6,211.37","6,131.05","6,235.46","6,050.73","15.22K","1.58%"
"03/13/2015","6,114.98","6,058.76","6,238.14","6,023.96","14.80K","1.06%"
"03/12/2015","6,050.73","6,291.69","6,318.46","6,034.66","21.86K","-3.42%"
"03/11/2015","6,264.91","6,216.72","6,396.10","6,173.89","43.80K","6.80%"
"03/10/2015","5,865.99","6,238.14","6,286.33","5,793.71","33.31K","-5.93%"
"03/09/2015","6,235.46","6,157.82","6,425.55","6,117.66","39.05K","2.28%"
"03/06/2015","6,096.24","6,018.60","6,262.24","5,954.35","50.07K","1.29%"
"03/05/2015","6,018.60","5,924.90","6,144.43","5,812.45","41.22K","3.74%"
"03/04/2015","5,801.74","5,584.88","5,847.25","5,402.82","32.07K","0.18%"
"03/03/2015","5,791.03","5,654.49","5,906.15","5,595.59","28.38K","-0.55%"
"03/02/2015","5,823.16","5,948.99","6,050.73","5,799.06","27.10K","-6.73%"
"02/27/2015","6,243.50","6,331.85","6,372.01","6,114.98","13.95K","-2.22%"
"02/26/2015","6,385.39","6,377.36","6,385.39","6,262.24","11.79K","-0.71%"
"02/25/2015","6,430.91","6,479.10","6,479.10","6,385.39","11.03K","0.08%"
"02/24/2015","6,425.55","6,559.42","6,559.42","6,307.75","21.81K","-2.44%"
"02/23/2015","6,586.19","6,318.46","6,623.67","6,286.33","21.78K","4.77%"
"02/20/2015","6,286.33","6,334.52","6,388.07","6,216.72","7.81K","-0.51%"
"02/19/2015","6,318.46","6,452.33","6,495.16","6,235.46","15.66K","-1.67%"
"02/18/2015","6,425.55","6,452.33","6,463.04","6,305.07","13.16K","0.42%"
"02/17/2015","6,398.78","6,114.98","6,449.65","6,104.28","38.35K","4.50%"
"02/16/2015","6,123.02","6,289.01","6,313.11","6,023.96","37.35K","-2.51%"
"02/13/2015","6,280.98","6,532.65","6,540.68","6,211.37","23.72K","-4.01%"
"02/12/2015","6,543.35","6,559.42","6,746.83","6,010.57","75.76K","-9.58%"
"02/11/2015","7,236.78","7,386.71","7,491.12","7,191.26","13.24K","-2.49%"
"02/10/2015","7,421.51","7,413.48","7,517.90","7,314.42","12.67K","-0.11%"
"02/09/2015","7,429.55","7,745.47","7,748.15","7,426.87","14.83K","-4.08%"
"02/06/2015","7,745.47","7,852.56","7,852.56","7,649.09","11.02K","-1.36%"
"02/05/2015","7,852.56","7,898.08","8,042.65","7,807.05","20.00K","0.03%"
"02/04/2015","7,849.88","7,595.54","7,849.88","7,552.70","19.45K","2.88%"
"02/03/2015","7,630.34","7,734.76","7,764.21","7,603.57","16.84K","-1.28%"
"02/02/2015","7,729.40","8,085.49","8,085.49","7,683.89","21.29K","-5.03%"
"01/30/2015","8,139.03","8,492.44","8,671.82","8,013.20","26.01K","-3.86%"
"01/29/2015","8,465.67","8,259.51","8,511.18","8,173.84","18.18K","2.66%"
"01/28/2015","8,246.13","8,192.58","8,267.54","8,128.32","7.46K","1.32%"
"01/27/2015","8,139.03","8,152.42","8,414.80","8,131.00","22.73K","0.16%"
"01/26/2015","8,125.65","8,064.07","8,152.42","8,023.91","11.49K","0.83%"
"01/23/2015","8,058.71","8,104.23","8,176.52","7,981.07","10.53K","-0.66%"
"01/22/2015","8,112.26","8,034.62","8,133.68","7,967.69","9.49K","1.00%"
"01/21/2015","8,031.94","8,165.81","8,326.45","8,005.17","16.37K","-1.12%"
"01/20/2015","8,122.97","7,817.76","8,139.03","7,761.53","18.46K","4.73%"
"01/19/2015","7,756.18","7,651.76","7,799.01","7,512.54","8.96K","1.12%"
"01/16/2015","7,670.50","7,697.28","7,855.24","7,576.80","9.67K","-0.66%"
"01/15/2015","7,721.37","7,922.17","8,101.55","7,697.28","13.19K","-1.64%"
"01/14/2015","7,849.88","8,155.10","8,286.29","7,823.11","16.22K","-4.65%"
"01/13/2015","8,232.74","7,959.65","8,430.86","7,959.65","20.69K","3.43%"
"01/12/2015","7,959.65","7,994.46","8,058.71","7,873.98","17.65K","0.51%"
"01/09/2015","7,919.49","7,908.78","8,026.59","7,857.92","13.39K","0.27%"
"01/08/2015","7,898.08","8,042.65","8,104.23","7,857.92","15.87K","-0.67%"
"01/07/2015","7,951.62","7,898.08","8,131.00","7,865.95","28.67K","0.68%"
"01/06/2015","7,898.08","7,657.12","8,005.17","7,576.80","22.85K","3.15%"
"01/05/2015","7,657.12","7,598.22","7,790.98","7,595.54","15.50K","0.78%"
"01/02/2015","7,598.22","7,442.93","7,603.57","7,359.94","7.59K","2.75%"
"12/30/2014","7,394.74","7,284.97","7,448.29","7,255.52","3.88K","0.77%"
"12/29/2014","7,338.52","7,349.23","7,469.71","7,260.87","5.23K","0.00%"
"12/23/2014","7,338.52","7,148.43","7,389.39","7,076.14","8.94K","2.31%"
"12/22/2014","7,172.52","7,228.75","7,335.84","7,041.33","14.41K","0.22%"
"12/19/2014","7,156.46","7,121.65","7,260.87","7,017.24","52.52K","0.53%"
"12/18/2014","7,118.98","7,038.66","7,183.23","6,776.28","18.67K","0.72%"
"12/17/2014","7,068.11","6,781.64","7,121.65","6,513.90","16.62K","3.65%"
"12/16/2014","6,819.12","7,212.68","7,212.68","6,559.42","64.39K","-9.04%"
"12/15/2014","7,496.48","7,496.48","7,533.96","7,306.39","8.33K","-0.07%"
"12/12/2014","7,501.83","7,614.28","7,654.44","7,416.16","8.06K","-0.81%"
"12/11/2014","7,563.41","7,576.80","7,761.53","7,536.64","19.08K","0.28%"
"12/10/2014","7,541.99","7,293.00","7,558.06","7,260.87","14.62K","3.41%"
"12/09/2014","7,293.00","7,255.52","7,418.84","7,201.97","11.11K","-0.26%"
"12/08/2014","7,311.74","7,359.94","7,424.19","7,201.97","9.02K","-0.65%"
"12/05/2014","7,359.94","7,611.60","7,705.31","7,282.29","16.65K","-3.37%"
"12/04/2014","7,616.96","7,196.62","7,643.73","7,161.81","38.40K","6.12%"
"12/03/2014","7,177.88","6,944.95","7,212.68","6,934.24","21.46K","3.51%"
"12/02/2014","6,934.24","6,907.47","7,030.63","6,800.38","9.92K","0.39%"
"12/01/2014","6,907.47","7,086.85","7,266.23","6,883.37","21.63K","-2.53%"
"11/28/2014","7,086.85","6,746.83","7,094.88","6,746.83","31.51K","5.63%"
"11/27/2014","6,709.35","6,540.68","6,709.35","6,508.55","14.48K","1.87%"
"11/26/2014","6,586.19","6,559.42","6,586.19","6,479.10","8.80K","-0.81%"
"11/25/2014","6,639.74","6,446.97","6,639.74","6,422.88","17.76K","3.12%"
"11/24/2014","6,438.94","6,398.78","6,438.94","6,355.94","7.81K","0.97%"
"11/21/2014","6,377.36","6,393.42","6,438.94","6,318.46","6.42K","-0.25%"
"11/20/2014","6,393.42","6,372.01","6,420.20","6,321.14","14.81K","0.46%"
"11/19/2014","6,363.97","6,420.20","6,438.94","6,358.62","5.14K","-0.88%"
"11/18/2014","6,420.20","6,398.78","6,468.39","6,382.72","14.25K","0.84%"
"11/17/2014","6,366.65","6,334.52","6,449.65","6,222.08","7.37K","0.08%"
"11/14/2014","6,361.30","6,425.55","6,446.97","6,331.85","4.79K","-0.29%"
"11/13/2014","6,380.04","6,422.88","6,422.88","6,294.36","8.31K","-0.13%"
"11/12/2014","6,388.07","6,455.00","6,532.65","6,347.91","11.84K","-1.20%"
"11/11/2014","6,465.71","6,307.75","6,471.07","6,270.27","13.80K","3.38%"
"11/10/2014","6,254.20","6,200.66","6,345.23","6,200.66","16.97K","1.52%"
"11/07/2014","6,160.50","6,297.04","6,382.72","6,157.82","13.05K","-2.00%"
"11/06/2014","6,286.33","6,077.50","6,286.33","6,077.50","25.92K","5.29%"
"11/05/2014","5,970.41","5,957.02","6,048.05","5,914.19","16.26K","0.86%"
"11/04/2014","5,919.54","6,090.89","6,179.24","5,916.86","21.22K","-3.37%"
"11/03/2014","6,125.69","5,922.22","6,133.73","5,922.22","26.09K","5.15%"
"10/31/2014","5,825.83","5,890.09","5,911.51","5,761.58","10.19K","-1.45%"
"10/30/2014","5,911.51","5,914.19","5,930.25","5,729.45","10.87K","-0.09%"
"10/29/2014","5,916.86","5,865.99","5,940.96","5,852.61","8.26K","1.19%"
"10/28/2014","5,847.25","5,927.57","5,962.38","5,836.54","9.67K","-1.18%"
"10/27/2014","5,916.86","5,852.61","5,916.86","5,724.10","13.20K","1.38%"
"10/24/2014","5,836.54","5,801.74","5,863.32","5,689.29","12.12K","1.35%"
"10/23/2014","5,758.90","5,493.85","5,836.54","5,493.85","21.00K","-2.40%"
"10/22/2014","5,900.80","5,890.09","5,930.25","5,809.77","18.67K","1.05%"
"10/21/2014","5,839.22","5,849.93","5,957.02","5,801.74","20.49K","0.51%"
"10/20/2014","5,809.77","5,488.49","5,809.77","5,394.79","14.44K","5.85%"
"10/17/2014","5,488.49","5,234.15","5,488.49","5,223.44","15.95K","5.07%"
"10/16/2014","5,223.44","5,282.34","5,432.27","5,135.09","14.82K","-1.96%"
"10/15/2014","5,327.85","5,461.72","5,472.43","5,180.60","26.26K","0.56%"
"10/14/2014","5,298.40","4,950.35","5,298.40","4,910.19","12.15K","5.89%"
"10/13/2014","5,003.90","4,953.03","5,183.28","4,872.71","10.61K","-0.16%"
"10/10/2014","5,011.93","4,953.03","5,183.28","4,819.16","17.15K","-0.58%"
"10/09/2014","5,041.38","5,287.69","5,354.63","4,998.54","10.71K","-2.84%"
"10/08/2014","5,188.63","5,180.60","5,220.76","5,033.35","20.00K","-0.10%"
"10/07/2014","5,193.99","5,622.36","5,622.36","5,145.80","26.04K","-7.35%"
"10/06/2014","5,606.29","5,622.36","5,750.87","5,496.52","20.93K","-6.93%"
"10/03/2014","6,023.96","5,911.51","6,050.73","5,836.54","10.28K","4.75%"
"10/02/2014","5,750.87","5,932.93","5,970.41","5,726.77","15.66K","-3.94%"
"10/01/2014","5,986.47","6,058.76","6,077.50","5,965.05","8.27K","-0.22%"
"09/30/2014","5,999.86","5,916.86","6,082.86","5,911.51","14.43K","1.54%"
"09/29/2014","5,908.83","5,970.41","6,018.60","5,863.32","7.88K","-0.45%"
"09/26/2014","5,935.60","5,748.19","5,940.96","5,646.45","12.39K","3.12%"
"09/25/2014","5,756.22","5,758.90","5,927.57","5,721.42","12.98K","0.28%"
"09/24/2014","5,740.16","5,823.16","5,833.87","5,587.55","17.93K","-1.56%"
"09/23/2014","5,831.19","6,015.92","6,061.44","5,804.42","11.92K","-2.94%"
"09/22/2014","6,007.89","5,983.80","6,018.60","5,887.41","5.49K","0.40%"
"09/19/2014","5,983.80","6,155.14","6,179.24","5,967.73","12.71K","-2.74%"
"09/18/2014","6,152.47","6,026.63","6,152.47","5,973.09","19.54K","2.32%"
"09/17/2014","6,013.25","5,935.60","6,064.12","5,916.86","8.75K","2.37%"
"09/16/2014","5,874.03","6,023.96","6,023.96","5,844.58","10.85K","-2.53%"
"09/15/2014","6,026.63","6,131.05","6,139.08","6,026.63","6.38K","-1.57%"
"09/12/2014","6,123.02","6,192.63","6,235.46","6,064.12","5.50K","-0.95%"
"09/11/2014","6,181.92","6,136.40","6,254.20","6,131.05","8.18K","1.49%"
"09/10/2014","6,090.89","6,181.92","6,211.37","6,072.15","6.31K","-1.73%"
"09/09/2014","6,197.98","6,144.43","6,235.46","6,139.08","12.87K","1.00%"
"09/08/2014","6,136.40","6,098.92","6,136.40","6,023.96","12.75K","1.87%"
"09/05/2014","6,023.96","6,090.89","6,149.79","5,997.18","15.96K","-1.53%"
"09/04/2014","6,117.66","6,023.96","6,125.69","5,903.48","50.18K","6.98%"
"09/03/2014","5,718.74","5,691.97","5,761.58","5,627.71","12.68K","0.38%"
"09/02/2014","5,697.32","5,579.52","5,713.39","5,568.81","6.54K","2.31%"
"09/01/2014","5,568.81","5,531.33","5,595.59","5,512.59","4.08K","1.22%"
"08/29/2014","5,501.88","5,488.49","5,555.43","5,475.11","5.86K","-1.20%"
"08/28/2014","5,568.81","5,675.90","5,675.90","5,528.65","10.37K","-1.42%"
"08/27/2014","5,649.13","5,568.81","5,726.77","5,568.81","7.99K","0.86%"
"08/26/2014","5,600.94","5,448.33","5,619.68","5,386.76","15.06K","2.80%"
"08/25/2014","5,448.33","5,311.79","5,485.82","5,220.76","10.74K","2.67%"
"08/22/2014","5,306.44","5,298.40","5,306.44","5,247.53","4.78K","0.81%"
"08/21/2014","5,263.60","5,322.50","5,325.18","5,242.18","4.90K","-0.71%"
"08/20/2014","5,301.08","5,274.31","5,335.89","5,196.67","9.62K","0.56%"
"08/19/2014","5,271.63","5,327.85","5,394.79","5,223.44","7.51K","-0.56%"
"08/18/2014","5,301.08","5,408.17","5,421.56","5,290.37","5.02K","-1.69%"
"08/15/2014","5,392.11","5,247.53","5,405.50","5,220.76","7.93K","2.76%"
"08/14/2014","5,247.53","5,167.22","5,247.53","5,119.02","7.53K","1.61%"
"08/13/2014","5,164.54","5,086.90","5,164.54","5,065.48","11.70K","2.12%"
"08/12/2014","5,057.45","4,953.03","5,073.51","4,923.58","7.30K","2.11%"
"08/11/2014","4,953.03","4,853.97","4,953.03","4,853.97","9.07K","3.29%"
"08/08/2014","4,795.07","4,837.91","4,843.26","4,658.53","9.50K","-0.99%"
"08/07/2014","4,843.26","5,033.35","5,084.22","4,824.52","20.35K","-1.04%"
"08/06/2014","4,894.13","4,819.16","4,953.03","4,671.91","20.82K","1.56%"
"08/05/2014","4,819.16","4,762.94","4,845.94","4,752.23","11.64K","2.21%"
"08/04/2014","4,714.75","4,926.26","4,979.80","4,666.56","24.70K","-4.35%"
"08/01/2014","4,928.93","5,092.25","5,110.99","4,928.93","10.41K","-3.61%"
"07/31/2014","5,113.67","5,298.40","5,301.08","5,113.67","7.51K","-2.90%"
"07/30/2014","5,266.28","5,113.67","5,274.31","5,073.51","5.09K","3.15%"
"07/29/2014","5,105.64","5,244.86","5,274.31","5,070.83","6.69K","-2.21%"
"07/28/2014","5,220.76","5,185.96","5,293.05","5,183.28","8.06K","1.30%"
"07/25/2014","5,153.83","5,212.73","5,242.18","5,148.47","2.57K","-1.33%"
"07/24/2014","5,223.44","5,220.76","5,244.86","5,191.31","5.20K","-0.41%"
"07/23/2014","5,244.86","5,167.22","5,244.86","5,137.76","8.92K","1.71%"
"07/22/2014","5,156.51","5,140.44","5,220.76","5,127.06","6.82K","1.00%"
"07/21/2014","5,105.64","5,153.83","5,191.31","4,955.71","13.18K","-1.70%"
"07/18/2014","5,193.99","5,220.76","5,263.60","5,140.44","10.66K","-1.02%"
"07/17/2014","5,247.53","5,220.76","5,274.31","5,143.12","37.82K","-5.31%"
"07/16/2014","5,542.04","5,314.47","5,595.59","5,314.47","27.38K","4.49%"
"07/15/2014","5,303.76","5,381.40","5,408.17","5,276.99","16.52K","-1.25%"
"07/14/2014","5,370.69","5,418.88","5,536.68","5,362.66","19.98K","-0.74%"
"07/11/2014","5,410.85","5,400.14","5,515.27","5,370.69","11.41K","0.20%"
"07/10/2014","5,400.14","5,456.37","5,480.46","5,335.89","9.46K","-0.88%"
"07/09/2014","5,448.33","5,542.04","5,558.10","5,445.66","9.73K","-1.21%"
"07/08/2014","5,515.27","5,764.26","5,799.06","5,488.49","14.73K","-3.51%"
"07/07/2014","5,716.06","5,874.03","5,943.64","5,702.68","19.79K","-0.51%"
"07/04/2014","5,745.52","5,606.29","5,774.97","5,600.94","21.70K","3.67%"
"07/03/2014","5,542.04","5,517.94","5,582.20","5,426.91","17.10K","0.73%"
"07/02/2014","5,501.88","5,335.89","5,520.62","5,311.79","13.22K","3.06%"
"07/01/2014","5,338.56","5,354.63","5,354.63","5,185.96","25.67K","-0.99%"
"06/30/2014","5,392.11","5,418.88","5,464.40","5,333.21","13.93K","0.65%"
"06/27/2014","5,357.30","5,381.40","5,480.46","5,357.30","17.02K","-0.25%"
"06/26/2014","5,370.69","5,485.82","5,507.23","5,327.85","17.57K","-2.05%"
"06/25/2014","5,483.14","5,700.00","5,708.03","5,413.53","18.70K","-3.58%"
"06/24/2014","5,686.61","5,691.97","5,769.61","5,675.90","10.27K","0.62%"
"06/23/2014","5,651.81","5,689.29","5,742.84","5,617.00","14.90K","0.05%"
"06/20/2014","5,649.13","5,809.77","5,823.16","5,641.10","43.40K","-2.31%"
"06/19/2014","5,783.00","5,863.32","5,916.86","5,764.26","14.95K","-0.55%"
"06/18/2014","5,815.13","5,916.86","6,002.54","5,809.77","15.50K","-1.50%"
"06/17/2014","5,903.48","6,037.34","6,061.44","5,903.48","11.77K","-1.34%"
"06/16/2014","5,983.80","6,131.05","6,211.37","5,957.02","13.31K","-2.57%"
"06/13/2014","6,141.76","6,310.43","6,310.43","6,141.76","10.68K","-3.00%"
"06/12/2014","6,331.85","6,326.49","6,398.78","6,243.50","4.61K","-0.42%"
"06/11/2014","6,358.62","6,554.06","6,554.06","6,299.72","15.78K","-2.98%"
"06/10/2014","6,554.06","6,586.19","6,586.19","6,471.07","8.02K","-0.65%"
"06/06/2014","6,596.90","6,511.23","6,639.74","6,446.97","13.16K","2.45%"
"06/05/2014","6,438.94","6,318.46","6,503.19","6,291.69","23.07K","2.21%"
"06/04/2014","6,299.72","6,372.01","6,409.49","6,289.01","13.37K","-1.38%"
"06/03/2014","6,388.07","6,559.42","6,618.32","6,345.23","13.69K","-2.41%"
"06/02/2014","6,546.03","6,674.54","6,714.70","6,538.00","8.87K","-1.65%"
"05/30/2014","6,655.80","6,626.35","6,717.38","6,532.65","9.24K","0.16%"
"05/28/2014","6,645.09","6,562.10","6,674.54","6,532.65","5.86K","0.77%"
"05/27/2014","6,594.22","6,602.26","6,760.22","6,591.55","11.13K","0.33%"
"05/26/2014","6,572.80","6,564.77","6,690.61","6,535.32","8.98K","0.41%"
"05/23/2014","6,546.03","6,505.87","6,556.74","6,446.97","5.41K","1.83%"
"05/22/2014","6,428.23","6,511.23","6,529.97","6,414.84","10.53K","0.04%"
"05/21/2014","6,425.55","6,422.88","6,471.07","6,380.04","8.40K","0.13%"
"05/20/2014","6,417.52","6,425.55","6,479.10","6,331.85","11.26K","0.42%"
"05/19/2014","6,390.75","6,120.34","6,559.42","5,983.80","34.64K","4.42%"
"05/16/2014","6,120.34","6,168.53","6,222.08","5,890.09","23.53K","-1.04%"
"05/15/2014","6,184.59","6,366.65","6,366.65","6,171.21","8.91K","-2.74%"
"05/14/2014","6,358.62","6,398.78","6,492.49","6,358.62","7.80K","-0.71%"
"05/13/2014","6,404.13","6,388.07","6,500.52","6,307.75","10.24K","-0.25%"
"05/12/2014","6,420.20","6,591.55","6,591.55","6,347.91","20.29K","-3.50%"
"05/09/2014","6,653.12","6,800.38","6,875.34","6,623.67","31.00K","1.47%"
"05/08/2014","6,556.74","6,479.10","6,586.19","6,430.91","27.06K","0.78%"
"05/07/2014","6,505.87","6,438.94","6,612.96","6,270.27","31.72K","-0.82%"
"05/06/2014","6,559.42","6,313.11","6,570.13","6,307.75","13.78K","4.03%"
"05/05/2014","6,305.07","6,227.43","6,318.46","6,211.37","4.84K","0.17%"
"05/02/2014","6,294.36","6,318.46","6,366.65","6,168.53","12.43K","-0.38%"
"04/30/2014","6,318.46","6,157.82","6,318.46","6,026.63","11.37K","3.15%"
"04/29/2014","6,125.69","6,064.12","6,195.30","6,050.73","8.18K","1.10%"
"04/28/2014","6,058.76","6,114.98","6,149.79","5,948.99","9.65K","-0.83%"
"04/25/2014","6,109.63","6,184.59","6,208.69","6,064.12","11.82K","-1.72%"
"04/24/2014","6,216.72","6,441.62","6,441.62","6,171.21","10.90K","-2.48%"
"04/23/2014","6,374.68","6,406.81","6,425.55","6,321.14","10.82K","-0.75%"
"04/22/2014","6,422.88","6,203.34","6,422.88","6,187.27","13.53K","5.31%"
"04/16/2014","6,098.92","6,211.37","6,211.37","6,088.21","2.39K","-0.13%"
"04/15/2014","6,106.95","6,179.24","6,283.66","6,058.76","9.94K","-1.60%"
"04/14/2014","6,206.01","6,238.14","6,318.46","6,026.63","11.84K","-1.36%"
"04/11/2014","6,291.69","6,503.19","6,532.65","6,267.59","14.61K","-4.16%"
"04/10/2014","6,564.77","6,572.80","6,639.74","6,495.16","8.90K","0.08%"
"04/09/2014","6,559.42","6,546.03","6,631.71","6,529.97","10.12K","1.41%"
"04/08/2014","6,468.39","6,752.18","6,800.38","6,463.04","16.26K","-4.47%"
"04/07/2014","6,770.93","6,773.60","6,829.83","6,669.19","12.75K","-0.55%"
"04/04/2014","6,808.41","6,760.22","6,947.63","6,693.28","37.40K","2.21%"
"04/03/2014","6,661.16","6,744.15","6,760.22","6,612.96","7.82K","-0.88%"
"04/02/2014","6,720.06","6,728.09","6,749.51","6,706.67","4.82K","0.40%"
"04/01/2014","6,693.28","6,797.70","6,800.38","6,693.28","7.24K","-1.22%"
"03/31/2014","6,776.28","6,765.57","6,827.15","6,733.44","6.71K","0.76%"
"03/28/2014","6,725.41","6,768.25","6,827.15","6,722.73","5.95K","-0.51%"
"03/27/2014","6,760.22","6,733.44","6,786.99","6,653.12","10.58K","-0.59%"
"03/26/2014","6,800.38","6,612.96","6,800.38","6,594.22","16.24K","3.17%"
"03/25/2014","6,591.55","6,401.46","6,596.90","6,398.78","15.19K","3.49%"
"03/24/2014","6,369.33","6,538.00","6,538.00","6,294.36","13.30K","-2.58%"
"03/21/2014","6,538.00","6,505.87","6,621.00","6,471.07","15.17K","1.29%"
"03/20/2014","6,455.00","6,586.19","6,591.55","6,441.62","8.60K","-2.15%"
"03/19/2014","6,596.90","6,559.42","6,607.61","6,505.87","6.07K","0.90%"
"03/18/2014","6,538.00","6,559.42","6,559.42","6,428.23","7.72K","0.78%"
"03/17/2014","6,487.13","6,505.87","6,564.77","6,438.94","9.13K","0.83%"
"03/14/2014","6,433.58","6,543.35","6,661.16","6,425.55","15.02K","-1.72%"
"03/13/2014","6,546.03","6,532.65","6,631.71","6,508.55","6.79K","0.58%"
"03/12/2014","6,508.55","6,521.94","6,548.71","6,438.94","6.62K","-0.37%"
"03/11/2014","6,532.65","6,594.22","6,666.51","6,481.78","17.35K","-0.81%"
"03/10/2014","6,586.19","6,634.38","6,746.83","6,564.77","12.72K","-2.07%"
"03/07/2014","6,725.41","6,939.60","6,950.31","6,722.73","25.40K","-4.09%"
"03/06/2014","7,011.88","6,776.28","7,081.49","6,720.06","44.35K","-1.39%"
"03/05/2014","7,110.95","7,108.27","7,145.75","6,977.08","17.90K","0.53%"
"03/04/2014","7,073.46","6,819.12","7,118.98","6,813.76","25.92K","3.69%"
"03/03/2014","6,821.80","6,827.15","6,843.21","6,663.83","18.39K","-1.24%"
"02/28/2014","6,907.47","6,920.86","6,947.63","6,869.99","7.26K","-0.12%"
"02/27/2014","6,915.50","6,950.31","7,038.66","6,853.92","13.93K","-0.27%"
"02/26/2014","6,934.24","6,961.02","7,060.08","6,920.86","13.25K","0.19%"
"02/25/2014","6,920.86","6,760.22","7,014.56","6,757.54","17.69K","2.50%"
"02/24/2014","6,752.18","6,778.96","6,875.34","6,730.77","19.74K","-0.51%"
"02/21/2014","6,786.99","6,746.83","6,824.47","6,733.44","5.07K","0.96%"
"02/20/2014","6,722.73","6,693.28","6,776.28","6,607.61","11.96K","-0.36%"
"02/19/2014","6,746.83","6,947.63","6,947.63","6,730.77","15.83K","-3.08%"
"02/18/2014","6,961.02","6,795.02","7,009.21","6,693.28","22.34K","2.89%"
"02/17/2014","6,765.57","6,612.96","6,795.02","6,586.19","20.23K","1.24%"
"02/14/2014","6,682.57","6,800.38","6,821.80","6,602.26","23.37K","-1.34%"
"02/13/2014","6,773.60","6,920.86","6,920.86","6,524.61","93.33K","5.86%"
"02/12/2014","6,398.78","6,176.56","6,398.78","6,064.12","19.48K","3.78%"
"02/11/2014","6,165.85","6,157.82","6,200.66","6,077.50","13.22K","0.57%"
"02/10/2014","6,131.05","6,061.44","6,211.37","6,053.41","25.57K","2.23%"
"02/07/2014","5,997.18","5,959.70","6,010.57","5,871.35","20.25K","1.36%"
"02/06/2014","5,916.86","5,614.33","6,050.73","5,590.23","64.64K","11.28%"
"02/05/2014","5,317.14","5,389.43","5,469.75","5,303.76","10.71K","-0.75%"
"02/04/2014","5,357.30","5,381.40","5,400.14","5,327.85","12.97K","-2.15%"
"02/03/2014","5,475.11","5,488.49","5,563.46","5,408.17","17.03K","0.29%"
"01/31/2014","5,459.04","5,659.84","5,659.84","5,426.91","13.44K","-2.81%"
"01/30/2014","5,617.00","5,595.59","5,675.90","5,488.49","10.53K","0.58%"
"01/29/2014","5,584.88","5,817.80","5,855.28","5,558.10","16.70K","-3.02%"
"01/28/2014","5,758.90","5,809.77","5,868.67","5,675.90","10.37K","-0.14%"
"01/27/2014","5,766.93","5,678.58","5,774.97","5,568.81","15.19K","1.41%"
"01/24/2014","5,686.61","5,804.42","5,809.77","5,665.20","13.46K","-1.16%"
"01/23/2014","5,753.55","5,825.83","5,852.61","5,753.55","7.77K","-1.24%"
"01/22/2014","5,825.83","5,876.70","5,932.93","5,817.80","8.42K","-0.64%"
"01/21/2014","5,863.32","5,868.67","5,970.41","5,815.13","11.34K","0.41%"
"01/20/2014","5,839.22","5,708.03","5,868.67","5,630.39","12.17K","1.82%"
"01/17/2014","5,734.81","6,018.60","6,018.60","5,729.45","24.38K","-4.37%"
"01/16/2014","5,997.18","6,123.02","6,125.69","5,892.77","15.51K","-1.71%"
"01/15/2014","6,101.60","5,957.02","6,125.69","5,908.83","24.74K","3.36%"
"01/14/2014","5,903.48","5,871.35","5,916.86","5,777.64","11.21K","-0.77%"
"01/13/2014","5,948.99","5,823.16","5,954.35","5,769.61","16.40K","3.35%"
"01/10/2014","5,756.22","5,702.68","5,839.22","5,675.90","27.02K","1.46%"
"01/09/2014","5,673.23","5,649.13","5,726.77","5,563.46","22.33K","0.43%"
"01/08/2014","5,649.13","5,488.49","5,675.90","5,397.46","78.45K","8.15%"
"01/07/2014","5,223.44","5,295.73","5,301.08","5,060.12","30.79K","-0.96%"
"01/06/2014","5,274.31","5,260.92","5,327.85","5,177.92","14.51K","-0.15%"
"01/03/2014","5,282.34","5,060.12","5,349.27","5,006.58","22.16K","4.67%"
"01/02/2014","5,046.74","5,030.67","5,143.12","4,979.80","18.37K","0.16%"
"12/30/2013","5,038.70","5,132.41","5,132.41","5,006.58","13.74K","-1.83%"
"12/27/2013","5,132.41","5,164.54","5,204.70","5,127.06","6.15K","-0.67%"
"12/23/2013","5,167.22","5,148.47","5,239.50","5,143.12","8.75K","0.78%"
"12/20/2013","5,127.06","5,086.90","5,180.60","5,086.90","11.98K","0.84%"
"12/19/2013","5,084.22","5,218.08","5,282.34","5,038.70","24.89K","-1.09%"
"12/18/2013","5,140.44","5,017.29","5,180.60","4,969.09","21.97K","3.84%"
"12/17/2013","4,950.35","4,942.32","4,987.84","4,824.52","15.45K","0.33%"
"12/16/2013","4,934.29","5,113.67","5,164.54","4,907.52","18.36K","-3.51%"
"12/13/2013","5,113.67","5,100.28","5,188.63","5,049.41","15.09K","1.43%"
"12/12/2013","5,041.38","5,204.70","5,204.70","5,033.35","16.93K","-3.24%"
"12/11/2013","5,210.05","5,113.67","5,210.05","5,113.67","15.04K","1.88%"
"12/10/2013","5,113.67","5,228.79","5,343.92","5,097.61","27.93K","-2.05%"
"12/09/2013","5,220.76","5,515.27","5,515.27","5,220.76","34.85K","-5.20%"
"12/06/2013","5,507.23","5,742.84","5,748.19","5,247.53","86.60K","-4.46%"
"12/05/2013","5,764.26","5,836.54","5,989.15","5,756.22","56.39K","-7.48%"
"12/04/2013","6,230.11","6,114.98","6,256.88","6,080.18","20.93K","1.17%"
"12/03/2013","6,157.82","6,187.27","6,211.37","6,056.08","15.34K","-1.03%"
"12/02/2013","6,222.08","6,157.82","6,222.08","6,109.63","9.19K","1.04%"
"11/29/2013","6,157.82","6,120.34","6,181.92","6,082.86","14.54K","1.01%"
"11/28/2013","6,096.24","6,090.89","6,104.28","6,048.05","6.70K","-0.18%"
"11/27/2013","6,106.95","6,133.73","6,157.82","6,037.34","8.32K","0.04%"
"11/26/2013","6,104.28","6,184.59","6,197.98","6,080.18","13.77K","-0.65%"
"11/25/2013","6,144.43","6,023.96","6,165.85","6,023.96","22.76K","2.36%"
"11/22/2013","6,002.54","5,954.35","6,002.54","5,916.86","9.76K","1.82%"
"11/21/2013","5,895.44","5,863.32","5,997.18","5,847.25","21.43K","0.36%"
"11/20/2013","5,874.03","5,865.99","5,911.51","5,841.90","8.67K","0.18%"
"11/19/2013","5,863.32","5,884.74","5,914.19","5,841.90","12.87K","0.00%"
"11/18/2013","5,863.32","5,809.77","5,884.74","5,785.67","15.72K","1.20%"
"11/15/2013","5,793.71","5,777.64","5,820.48","5,716.06","9.89K","0.51%"
"11/14/2013","5,764.26","5,919.54","5,927.57","5,713.39","21.21K","-1.51%"
"11/13/2013","5,852.61","5,756.22","5,898.12","5,756.22","20.25K","1.82%"
"11/12/2013","5,748.19","5,844.58","5,863.32","5,691.97","25.93K","-2.14%"
"11/11/2013","5,874.03","5,943.64","5,957.02","5,796.38","23.47K","-1.57%"
"11/08/2013","5,967.73","5,908.83","6,010.57","5,823.16","26.28K","0.41%"
"11/07/2013","5,943.64","6,131.05","6,144.43","5,943.64","18.82K","-2.67%"
"11/06/2013","6,106.95","5,970.41","6,117.66","5,729.45","39.25K","2.98%"
"11/05/2013","5,930.25","6,238.14","6,278.30","5,930.25","35.94K","-4.94%"
"11/04/2013","6,238.14","6,452.33","6,524.61","6,238.14","51.49K","-3.88%"
"11/01/2013","6,489.81","6,556.74","6,556.74","6,398.78","12.57K","-1.02%"
"10/31/2013","6,556.74","6,505.87","6,610.29","6,492.49","12.60K","-0.04%"
"10/30/2013","6,559.42","6,621.00","6,639.74","6,559.42","14.45K","-0.97%"
"10/29/2013","6,623.67","6,642.42","6,650.45","6,559.42","16.99K","0.57%"
"10/28/2013","6,586.19","6,559.42","6,661.16","6,487.13","12.87K","0.61%"
"10/25/2013","6,546.03","6,586.19","6,591.55","6,503.19","9.38K","-0.73%"
"10/24/2013","6,594.22","6,345.23","6,679.90","6,297.04","36.25K","2.07%"
"10/23/2013","6,460.36","6,457.68","6,492.49","6,318.46","16.00K","-0.29%"
"10/22/2013","6,479.10","6,586.19","6,599.58","6,433.58","13.37K","-1.51%"
"10/21/2013","6,578.16","6,599.58","6,658.48","6,532.65","15.83K","1.28%"
"10/18/2013","6,495.16","6,409.49","6,596.90","6,331.85","36.20K","2.67%"
"10/17/2013","6,326.49","5,981.12","6,369.33","5,970.41","38.22K","5.96%"
"10/16/2013","5,970.41","5,983.80","6,018.60","5,911.51","14.04K","0.00%"
"10/15/2013","5,970.41","5,943.64","5,983.80","5,831.19","15.52K","0.72%"
"10/14/2013","5,927.57","5,981.12","5,981.12","5,890.09","5.25K","-0.98%"
"10/11/2013","5,986.47","6,050.73","6,104.28","5,957.02","7.12K","-0.84%"
"10/10/2013","6,037.34","5,906.15","6,037.34","5,900.80","8.97K","3.20%"
"10/09/2013","5,849.93","6,023.96","6,023.96","5,823.16","12.33K","-3.02%"
"10/08/2013","6,031.99","6,104.28","6,152.47","5,922.22","9.93K","-0.57%"
"10/07/2013","6,066.79","6,112.31","6,184.59","6,061.44","17.38K","0.40%"
"10/04/2013","6,042.70","6,104.28","6,144.43","5,946.31","15.75K","-0.57%"
"10/03/2013","6,077.50","6,077.50","6,098.92","6,026.63","8.14K","0.35%"
"10/02/2013","6,056.08","5,916.86","6,101.60","5,916.86","19.34K","2.58%"
"10/01/2013","5,903.48","5,817.80","5,930.25","5,758.90","13.84K","1.47%"
"09/30/2013","5,817.80","5,876.70","5,908.83","5,785.67","14.15K","-1.54%"
"09/27/2013","5,908.83","5,865.99","5,916.86","5,793.71","9.42K","0.91%"
"09/26/2013","5,855.28","5,911.51","5,978.44","5,807.09","18.34K","-0.59%"
"09/25/2013","5,890.09","5,702.68","5,908.83","5,689.29","25.05K","2.33%"
"09/24/2013","5,756.22","5,860.64","5,871.35","5,689.29","20.51K","-1.60%"
"09/23/2013","5,849.93","5,970.41","6,010.57","5,839.22","11.12K","-2.89%"
"09/20/2013","6,023.96","6,050.73","6,112.31","5,978.44","13.38K","-1.66%"
"09/19/2013","6,125.69","6,104.28","6,181.92","6,080.18","14.45K","2.42%"
"09/18/2013","5,981.12","6,077.50","6,101.60","5,935.60","9.58K","-1.37%"
"09/17/2013","6,064.12","6,173.89","6,173.89","6,056.08","12.14K","-1.39%"
"09/16/2013","6,149.79","6,090.89","6,206.01","6,090.89","12.29K","1.14%"
"09/13/2013","6,080.18","6,144.43","6,189.95","6,077.50","11.41K","-1.52%"
"09/12/2013","6,173.89","6,232.79","6,310.43","6,136.40","19.93K","-0.39%"
"09/11/2013","6,197.98","6,264.91","6,363.97","6,176.56","20.53K","-1.07%"
"09/10/2013","6,264.91","5,983.80","6,272.95","5,983.80","32.12K","6.03%"
"09/09/2013","5,908.83","5,903.48","5,962.38","5,820.48","8.89K","0.46%"
"09/06/2013","5,882.06","5,863.32","5,970.41","5,812.45","25.45K","1.95%"
"09/05/2013","5,769.61","5,622.36","5,820.48","5,582.20","32.45K","2.38%"
"09/04/2013","5,635.75","5,863.32","5,863.32","5,558.10","64.25K","-6.44%"
"09/03/2013","6,023.96","6,104.28","6,235.46","6,023.96","20.22K","-0.57%"
"09/02/2013","6,058.76","5,943.64","6,168.53","5,943.64","20.91K","3.24%"
"08/30/2013","5,868.67","6,128.37","6,141.76","5,844.58","16.50K","-3.61%"
"08/29/2013","6,088.21","5,967.73","6,128.37","5,946.31","14.63K","2.66%"
"08/28/2013","5,930.25","5,844.58","5,948.99","5,689.29","31.03K","-0.45%"
"08/27/2013","5,957.02","6,238.14","6,248.85","5,916.86","23.97K","-4.51%"
"08/26/2013","6,238.14","6,224.75","6,262.24","6,157.82","6.21K","0.22%"
"08/23/2013","6,224.75","6,291.69","6,326.49","6,187.27","9.26K","-1.06%"
"08/22/2013","6,291.69","6,345.23","6,398.78","6,251.53","11.70K","-0.80%"
"08/21/2013","6,342.56","6,406.81","6,479.10","6,326.49","8.26K","-0.67%"
"08/20/2013","6,385.39","6,417.52","6,430.91","6,297.04","12.22K","-0.75%"
"08/19/2013","6,433.58","6,197.98","6,476.42","6,197.98","19.81K","3.85%"
"08/16/2013","6,195.30","6,197.98","6,358.62","6,184.59","17.45K","0.39%"
"08/15/2013","6,171.21","6,372.01","6,409.49","6,133.73","17.55K","-4.32%"
"08/14/2013","6,449.65","6,591.55","6,631.71","6,291.69","41.68K","-2.19%"
"08/13/2013","6,594.22","6,650.45","6,701.32","6,564.77","8.08K","-0.81%"
"08/12/2013","6,647.77","6,744.15","6,770.93","6,559.42","7.21K","-1.43%"
"08/09/2013","6,744.15","6,813.76","6,813.76","6,706.67","7.80K","-0.04%"
"08/08/2013","6,746.83","6,642.42","6,800.38","6,612.96","16.65K","1.61%"
"08/07/2013","6,639.74","6,679.90","6,746.83","6,484.45","60.77K","-5.78%"
"08/06/2013","7,046.69","7,183.23","7,212.68","7,019.92","7.95K","-1.86%"
"08/05/2013","7,180.56","7,113.62","7,226.07","7,102.91","4.15K","0.90%"
"08/02/2013","7,116.30","7,035.98","7,148.43","6,966.37","4.12K","1.18%"
"08/01/2013","7,033.30","7,054.72","7,140.40","7,019.92","4.00K","-0.11%"
"07/31/2013","7,041.33","6,934.24","7,081.49","6,845.89","11.09K","1.51%"
"07/30/2013","6,936.92","7,097.56","7,185.91","6,894.08","11.53K","-2.23%"
"07/29/2013","7,094.88","7,239.46","7,255.52","7,014.56","7.26K","-2.21%"
"07/26/2013","7,255.52","7,325.13","7,397.42","7,228.75","4.66K","-0.91%"
"07/25/2013","7,322.45","7,488.45","7,493.80","7,322.45","6.14K","-2.46%"
"07/24/2013","7,507.19","7,325.13","7,523.25","7,204.65","12.17K","3.13%"
"07/23/2013","7,279.62","7,410.80","7,464.35","7,159.14","10.13K","-1.73%"
"07/22/2013","7,408.13","7,469.71","7,509.86","7,392.06","6.57K","-0.75%"
"07/19/2013","7,464.35","7,378.68","7,493.80","7,333.16","5.32K","0.98%"
"07/18/2013","7,392.06","7,459.00","7,509.86","7,325.13","6.12K","-0.93%"
"07/17/2013","7,461.67","7,523.25","7,608.93","7,394.74","10.89K","-0.61%"
"07/16/2013","7,507.19","7,536.64","7,600.89","7,442.93","11.77K","-0.39%"
"07/15/2013","7,536.64","7,180.56","7,544.67","7,180.56","14.59K","5.27%"
"07/12/2013","7,159.14","7,317.10","7,338.52","7,108.27","14.86K","-1.33%"
"07/11/2013","7,255.52","6,950.31","7,515.22","6,867.31","40.10K","11.07%"
"07/10/2013","6,532.65","6,479.10","6,599.58","6,345.23","12.08K","1.67%"
"07/09/2013","6,425.55","6,746.83","6,762.89","6,318.46","22.80K","-4.99%"
"07/08/2013","6,762.89","7,041.33","7,084.17","6,746.83","14.25K","-3.73%"
"07/05/2013","7,025.27","7,009.21","7,110.95","6,966.37","7.48K","0.46%"
"07/04/2013","6,993.14","7,309.07","7,309.07","6,920.86","22.41K","-2.46%"
"07/03/2013","7,169.85","7,346.55","7,346.55","7,148.43","5.90K","-2.26%"
"07/02/2013","7,335.84","7,282.29","7,349.23","7,204.65","7.03K","1.18%"
"07/01/2013","7,250.17","7,110.95","7,255.52","7,009.21","5.13K","2.03%"
"06/28/2013","7,105.59","7,172.52","7,274.26","7,014.56","6.35K","-0.90%"
"06/27/2013","7,169.85","7,201.97","7,268.91","7,057.40","6.92K","0.11%"
"06/26/2013","7,161.81","6,910.15","7,199.30","6,910.15","13.13K","3.68%"
"06/25/2013","6,907.47","7,046.69","7,068.11","6,746.83","15.97K","-1.94%"
"06/24/2013","7,044.01","7,201.97","7,228.75","6,977.08","13.39K","-2.70%"
"06/21/2013","7,239.46","7,081.49","7,359.94","7,068.11","13.92K","1.27%"
"06/20/2013","7,148.43","7,317.10","7,330.48","7,073.46","13.12K","-3.09%"
"06/19/2013","7,376.00","7,359.94","7,397.42","7,228.75","9.15K","0.55%"
"06/18/2013","7,335.84","7,416.16","7,442.93","7,260.87","9.31K","-0.72%"
"06/17/2013","7,389.39","7,268.91","7,429.55","7,228.75","8.70K","2.41%"
"06/14/2013","7,215.36","7,274.26","7,362.61","7,188.59","13.70K","0.67%"
"06/13/2013","7,167.17","7,070.79","7,247.49","6,974.40","12.36K","0.83%"
"06/12/2013","7,108.27","6,853.92","7,255.52","6,832.50","13.05K","3.63%"
"06/11/2013","6,859.28","7,068.11","7,068.11","6,821.80","18.93K","-3.06%"
"06/10/2013","7,076.14","7,175.20","7,389.39","7,068.11","13.46K","-1.38%"
"06/07/2013","7,175.20","7,694.60","7,694.60","6,987.79","43.11K","-6.78%"
"06/06/2013","7,697.28","7,997.14","7,997.14","7,635.70","31.54K","-5.02%"
"06/05/2013","8,104.23","8,208.64","8,323.77","8,104.23","18.56K","-1.56%"
"06/04/2013","8,232.74","8,406.76","8,457.63","8,139.03","16.17K","-1.28%"
"06/03/2013","8,339.83","7,956.98","8,412.12","7,871.30","24.29K","5.09%"
"05/31/2013","7,935.56","7,911.46","7,951.62","7,793.66","13.44K","1.86%"
"05/30/2013","7,790.98","7,790.98","7,865.95","7,724.05","7.43K","-0.68%"
"05/29/2013","7,844.53","7,911.46","7,951.62","7,825.79","5.65K","-1.35%"
"05/28/2013","7,951.62","7,898.08","7,978.39","7,873.98","3.96K","1.12%"
"05/27/2013","7,863.27","7,705.31","7,930.20","7,691.92","8.20K","2.16%"
"05/24/2013","7,697.28","7,547.35","7,707.99","7,544.67","8.27K","2.31%"
"05/23/2013","7,523.25","7,598.22","7,670.50","7,442.93","12.40K","-2.73%"
"05/22/2013","7,734.76","7,630.34","7,734.76","7,603.57","8.01K","1.37%"
"05/21/2013","7,630.34","7,748.15","7,748.15","7,550.02","4.91K","-0.70%"
"05/16/2013","7,683.89","7,611.60","7,750.82","7,539.32","4.41K","0.95%"
"05/15/2013","7,611.60","7,710.66","7,750.82","7,496.48","8.70K","-1.11%"
"05/14/2013","7,697.28","7,737.44","7,841.85","7,630.34","5.68K","0.00%"
"05/13/2013","7,697.28","7,616.96","7,724.05","7,405.45","12.48K","0.77%"
"05/10/2013","7,638.38","7,807.05","7,817.76","7,633.02","9.21K","-2.29%"
"05/08/2013","7,817.76","7,737.44","7,898.08","7,737.44","11.64K","1.04%"
"05/07/2013","7,737.44","7,951.62","8,053.36","7,737.44","17.92K","-2.69%"
"05/06/2013","7,951.62","7,732.08","8,005.17","7,683.89","15.36K","0.85%"
"05/03/2013","7,884.69","7,844.53","7,965.01","7,718.70","27.84K","0.37%"
"05/02/2013","7,855.24","7,362.61","7,855.24","7,362.61","25.65K","5.92%"
"04/30/2013","7,416.16","7,496.48","7,523.25","7,236.78","7.58K","-0.36%"
"04/29/2013","7,442.93","7,376.00","7,483.09","7,376.00","5.02K","1.02%"
"04/26/2013","7,367.97","7,469.71","7,523.25","7,322.45","10.90K","-0.97%"
"04/25/2013","7,440.25","7,335.84","7,491.12","7,303.71","13.71K","1.24%"
"04/24/2013","7,349.23","7,456.32","7,550.02","7,228.75","22.11K","-1.12%"
"04/23/2013","7,432.22","7,201.97","7,442.93","7,199.30","27.18K","4.13%"
"04/22/2013","7,137.72","6,720.06","7,309.07","6,669.19","107.73K","5.46%"
"04/19/2013","6,768.25","6,910.15","7,046.69","6,663.83","33.46K","-2.77%"
"04/18/2013","6,961.02","6,184.59","7,081.49","6,136.40","73.09K","18.13%"
"04/17/2013","5,892.77","5,857.96","5,967.73","5,651.81","20.13K","1.01%"
"04/16/2013","5,833.87","5,595.59","5,860.64","5,547.39","10.25K","3.81%"
"04/15/2013","5,619.68","5,702.68","5,753.55","5,531.33","9.59K","-2.37%"
"04/12/2013","5,756.22","5,769.61","5,809.77","5,675.90","8.49K","-0.42%"
"04/11/2013","5,780.32","5,600.94","5,809.77","5,501.88","19.35K","3.70%"
"04/10/2013","5,574.17","5,614.33","5,662.52","5,475.11","12.56K","-0.62%"
"04/09/2013","5,608.97","5,809.77","5,884.74","5,574.17","12.07K","-2.33%"
"04/08/2013","5,742.84","5,552.75","5,756.22","5,523.30","19.46K","5.66%"
"04/05/2013","5,434.95","5,675.90","5,675.90","5,250.21","24.92K","-3.75%"
"04/04/2013","5,646.45","5,807.09","5,807.09","5,582.20","14.24K","-2.36%"
"04/03/2013","5,783.00","5,667.87","5,841.90","5,622.36","9.02K","1.70%"
"04/02/2013","5,686.61","5,729.45","5,729.45","5,584.88","9.49K","0.43%"
"03/27/2013","5,662.52","5,681.26","5,756.22","5,547.39","4.37K","-1.35%"
"03/26/2013","5,740.16","5,836.54","5,911.51","5,686.61","7.96K","-0.65%"
"03/25/2013","5,777.64","5,791.03","5,914.19","5,740.16","10.21K","1.31%"
"03/22/2013","5,702.68","5,515.27","5,750.87","5,426.91","12.91K","2.65%"
"03/21/2013","5,555.43","5,783.00","5,793.71","5,531.33","17.28K","-4.11%"
"03/20/2013","5,793.71","5,702.68","5,796.38","5,418.88","19.17K","1.60%"
"03/19/2013","5,702.68","5,865.99","5,879.38","5,702.68","9.15K","-2.78%"
"03/18/2013","5,865.99","5,890.09","5,946.31","5,729.45","4.30K","-2.41%"
"03/15/2013","6,010.57","6,090.89","6,104.28","5,916.86","5.18K","-0.22%"
"03/14/2013","6,023.96","6,136.40","6,208.69","5,970.41","6.53K","-1.83%"
"03/13/2013","6,136.40","6,104.28","6,251.53","6,064.12","10.17K","0.48%"
"03/12/2013","6,106.95","6,023.96","6,128.37","5,951.67","5.65K","1.38%"
"03/11/2013","6,023.96","6,144.43","6,155.14","5,927.57","7.03K","-1.27%"
"03/08/2013","6,101.60","6,131.05","6,184.59","6,026.63","8.80K","-0.04%"
"03/07/2013","6,104.28","6,291.69","6,313.11","6,058.76","17.16K","-3.80%"
"03/06/2013","6,345.23","6,446.97","6,452.33","5,890.09","29.05K","-1.58%"
"03/05/2013","6,446.97","6,125.69","6,446.97","6,125.69","27.05K","5.80%"
"03/04/2013","6,093.57","6,023.96","6,155.14","5,948.99","16.93K","0.49%"
"03/01/2013","6,064.12","6,026.63","6,098.92","5,986.47","16.43K","1.30%"
"02/28/2013","5,986.47","5,868.67","6,064.12","5,868.67","15.67K","2.33%"
"02/27/2013","5,849.93","5,788.35","5,908.83","5,788.35","6.77K","0.46%"
"02/26/2013","5,823.16","5,783.00","5,836.54","5,681.26","6.36K","-0.46%"
"02/25/2013","5,849.93","5,882.06","5,903.48","5,796.38","10.30K","0.23%"
"02/22/2013","5,836.54","5,783.00","5,940.96","5,769.61","14.89K","0.51%"
"02/21/2013","5,807.09","5,831.19","5,836.54","5,702.68","16.49K","-1.36%"
"02/20/2013","5,887.41","5,659.84","5,887.41","5,622.36","25.56K","4.42%"
"02/19/2013","5,638.42","5,638.42","5,729.45","5,520.62","14.16K","0.38%"
"02/18/2013","5,617.00","5,247.53","5,622.36","5,223.44","20.45K","6.99%"
"02/15/2013","5,250.21","5,014.61","5,351.95","5,009.25","31.06K","6.00%"
"02/14/2013","4,953.03","5,036.03","5,110.99","4,875.39","8.53K","-1.33%"
"02/13/2013","5,019.96","4,819.16","5,025.32","4,819.16","8.61K","4.17%"
"02/12/2013","4,819.16","4,698.69","4,819.16","4,671.91","7.36K","2.97%"
"02/11/2013","4,679.94","4,685.30","4,725.46","4,661.20","2.91K","-1.08%"
"02/08/2013","4,730.81","4,754.91","4,754.91","4,618.37","8.11K","-1.28%"
"02/07/2013","4,792.39","4,722.78","4,819.16","4,696.01","9.30K","1.42%"
"02/06/2013","4,725.46","4,604.98","4,765.62","4,604.98","17.21K","3.52%"
"02/05/2013","4,564.82","4,564.82","4,567.50","4,449.70","7.93K","0.29%"
"02/04/2013","4,551.43","4,572.85","4,618.37","4,524.66","2.87K","-0.53%"
"02/01/2013","4,575.53","4,455.05","4,578.21","4,449.70","5.33K","2.64%"
"01/31/2013","4,457.73","4,618.37","4,618.37","4,457.73","11.59K","-3.31%"
"01/30/2013","4,610.33","4,642.46","4,653.17","4,575.53","5.60K","0.12%"
"01/29/2013","4,604.98","4,519.31","4,626.40","4,489.85","7.10K","2.32%"
"01/28/2013","4,500.56","4,591.59","4,631.75","4,444.34","6.90K","-2.21%"
"01/25/2013","4,602.30","4,548.76","4,610.33","4,524.66","6.77K","1.72%"
"01/24/2013","4,524.66","4,422.92","4,530.01","4,422.92","6.51K","2.18%"
"01/23/2013","4,428.28","4,318.51","4,430.95","4,318.51","4.27K","1.97%"
"01/22/2013","4,342.60","4,369.38","4,406.86","4,206.06","11.13K","-0.67%"
"01/21/2013","4,372.05","4,457.73","4,471.11","4,315.83","5.44K","-2.22%"
"01/18/2013","4,471.11","4,497.89","4,497.89","4,449.70","3.45K","-1.07%"
"01/17/2013","4,519.31","4,471.11","4,532.69","4,393.47","10.52K","0.48%"
"01/16/2013","4,497.89","4,663.88","4,669.23","4,497.89","36.81K","-3.28%"
"01/15/2013","4,650.49","4,511.27","4,725.46","4,511.27","22.75K","3.70%"
"01/14/2013","4,484.50","4,398.83","4,527.34","4,366.70","14.20K","2.76%"
"01/11/2013","4,364.02","4,390.79","4,409.54","4,331.89","5.87K","0.00%"
"01/10/2013","4,364.02","4,297.09","4,404.18","4,297.09","7.19K","1.88%"
"01/09/2013","4,283.70","4,350.63","4,396.15","4,248.90","9.13K","-1.78%"
"01/08/2013","4,361.34","4,385.44","4,438.99","4,350.63","13.47K","0.56%"
"01/07/2013","4,337.25","4,390.79","4,441.66","4,337.25","7.53K","-0.86%"
"01/04/2013","4,374.73","4,310.47","4,404.18","4,246.22","10.62K","1.81%"
"01/03/2013","4,297.09","4,211.41","4,310.47","4,211.41","10.37K","1.90%"
"01/02/2013","4,216.77","3,903.52","4,216.77","3,890.14","17.95K","9.45%"
"12/28/2012","3,852.65","3,882.10","3,908.88","3,801.79","4.71K","-0.76%"
"12/27/2012","3,882.10","3,882.10","3,908.88","3,681.31","7.65K","-0.75%"
"12/21/2012","3,911.56","3,962.42","3,975.81","3,908.88","3.86K","-1.28%"
"12/20/2012","3,962.42","3,908.88","3,975.81","3,882.10","14.67K","0.68%"
"12/19/2012","3,935.65","3,895.49","3,962.42","3,895.49","5.91K","1.38%"
"12/18/2012","3,882.10","3,828.56","3,908.88","3,748.24","8.62K","1.05%"
"12/17/2012","3,841.95","3,868.72","3,935.65","3,841.95","4.57K","-2.38%"
"12/14/2012","3,935.65","4,002.58","4,002.58","3,868.72","7.22K","-1.34%"
"12/13/2012","3,989.20","4,042.74","4,069.52","3,975.81","13.48K","0.00%"
"12/12/2012","3,989.20","3,975.81","4,042.74","3,935.65","13.23K","0.34%"
"12/11/2012","3,975.81","3,935.65","3,989.20","3,868.72","13.27K","1.02%"
"12/10/2012","3,935.65","3,868.72","3,935.65","3,855.33","7.17K","2.08%"
"12/07/2012","3,855.33","3,748.24","3,868.72","3,721.47","8.18K","2.86%"
"12/06/2012","3,748.24","3,734.85","3,761.63","3,708.08","6.12K","-0.36%"
"12/05/2012","3,761.63","3,721.47","3,761.63","3,708.08","10.78K","1.08%"
"12/04/2012","3,721.47","3,734.85","3,734.85","3,681.31","4.64K","-0.36%"
"12/03/2012","3,734.85","3,667.92","3,734.85","3,627.76","6.24K","2.95%"
"11/30/2012","3,627.76","3,721.47","3,761.63","3,627.76","6.81K","-2.17%"
"11/29/2012","3,708.08","3,667.92","3,721.47","3,641.15","6.49K","2.97%"
"11/28/2012","3,600.99","3,627.76","3,667.92","3,560.83","4.66K","-0.37%"
"11/27/2012","3,614.37","3,587.60","3,641.15","3,574.21","11.31K","1.89%"
"11/26/2012","3,547.44","3,534.05","3,587.60","3,480.51","9.46K","0.38%"
"11/23/2012","3,534.05","3,453.73","3,560.83","3,426.96","12.47K","2.33%"
"11/22/2012","3,453.73","3,400.19","3,453.73","3,360.03","6.28K","1.98%"
"11/21/2012","3,386.80","3,400.19","3,400.19","3,373.42","5.27K","-0.39%"
"11/20/2012","3,400.19","3,426.96","3,467.12","3,400.19","15.55K","-0.78%"
"11/19/2012","3,426.96","3,360.03","3,480.51","3,306.48","14.63K","3.64%"
"11/16/2012","3,306.48","3,319.87","3,346.64","3,293.10","6.35K","0.82%"
"11/15/2012","3,279.71","3,386.80","3,400.19","3,266.32","17.26K","-3.54%"
"11/14/2012","3,400.19","3,386.80","3,453.73","3,346.64","7.71K","0.00%"
"11/13/2012","3,400.19","3,319.87","3,400.19","3,279.71","20.10K","3.25%"
"11/12/2012","3,293.10","3,333.26","3,346.64","3,279.71","2.20K","-0.81%"
"11/09/2012","3,319.87","3,346.64","3,373.42","3,319.87","4.09K","-1.20%"
"11/08/2012","3,360.03","3,293.10","3,386.80","3,252.94","11.66K","2.03%"
"11/07/2012","3,293.10","3,293.10","3,346.64","3,252.94","7.27K","0.41%"
"11/06/2012","3,279.71","3,360.03","3,373.42","3,266.32","15.95K","-2.00%"
"11/05/2012","3,346.64","3,360.03","3,400.19","3,333.26","9.79K","0.81%"
"11/02/2012","3,319.87","3,306.48","3,346.64","3,266.32","17.64K","0.81%"
"11/01/2012","3,293.10","3,333.26","3,333.26","3,279.71","7.60K","0.00%"
"10/31/2012","3,293.10","3,293.10","3,360.03","3,266.32","17.09K","0.00%"
"10/30/2012","3,293.10","3,266.32","3,333.26","3,266.32","9.26K","0.82%"
"10/29/2012","3,266.32","3,186.00","3,293.10","3,186.00","15.56K","1.67%"
"10/26/2012","3,212.78","3,092.30","3,226.16","3,038.75","23.94K","3.90%"
"10/25/2012","3,092.30","3,092.30","3,119.07","2,998.59","14.26K","0.00%"
"10/24/2012","3,092.30","3,065.52","3,119.07","3,038.75","6.37K","2.21%"
"10/23/2012","3,025.36","3,078.91","3,105.68","2,971.82","9.01K","-1.74%"
"10/22/2012","3,078.91","3,092.30","3,105.68","3,052.14","3.44K","-0.86%"
"10/19/2012","3,105.68","3,105.68","3,132.46","3,078.91","4.79K","0.43%"
"10/18/2012","3,092.30","3,132.46","3,159.23","3,092.30","11.87K","-0.86%"
"10/17/2012","3,119.07","3,105.68","3,119.07","3,052.14","9.65K","0.87%"
"10/16/2012","3,092.30","3,078.91","3,119.07","3,065.52","7.30K","0.87%"
"10/15/2012","3,065.52","3,078.91","3,105.68","3,052.14","2.26K","-0.43%"
"10/12/2012","3,078.91","3,065.52","3,105.68","3,025.36","3.43K","1.32%"
"10/11/2012","3,038.75","3,025.36","3,105.68","3,025.36","8.00K","0.00%"
"10/10/2012","3,038.75","3,105.68","3,145.84","3,025.36","12.42K","-1.30%"
"10/09/2012","3,078.91","3,025.36","3,105.68","2,971.82","15.75K","5.02%"
"10/08/2012","2,931.66","2,958.43","2,998.59","2,931.66","2.85K","-2.23%"
"10/05/2012","2,998.59","2,945.05","2,998.59","2,945.05","5.03K","1.36%"
"10/04/2012","2,958.43","2,958.43","2,971.82","2,931.66","2.17K","1.38%"
"10/03/2012","2,918.27","2,931.66","2,945.05","2,891.50","1.25K","-0.46%"
"10/02/2012","2,931.66","2,891.50","2,958.43","2,864.73","3.06K","1.86%"
"10/01/2012","2,878.11","2,878.11","2,904.89","2,851.34","1.38K","0.00%"
"09/28/2012","2,878.11","2,931.66","2,931.66","2,878.11","1.26K","0.00%"
"09/27/2012","2,878.11","2,945.05","2,958.43","2,851.34","5.28K","-1.83%"
"09/26/2012","2,931.66","2,985.20","2,985.20","2,918.27","2.81K","-1.79%"
"09/25/2012","2,985.20","3,011.98","3,011.98","2,958.43","4.31K","-0.45%"
"09/24/2012","2,998.59","2,998.59","2,998.59","2,945.05","4.95K","0.00%"
"09/21/2012","2,998.59","2,998.59","3,025.36","2,971.82","3.50K","0.45%"
"09/20/2012","2,985.20","2,918.27","2,998.59","2,891.50","7.40K","2.29%"
"09/19/2012","2,918.27","2,971.82","2,998.59","2,864.73","9.22K","-0.91%"
"09/18/2012","2,945.05","3,038.75","3,038.75","2,918.27","6.33K","-3.08%"
"09/17/2012","3,038.75","3,092.30","3,105.68","3,038.75","3.83K","-1.30%"
"09/14/2012","3,078.91","3,065.52","3,132.46","3,065.52","15.05K","1.32%"
"09/13/2012","3,038.75","3,052.14","3,065.52","3,011.98","4.17K","0.00%"
"09/12/2012","3,038.75","2,945.05","3,038.75","2,945.05","5.30K","2.71%"
"09/11/2012","2,958.43","2,945.05","3,011.98","2,945.05","5.12K","-1.78%"
"09/10/2012","3,011.98","2,998.59","3,025.36","2,958.43","4.19K","0.90%"
"09/07/2012","2,985.20","3,038.75","3,078.91","2,985.20","6.56K","-1.33%"
"09/06/2012","3,025.36","3,038.75","3,065.52","2,985.20","14.24K","-2.59%"
"09/05/2012","3,105.68","3,025.36","3,105.68","3,025.36","16.25K","2.65%"
"09/04/2012","3,025.36","2,985.20","3,025.36","2,985.20","6.66K","0.89%"
"09/03/2012","2,998.59","2,904.89","3,011.98","2,904.89","6.28K","3.70%"
"08/31/2012","2,891.50","2,851.34","2,891.50","2,824.57","2.87K","0.93%"
"08/30/2012","2,864.73","2,864.73","2,891.50","2,837.95","2.09K","-0.46%"
"08/29/2012","2,878.11","2,797.79","2,878.11","2,784.41","5.64K","2.87%"
"08/28/2012","2,797.79","2,784.41","2,824.57","2,730.86","4.38K","0.48%"
"08/27/2012","2,784.41","2,730.86","2,811.18","2,730.86","1.61K","1.96%"
"08/24/2012","2,730.86","2,784.41","2,811.18","2,730.86","3.72K","-1.92%"
"08/23/2012","2,784.41","2,837.95","2,837.95","2,784.41","2.93K","-0.48%"
"08/22/2012","2,797.79","2,851.34","2,851.34","2,784.41","3.31K","-2.34%"
"08/21/2012","2,864.73","2,771.02","2,878.11","2,757.63","3.94K","2.88%"
"08/20/2012","2,784.41","2,851.34","2,864.73","2,757.63","6.57K","-2.35%"
"08/17/2012","2,851.34","2,931.66","2,931.66","2,824.57","5.98K","-1.39%"
"08/16/2012","2,891.50","2,945.05","2,945.05","2,878.11","6.32K","0.00%"
"08/15/2012","2,891.50","2,891.50","2,998.59","2,891.50","5.57K","-1.37%"
"08/14/2012","2,931.66","2,891.50","2,958.43","2,891.50","2.18K","1.39%"
"08/13/2012","2,891.50","2,891.50","2,931.66","2,864.73","2.68K","0.00%"
"08/10/2012","2,891.50","2,904.89","2,931.66","2,891.50","3.27K","-0.46%"
"08/09/2012","2,904.89","2,998.59","2,998.59","2,904.89","2.90K","-0.46%"
"08/08/2012","2,918.27","3,038.75","3,038.75","2,891.50","6.06K","-2.24%"
"08/07/2012","2,985.20","3,132.46","3,145.84","2,985.20","11.54K","-3.04%"
"08/06/2012","3,078.91","2,985.20","3,078.91","2,985.20","6.73K","3.14%"
"08/03/2012","2,985.20","2,945.05","3,025.36","2,904.89","8.94K","1.36%"
"08/02/2012","2,945.05","2,958.43","2,998.59","2,918.27","3.05K","0.46%"
"08/01/2012","2,931.66","2,918.27","2,945.05","2,904.89","2.62K","0.92%"
"07/31/2012","2,904.89","2,864.73","2,945.05","2,851.34","4.63K","1.88%"
"07/30/2012","2,851.34","2,824.57","2,864.73","2,824.57","2.72K","1.43%"
"07/27/2012","2,811.18","2,797.79","2,824.57","2,730.86","4.76K","1.94%"
"07/26/2012","2,757.63","2,811.18","2,811.18","2,730.86","2.74K","-1.44%"
"07/25/2012","2,797.79","2,757.63","2,824.57","2,744.25","2.97K","1.46%"
"07/24/2012","2,757.63","2,837.95","2,837.95","2,757.63","2.06K","-1.90%"
"07/23/2012","2,811.18","2,931.66","2,931.66","2,744.25","2.87K","-4.11%"
"07/20/2012","2,931.66","2,891.50","2,945.05","2,891.50","1.61K","0.00%"
"07/19/2012","2,931.66","3,011.98","3,011.98","2,904.89","4.06K","-1.79%"
"07/18/2012","2,985.20","2,985.20","3,011.98","2,945.05","1.86K","0.00%"
"07/17/2012","2,985.20","3,052.14","3,052.14","2,971.82","2.31K","-1.76%"
"07/16/2012","3,038.75","2,958.43","3,038.75","2,945.05","1.16K","1.79%"
"07/13/2012","2,985.20","3,025.36","3,052.14","2,985.20","3.50K","0.90%"
"07/12/2012","2,958.43","3,011.98","3,052.14","2,945.05","8.25K","-5.96%"
"07/11/2012","3,145.84","3,078.91","3,159.23","3,038.75","7.18K","2.17%"
"07/10/2012","3,078.91","2,931.66","3,105.68","2,918.27","9.62K","5.99%"
"07/09/2012","2,904.89","2,878.11","2,958.43","2,837.95","2.10K","0.00%"
"07/06/2012","2,904.89","2,985.20","2,998.59","2,904.89","5.44K","-2.69%"
"07/05/2012","2,985.20","2,945.05","3,011.98","2,945.05","5.33K","0.45%"
"07/04/2012","2,971.82","2,904.89","2,971.82","2,878.11","6.72K","1.83%"
"07/03/2012","2,918.27","2,985.20","3,011.98","2,918.27","5.22K","-2.24%"
"07/02/2012","2,985.20","2,891.50","2,998.59","2,891.50","4.84K","3.24%"
"06/29/2012","2,891.50","2,945.05","2,958.43","2,878.11","4.43K","0.47%"
"06/28/2012","2,878.11","2,837.95","2,918.27","2,757.63","6.97K","0.94%"
"06/27/2012","2,851.34","2,824.57","2,878.11","2,797.79","8.41K","1.91%"
"06/26/2012","2,797.79","2,717.47","2,824.57","2,717.47","7.83K","2.96%"
"06/25/2012","2,717.47","2,797.79","2,797.79","2,690.70","2.08K","-2.40%"
"06/22/2012","2,784.41","2,784.41","2,811.18","2,730.86","2.41K","-0.48%"
"06/21/2012","2,797.79","2,811.18","2,891.50","2,757.63","8.21K","-0.48%"
"06/20/2012","2,811.18","2,623.77","2,811.18","2,617.07","11.14K","6.60%"
"06/19/2012","2,637.15","2,637.15","2,657.23","2,596.99","8.52K","0.51%"
"06/18/2012","2,623.77","2,630.46","2,677.31","2,603.69","3.71K","0.26%"
"06/15/2012","2,617.07","2,610.38","2,623.77","2,576.91","7.75K","1.82%"
"06/14/2012","2,570.22","2,503.29","2,603.69","2,503.29","2.78K","1.86%"
"06/13/2012","2,523.37","2,556.83","2,596.99","2,483.21","1.93K","-1.31%"
"06/12/2012","2,556.83","2,523.37","2,583.61","2,509.98","2.78K","-0.26%"
"06/11/2012","2,563.53","2,570.22","2,650.54","2,516.67","5.83K","2.41%"
"06/08/2012","2,503.29","2,489.90","2,503.29","2,443.05","1.52K","-0.27%"
"06/07/2012","2,509.98","2,483.21","2,523.37","2,429.66","3.59K","1.35%"
"06/06/2012","2,476.52","2,516.67","2,536.75","2,443.05","6.20K","1.93%"
"06/05/2012","2,429.66","2,483.21","2,483.21","2,342.65","2.77K","3.12%"
"06/04/2012","2,356.04","2,275.72","2,396.20","2,168.62","5.23K","0.29%"
"06/01/2012","2,349.34","2,429.66","2,429.66","2,302.49","3.70K","-1.13%"
"05/31/2012","2,376.12","2,409.58","2,489.90","2,356.04","3.29K","-2.74%"
"05/30/2012","2,443.05","2,483.21","2,483.21","2,409.58","2.25K","-0.82%"
"05/29/2012","2,463.13","2,436.36","2,503.29","2,429.66","2.83K","0.00%"
"05/25/2012","2,463.13","2,376.12","2,516.67","2,376.12","2.96K","2.51%"
"05/24/2012","2,402.89","2,342.65","2,422.97","2,342.65","5.84K","1.70%"
"05/23/2012","2,362.73","2,342.65","2,382.81","2,315.88","2.24K","-1.67%"
"05/22/2012","2,402.89","2,422.97","2,456.44","2,356.04","2.48K","0.56%"
"05/21/2012","2,389.50","2,356.04","2,396.20","2,282.41","5.07K","2.00%"
"05/18/2012","2,342.65","2,489.90","2,509.98","2,322.57","7.81K","-7.41%"
"05/16/2012","2,530.06","2,463.13","2,590.30","2,422.97","3.11K","1.07%"
"05/15/2012","2,503.29","2,550.14","2,583.61","2,463.13","2.92K","-1.06%"
"05/14/2012","2,530.06","2,623.77","2,623.77","2,503.29","3.01K","-3.57%"
"05/11/2012","2,623.77","2,704.09","2,704.09","2,590.30","3.19K","-2.97%"
"05/10/2012","2,704.09","2,610.38","2,704.09","2,516.67","7.01K","5.48%"
"05/09/2012","2,563.53","2,717.47","2,730.86","2,550.14","8.55K","-4.25%"
"05/08/2012","2,677.31","2,650.54","2,690.70","2,583.61","11.09K","1.01%"
"05/07/2012","2,650.54","2,489.90","2,650.54","2,429.66","6.90K","5.60%"
"05/04/2012","2,509.98","2,630.46","2,630.46","2,503.29","4.34K","-2.85%"
"05/03/2012","2,583.61","2,596.99","2,650.54","2,556.83","3.76K","0.52%"
"05/02/2012","2,570.22","2,583.61","2,657.23","2,543.45","3.18K","-0.78%"
"04/30/2012","2,590.30","2,650.54","2,650.54","2,543.45","2.21K","-2.27%"
"04/27/2012","2,650.54","2,536.75","2,650.54","2,516.67","4.99K","4.49%"
"04/26/2012","2,536.75","2,570.22","2,650.54","2,476.52","14.13K","-2.57%"
"04/25/2012","2,603.69","2,476.52","2,637.15","2,476.52","6.39K","4.01%"
"04/24/2012","2,503.29","2,583.61","2,617.07","2,483.21","5.37K","-3.11%"
"04/23/2012","2,583.61","2,757.63","2,757.63","2,543.45","7.74K","-6.76%"
"04/20/2012","2,771.02","2,771.02","2,811.18","2,730.86","3.20K","0.49%"
"04/19/2012","2,757.63","2,704.09","2,757.63","2,704.09","2.07K","1.48%"
"04/18/2012","2,717.47","2,704.09","2,771.02","2,670.62","9.24K","-2.87%"
"04/17/2012","2,797.79","2,677.31","2,797.79","2,623.77","7.14K","3.47%"
"04/16/2012","2,704.09","2,717.47","2,757.63","2,663.93","4.86K","-1.46%"
"04/13/2012","2,744.25","2,837.95","2,891.50","2,744.25","3.01K","-3.30%"
"04/12/2012","2,837.95","2,757.63","2,904.89","2,730.86","8.44K","3.41%"
"04/11/2012","2,744.25","2,784.41","2,864.73","2,643.85","8.46K","-1.91%"
"04/10/2012","2,797.79","3,011.98","3,011.98","2,784.41","7.65K","-7.52%"
"04/04/2012","3,025.36","3,052.14","3,052.14","2,971.82","2.24K","0.44%"
"04/03/2012","3,011.98","3,052.14","3,078.91","2,958.43","11.98K","0.45%"
"04/02/2012","2,998.59","2,891.50","2,998.59","2,837.95","11.61K","3.70%"
"03/30/2012","2,891.50","2,717.47","2,931.66","2,717.47","8.97K","6.40%"
"03/29/2012","2,717.47","2,730.86","2,797.79","2,690.70","4.75K","-1.46%"
"03/28/2012","2,757.63","2,837.95","2,878.11","2,704.09","5.33K","-2.37%"
"03/27/2012","2,824.57","2,864.73","2,998.59","2,811.18","9.68K","-2.31%"
"03/26/2012","2,891.50","2,617.07","2,891.50","2,610.38","14.73K","11.92%"
"03/23/2012","2,583.61","2,623.77","2,623.77","2,509.98","3.85K","0.26%"
"03/22/2012","2,576.91","2,623.77","2,623.77","2,530.06","3.44K","0.26%"
"03/21/2012","2,570.22","2,610.38","2,610.38","2,503.29","2.79K","-1.29%"
"03/20/2012","2,603.69","2,570.22","2,610.38","2,543.45","5.74K","2.37%"
"03/19/2012","2,543.45","2,550.14","2,610.38","2,469.82","10.12K","-3.31%"
"03/16/2012","2,630.46","2,663.93","2,730.86","2,556.83","13.71K","-1.26%"
"03/15/2012","2,663.93","2,503.29","2,704.09","2,503.29","26.07K","9.94%"
"03/14/2012","2,422.97","2,382.81","2,449.74","2,382.81","24.83K","4.02%"
"03/13/2012","2,329.26","2,202.09","2,329.26","2,202.09","18.74K","6.42%"
"03/12/2012","2,188.70","2,202.09","2,202.09","2,148.54","2.97K","-0.31%"
"03/09/2012","2,195.40","2,208.78","2,208.78","2,168.62","1.25K","-0.61%"
"03/08/2012","2,208.78","2,208.78","2,222.17","2,155.24","1.99K","2.80%"
"03/07/2012","2,148.54","2,175.32","2,195.40","2,108.38","5.11K","-2.43%"
"03/06/2012","2,202.09","2,242.25","2,309.18","2,175.32","7.97K","-0.60%"
"03/05/2012","2,215.48","2,202.09","2,242.25","2,168.62","4.54K","0.61%"
"03/02/2012","2,202.09","2,222.17","2,222.17","2,161.93","4.19K","0.30%"
"03/01/2012","2,195.40","2,195.40","2,202.09","2,161.93","2.10K","1.86%"
"02/29/2012","2,155.24","2,168.62","2,215.48","2,148.54","1.83K","-1.23%"
"02/28/2012","2,182.01","2,208.78","2,222.17","2,168.62","1.93K","-1.21%"
"02/27/2012","2,208.78","2,262.33","2,262.33","2,175.32","2.93K","-2.37%"
"02/24/2012","2,262.33","2,222.17","2,262.33","2,195.40","2.89K","2.11%"
"02/23/2012","2,215.48","2,275.72","2,275.72","2,202.09","3.38K","-3.22%"
"02/22/2012","2,289.10","2,315.88","2,335.96","2,242.25","5.62K","-0.87%"
"02/21/2012","2,309.18","2,202.09","2,309.18","2,195.40","12.23K","3.92%"
"02/20/2012","2,222.17","2,155.24","2,235.56","2,141.85","7.74K","3.11%"
"02/17/2012","2,155.24","2,141.85","2,155.24","2,115.08","5.03K","1.90%"
"02/16/2012","2,115.08","2,101.69","2,128.46","1,954.44","9.64K","-1.56%"
"02/15/2012","2,148.54","2,115.08","2,155.24","2,108.38","5.80K","1.58%"
"02/14/2012","2,115.08","2,141.85","2,141.85","2,095.00","4.45K","-0.32%"
"02/13/2012","2,121.77","2,155.24","2,195.40","2,121.77","3.30K","-1.25%"
"02/10/2012","2,148.54","2,135.16","2,155.24","2,135.16","2.36K","0.63%"
"02/09/2012","2,135.16","2,161.93","2,195.40","2,135.16","5.01K","-0.93%"
"02/08/2012","2,155.24","2,202.09","2,222.17","2,141.85","5.17K","-0.92%"
"02/07/2012","2,175.32","2,222.17","2,222.17","2,155.24","3.25K","-2.11%"
"02/06/2012","2,222.17","2,155.24","2,235.56","2,155.24","13.39K","4.40%"
"02/03/2012","2,128.46","2,041.45","2,128.46","2,041.45","6.65K","2.91%"
"02/02/2012","2,068.22","2,095.00","2,095.00","2,034.76","4.67K","-0.96%"
"02/01/2012","2,088.30","2,115.08","2,115.08","2,054.84","6.18K","0.00%"
"01/31/2012","2,088.30","2,074.92","2,101.69","2,048.14","9.93K","1.96%"
"01/30/2012","2,048.14","2,141.85","2,148.54","2,048.14","6.66K","-2.55%"
"01/27/2012","2,101.69","2,141.85","2,141.85","2,054.84","12.29K","0.00%"
"01/26/2012","2,101.69","2,014.68","2,115.08","1,994.60","26.68K","5.02%"
"01/25/2012","2,001.29","1,941.05","2,034.76","1,847.35","50.71K","13.26%"
"01/24/2012","1,767.03","1,820.57","1,820.57","1,753.64","2.72K","-3.65%"
"01/23/2012","1,833.96","1,847.35","1,860.73","1,780.41","3.73K","0.74%"
"01/20/2012","1,820.57","1,780.41","1,820.57","1,746.95","4.91K","3.42%"
"01/19/2012","1,760.33","1,693.40","1,787.11","1,693.40","8.02K","4.36%"
"01/18/2012","1,686.71","1,666.63","1,693.40","1,666.63","1.19K","0.80%"
"01/17/2012","1,673.32","1,666.63","1,686.71","1,666.63","2.27K","0.40%"
"01/16/2012","1,666.63","1,606.39","1,680.01","1,579.62","2.33K","2.05%"
"01/13/2012","1,633.16","1,686.71","1,686.71","1,613.08","2.22K","-2.79%"
"01/12/2012","1,680.01","1,633.16","1,706.79","1,613.08","3.61K","1.62%"
"01/11/2012","1,653.24","1,673.32","1,700.09","1,653.24","1.87K","-1.20%"
"01/10/2012","1,673.32","1,693.40","1,706.79","1,666.63","2.93K","0.40%"
"01/09/2012","1,666.63","1,720.17","1,720.17","1,666.63","2.77K","-1.19%"
"01/06/2012","1,686.71","1,686.71","1,726.87","1,659.93","4.07K","1.20%"
"01/05/2012","1,666.63","1,653.24","1,686.71","1,593.00","8.80K","5.06%"
"01/04/2012","1,586.31","1,499.30","1,613.08","1,499.30","10.51K","5.33%"
"01/03/2012","1,505.99","1,505.99","1,519.38","1,492.60","2.83K","-0.44%"
"01/02/2012","1,512.68","1,512.68","1,512.68","1,485.91","2.10K","2.26%"
"12/30/2011","1,479.22","1,479.22","1,485.91","1,439.06","3.16K","0.00%"
"12/29/2011","1,479.22","1,485.91","1,499.30","1,472.52","1.77K","0.00%"
"12/28/2011","1,479.22","1,485.91","1,499.30","1,472.52","3.34K","-0.45%"
"12/27/2011","1,485.91","1,559.54","1,566.23","1,472.52","4.66K","-4.31%"
"12/23/2011","1,552.84","1,633.16","1,633.16","1,552.84","3.32K","-3.33%"
"12/22/2011","1,606.39","1,673.32","1,706.79","1,579.62","8.58K","-3.23%"
"12/21/2011","1,659.93","1,619.77","1,673.32","1,613.08","3.35K","2.90%"
"12/20/2011","1,613.08","1,552.84","1,613.08","1,552.84","3.85K","3.88%"
"12/19/2011","1,552.84","1,606.39","1,606.39","1,552.84","2.31K","-2.52%"
"12/16/2011","1,593.00","1,519.38","1,593.00","1,499.30","4.06K","5.31%"
"12/15/2011","1,512.68","1,526.07","1,552.84","1,472.52","3.15K","0.00%"
"12/14/2011","1,512.68","1,606.39","1,606.39","1,512.68","4.82K","-5.83%"
"12/13/2011","1,606.39","1,606.39","1,633.16","1,566.23","1.20K","0.00%"
"12/12/2011","1,606.39","1,686.71","1,686.71","1,599.69","2.13K","-2.44%"
"12/09/2011","1,646.55","1,633.16","1,666.63","1,626.47","0.89K","-0.81%"
"12/08/2011","1,659.93","1,733.56","1,746.95","1,639.85","2.38K","-4.25%"
"12/07/2011","1,733.56","1,767.03","1,793.80","1,713.48","4.79K","-1.15%"
"12/06/2011","1,753.64","1,713.48","1,753.64","1,659.93","3.86K","2.34%"
"12/05/2011","1,713.48","1,746.95","1,746.95","1,706.79","1.96K","-2.66%"
"12/02/2011","1,760.33","1,753.64","1,760.33","1,713.48","1.81K","2.73%"
"12/01/2011","1,713.48","1,767.03","1,793.80","1,700.09","3.36K","-2.29%"
"11/30/2011","1,753.64","1,673.32","1,753.64","1,599.69","4.79K","6.07%"
"11/29/2011","1,653.24","1,586.31","1,653.24","1,546.15","3.48K","4.22%"
"11/28/2011","1,586.31","1,546.15","1,593.00","1,532.76","3.37K","5.33%"
"11/25/2011","1,505.99","1,512.68","1,532.76","1,472.52","4.60K","0.45%"
"11/24/2011","1,499.30","1,566.23","1,586.31","1,485.91","5.49K","-2.61%"
"11/23/2011","1,539.46","1,633.16","1,633.16","1,532.76","4.04K","-5.74%"
"11/22/2011","1,633.16","1,686.71","1,713.48","1,619.77","4.72K","-3.17%"
"11/21/2011","1,686.71","1,820.57","1,820.57","1,680.01","2.75K","-4.55%"
"11/18/2011","1,767.03","1,807.19","1,807.19","1,753.64","4.11K","-1.86%"
"11/17/2011","1,800.49","1,860.73","1,867.43","1,800.49","2.91K","-3.58%"
"11/16/2011","1,867.43","1,907.59","1,914.28","1,847.35","2.40K","-2.45%"
"11/15/2011","1,914.28","1,900.89","1,914.28","1,860.73","3.29K","2.88%"
"11/14/2011","1,860.73","1,880.81","1,941.05","1,860.73","2.40K","-0.36%"
"11/11/2011","1,867.43","1,860.73","1,894.20","1,820.57","4.66K","4.10%"
"11/10/2011","1,793.80","1,820.57","1,867.43","1,780.41","5.97K","-3.94%"
"11/09/2011","1,867.43","2,021.37","2,034.76","1,867.43","6.32K","-7.00%"
"11/08/2011","2,007.99","1,994.60","2,034.76","1,967.83","3.53K","2.04%"
"11/07/2011","1,967.83","1,900.89","2,001.29","1,900.89","2.50K","3.52%"
"11/04/2011","1,900.89","1,880.81","1,961.13","1,867.43","3.66K","1.43%"
"11/03/2011","1,874.12","1,767.03","1,874.12","1,767.03","3.44K","2.94%"
"11/02/2011","1,820.57","1,820.57","1,874.12","1,760.33","2.72K","-1.81%"
"11/01/2011","1,854.04","1,900.89","1,900.89","1,793.80","3.84K","-5.14%"
"10/31/2011","1,954.44","1,987.91","1,987.91","1,954.44","2.32K","-2.01%"
"10/28/2011","1,994.60","1,987.91","2,001.29","1,941.05","3.85K","1.36%"
"10/27/2011","1,967.83","1,961.13","2,001.29","1,941.05","6.59K","1.73%"
"10/26/2011","1,934.36","2,048.14","2,048.14","1,914.28","5.27K","-4.93%"
"10/25/2011","2,034.76","2,014.68","2,048.14","1,987.91","4.83K","-1.30%"
"10/24/2011","2,061.53","2,021.37","2,061.53","1,961.13","3.85K","4.05%"
"10/21/2011","1,981.21","1,981.21","2,001.29","1,954.44","3.63K","1.37%"
"10/20/2011","1,954.44","1,981.21","2,048.14","1,927.67","6.37K","-1.02%"
"10/19/2011","1,974.52","1,967.83","1,981.21","1,894.20","5.12K","2.08%"
"10/18/2011","1,934.36","1,867.43","1,934.36","1,833.96","4.10K","3.21%"
"10/17/2011","1,874.12","1,767.03","1,967.83","1,767.03","9.12K","8.95%"
"10/14/2011","1,720.17","1,713.48","1,740.25","1,686.71","3.62K","2.80%"
"10/13/2011","1,673.32","1,700.09","1,767.03","1,659.93","5.63K","0.00%"
"10/12/2011","1,673.32","1,606.39","1,680.01","1,566.23","1.62K","3.73%"
"10/11/2011","1,613.08","1,700.09","1,713.48","1,606.39","2.34K","-4.37%"
"10/10/2011","1,686.71","1,693.40","1,693.40","1,613.08","2.69K","2.44%"
"10/07/2011","1,646.55","1,619.77","1,680.01","1,559.54","5.61K","7.89%"
"10/06/2011","1,526.07","1,425.67","1,526.07","1,405.59","4.43K","9.09%"
"10/05/2011","1,398.90","1,472.52","1,472.52","1,365.43","11.18K","-0.95%"
"10/04/2011","1,412.28","1,539.46","1,539.46","1,392.20","6.49K","-9.05%"
"10/03/2011","1,552.84","1,646.55","1,646.55","1,539.46","3.95K","-5.69%"
"09/30/2011","1,646.55","1,619.77","1,653.24","1,579.62","2.88K","2.07%"
"09/29/2011","1,613.08","1,579.62","1,639.85","1,539.46","2.52K","2.99%"
"09/28/2011","1,566.23","1,619.77","1,619.77","1,539.46","3.15K","-0.85%"
"09/27/2011","1,579.62","1,633.16","1,633.16","1,566.23","5.38K","0.43%"
"09/26/2011","1,572.92","1,653.24","1,653.24","1,559.54","5.19K","-5.24%"
"09/23/2011","1,659.93","1,713.48","1,726.87","1,593.00","4.48K","-3.13%"
"09/22/2011","1,713.48","1,793.80","1,793.80","1,673.32","3.62K","-5.54%"
"09/21/2011","1,813.88","1,874.12","1,874.12","1,813.88","0.86K","-1.81%"
"09/20/2011","1,847.35","1,813.88","1,900.89","1,813.88","1.13K","-0.72%"
"09/19/2011","1,860.73","1,927.67","1,927.67","1,827.27","2.06K","-1.42%"
"09/16/2011","1,887.51","1,920.97","1,954.44","1,847.35","4.50K","0.36%"
"09/15/2011","1,880.81","1,793.80","1,900.89","1,793.80","3.92K","5.24%"
"09/14/2011","1,787.11","1,833.96","1,833.96","1,760.33","4.81K","-0.74%"
"09/13/2011","1,800.49","1,880.81","1,887.51","1,746.95","6.60K","-1.47%"
"09/12/2011","1,827.27","1,967.83","1,967.83","1,827.27","3.81K","-6.51%"
"09/09/2011","1,954.44","2,168.62","2,168.62","1,914.28","11.54K","-8.46%"
"09/08/2011","2,135.16","2,275.72","2,275.72","2,108.38","6.32K","-4.49%"
"09/07/2011","2,235.56","2,376.12","2,463.13","2,228.86","5.66K","-2.91%"
"09/06/2011","2,302.49","2,208.78","2,315.88","2,208.78","1.68K","2.38%"
"09/05/2011","2,248.94","2,329.26","2,329.26","2,235.56","1.76K","-3.45%"
"09/02/2011","2,329.26","2,342.65","2,369.42","2,289.10","1.97K","-1.97%"
"09/01/2011","2,376.12","2,463.13","2,469.82","2,349.34","4.78K","-3.53%"
"08/31/2011","2,463.13","2,443.05","2,469.82","2,409.58","1.88K","2.79%"
"08/30/2011","2,396.20","2,402.89","2,449.74","2,369.42","0.86K","-0.28%"
"08/29/2011","2,402.89","2,329.26","2,422.97","2,329.26","1.98K","2.57%"
"08/26/2011","2,342.65","2,376.12","2,376.12","2,269.02","1.03K","0.57%"
"08/25/2011","2,329.26","2,409.58","2,409.58","2,329.26","0.91K","-2.25%"
"08/24/2011","2,382.81","2,396.20","2,429.66","2,349.34","2.22K","1.14%"
"08/23/2011","2,356.04","2,396.20","2,416.28","2,342.65","2.09K","-0.28%"
"08/22/2011","2,362.73","2,402.89","2,456.44","2,349.34","2.45K","-1.67%"
"08/19/2011","2,402.89","2,436.36","2,456.44","2,335.96","2.12K","-2.45%"
"08/18/2011","2,463.13","2,583.61","2,583.61","2,409.58","2.08K","-3.41%"
"08/17/2011","2,550.14","2,570.22","2,590.30","2,516.67","1.86K","-0.26%"
"08/16/2011","2,556.83","2,623.77","2,630.46","2,509.98","3.56K","-1.55%"
"08/15/2011","2,596.99","2,596.99","2,617.07","2,516.67","4.38K","2.65%"
"08/12/2011","2,530.06","2,382.81","2,543.45","2,329.26","5.96K","8.62%"
"08/11/2011","2,329.26","2,342.65","2,356.04","2,242.25","4.45K","2.05%"
"08/10/2011","2,282.41","2,516.67","2,523.37","2,275.72","7.86K","-3.40%"
"08/09/2011","2,362.73","2,329.26","2,396.20","2,182.01","12.69K","-1.94%"
"08/08/2011","2,409.58","2,449.74","2,456.44","2,329.26","4.70K","-3.23%"
"08/05/2011","2,489.90","2,309.18","2,543.45","2,248.94","7.39K","3.91%"
"08/04/2011","2,396.20","2,623.77","2,677.31","2,342.65","4.79K","-8.20%"
"08/03/2011","2,610.38","2,623.77","2,663.93","2,556.83","4.93K","-0.51%"
"08/02/2011","2,623.77","2,744.25","2,771.02","2,623.77","2.62K","-4.39%"
"08/01/2011","2,744.25","2,864.73","2,891.50","2,730.86","1.41K","-2.38%"
"07/29/2011","2,811.18","2,837.95","2,851.34","2,784.41","2.86K","-1.41%"
"07/28/2011","2,851.34","2,971.82","2,971.82","2,851.34","1.84K","-3.18%"
"07/27/2011","2,945.05","2,998.59","2,998.59","2,945.05","1.03K","-1.79%"
"07/26/2011","2,998.59","2,985.20","3,011.98","2,971.82","1.45K","-0.44%"
"07/25/2011","3,011.98","2,864.73","3,011.98","2,864.73","6.58K","7.14%"
"07/22/2011","2,811.18","2,998.59","3,025.36","2,811.18","8.71K","-6.25%"
"07/21/2011","2,998.59","2,931.66","2,998.59","2,904.89","2.02K","2.28%"
"07/20/2011","2,931.66","2,864.73","2,945.05","2,864.73","3.51K","2.34%"
"07/19/2011","2,864.73","2,878.11","2,904.89","2,851.34","1.34K","-0.46%"
"07/18/2011","2,878.11","2,837.95","2,878.11","2,811.18","1.26K","1.90%"
"07/15/2011","2,824.57","2,824.57","2,878.11","2,811.18","2.01K","0.96%"
"07/14/2011","2,797.79","2,864.73","2,891.50","2,771.02","2.80K","-1.88%"
"07/13/2011","2,851.34","2,784.41","2,864.73","2,784.41","2.00K","2.90%"
"07/12/2011","2,771.02","2,824.57","2,824.57","2,677.31","2.84K","-3.27%"
"07/11/2011","2,864.73","2,837.95","2,891.50","2,837.95","1.97K","1.90%"
"07/08/2011","2,811.18","2,837.95","2,891.50","2,797.79","2.87K","0.00%"
"07/07/2011","2,811.18","2,811.18","2,864.73","2,797.79","7.32K","1.94%"
"07/06/2011","2,757.63","2,717.47","2,757.63","2,670.62","3.26K","2.49%"
"07/05/2011","2,690.70","2,650.54","2,690.70","2,650.54","6.70K","0.75%"
"07/04/2011","2,670.62","2,677.31","2,730.86","2,663.93","3.60K","-0.25%"
"07/01/2011","2,677.31","2,677.31","2,704.09","2,663.93","4.65K","0.50%"
"06/30/2011","2,663.93","2,677.31","2,690.70","2,637.15","5.19K","0.00%"
"06/29/2011","2,663.93","2,623.77","2,677.31","2,590.30","1.46K","3.65%"
"06/28/2011","2,570.22","2,543.45","2,570.22","2,503.29","1.79K","1.05%"
"06/27/2011","2,543.45","2,590.30","2,590.30","2,509.98","0.96K","0.00%"
"06/24/2011","2,543.45","2,677.31","2,677.31","2,523.37","5.19K","-3.31%"
"06/23/2011","2,630.46","2,643.85","2,657.23","2,623.77","3.56K","-1.50%"
"06/22/2011","2,670.62","2,663.93","2,677.31","2,637.15","7.43K","1.27%"
"06/21/2011","2,637.15","2,610.38","2,643.85","2,596.99","4.08K","2.07%"
"06/20/2011","2,583.61","2,596.99","2,610.38","2,583.61","0.90K","-1.28%"
"06/17/2011","2,617.07","2,677.31","2,677.31","2,570.22","2.74K","0.26%"
"06/16/2011","2,610.38","2,596.99","2,643.85","2,583.61","1.48K","-1.52%"
"06/15/2011","2,650.54","2,670.62","2,670.62","2,623.77","5.09K","0.00%"
"06/14/2011","2,650.54","2,637.15","2,670.62","2,637.15","2.04K","0.51%"
"06/10/2011","2,637.15","2,677.31","2,704.09","2,637.15","4.50K","-1.50%"
"06/09/2011","2,677.31","2,744.25","2,757.63","2,630.46","8.95K","-1.48%"
"06/08/2011","2,717.47","2,757.63","2,757.63","2,704.09","6.02K","-1.93%"
"06/07/2011","2,771.02","2,730.86","2,784.41","2,730.86","0.98K","0.49%"
"06/06/2011","2,757.63","2,744.25","2,771.02","2,730.86","0.70K","0.00%"
"06/03/2011","2,757.63","2,784.41","2,811.18","2,757.63","3.51K","-1.90%"
"06/01/2011","2,811.18","2,811.18","2,824.57","2,797.79","1.57K","-0.94%"
"05/31/2011","2,837.95","2,811.18","2,837.95","2,797.79","1.41K","-0.47%"
"05/30/2011","2,851.34","2,824.57","2,851.34","2,811.18","0.44K","2.40%"
"05/27/2011","2,784.41","2,784.41","2,824.57","2,784.41","0.35K","0.00%"
"05/26/2011","2,784.41","2,811.18","2,824.57","2,757.63","1.41K","0.97%"
"05/25/2011","2,757.63","2,730.86","2,824.57","2,690.70","3.87K","0.98%"
"05/24/2011","2,730.86","2,757.63","2,771.02","2,730.86","3.22K","-1.92%"
"05/23/2011","2,784.41","2,797.79","2,797.79","2,717.47","4.82K","-3.70%"
"05/20/2011","2,891.50","2,851.34","2,918.27","2,824.57","1.64K","1.41%"
"05/19/2011","2,851.34","2,918.27","2,918.27","2,837.95","1.00K","-1.84%"
"05/18/2011","2,904.89","2,811.18","2,918.27","2,811.18","1.18K","0.46%"
"05/16/2011","2,891.50","2,824.57","2,891.50","2,824.57","1.23K","0.00%"
"05/13/2011","2,891.50","2,784.41","2,904.89","2,784.41","1.96K","3.85%"
"05/12/2011","2,784.41","2,864.73","2,864.73","2,784.41","0.96K","-0.95%"
"05/11/2011","2,811.18","2,837.95","2,837.95","2,784.41","1.59K","-0.47%"
"05/10/2011","2,824.57","2,851.34","2,864.73","2,797.79","1.85K","-1.40%"
"05/09/2011","2,864.73","2,971.82","2,971.82","2,851.34","2.77K","-2.73%"
"05/06/2011","2,945.05","2,837.95","2,985.20","2,837.95","13.78K","4.76%"
"05/05/2011","2,811.18","2,650.54","2,851.34","2,650.54","4.63K","6.33%"
"05/04/2011","2,643.85","2,677.31","2,730.86","2,643.85","4.98K","-1.25%"
"05/03/2011","2,677.31","2,757.63","2,757.63","2,677.31","0.39K","-1.96%"
"05/02/2011","2,730.86","2,771.02","2,864.73","2,690.70","1.68K","-0.97%"
"04/29/2011","2,757.63","2,784.41","2,784.41","2,744.25","1.35K","-0.48%"
"04/28/2011","2,771.02","2,730.86","2,771.02","2,623.77","2.58K","0.98%"
"04/27/2011","2,744.25","2,744.25","2,784.41","2,744.25","1.84K","0.00%"
"04/26/2011","2,744.25","2,797.79","2,824.57","2,704.09","2.96K","-1.91%"
"04/20/2011","2,797.79","2,771.02","2,797.79","2,757.63","0.57K","0.48%"
"04/19/2011","2,784.41","2,771.02","2,837.95","2,757.63","2.03K","0.48%"
"04/18/2011","2,771.02","2,771.02","2,771.02","2,730.86","2.23K","0.00%"
"04/15/2011","2,771.02","2,771.02","2,797.79","2,771.02","1.66K","-0.48%"
"04/14/2011","2,784.41","2,837.95","2,837.95","2,757.63","3.09K","-0.95%"
"04/13/2011","2,811.18","2,878.11","2,878.11","2,797.79","4.03K","-2.33%"
"04/12/2011","2,878.11","2,811.18","2,891.50","2,784.41","6.66K","2.38%"
"04/11/2011","2,811.18","2,811.18","2,811.18","2,784.41","2.14K","0.48%"
"04/08/2011","2,797.79","2,797.79","2,811.18","2,771.02","2.95K","0.00%"
"04/07/2011","2,797.79","2,837.95","2,878.11","2,784.41","4.36K","-0.48%"
"04/06/2011","2,811.18","2,837.95","2,864.73","2,784.41","3.23K","-0.94%"
"04/05/2011","2,837.95","2,811.18","2,837.95","2,797.79","1.35K","0.00%"
"04/04/2011","2,837.95","2,851.34","2,878.11","2,837.95","3.39K","-0.47%"
"04/01/2011","2,851.34","2,891.50","2,918.27","2,837.95","6.32K","-0.93%"
"03/31/2011","2,878.11","2,971.82","2,971.82","2,878.11","3.41K","-1.83%"
"03/30/2011","2,931.66","2,985.20","2,998.59","2,931.66","6.27K","-0.45%"
"03/29/2011","2,945.05","3,025.36","3,025.36","2,945.05","3.01K","-2.22%"
"03/28/2011","3,011.98","2,945.05","3,025.36","2,945.05","3.16K","2.74%"
"03/25/2011","2,931.66","2,918.27","2,945.05","2,918.27","0.71K","0.00%"
"03/24/2011","2,931.66","2,958.43","2,958.43","2,904.89","2.87K","0.92%"
"03/23/2011","2,904.89","2,971.82","2,971.82","2,904.89","0.73K","-1.81%"
"03/22/2011","2,958.43","3,025.36","3,025.36","2,931.66","1.70K","-1.34%"
"03/21/2011","2,998.59","3,038.75","3,052.14","2,971.82","1.24K","-0.44%"
"03/18/2011","3,011.98","2,945.05","3,038.75","2,891.50","3.57K","3.21%"
"03/17/2011","2,918.27","2,931.66","2,985.20","2,837.95","4.24K","0.00%"
"03/16/2011","2,918.27","2,945.05","2,971.82","2,891.50","2.34K","3.32%"
"03/15/2011","2,824.57","2,878.11","2,891.50","2,744.25","6.64K","-3.21%"
"03/14/2011","2,918.27","2,945.05","2,971.82","2,918.27","3.11K","-2.24%"
"03/11/2011","2,985.20","3,025.36","3,052.14","2,931.66","3.79K","-3.46%"
"03/10/2011","3,092.30","3,092.30","3,119.07","3,038.75","2.75K","-0.86%"
"03/09/2011","3,119.07","3,025.36","3,119.07","3,025.36","9.87K","3.10%"
"03/08/2011","3,025.36","2,998.59","3,052.14","2,998.59","6.46K","3.67%"
"03/07/2011","2,918.27","2,958.43","2,985.20","2,891.50","5.98K","-3.54%"
"03/04/2011","3,025.36","3,052.14","3,052.14","2,971.82","2.15K","0.89%"
"03/03/2011","2,998.59","2,958.43","3,038.75","2,958.43","1.86K","1.36%"
"03/02/2011","2,958.43","2,998.59","3,011.98","2,918.27","5.67K","-2.21%"
"03/01/2011","3,025.36","3,092.30","3,145.84","2,998.59","3.03K","-2.59%"
"02/28/2011","3,105.68","2,985.20","3,132.46","2,985.20","3.69K","2.65%"
"02/25/2011","3,025.36","3,025.36","3,119.07","3,011.98","5.91K","0.00%"
"02/24/2011","3,025.36","2,958.43","3,065.52","2,878.11","6.87K","0.89%"
"02/23/2011","2,998.59","3,092.30","3,105.68","2,971.82","4.24K","-4.27%"
"02/22/2011","3,132.46","3,239.55","3,239.55","2,931.66","13.61K","-3.31%"
"02/21/2011","3,239.55","3,373.42","3,373.42","3,239.55","3.15K","-2.81%"
"02/18/2011","3,333.26","3,319.87","3,333.26","3,266.32","2.06K","1.22%"
"02/17/2011","3,293.10","3,319.87","3,373.42","3,293.10","2.55K","-1.99%"
"02/16/2011","3,360.03","3,239.55","3,386.80","3,186.00","8.54K","-0.79%"
"02/15/2011","3,386.80","3,480.51","3,480.51","3,360.03","4.98K","-1.94%"
"02/14/2011","3,453.73","3,453.73","3,507.28","3,426.96","4.85K","1.18%"
"02/11/2011","3,413.57","3,373.42","3,426.96","3,360.03","2.62K","1.19%"
"02/10/2011","3,373.42","3,413.57","3,426.96","3,346.64","3.41K","-1.18%"
"02/09/2011","3,413.57","3,413.57","3,453.73","3,373.42","4.12K","0.00%"
"02/08/2011","3,413.57","3,440.35","3,467.12","3,373.42","7.66K","0.00%"
"02/07/2011","3,413.57","3,413.57","3,453.73","3,386.80","4.88K","0.79%"
"02/04/2011","3,386.80","3,333.26","3,426.96","3,293.10","7.42K","3.69%"
"02/03/2011","3,266.32","3,373.42","3,386.80","3,239.55","2.99K","-2.79%"
"02/02/2011","3,360.03","3,346.64","3,413.57","3,333.26","3.09K","-1.18%"
"02/01/2011","3,400.19","3,346.64","3,426.96","3,319.87","5.43K","2.01%"
"01/31/2011","3,333.26","3,319.87","3,333.26","3,212.78","6.14K","-0.40%"
"01/28/2011","3,346.64","3,319.87","3,400.19","3,319.87","5.65K","-0.40%"
"01/27/2011","3,360.03","3,400.19","3,400.19","3,333.26","6.54K","0.40%"
"01/26/2011","3,346.64","3,426.96","3,480.51","3,333.26","5.63K","-1.96%"
"01/25/2011","3,413.57","3,480.51","3,534.05","3,373.42","16.21K","-0.78%"
"01/24/2011","3,440.35","3,239.55","3,467.12","3,239.55","21.75K","6.20%"
"01/21/2011","3,239.55","3,065.52","3,279.71","3,065.52","24.92K","7.56%"
"01/20/2011","3,011.98","2,985.20","3,145.84","2,985.20","29.41K","1.81%"
"01/19/2011","2,958.43","2,918.27","2,958.43","2,864.73","15.48K","1.84%"
"01/18/2011","2,904.89","2,864.73","2,918.27","2,851.34","10.55K","1.40%"
"01/17/2011","2,864.73","2,971.82","2,971.82","2,824.57","7.64K","-3.17%"
"01/14/2011","2,958.43","2,998.59","3,025.36","2,958.43","2.93K","-1.34%"
"01/13/2011","2,998.59","3,011.98","3,025.36","2,985.20","3.99K","0.00%"
"01/12/2011","2,998.59","3,011.98","3,025.36","2,998.59","2.58K","-0.44%"
"01/11/2011","3,011.98","3,052.14","3,052.14","2,998.59","2.16K","0.45%"
"01/10/2011","2,998.59","3,052.14","3,052.14","2,998.59","2.73K","-1.32%"
"01/07/2011","3,038.75","2,998.59","3,038.75","2,985.20","6.91K","0.00%"
"01/06/2011","3,038.75","3,038.75","3,105.68","3,025.36","6.05K","0.89%"
"01/05/2011","3,011.98","3,038.75","3,078.91","2,971.82","8.96K","-1.75%"
"01/04/2011","3,065.52","3,172.62","3,172.62","3,052.14","5.54K","-2.14%"
"01/03/2011","3,132.46","3,159.23","3,226.16","3,119.07","3.28K","-0.43%"
"12/30/2010","3,145.84","3,172.62","3,199.39","3,119.07","3.75K","-1.26%"
"12/29/2010","3,186.00","3,159.23","3,186.00","3,119.07","1.86K","1.28%"
"12/28/2010","3,145.84","3,212.78","3,212.78","3,092.30","1.92K","0.43%"
"12/27/2010","3,132.46","3,199.39","3,199.39","3,119.07","1.05K","-1.68%"
"12/23/2010","3,186.00","3,038.75","3,186.00","3,038.75","7.20K","4.39%"
"12/22/2010","3,052.14","3,078.91","3,078.91","3,038.75","3.79K","-0.87%"
"12/21/2010","3,078.91","3,065.52","3,078.91","3,038.75","4.59K","0.44%"
"12/20/2010","3,065.52","3,038.75","3,078.91","2,985.20","4.80K","0.88%"
"12/17/2010","3,038.75","2,998.59","3,078.91","2,998.59","3.80K","0.44%"
"12/16/2010","3,025.36","2,998.59","3,052.14","2,985.20","4.85K","0.00%"
"12/15/2010","3,025.36","3,011.98","3,038.75","2,985.20","2.02K","0.44%"
"12/14/2010","3,011.98","2,998.59","3,052.14","2,985.20","3.28K","0.45%"
"12/13/2010","2,998.59","2,998.59","3,052.14","2,971.82","2.67K","0.00%"
"12/10/2010","2,998.59","3,025.36","3,065.52","2,958.43","3.84K","-2.18%"
"12/09/2010","3,065.52","3,092.30","3,092.30","2,958.43","5.39K","-0.87%"
"12/08/2010","3,092.30","3,105.68","3,119.07","3,025.36","2.67K","2.21%"
"12/07/2010","3,025.36","3,212.78","3,212.78","3,011.98","11.50K","-5.44%"
"12/06/2010","3,199.39","3,199.39","3,212.78","3,159.23","4.84K","0.42%"
"12/03/2010","3,186.00","3,159.23","3,212.78","3,132.46","3.72K","0.85%"
"12/02/2010","3,159.23","3,212.78","3,239.55","3,145.84","6.93K","-2.88%"
"12/01/2010","3,252.94","3,132.46","3,252.94","3,132.46","6.75K","1.25%"
"11/30/2010","3,212.78","3,172.62","3,212.78","3,092.30","6.48K","1.70%"
"11/29/2010","3,159.23","3,186.00","3,252.94","3,105.68","5.54K","-0.42%"
"11/26/2010","3,172.62","3,239.55","3,239.55","3,159.23","3.41K","-2.07%"
"11/25/2010","3,239.55","3,346.64","3,346.64","3,212.78","5.80K","-1.63%"
"11/24/2010","3,293.10","3,159.23","3,319.87","3,132.46","8.02K","5.58%"
"11/23/2010","3,119.07","3,212.78","3,279.71","3,078.91","7.09K","-3.72%"
"11/22/2010","3,239.55","3,252.94","3,453.73","3,239.55","13.13K","-0.41%"
"11/19/2010","3,252.94","3,025.36","3,266.32","2,998.59","19.25K","6.58%"
"11/18/2010","3,052.14","2,811.18","3,052.14","2,797.79","21.85K","10.68%"
"11/17/2010","2,757.63","2,757.63","2,811.18","2,744.25","2.28K","-0.48%"
"11/16/2010","2,771.02","2,811.18","2,904.89","2,744.25","7.35K","-2.82%"
"11/15/2010","2,851.34","2,811.18","2,851.34","2,771.02","2.67K","-0.47%"
"11/12/2010","2,864.73","2,797.79","2,878.11","2,744.25","3.67K","0.00%"
"11/11/2010","2,864.73","2,837.95","2,864.73","2,811.18","6.46K","0.94%"
"11/10/2010","2,837.95","2,918.27","2,931.66","2,784.41","5.48K","-3.64%"
"11/09/2010","2,945.05","2,824.57","2,945.05","2,784.41","14.94K","2.80%"
"11/08/2010","2,864.73","2,637.15","2,918.27","2,570.22","17.94K","8.63%"
"11/05/2010","2,637.15","2,489.90","2,643.85","2,489.90","23.31K","9.75%"
"11/04/2010","2,402.89","2,382.81","2,436.36","2,356.04","3.45K","1.13%"
"11/03/2010","2,376.12","2,342.65","2,396.20","2,342.65","4.00K","0.28%"
"11/02/2010","2,369.42","2,396.20","2,396.20","2,342.65","6.60K","-1.12%"
"11/01/2010","2,396.20","2,422.97","2,422.97","2,382.81","5.42K","-0.56%"
"10/29/2010","2,409.58","2,463.13","2,463.13","2,396.20","3.32K","-1.64%"
"10/28/2010","2,449.74","2,409.58","2,463.13","2,389.50","3.84K","1.95%"
"10/27/2010","2,402.89","2,456.44","2,456.44","2,389.50","3.36K","-1.91%"
"10/26/2010","2,449.74","2,463.13","2,463.13","2,416.28","5.73K","0.27%"
"10/25/2010","2,443.05","2,463.13","2,496.59","2,436.36","8.07K","0.00%"
"10/22/2010","2,443.05","2,530.06","2,530.06","2,436.36","7.01K","-2.14%"
"10/21/2010","2,496.59","2,449.74","2,523.37","2,436.36","44.56K","8.43%"
"10/20/2010","2,302.49","2,362.73","2,362.73","2,289.10","4.63K","-1.15%"
"10/19/2010","2,329.26","2,409.58","2,416.28","2,322.57","5.26K","-3.33%"
"10/18/2010","2,409.58","2,409.58","2,416.28","2,349.34","3.22K","0.00%"
"10/15/2010","2,409.58","2,389.50","2,409.58","2,362.73","3.41K","0.84%"
"10/14/2010","2,389.50","2,329.26","2,396.20","2,315.88","4.75K","2.88%"
"10/13/2010","2,322.57","2,302.49","2,322.57","2,262.33","4.17K","2.06%"
"10/12/2010","2,275.72","2,302.49","2,302.49","2,248.94","1.59K","-1.73%"
"10/11/2010","2,315.88","2,302.49","2,315.88","2,282.41","3.49K","0.87%"
"10/08/2010","2,295.80","2,302.49","2,302.49","2,175.32","9.99K","-1.15%"
"10/07/2010","2,322.57","2,416.28","2,416.28","2,322.57","18.72K","-4.93%"
"10/06/2010","2,443.05","2,543.45","2,543.45","2,436.36","12.45K","-4.20%"
"10/05/2010","2,550.14","2,456.44","2,550.14","2,456.44","3.11K","3.81%"
"10/04/2010","2,456.44","2,496.59","2,503.29","2,449.74","1.83K","-1.34%"
"10/01/2010","2,489.90","2,489.90","2,489.90","2,443.05","3.80K","0.27%"
"09/30/2010","2,483.21","2,489.90","2,516.67","2,443.05","6.87K","1.09%"
"09/29/2010","2,456.44","2,409.58","2,503.29","2,382.81","7.28K","2.51%"
"09/28/2010","2,396.20","2,356.04","2,402.89","2,329.26","6.10K","1.70%"
"09/27/2010","2,356.04","2,356.04","2,369.42","2,335.96","5.26K","1.15%"
"09/24/2010","2,329.26","2,396.20","2,396.20","2,275.72","9.13K","-2.25%"
"09/23/2010","2,382.81","2,469.82","2,489.90","2,342.65","11.64K","-3.52%"
"09/22/2010","2,469.82","2,503.29","2,503.29","2,463.13","3.69K","-1.34%"
"09/21/2010","2,503.29","2,476.52","2,563.53","2,476.52","5.40K","1.08%"
"09/20/2010","2,476.52","2,503.29","2,530.06","2,476.52","1.77K","-2.12%"
"09/17/2010","2,530.06","2,530.06","2,530.06","2,489.90","4.44K","0.27%"
"09/16/2010","2,523.37","2,516.67","2,530.06","2,496.59","1.50K","0.00%"
"09/15/2010","2,523.37","2,543.45","2,543.45","2,523.37","1.22K","-0.79%"
"09/14/2010","2,543.45","2,536.75","2,556.83","2,516.67","2.79K","0.26%"
"09/13/2010","2,536.75","2,543.45","2,590.30","2,523.37","2.85K","-0.26%"
"09/10/2010","2,543.45","2,516.67","2,550.14","2,516.67","2.85K","1.06%"
"09/09/2010","2,516.67","2,543.45","2,543.45","2,489.90","3.43K","-0.53%"
"09/08/2010","2,530.06","2,570.22","2,570.22","2,483.21","8.07K","-2.83%"
"09/07/2010","2,603.69","2,744.25","2,744.25","2,583.61","6.15K","-4.19%"
"09/06/2010","2,717.47","2,677.31","2,744.25","2,650.54","3.60K","3.57%"
"09/03/2010","2,623.77","2,556.83","2,657.23","2,496.59","4.01K","3.16%"
"09/02/2010","2,543.45","2,516.67","2,570.22","2,469.82","2.71K","1.88%"
"09/01/2010","2,496.59","2,409.58","2,509.98","2,376.12","2.99K","4.19%"
"08/31/2010","2,396.20","2,443.05","2,443.05","2,362.73","5.18K","-1.92%"
"08/30/2010","2,443.05","2,509.98","2,530.06","2,443.05","2.56K","-1.35%"
"08/27/2010","2,476.52","2,556.83","2,556.83","2,409.58","5.95K","-2.63%"
"08/26/2010","2,543.45","2,556.83","2,570.22","2,509.98","1.25K","0.53%"
"08/25/2010","2,530.06","2,650.54","2,650.54","2,463.13","8.15K","-4.55%"
"08/24/2010","2,650.54","2,704.09","2,704.09","2,623.77","6.32K","-1.49%"
"08/23/2010","2,690.70","2,677.31","2,717.47","2,663.93","1.89K","0.75%"
"08/20/2010","2,670.62","2,704.09","2,744.25","2,663.93","4.36K","-2.21%"
"08/19/2010","2,730.86","2,784.41","2,784.41","2,704.09","3.51K","-0.97%"
"08/18/2010","2,757.63","2,811.18","2,837.95","2,744.25","1.15K","-3.29%"
"08/17/2010","2,851.34","2,784.41","2,851.34","2,717.47","5.26K","3.90%"
"08/16/2010","2,744.25","2,717.47","2,757.63","2,670.62","2.72K","2.50%"
"08/13/2010","2,677.31","2,717.47","2,730.86","2,657.23","4.89K","0.25%"
"08/12/2010","2,670.62","2,757.63","2,811.18","2,623.77","8.87K","-5.00%"
"08/11/2010","2,811.18","2,851.34","2,864.73","2,757.63","4.04K","-1.87%"
"08/10/2010","2,864.73","2,931.66","2,971.82","2,837.95","3.56K","-3.17%"
"08/09/2010","2,958.43","2,945.05","3,011.98","2,945.05","4.48K","0.45%"
"08/06/2010","2,945.05","2,971.82","3,052.14","2,918.27","7.68K","1.38%"
"08/05/2010","2,904.89","2,904.89","2,945.05","2,891.50","1.92K","-0.46%"
"08/04/2010","2,918.27","2,864.73","2,918.27","2,851.34","3.09K","0.46%"
"08/03/2010","2,904.89","2,904.89","2,971.82","2,837.95","3.85K","0.93%"
"08/02/2010","2,878.11","2,730.86","2,904.89","2,730.86","5.11K","5.91%"
"07/30/2010","2,717.47","2,757.63","2,797.79","2,717.47","1.95K","-2.40%"
"07/29/2010","2,784.41","2,784.41","2,811.18","2,784.41","2.84K","-0.48%"
"07/28/2010","2,797.79","2,757.63","2,811.18","2,757.63","3.61K","1.95%"
"07/27/2010","2,744.25","2,757.63","2,771.02","2,730.86","2.78K","-0.49%"
"07/26/2010","2,757.63","2,730.86","2,757.63","2,704.09","1.60K","1.98%"
"07/23/2010","2,704.09","2,730.86","2,757.63","2,704.09","2.17K","-0.98%"
"07/22/2010","2,730.86","2,744.25","2,757.63","2,704.09","2.56K","0.00%"
"07/21/2010","2,730.86","2,744.25","2,757.63","2,730.86","4.16K","0.99%"
"07/20/2010","2,704.09","2,717.47","2,757.63","2,704.09","2.83K","-1.46%"
"07/19/2010","2,744.25","2,757.63","2,771.02","2,623.77","4.16K","1.49%"
"07/16/2010","2,704.09","2,677.31","2,730.86","2,663.93","2.84K","1.51%"
"07/15/2010","2,663.93","2,744.25","2,784.41","2,657.23","3.23K","-4.78%"
"07/14/2010","2,797.79","2,730.86","2,797.79","2,730.86","6.12K","1.46%"
"07/13/2010","2,757.63","2,730.86","2,757.63","2,610.38","11.68K","-3.74%"
"07/12/2010","2,864.73","2,744.25","2,904.89","2,744.25","5.20K","4.39%"
"07/09/2010","2,744.25","2,690.70","2,757.63","2,677.31","2.79K","2.50%"
"07/08/2010","2,677.31","2,811.18","2,811.18","2,677.31","4.32K","-1.96%"
"07/07/2010","2,730.86","2,744.25","2,757.63","2,590.30","8.91K","-0.49%"
"07/06/2010","2,744.25","2,864.73","2,891.50","2,730.86","6.84K","-3.30%"
"07/05/2010","2,837.95","2,811.18","2,878.11","2,744.25","4.76K","0.95%"
"07/02/2010","2,811.18","2,670.62","2,904.89","2,670.62","10.47K","7.42%"
"07/01/2010","2,617.07","2,811.18","2,811.18","2,610.38","11.76K","-7.35%"
"06/30/2010","2,824.57","2,891.50","2,985.20","2,784.41","10.89K","-1.86%"
"06/29/2010","2,878.11","3,065.52","3,092.30","2,771.02","15.99K","-5.70%"
"06/28/2010","3,052.14","3,052.14","3,119.07","2,998.59","9.22K","1.79%"
"06/25/2010","2,998.59","3,239.55","3,239.55","2,971.82","17.42K","-7.44%"
"06/24/2010","3,239.55","3,319.87","3,373.42","3,226.16","3.75K","-2.81%"
"06/23/2010","3,333.26","3,386.80","3,400.19","3,293.10","1.88K","-1.97%"
"06/22/2010","3,400.19","3,453.73","3,453.73","3,360.03","3.15K","-2.31%"
"06/21/2010","3,480.51","3,480.51","3,507.28","3,413.57","6.35K","3.59%"
"06/18/2010","3,360.03","3,440.35","3,440.35","3,346.64","6.48K","-0.79%"
"06/17/2010","3,386.80","3,413.57","3,453.73","3,252.94","9.09K","0.80%"
"06/16/2010","3,360.03","3,520.67","3,534.05","3,346.64","10.58K","-3.83%"
"06/15/2010","3,493.89","3,480.51","3,534.05","3,453.73","3.70K","-1.88%"
"06/14/2010","3,560.83","3,480.51","3,614.37","3,426.96","5.59K","4.31%"
"06/11/2010","3,413.57","3,520.67","3,520.67","3,346.64","6.18K","-1.54%"
"06/10/2010","3,467.12","3,426.96","3,507.28","3,386.80","7.33K","0.00%"
"06/09/2010","3,467.12","3,306.48","3,480.51","3,239.55","9.91K","7.47%"
"06/08/2010","3,226.16","3,226.16","3,319.87","3,212.78","12.14K","2.12%"
"06/07/2010","3,159.23","3,212.78","3,266.32","3,159.23","11.39K","-4.84%"
"06/04/2010","3,319.87","3,293.10","3,413.57","3,293.10","16.18K","3.33%"
"06/03/2010","3,212.78","3,212.78","3,266.32","3,172.62","9.54K","2.13%"
"06/02/2010","3,145.84","2,998.59","3,145.84","2,971.82","4.52K","2.62%"
"06/01/2010","3,065.52","3,105.68","3,145.84","2,931.66","9.53K","-2.14%"
"05/31/2010","3,132.46","3,159.23","3,159.23","3,052.14","2.63K","-0.85%"
"05/28/2010","3,159.23","3,239.55","3,252.94","3,132.46","4.27K","-0.84%"
"05/27/2010","3,186.00","3,186.00","3,212.78","3,132.46","7.07K","1.71%"
"05/26/2010","3,132.46","3,145.84","3,212.78","3,105.68","6.43K","3.08%"
"05/25/2010","3,038.75","3,078.91","3,078.91","2,958.43","12.08K","-2.99%"
"05/21/2010","3,132.46","2,945.05","3,159.23","2,891.50","11.00K","4.46%"
"05/20/2010","2,998.59","2,998.59","3,092.30","2,891.50","15.25K","0.90%"
"05/19/2010","2,971.82","3,078.91","3,105.68","2,904.89","12.04K","-4.72%"
"05/18/2010","3,119.07","3,226.16","3,226.16","3,052.14","11.17K","-2.51%"
"05/14/2010","3,199.39","3,319.87","3,346.64","3,159.23","6.62K","-3.24%"
"05/12/2010","3,306.48","3,239.55","3,360.03","3,239.55","7.69K","-0.40%"
"05/11/2010","3,319.87","3,319.87","3,346.64","3,239.55","4.33K","0.81%"
"05/10/2010","3,293.10","3,212.78","3,426.96","3,212.78","9.60K","5.58%"
"05/07/2010","3,119.07","3,226.16","3,293.10","3,092.30","11.66K","-7.91%"
"05/06/2010","3,386.80","3,373.42","3,467.12","3,306.48","10.22K","-1.94%"
"05/05/2010","3,453.73","3,493.89","3,493.89","3,346.64","9.94K","-1.53%"
"05/04/2010","3,507.28","3,600.99","3,694.69","3,453.73","14.64K","-1.50%"
"05/03/2010","3,560.83","3,534.05","3,587.60","3,507.28","2.84K","-1.12%"
"04/30/2010","3,600.99","3,694.69","3,748.24","3,587.60","7.45K","-2.54%"
"04/29/2010","3,694.69","3,614.37","3,708.08","3,587.60","7.02K","2.22%"
"04/28/2010","3,614.37","3,694.69","3,721.47","3,587.60","12.89K","-2.88%"
"04/27/2010","3,721.47","3,828.56","3,841.95","3,721.47","7.60K","-2.80%"
"04/26/2010","3,828.56","3,922.26","3,935.65","3,828.56","5.80K","0.00%"
"04/23/2010","3,828.56","3,868.72","3,882.10","3,788.40","14.35K","0.35%"
"04/22/2010","3,815.17","3,922.26","3,935.65","3,761.63","26.87K","-2.73%"
"04/21/2010","3,922.26","4,015.97","4,042.74","3,882.10","15.92K","-0.68%"
"04/20/2010","3,949.04","3,801.79","3,962.42","3,775.01","27.97K","5.36%"
"04/19/2010","3,748.24","3,748.24","3,855.33","3,641.15","55.28K","-5.08%"
"04/16/2010","3,949.04","3,922.26","4,069.52","3,841.95","27.84K","-2.96%"
"04/15/2010","4,069.52","4,176.61","4,243.54","4,029.36","20.30K","-3.18%"
"04/14/2010","4,203.38","4,176.61","4,230.16","4,163.22","6.43K","1.62%"
"04/13/2010","4,136.45","4,123.06","4,163.22","4,029.36","4.29K","0.65%"
"04/12/2010","4,109.68","4,149.84","4,216.77","4,109.68","7.36K","-0.97%"
"04/09/2010","4,149.84","4,163.22","4,203.38","4,096.29","15.18K","1.97%"
"04/08/2010","4,069.52","3,935.65","4,109.68","3,935.65","31.85K","5.56%"
"04/07/2010","3,855.33","3,908.88","3,908.88","3,841.95","8.34K","-0.69%"
"04/06/2010","3,882.10","3,935.65","3,949.04","3,855.33","9.50K","0.00%"
"03/31/2010","3,882.10","3,868.72","3,882.10","3,815.17","0.69K","0.35%"
"03/30/2010","3,868.72","3,841.95","3,882.10","3,801.79","2.28K","0.35%"
"03/29/2010","3,855.33","3,855.33","3,868.72","3,801.79","1.04K","-0.35%"
"03/26/2010","3,868.72","3,895.49","3,895.49","3,801.79","2.61K","-1.03%"
"03/25/2010","3,908.88","3,855.33","3,935.65","3,841.95","6.20K","1.04%"
"03/24/2010","3,868.72","3,908.88","3,908.88","3,841.95","2.09K","-1.03%"
"03/23/2010","3,908.88","3,855.33","3,922.26","3,828.56","2.50K","2.46%"
"03/22/2010","3,815.17","3,841.95","3,841.95","3,761.63","1.02K","0.00%"
"03/19/2010","3,815.17","3,841.95","3,841.95","3,761.63","1.02K","0.00%"
"03/18/2010","3,815.17","3,828.56","3,841.95","3,775.01","0.72K","-0.35%"
"03/17/2010","3,828.56","3,908.88","3,922.26","3,815.17","12.14K","-0.69%"
"03/16/2010","3,855.33","3,855.33","3,935.65","3,681.31","9.80K","0.35%"
"03/15/2010","3,841.95","3,855.33","3,882.10","3,801.79","2.29K","-1.03%"
"03/12/2010","3,882.10","3,962.42","3,975.81","3,841.95","11.11K","-2.03%"
"03/11/2010","3,962.42","3,989.20","4,002.58","3,922.26","4.16K","-0.34%"
"03/10/2010","3,975.81","3,935.65","4,029.36","3,935.65","11.42K","0.68%"
"03/09/2010","3,949.04","3,975.81","3,975.81","3,908.88","3.20K","-0.34%"
"03/08/2010","3,962.42","4,096.29","4,123.06","3,922.26","7.81K","-1.33%"
"03/05/2010","4,015.97","3,868.72","4,015.97","3,855.33","21.27K","5.26%"
"03/04/2010","3,815.17","3,801.79","3,855.33","3,788.40","6.15K","-0.35%"
"03/03/2010","3,828.56","3,708.08","3,855.33","3,694.69","14.73K","3.25%"
"03/02/2010","3,708.08","3,708.08","3,761.63","3,654.53","6.83K","0.00%"
"03/01/2010","3,708.08","3,614.37","3,708.08","3,574.21","5.63K","1.84%"
"02/26/2010","3,641.15","3,641.15","3,708.08","3,641.15","5.00K","-0.37%"
"02/25/2010","3,654.53","3,681.31","3,721.47","3,641.15","3.57K","-2.15%"
"02/24/2010","3,734.85","3,641.15","3,788.40","3,560.83","6.95K","4.10%"
"02/23/2010","3,587.60","3,587.60","3,654.53","3,560.83","5.98K","-0.37%"
"02/22/2010","3,600.99","3,614.37","3,614.37","3,560.83","1.90K","0.00%"
"02/19/2010","3,600.99","3,574.21","3,627.76","3,534.05","4.07K","-1.10%"
"02/18/2010","3,641.15","3,641.15","3,694.69","3,587.60","12.60K","-0.73%"
"02/17/2010","3,667.92","3,681.31","3,681.31","3,600.99","6.86K","0.00%"
"02/16/2010","3,667.92","3,587.60","3,694.69","3,480.51","27.62K","3.79%"
"02/15/2010","3,534.05","3,467.12","3,560.83","3,360.03","12.28K","1.54%"
"02/12/2010","3,480.51","3,480.51","3,600.99","3,426.96","29.98K","1.96%"
"02/11/2010","3,413.57","3,132.46","3,413.57","3,092.30","47.17K","14.35%"
"02/10/2010","2,985.20","3,011.98","3,105.68","2,945.05","7.02K","-0.45%"
"02/09/2010","2,998.59","2,971.82","2,998.59","2,878.11","10.14K","-0.44%"
"02/08/2010","3,011.98","3,199.39","3,199.39","2,958.43","15.38K","-6.25%"
"02/05/2010","3,212.78","3,172.62","3,252.94","3,145.84","7.68K","-1.23%"
"02/04/2010","3,252.94","3,266.32","3,293.10","3,186.00","6.51K","0.41%"
"02/03/2010","3,239.55","3,279.71","3,386.80","3,226.16","7.12K","-1.22%"
"02/02/2010","3,279.71","3,360.03","3,360.03","3,266.32","5.32K","-1.61%"
"02/01/2010","3,333.26","3,279.71","3,386.80","3,239.55","7.24K","1.63%"
"01/29/2010","3,279.71","3,266.32","3,319.87","3,172.62","8.59K","1.66%"
"01/28/2010","3,226.16","3,172.62","3,346.64","3,159.23","29.41K","6.64%"
"01/27/2010","3,025.36","2,784.41","3,065.52","2,784.41","10.92K","6.60%"
"01/26/2010","2,837.95","2,864.73","2,878.11","2,717.47","5.37K","-1.40%"
"01/25/2010","2,878.11","2,864.73","2,931.66","2,837.95","7.02K","-0.46%"
"01/22/2010","2,891.50","3,011.98","3,038.75","2,878.11","9.98K","-5.68%"
"01/21/2010","3,065.52","3,145.84","3,145.84","3,025.36","6.72K","-2.55%"
"01/20/2010","3,145.84","3,186.00","3,186.00","3,132.46","5.74K","-1.26%"
"01/19/2010","3,186.00","3,199.39","3,226.16","3,159.23","7.14K","-0.83%"
"01/18/2010","3,212.78","3,306.48","3,319.87","3,212.78","5.42K","-3.61%"
"01/15/2010","3,333.26","3,400.19","3,400.19","3,306.48","7.12K","-1.58%"
"01/14/2010","3,386.80","3,373.42","3,400.19","3,306.48","11.63K","2.85%"
"01/13/2010","3,293.10","3,400.19","3,440.35","3,266.32","8.74K","-3.91%"
"01/12/2010","3,426.96","3,426.96","3,440.35","3,306.48","8.11K","0.39%"
"01/11/2010","3,413.57","3,360.03","3,440.35","3,333.26","17.04K","2.82%"
"01/08/2010","3,319.87","3,212.78","3,373.42","3,186.00","15.91K","4.20%"
"01/07/2010","3,186.00","3,306.48","3,306.48","3,172.62","19.75K","-0.83%"
"01/06/2010","3,212.78","3,279.71","3,279.71","3,172.62","5.79K","-1.23%"
"01/05/2010","3,252.94","3,092.30","3,319.87","3,092.30","14.15K","4.29%"
"01/04/2010","3,119.07","3,065.52","3,159.23","3,065.52","9.98K","1.30%"
"12/30/2009","3,078.91","3,092.30","3,092.30","3,038.75","2.76K","-0.43%"
"12/29/2009","3,092.30","3,078.91","3,105.68","3,025.36","6.30K","0.43%"
"12/28/2009","3,078.91","3,159.23","3,159.23","3,078.91","3.52K","-2.54%"
"12/23/2009","3,159.23","3,132.46","3,186.00","3,078.91","59.80K","1.72%"
"12/22/2009","3,105.68","3,226.16","3,226.16","3,092.30","19.54K","-4.92%"
"12/21/2009","3,266.32","3,373.42","3,400.19","3,252.94","9.45K","-4.31%"
"12/18/2009","3,413.57","3,440.35","3,493.89","3,386.80","3.70K","-0.78%"
"12/17/2009","3,440.35","3,520.67","3,574.21","3,440.35","5.09K","-2.28%"
"12/16/2009","3,520.67","3,493.89","3,547.44","3,453.73","4.45K","1.54%"
"12/15/2009","3,467.12","3,467.12","3,493.89","3,426.96","7.47K","0.00%"
"12/14/2009","3,467.12","3,600.99","3,600.99","3,467.12","37.03K","-2.63%"
"12/11/2009","3,560.83","3,534.05","3,587.60","3,480.51","2.45K","1.14%"
"12/10/2009","3,520.67","3,534.05","3,547.44","3,453.73","7.22K","-1.13%"
"12/09/2009","3,560.83","3,641.15","3,667.92","3,480.51","13.90K","-2.21%"
"12/08/2009","3,641.15","3,775.01","3,855.33","3,587.60","17.24K","-6.53%"
"12/07/2009","3,895.49","3,641.15","3,895.49","3,614.37","10.23K","6.99%"
"12/04/2009","3,641.15","3,654.53","3,667.92","3,587.60","4.55K","0.37%"
"12/03/2009","3,627.76","3,641.15","3,721.47","3,627.76","4.13K","0.37%"
"12/02/2009","3,614.37","3,654.53","3,721.47","3,587.60","6.75K","0.00%"
"12/01/2009","3,614.37","3,520.67","3,641.15","3,426.96","12.89K","2.66%"
"11/30/2009","3,520.67","3,520.67","3,520.67","3,400.19","7.55K","-0.38%"
"11/27/2009","3,534.05","3,413.57","3,547.44","3,279.71","6.46K","1.15%"
"11/26/2009","3,493.89","3,614.37","3,614.37","3,480.51","5.22K","-3.33%"
"11/25/2009","3,614.37","3,587.60","3,614.37","3,507.28","10.65K","1.89%"
"11/24/2009","3,547.44","3,654.53","3,654.53","3,534.05","7.91K","-2.93%"
"11/23/2009","3,654.53","3,681.31","3,775.01","3,614.37","5.17K","-1.09%"
"11/20/2009","3,694.69","3,775.01","3,841.95","3,667.92","4.80K","-1.43%"
"11/19/2009","3,748.24","3,467.12","3,748.24","3,413.57","14.77K","6.87%"
"11/18/2009","3,507.28","3,708.08","3,748.24","3,507.28","8.67K","-5.76%"
"11/17/2009","3,721.47","3,761.63","3,761.63","3,708.08","4.65K","-2.11%"
"11/16/2009","3,801.79","3,748.24","3,815.17","3,681.31","10.16K","1.43%"
"11/13/2009","3,748.24","3,801.79","3,841.95","3,734.85","10.57K","-2.44%"
"11/12/2009","3,841.95","3,748.24","3,868.72","3,708.08","29.40K","1.77%"
"11/11/2009","3,775.01","3,962.42","3,962.42","3,748.24","25.17K","-4.08%"
"11/10/2009","3,935.65","3,962.42","4,042.74","3,882.10","8.73K","-0.34%"
"11/09/2009","3,949.04","4,056.13","4,056.13","3,815.17","19.29K","-1.34%"
"11/06/2009","4,002.58","4,149.84","4,163.22","3,935.65","130.14K","-7.14%"
"11/05/2009","4,310.47","4,082.90","4,337.25","4,042.74","8.68K","3.21%"
"11/04/2009","4,176.61","4,015.97","4,176.61","4,015.97","21.71K","6.12%"
"11/03/2009","3,935.65","4,176.61","4,230.16","3,935.65","13.37K","-7.55%"
"11/02/2009","4,256.93","4,310.47","4,323.86","4,042.74","16.55K","-2.45%"
"10/30/2009","4,364.02","4,551.43","4,551.43","4,283.70","14.63K","-2.69%"
"10/29/2009","4,484.50","4,203.38","4,524.66","3,882.10","15.35K","6.01%"
"10/28/2009","4,230.16","4,471.11","4,471.11","4,176.61","16.46K","-4.82%"
"10/27/2009","4,444.34","4,484.50","4,765.62","4,444.34","22.50K","-0.90%"
"10/26/2009","4,484.50","4,283.70","4,658.53","4,256.93","30.39K","6.69%"
"10/23/2009","4,203.38","4,230.16","4,430.95","4,203.38","37.91K","3.97%"
"10/22/2009","4,042.74","3,949.04","4,042.74","3,801.79","38.71K","4.50%"
"10/21/2009","3,868.72","3,775.01","3,895.49","3,708.08","6.06K","2.48%"
"10/20/2009","3,775.01","3,828.56","3,841.95","3,667.92","8.08K","-0.70%"
"10/19/2009","3,801.79","3,882.10","3,949.04","3,641.15","20.91K","0.00%"
"10/16/2009","3,801.79","3,868.72","3,962.42","3,708.08","45.83K","2.90%"
"10/15/2009","3,694.69","3,386.80","3,748.24","3,373.42","16.51K","10.40%"
"10/14/2009","3,346.64","3,239.55","3,346.64","3,239.55","15.27K","3.31%"
"10/13/2009","3,239.55","3,279.71","3,279.71","3,172.62","4.15K","-1.22%"
"10/12/2009","3,279.71","3,293.10","3,346.64","3,239.55","7.24K","1.24%"
"10/09/2009","3,239.55","3,279.71","3,346.64","3,226.16","7.30K","-0.41%"
"10/08/2009","3,252.94","3,212.78","3,293.10","3,212.78","9.34K","2.10%"
"10/07/2009","3,186.00","3,212.78","3,252.94","3,145.84","7.54K","3.03%"
"10/06/2009","3,092.30","3,025.36","3,092.30","3,011.98","6.55K","3.13%"
"10/05/2009","2,998.59","2,891.50","2,998.59","2,891.50","1.95K","5.16%"
"10/02/2009","2,851.34","2,931.66","2,931.66","2,811.18","3.59K","-4.05%"
"10/01/2009","2,971.82","3,052.14","3,105.68","2,918.27","5.29K","-2.63%"
"09/30/2009","3,052.14","2,931.66","3,065.52","2,931.66","12.88K","5.56%"
"09/29/2009","2,891.50","2,784.41","2,918.27","2,771.02","7.62K","4.85%"
"09/28/2009","2,757.63","2,744.25","2,771.02","2,663.93","3.13K","1.48%"
"09/25/2009","2,717.47","2,837.95","2,878.11","2,717.47","6.28K","-1.93%"
"09/24/2009","2,771.02","2,690.70","2,878.11","2,690.70","5.21K","1.47%"
"09/23/2009","2,730.86","2,824.57","2,891.50","2,730.86","7.37K","-1.92%"
"09/22/2009","2,784.41","2,570.22","2,797.79","2,570.22","9.97K","9.47%"
"09/21/2009","2,543.45","2,503.29","2,543.45","2,503.29","6.26K","3.26%"
"09/18/2009","2,463.13","2,436.36","2,463.13","2,396.20","2.72K","-0.54%"
"09/17/2009","2,476.52","2,516.67","2,530.06","2,456.44","1.67K","-0.54%"
"09/16/2009","2,489.90","2,550.14","2,583.61","2,456.44","5.78K","-1.06%"
"09/15/2009","2,516.67","2,436.36","2,570.22","2,429.66","6.55K","4.74%"
"09/14/2009","2,402.89","2,429.66","2,429.66","2,349.34","5.19K","-1.37%"
"09/11/2009","2,436.36","2,543.45","2,556.83","2,422.97","4.69K","-3.19%"
"09/10/2009","2,516.67","2,637.15","2,730.86","2,496.59","14.41K","0.80%"
"09/09/2009","2,496.59","2,275.72","2,516.67","2,275.72","12.21K","9.06%"
"09/08/2009","2,289.10","2,208.78","2,369.42","2,208.78","11.95K","6.54%"
"09/07/2009","2,148.54","1,927.67","2,155.24","1,927.67","5.01K","13.03%"
"09/04/2009","1,900.89","1,860.73","1,927.67","1,827.27","0.85K","4.41%"
"09/03/2009","1,820.57","1,746.95","1,820.57","1,746.95","0.38K","4.62%"
"09/02/2009","1,740.25","1,800.49","1,800.49","1,726.87","1.19K","-4.06%"
"09/01/2009","1,813.88","1,807.19","1,833.96","1,780.41","0.41K","0.37%"
"08/31/2009","1,807.19","1,874.12","1,894.20","1,753.64","0.92K","-3.57%"
"08/28/2009","1,874.12","1,860.73","1,920.97","1,854.04","0.58K","0.72%"
"08/27/2009","1,860.73","1,880.81","1,920.97","1,847.35","0.65K","-3.47%"
"08/26/2009","1,927.67","1,927.67","1,934.36","1,874.12","0.91K","0.35%"
"08/25/2009","1,920.97","1,927.67","1,954.44","1,907.59","0.48K","-0.35%"
"08/24/2009","1,927.67","1,900.89","1,954.44","1,900.89","1.13K","2.13%"
"08/21/2009","1,887.51","1,900.89","1,927.67","1,880.81","0.77K","-0.70%"
"08/20/2009","1,900.89","1,874.12","1,914.28","1,874.12","2.22K","2.90%"
"08/19/2009","1,847.35","1,833.96","1,854.04","1,833.96","3.70K","1.10%"
"08/18/2009","1,827.27","1,820.57","1,827.27","1,807.19","4.24K","1.87%"
"08/17/2009","1,793.80","1,793.80","1,793.80","1,753.64","4.70K","1.51%"
"08/14/2009","1,767.03","1,800.49","1,807.19","1,726.87","1.53K","-2.22%"
"08/13/2009","1,807.19","1,813.88","1,813.88","1,780.41","1.17K","1.50%"
"08/12/2009","1,780.41","1,807.19","1,807.19","1,767.03","1.57K","-0.75%"
"08/11/2009","1,793.80","1,706.79","1,847.35","1,706.79","4.22K","6.35%"
"08/10/2009","1,686.71","1,619.77","1,787.11","1,619.77","4.51K","7.23%"
"08/07/2009","1,572.92","1,579.62","1,599.69","1,552.84","0.95K","2.17%"
"08/06/2009","1,539.46","1,606.39","1,606.39","1,539.46","0.93K","-4.17%"
"08/05/2009","1,606.39","1,606.39","1,606.39","1,552.84","0.46K","2.56%"
"08/04/2009","1,566.23","1,593.00","1,593.00","1,552.84","0.34K","0.00%"
"08/03/2009","1,566.23","1,606.39","1,633.16","1,552.84","2.75K","-0.85%"
"07/31/2009","1,579.62","1,579.62","1,579.62","1,539.46","0.17K","-0.42%"
"07/30/2009","1,586.31","1,572.92","1,599.69","1,566.23","0.13K","2.16%"
"07/29/2009","1,552.84","1,552.84","1,566.23","1,546.15","0.41K","-1.70%"
"07/28/2009","1,579.62","1,606.39","1,613.08","1,519.38","0.55K","-1.25%"
"07/27/2009","1,599.69","1,613.08","1,613.08","1,566.23","0.66K","-0.42%"
"07/24/2009","1,606.39","1,606.39","1,633.16","1,593.00","0.78K","0.84%"
"07/23/2009","1,593.00","1,579.62","1,599.69","1,559.54","0.43K","-0.83%"
"07/22/2009","1,606.39","1,606.39","1,619.77","1,599.69","0.39K","-1.64%"
"07/21/2009","1,633.16","1,579.62","1,633.16","1,579.62","0.91K","2.52%"
"07/20/2009","1,593.00","1,599.69","1,599.69","1,566.23","0.30K","-0.83%"
"07/17/2009","1,606.39","1,633.16","1,659.93","1,606.39","1.08K","0.42%"
"07/16/2009","1,599.69","1,599.69","1,619.77","1,552.84","2.66K","-1.24%"
"07/15/2009","1,619.77","1,659.93","1,693.40","1,586.31","7.18K","-2.42%"
"07/14/2009","1,659.93","1,505.99","1,673.32","1,492.60","11.63K","18.09%"
"07/13/2009","1,405.59","1,285.11","1,418.98","1,285.11","0.58K","8.25%"
"07/10/2009","1,298.50","1,338.66","1,338.66","1,298.50","0.62K","-3.00%"
"07/09/2009","1,338.66","1,365.43","1,378.82","1,298.50","0.93K","-0.99%"
"07/08/2009","1,352.04","1,432.36","1,432.36","1,352.04","1.12K","-6.91%"
"07/07/2009","1,452.44","1,338.66","1,459.14","1,258.34","1.82K","6.37%"
"07/06/2009","1,365.43","1,445.75","1,445.75","1,365.43","0.24K","-4.67%"
"07/03/2009","1,432.36","1,385.51","1,432.36","1,352.04","0.80K","8.08%"
"07/02/2009","1,325.27","1,338.66","1,392.20","1,325.27","1.05K","-1.00%"
"07/01/2009","1,338.66","1,269.05","1,338.66","1,244.95","0.74K","11.11%"
"06/30/2009","1,204.79","1,298.50","1,298.50","1,204.79","0.51K","-4.26%"
"06/29/2009","1,258.34","1,231.56","1,258.34","1,231.56","0.50K","1.08%"
"06/26/2009","1,244.95","1,218.18","1,255.66","1,218.18","0.37K","2.88%"
"06/25/2009","1,210.15","1,252.98","1,261.01","1,204.79","0.53K","-1.74%"
"06/24/2009","1,231.56","1,196.76","1,231.56","1,194.08","0.26K","4.07%"
"06/23/2009","1,183.37","1,244.95","1,258.34","1,180.70","0.52K","0.23%"
"06/22/2009","1,180.70","1,285.11","1,285.11","1,180.70","1.04K","-6.17%"
"06/19/2009","1,258.34","1,309.21","1,309.21","1,204.79","1.85K","-2.08%"
"06/18/2009","1,285.11","1,319.92","1,325.27","1,277.08","1.00K","-2.64%"
"06/17/2009","1,319.92","1,385.51","1,385.51","1,314.56","0.35K","-3.33%"
"06/16/2009","1,365.43","1,338.66","1,365.43","1,298.50","1.90K","-1.45%"
"06/15/2009","1,385.51","1,418.98","1,459.14","1,365.43","0.59K","-1.90%"
"06/12/2009","1,412.28","1,472.52","1,472.52","1,392.20","1.40K","-4.96%"
"06/11/2009","1,485.91","1,445.75","1,499.30","1,418.98","1.44K","3.26%"
"06/10/2009","1,439.06","1,425.67","1,445.75","1,405.59","1.22K","1.42%"
"06/09/2009","1,418.98","1,425.67","1,459.14","1,405.59","1.38K","-0.47%"
"06/08/2009","1,425.67","1,445.75","1,499.30","1,425.67","1.12K","-3.18%"
"06/05/2009","1,472.52","1,499.30","1,539.46","1,472.52","10.24K","-0.90%"
"06/04/2009","1,485.91","1,512.68","1,512.68","1,472.52","0.67K","-0.89%"
"06/03/2009","1,499.30","1,559.54","1,566.23","1,472.52","0.98K","-3.45%"
"06/02/2009","1,552.84","1,552.84","1,566.23","1,526.07","1.33K","3.57%"
"05/29/2009","1,499.30","1,526.07","1,539.46","1,459.14","0.93K","0.00%"
"05/28/2009","1,499.30","1,432.36","1,499.30","1,432.36","0.21K","2.75%"
"05/27/2009","1,459.14","1,512.68","1,512.68","1,445.75","0.19K","0.00%"
"05/26/2009","1,459.14","1,499.30","1,499.30","1,459.14","0.04K","-4.39%"
"05/25/2009","1,526.07","1,526.07","1,526.07","1,459.14","0.55K","0.00%"
"05/22/2009","1,526.07","1,472.52","1,526.07","1,452.44","0.53K","0.89%"
"05/20/2009","1,512.68","1,499.30","1,526.07","1,472.52","0.62K","1.35%"
"05/19/2009","1,492.60","1,472.52","1,499.30","1,432.36","0.87K","1.36%"
"05/18/2009","1,472.52","1,452.44","1,472.52","1,445.75","0.47K","1.38%"
"05/15/2009","1,452.44","1,418.98","1,459.14","1,418.98","0.35K","5.85%"
"05/14/2009","1,372.12","1,358.74","1,385.51","1,311.88","1.28K","-1.44%"
"05/13/2009","1,392.20","1,445.75","1,445.75","1,338.66","1.28K","-5.45%"
"05/12/2009","1,472.52","1,499.30","1,526.07","1,445.75","0.69K","-1.79%"
"05/11/2009","1,499.30","1,566.23","1,593.00","1,445.75","1.55K","-4.27%"
"05/08/2009","1,566.23","1,512.68","1,579.62","1,499.30","1.56K","2.63%"
"05/07/2009","1,526.07","1,432.36","1,526.07","1,432.36","8.29K","8.57%"
"05/06/2009","1,405.59","1,365.43","1,445.75","1,338.66","4.15K","2.94%"
"05/05/2009","1,365.43","1,311.88","1,392.20","1,290.47","2.89K","6.25%"
"05/04/2009","1,285.11","1,231.56","1,285.11","1,231.56","1.96K","2.13%"
"04/30/2009","1,258.34","1,258.34","1,258.34","1,204.79","0.60K","0.00%"
"04/29/2009","1,258.34","1,183.37","1,311.88","1,183.37","1.57K","6.82%"
"04/28/2009","1,178.02","1,151.24","1,186.05","1,140.54","2.90K","2.33%"
"04/27/2009","1,151.24","1,121.79","1,178.02","1,119.12","21.74K","1.18%"
"04/24/2009","1,137.86","1,077.62","1,137.86","1,070.93","8.56K","4.94%"
"04/23/2009","1,084.31","982.57","1,097.70","982.57","3.14K","6.58%"
"04/22/2009","1,017.38","1,014.70","1,022.73","990.61","0.28K","2.70%"
"04/21/2009","990.61","1,009.35","1,009.35","979.90","0.43K","-1.33%"
"04/20/2009","1,003.99","1,003.99","1,017.38","990.61","0.49K","-3.60%"
"04/17/2009","1,041.48","1,041.48","1,041.48","979.90","0.45K","0.00%"
"04/16/2009","1,041.48","1,030.77","1,044.15","1,030.77","0.60K","0.26%"
"04/15/2009","1,038.80","1,017.38","1,057.54","1,014.70","0.51K","4.86%"
"04/14/2009","990.61","1,017.38","1,017.38","977.22","0.27K","-1.60%"
"04/08/2009","1,006.67","974.54","1,006.67","974.54","0.07K","-4.57%"
"04/07/2009","1,054.86","1,017.38","1,054.86","998.64","1.15K","6.49%"
"04/06/2009","990.61","1,017.38","1,017.38","982.57","0.16K","0.00%"
"04/03/2009","990.61","1,012.02","1,012.02","963.83","0.32K","-1.33%"
"04/02/2009","1,003.99","937.06","1,003.99","937.06","0.47K","7.14%"
"04/01/2009","937.06","937.06","937.06","923.67","0.25K","0.00%"
"03/31/2009","937.06","937.06","937.06","915.64","0.24K","0.57%"
"03/30/2009","931.71","910.29","937.06","910.29","0.11K","1.46%"
"03/27/2009","918.32","923.67","934.38","918.32","0.10K","-2.00%"
"03/26/2009","937.06","883.51","937.06","883.51","0.61K","2.94%"
"03/25/2009","910.29","896.90","910.29","883.51","0.13K","1.49%"
"03/24/2009","896.90","942.41","942.41","896.90","0.56K","-4.29%"
"03/23/2009","937.06","923.67","950.45","923.67","0.32K","4.48%"
"03/20/2009","896.90","856.74","931.71","843.35","0.49K","3.08%"
"03/19/2009","870.13","878.16","888.87","870.13","0.18K","2.85%"
"03/18/2009","846.03","888.87","888.87","846.03","0.35K","-4.82%"
"03/17/2009","888.87","883.51","923.67","883.51","0.15K","1.53%"
"03/16/2009","875.48","907.61","907.61","870.13","0.19K","-6.30%"
"03/13/2009","934.38","942.41","942.41","891.55","0.29K","7.72%"
"03/12/2009","867.45","867.45","883.51","843.35","1.31K","1.25%"
"03/11/2009","856.74","923.67","923.67","856.74","0.98K","-8.57%"
"03/10/2009","937.06","878.16","937.06","870.13","0.51K","7.69%"
"03/09/2009","870.13","843.35","870.13","843.35","0.08K","4.84%"
"03/06/2009","829.97","856.74","856.74","776.42","0.49K","-1.59%"
"03/05/2009","843.35","832.64","856.74","829.97","2.05K","-0.32%"
"03/04/2009","846.03","856.74","870.13","846.03","0.13K","-1.25%"
"03/03/2009","856.74","832.64","870.13","832.64","0.99K","0.00%"
"03/02/2009","856.74","904.93","904.93","832.64","0.62K","-8.31%"
"02/27/2009","934.38","904.93","934.38","846.03","0.20K","3.25%"
"02/26/2009","904.93","937.06","937.06","886.19","0.63K","-3.43%"
"02/25/2009","937.06","883.51","963.83","883.51","3.56K","7.69%"
"02/24/2009","870.13","829.97","870.13","789.81","1.57K","-1.51%"
"02/23/2009","883.51","979.90","985.25","883.51","1.38K","-11.05%"
"02/20/2009","993.28","1,017.38","1,017.38","939.74","2.02K","-9.51%"
"02/19/2009","1,097.70","1,065.57","1,124.47","1,065.57","0.35K","3.28%"
"02/18/2009","1,062.89","1,073.60","1,073.60","1,062.89","0.34K","-1.00%"
"02/17/2009","1,073.60","1,073.60","1,095.02","1,073.60","0.41K","-0.99%"
"02/16/2009","1,084.31","1,084.31","1,111.09","1,084.31","0.08K","-1.22%"
"02/13/2009","1,097.70","1,124.47","1,124.47","1,097.70","21.12K","-3.53%"
"02/12/2009","1,137.86","1,137.86","1,137.86","1,097.70","0.22K","2.41%"
"02/11/2009","1,111.09","1,092.34","1,111.09","1,084.31","0.78K","-0.72%"
"02/10/2009","1,119.12","1,124.47","1,124.47","1,084.31","0.52K","-0.48%"
"02/09/2009","1,124.47","1,111.09","1,159.28","1,073.60","2.03K","0.24%"
"02/06/2009","1,121.79","1,073.60","1,121.79","1,068.25","2.82K","4.75%"
"02/05/2009","1,070.93","1,095.02","1,095.02","1,060.22","0.51K","-2.20%"
"02/04/2009","1,095.02","1,086.99","1,111.09","1,086.99","1.52K","4.87%"
"02/03/2009","1,044.15","1,017.38","1,044.15","966.51","0.27K","0.00%"
"02/02/2009","1,044.15","1,081.63","1,081.63","1,030.77","3.26K","-2.26%"
"01/30/2009","1,068.25","1,070.93","1,070.93","1,038.80","1.43K","-0.50%"
"01/29/2009","1,073.60","1,095.02","1,097.70","1,070.93","1.42K","-2.91%"
"01/28/2009","1,105.73","1,097.70","1,124.47","1,073.60","0.55K","0.73%"
"01/27/2009","1,097.70","1,137.86","1,148.57","1,070.93","0.75K","-2.61%"
"01/26/2009","1,127.15","1,086.99","1,137.86","1,086.99","0.23K","2.68%"
"01/23/2009","1,097.70","1,097.70","1,121.79","1,097.70","0.35K","0.00%"
"01/22/2009","1,097.70","1,097.70","1,124.47","1,057.54","0.52K","0.00%"
"01/21/2009","1,097.70","1,129.83","1,132.50","1,095.02","1.58K","-4.65%"
"01/20/2009","1,151.24","1,231.56","1,236.92","1,151.24","0.98K","-6.52%"
"01/19/2009","1,231.56","1,244.95","1,258.34","1,210.15","2.26K","3.84%"
"01/16/2009","1,186.05","1,164.63","1,186.05","1,127.15","2.34K","3.02%"
"01/15/2009","1,151.24","1,145.89","1,151.24","1,111.09","5.11K","0.47%"
"01/14/2009","1,145.89","1,183.37","1,204.79","1,100.38","3.05K","-1.16%"
"01/13/2009","1,159.28","1,092.34","1,178.02","1,084.31","3.19K","7.98%"
"01/12/2009","1,073.60","1,086.99","1,097.70","1,060.22","0.84K","1.26%"
"01/09/2009","1,060.22","1,041.48","1,089.67","1,030.77","1.49K","4.21%"
"01/08/2009","1,017.38","1,003.99","1,030.77","995.96","5.21K","1.60%"
"01/07/2009","1,001.32","1,003.99","1,022.73","995.96","1.57K","0.54%"
"01/06/2009","995.96","1,022.73","1,022.73","923.67","9.20K","-2.11%"
"01/05/2009","1,017.38","1,014.70","1,028.09","990.61","4.94K","2.70%"
"01/02/2009","990.61","993.28","1,003.99","990.61","3.72K","0.27%"