"Date","Price","Open","High","Low","Vol.","Change %"
"12/30/2025","112.50","112.70","113.20","112.40","1.43M","-0.09%"
"12/29/2025","112.60","112.30","113.00","112.00","984.21K","0.54%"
"12/23/2025","112.00","111.60","112.70","111.60","1.10M","0.36%"
"12/22/2025","111.60","112.20","112.60","111.50","1.18M","-0.98%"
"12/19/2025","112.70","111.80","113.30","111.70","2.99M","0.09%"
"12/18/2025","112.60","111.90","113.20","111.90","1.54M","0.90%"
"12/17/2025","111.60","112.00","112.50","110.60","1.42M","0.18%"
"12/16/2025","111.40","111.30","112.50","111.30","1.53M","0.18%"
"12/15/2025","111.20","109.10","111.90","109.10","1.50M","1.83%"
"12/12/2025","109.20","109.70","110.00","108.90","963.26K","-0.55%"
"12/11/2025","109.80","109.20","110.30","109.00","1.40M","0.73%"
"12/10/2025","109.00","108.90","109.00","108.30","1.16M","-0.09%"
"12/09/2025","109.10","106.50","109.20","106.40","1.65M","2.15%"
"12/08/2025","106.80","107.40","107.70","106.80","1.29M","-0.74%"
"12/05/2025","107.60","107.50","108.00","107.40","1.39M","-0.09%"
"12/04/2025","107.70","107.00","108.00","106.50","1.24M","0.56%"
"12/03/2025","107.10","107.40","108.00","107.00","1.22M","-0.46%"
"12/02/2025","107.60","108.30","108.50","107.60","1.08M","-0.09%"
"12/01/2025","107.70","108.30","108.40","107.50","1.44M","-0.55%"
"11/28/2025","108.30","108.00","109.00","107.90","1.69M","0.19%"
"11/27/2025","108.10","108.40","108.80","108.10","863.68K","-0.18%"
"11/26/2025","108.30","107.30","109.10","107.30","1.26M","0.93%"
"11/25/2025","107.30","106.10","107.80","106.10","1.30M","1.13%"
"11/24/2025","106.10","106.40","106.90","106.10","3.79M","0.00%"
"11/21/2025","106.10","104.80","106.50","104.40","1.43M","1.63%"
"11/20/2025","104.40","105.10","105.30","104.20","972.14K","-0.57%"
"11/19/2025","105.00","104.40","105.80","104.40","884.59K","0.77%"
"11/18/2025","104.20","106.10","106.30","104.20","1.64M","-1.98%"
"11/17/2025","106.30","107.50","107.50","105.30","950.47K","-0.75%"
"11/14/2025","107.10","108.70","109.30","105.60","1.99M","4.59%"
"11/13/2025","102.40","103.70","104.40","102.40","1.12M","-1.06%"
"11/12/2025","103.50","103.00","103.50","102.10","1.44M","1.47%"
"11/11/2025","102.00","101.50","102.00","100.90","1.07M","0.79%"
"11/10/2025","101.20","101.00","101.80","100.60","836.07K","0.10%"
"11/07/2025","101.10","102.00","102.30","100.70","1.39M","-0.88%"
"11/06/2025","102.00","102.50","103.20","101.80","656.46K","-0.58%"
"11/05/2025","102.60","103.70","103.90","102.60","862.36K","-1.06%"
"11/04/2025","103.70","103.80","103.80","102.20","625.71K","-0.10%"
"11/03/2025","103.80","102.70","104.00","102.10","666.52K","1.07%"
"10/31/2025","102.70","103.60","103.80","102.10","962.44K","-0.39%"
"10/30/2025","103.10","103.10","104.30","103.10","618.02K","-0.67%"
"10/29/2025","103.80","105.80","106.00","103.80","840.81K","-1.89%"
"10/28/2025","105.80","106.40","106.90","105.80","869.56K","-0.19%"
"10/27/2025","106.00","106.40","106.50","105.90","718.19K","-0.38%"
"10/24/2025","106.40","105.90","106.90","105.60","606.37K","0.19%"
"10/23/2025","106.20","106.00","106.50","105.70","719.02K","-0.09%"
"10/22/2025","106.30","106.80","106.80","106.00","632.00K","-0.28%"
"10/21/2025","106.60","106.10","106.90","106.00","578.97K","0.57%"
"10/20/2025","106.00","105.10","106.10","105.10","1.02M","0.19%"
"10/17/2025","105.80","106.00","106.00","104.90","972.90K","-0.28%"
"10/16/2025","106.10","105.40","106.10","104.50","1.27M","0.95%"
"10/15/2025","105.10","104.10","105.10","103.30","1.45M","1.06%"
"10/14/2025","104.00","103.10","104.90","103.00","1.14M","1.36%"
"10/13/2025","102.60","104.00","104.00","101.90","725.68K","-1.54%"
"10/10/2025","104.20","103.20","104.20","103.00","967.43K","1.36%"
"10/09/2025","102.80","102.10","103.70","102.10","663.85K","0.59%"
"10/08/2025","102.20","102.40","102.60","101.80","828.20K","0.00%"
"10/07/2025","102.20","102.70","102.70","101.80","1.32M","0.00%"
"10/06/2025","102.20","102.60","102.80","102.10","765.62K","-0.68%"
"10/03/2025","102.90","103.50","103.80","102.50","859.83K","-0.48%"
"10/02/2025","103.40","104.80","105.00","103.20","683.62K","-1.52%"
"10/01/2025","105.00","104.10","105.00","104.10","925.55K","0.77%"
"09/30/2025","104.20","103.60","104.50","103.40","881.41K","0.39%"
"09/29/2025","103.80","104.00","104.60","103.60","705.61K","-0.10%"
"09/26/2025","103.90","104.00","104.60","103.80","729.13K","0.19%"
"09/25/2025","103.70","103.60","104.80","103.50","883.92K","-0.10%"
"09/24/2025","103.80","103.80","104.40","103.50","1.14M","0.29%"
"09/23/2025","103.50","105.40","105.50","103.50","1.06M","-1.99%"
"09/22/2025","105.60","105.80","106.20","105.30","674.29K","-0.28%"
"09/19/2025","105.90","106.50","106.80","105.90","3.78M","-0.75%"
"09/18/2025","106.70","107.30","107.40","106.40","857.26K","-0.56%"
"09/17/2025","107.30","108.30","108.60","107.30","1.16M","-0.92%"
"09/16/2025","108.30","110.80","110.80","108.30","1.13M","-2.70%"
"09/15/2025","111.30","113.40","113.40","111.10","643.92K","-1.77%"
"09/12/2025","113.30","113.60","113.70","113.10","461.46K","-0.18%"
"09/11/2025","113.50","113.20","114.30","113.20","773.78K","0.35%"
"09/10/2025","113.10","113.90","114.30","113.10","764.33K","-0.79%"
"09/09/2025","114.00","113.60","114.30","113.20","681.58K","0.62%"
"09/08/2025","113.30","113.00","113.60","112.60","531.29K","0.00%"
"09/05/2025","113.30","114.20","114.50","112.70","712.04K","-0.79%"
"09/04/2025","114.20","112.10","114.70","112.10","689.00K","1.87%"
"09/03/2025","112.10","111.00","112.30","111.00","957.74K","0.72%"
"09/02/2025","111.30","111.90","112.30","111.10","751.06K","-0.89%"
"09/01/2025","112.30","112.40","112.90","111.90","462.32K","0.00%"
"08/29/2025","112.30","111.20","112.60","110.90","1.13M","1.17%"
"08/28/2025","111.00","112.50","112.70","110.80","628.06K","-1.42%"
"08/27/2025","112.60","113.10","113.40","112.60","568.40K","-0.44%"
"08/26/2025","113.10","114.00","114.00","112.90","2.14M","-1.14%"
"08/25/2025","114.40","114.50","114.90","114.00","657.44K","-0.09%"
"08/22/2025","114.50","115.20","115.50","114.10","729.99K","-0.61%"
"08/21/2025","115.20","115.30","115.90","114.40","810.70K","-0.17%"
"08/20/2025","115.40","113.30","115.70","113.00","956.56K","2.58%"
"08/19/2025","112.50","112.00","112.90","111.70","719.06K","0.81%"
"08/18/2025","111.60","112.10","112.30","111.30","465.50K","-0.36%"
"08/15/2025","112.00","112.60","112.70","111.40","692.61K","0.00%"
"08/14/2025","112.00","111.70","112.70","111.40","488.47K","0.45%"
"08/13/2025","111.50","111.20","111.90","110.70","756.49K","0.45%"
"08/12/2025","111.00","111.10","111.70","110.90","462.45K","0.00%"
"08/11/2025","111.00","110.50","111.20","110.50","564.22K","0.63%"
"08/08/2025","110.30","110.40","110.80","110.00","579.53K","0.27%"
"08/07/2025","110.00","109.00","110.10","109.00","721.95K","0.82%"
"08/06/2025","109.10","110.10","110.10","108.80","976.96K","-0.91%"
"08/05/2025","110.10","109.60","110.80","109.30","1.16M","0.73%"
"08/04/2025","109.30","108.50","109.80","108.30","857.34K","0.92%"
"08/01/2025","108.30","108.80","109.50","108.30","563.23K","-0.64%"
"07/31/2025","109.00","108.40","109.50","108.40","1.05M","0.55%"
"07/30/2025","108.40","108.00","108.90","107.90","506.67K","0.37%"
"07/29/2025","108.00","107.10","108.10","106.80","865.48K","0.56%"
"07/28/2025","107.40","108.00","108.30","107.30","698.04K","-0.28%"
"07/25/2025","107.70","108.60","109.00","107.40","554.27K","-0.65%"
"07/24/2025","108.40","108.40","109.30","107.80","857.85K","-0.09%"
"07/23/2025","108.50","108.60","108.90","107.70","975.57K","0.28%"
"07/22/2025","108.20","107.90","108.60","107.90","635.01K","0.09%"
"07/21/2025","108.10","109.50","109.50","107.90","589.81K","-1.37%"
"07/18/2025","109.60","110.50","110.50","109.10","1.12M","-0.99%"
"07/17/2025","110.70","109.00","110.70","108.50","1.47M","1.84%"
"07/16/2025","108.70","108.40","109.00","107.80","1.10M","0.56%"
"07/15/2025","108.10","109.30","109.40","107.80","1.82M","0.37%"
"07/14/2025","107.70","107.00","108.60","104.00","1.02M","0.37%"
"07/11/2025","107.30","107.20","107.30","106.10","889.20K","0.66%"
"07/10/2025","106.60","106.80","107.20","106.40","1.30M","-0.19%"
"07/09/2025","106.80","107.20","107.60","106.60","947.93K","-0.19%"
"07/08/2025","107.00","107.00","107.00","106.50","920.14K","-0.09%"
"07/07/2025","107.10","107.70","107.80","106.70","726.72K","-0.46%"
"07/04/2025","107.60","107.60","107.90","107.10","564.98K","0.00%"
"07/03/2025","107.60","108.70","108.70","107.60","1.11M","-0.28%"
"07/02/2025","107.90","109.40","109.40","107.20","1.02M","-0.92%"
"07/01/2025","108.90","110.00","110.00","108.90","678.28K","-0.64%"
"06/30/2025","109.60","109.30","110.00","108.90","1.72M","0.83%"
"06/27/2025","108.70","108.00","109.40","108.00","723.21K","0.93%"
"06/26/2025","107.70","107.80","107.80","107.00","1.29M","-0.28%"
"06/25/2025","108.00","107.60","108.80","107.60","913.21K","0.19%"
"06/24/2025","107.80","108.70","109.00","107.60","1.60M","-0.37%"
"06/23/2025","108.20","108.20","108.90","107.80","934.64K","-0.55%"
"06/20/2025","108.80","109.00","109.30","108.70","1.96M","-0.09%"
"06/19/2025","108.90","107.90","109.30","107.90","666.83K","0.55%"
"06/18/2025","108.30","107.30","108.40","107.00","1.09M","0.84%"
"06/17/2025","107.40","108.00","108.20","107.40","944.30K","-1.20%"
"06/16/2025","108.70","109.90","110.00","108.40","1.14M","-1.18%"
"06/13/2025","110.00","110.30","110.30","109.30","753.98K","-0.27%"
"06/12/2025","110.30","110.30","111.40","109.90","1.31M","0.00%"
"06/11/2025","110.30","114.20","114.30","110.30","1.90M","-4.00%"
"06/10/2025","114.90","115.50","115.50","114.30","1.50M","-0.09%"
"06/06/2025","115.00","115.30","116.00","114.80","641.13K","-0.17%"
"06/05/2025","115.20","114.60","115.60","114.60","941.33K","0.44%"
"06/04/2025","114.70","114.30","115.10","113.80","815.08K","0.35%"
"06/03/2025","114.30","115.50","115.70","114.30","1.45M","-0.44%"
"06/02/2025","114.80","115.50","115.80","114.40","1.25M","-0.69%"
"05/30/2025","115.60","115.50","116.60","115.40","5.14M","0.17%"
"05/28/2025","115.40","116.00","116.10","115.00","1.19M","-0.26%"
"05/27/2025","115.70","116.40","116.40","115.00","1.02M","-0.26%"
"05/26/2025","116.00","115.10","116.00","114.90","823.37K","1.13%"
"05/23/2025","114.70","114.10","115.20","113.70","1.21M","0.70%"
"05/22/2025","113.90","114.90","114.90","113.70","1.05M","-0.70%"
"05/21/2025","114.70","114.60","115.20","113.70","1.61M","0.09%"
"05/20/2025","114.60","113.30","114.60","112.70","2.30M","1.33%"
"05/19/2025","113.10","112.30","113.10","111.30","1.13M","1.16%"
"05/16/2025","111.80","111.40","112.70","111.10","1.86M","0.99%"
"05/15/2025","110.70","108.70","110.80","108.30","1.62M","2.22%"
"05/14/2025","108.30","107.70","108.70","106.50","1.64M","0.56%"
"05/13/2025","107.70","108.30","108.90","107.60","1.54M","-0.74%"
"05/12/2025","108.50","111.20","111.60","107.40","2.30M","-2.60%"
"05/09/2025","111.40","116.10","116.40","110.20","2.63M","-5.75%"
"05/08/2025","118.20","119.00","119.40","117.30","1.60M","-0.17%"
"05/07/2025","118.40","117.40","118.80","117.20","1.57M","1.20%"
"05/06/2025","117.00","117.70","118.00","116.70","1.40M","-0.26%"
"05/05/2025","117.30","117.00","117.50","116.60","896.98K","0.34%"
"05/02/2025","116.90","115.80","116.90","114.30","1.88M","1.12%"
"04/30/2025","115.60","113.40","115.60","113.30","2.21M","2.48%"
"04/29/2025","112.80","111.50","112.80","111.10","1.50M","1.17%"
"04/28/2025","111.50","111.20","111.50","110.60","1.44M","0.72%"
"04/25/2025","110.70","111.30","111.60","109.60","1.56M","-8.74%"
"04/24/2025","121.30","121.30","123.00","121.10","1.60M","0.58%"
"04/23/2025","120.60","120.00","120.70","119.20","1.77M","1.01%"
"04/22/2025","119.40","125.00","125.40","119.20","1.60M","-1.57%"
"04/16/2025","121.30","120.10","121.30","119.20","1.14M","1.51%"
"04/15/2025","119.50","117.20","119.50","117.20","1.20M","2.31%"
"04/14/2025","116.80","116.40","117.00","115.90","951.91K","1.30%"
"04/11/2025","115.30","114.40","115.60","113.30","1.12M","1.77%"
"04/10/2025","113.30","115.40","115.50","111.10","1.21M","0.80%"
"04/09/2025","112.40","111.60","113.30","110.70","1.86M","-1.14%"
"04/08/2025","113.70","111.60","114.20","110.50","1.72M","1.88%"
"04/07/2025","111.60","111.40","112.70","108.00","2.35M","-2.28%"
"04/04/2025","114.20","116.30","117.50","113.70","1.95M","-0.87%"
"04/03/2025","115.20","113.70","115.20","113.40","1.21M","1.32%"
"04/02/2025","113.70","114.50","115.40","113.60","1.22M","-1.47%"
"04/01/2025","115.40","115.90","116.10","114.90","1.10M","0.09%"
"03/31/2025","115.30","113.30","115.80","112.60","1.97M","1.77%"
"03/28/2025","113.30","113.00","113.80","112.80","848.22K","0.35%"
"03/27/2025","112.90","112.50","113.00","112.00","976.81K","0.71%"
"03/26/2025","112.10","112.40","113.00","111.50","879.85K","0.00%"
"03/25/2025","112.10","111.60","112.60","111.60","1.06M","0.63%"
"03/24/2025","111.40","111.60","111.90","110.90","882.88K","0.00%"
"03/21/2025","111.40","109.70","111.40","109.60","6.10M","1.46%"
"03/20/2025","109.80","110.40","110.50","108.80","1.47M","-0.63%"
"03/19/2025","110.50","109.60","110.80","109.60","901.24K","0.82%"
"03/18/2025","109.60","110.00","110.60","108.80","876.99K","-0.18%"
"03/17/2025","109.80","108.70","109.80","108.40","984.19K","1.01%"
"03/14/2025","108.70","108.00","108.70","107.10","1.40M","1.30%"
"03/13/2025","107.30","106.60","107.70","106.60","1.25M","0.75%"
"03/12/2025","106.50","107.20","107.70","106.50","1.02M","-0.75%"
"03/11/2025","107.30","108.10","108.30","107.00","1.07M","-0.83%"
"03/10/2025","108.20","108.40","109.00","108.00","979.85K","-0.18%"
"03/07/2025","108.40","107.10","108.90","107.10","1.06M","1.31%"
"03/06/2025","107.00","108.90","109.10","106.80","1.51M","-1.74%"
"03/05/2025","108.90","110.30","110.30","108.20","1.36M","-1.63%"
"03/04/2025","110.70","109.50","110.70","109.10","1.29M","1.00%"
"03/03/2025","109.60","108.70","109.70","108.20","1.20M","0.83%"
"02/28/2025","108.70","108.30","109.10","108.20","2.74M","0.37%"
"02/27/2025","108.30","107.90","108.60","107.60","1.25M","-0.09%"
"02/26/2025","108.40","107.80","108.40","106.90","1.36M","0.74%"
"02/25/2025","107.60","108.30","108.30","107.20","788.03K","-0.37%"
"02/24/2025","108.00","107.00","108.00","106.70","1.25M","1.31%"
"02/21/2025","106.60","106.10","107.10","106.10","1.20M","0.76%"
"02/20/2025","105.80","106.00","106.80","105.30","888.80K","-0.09%"
"02/19/2025","105.90","106.60","107.10","105.50","1.08M","-0.66%"
"02/18/2025","106.60","108.30","108.50","106.60","1.03M","-1.30%"
"02/17/2025","108.00","107.60","108.30","106.60","938.24K","0.47%"
"02/14/2025","107.50","108.50","108.60","106.50","1.15M","-1.01%"
"02/13/2025","108.60","108.10","109.20","105.60","2.11M","5.13%"
"02/12/2025","103.30","105.00","105.10","102.40","2.03M","-1.15%"
"02/11/2025","104.50","104.50","104.70","103.90","789.83K","0.19%"
"02/10/2025","104.30","103.90","104.60","103.70","759.21K","0.58%"
"02/07/2025","103.70","103.40","104.40","103.20","1.07M","0.00%"
"02/06/2025","103.70","103.10","103.70","102.90","1.09M","1.07%"
"02/05/2025","102.60","102.00","103.00","101.70","1.02M","-0.10%"
"02/04/2025","102.70","102.70","103.20","102.20","1.29M","-0.68%"
"02/03/2025","103.40","104.20","104.50","102.80","694.96K","-1.80%"
"01/31/2025","105.30","105.40","105.50","104.70","1.52M","0.00%"
"01/30/2025","105.30","104.00","105.30","103.80","968.23K","1.25%"
"01/29/2025","104.00","102.90","104.00","102.60","607.67K","0.97%"
"01/28/2025","103.00","102.10","103.80","101.70","769.64K","0.88%"
"01/27/2025","102.10","100.70","102.20","100.10","857.08K","1.39%"
"01/24/2025","100.70","100.80","101.70","100.30","1.16M","1.21%"
"01/23/2025","99.50","99.75","100.40","99.50","826.28K","-0.45%"
"01/22/2025","99.95","100.00","100.40","99.30","1.04M","-0.35%"
"01/21/2025","100.30","99.70","100.30","99.25","990.79K","0.50%"
"01/20/2025","99.80","99.15","100.40","99.15","665.54K","0.40%"
"01/17/2025","99.40","98.80","99.60","98.70","1.28M","0.86%"
"01/16/2025","98.55","98.15","99.00","98.15","1.04M","0.56%"
"01/15/2025","98.00","98.60","99.10","98.00","901.38K","-0.51%"
"01/14/2025","98.50","99.20","99.40","98.35","1.08M","-0.51%"
"01/13/2025","99.00","100.00","100.30","98.45","1.15M","-1.39%"
"01/10/2025","100.40","102.00","102.10","100.20","708.31K","-1.67%"
"01/09/2025","102.10","100.50","102.30","99.95","767.64K","3.24%"
"01/08/2025","98.90","98.10","99.15","98.10","1.29M","1.12%"
"01/07/2025","97.80","97.25","97.85","96.85","1.06M","0.46%"
"01/06/2025","97.35","98.45","98.65","97.10","995.95K","-1.42%"
"01/03/2025","98.75","98.70","99.15","98.45","689.35K","0.05%"
"01/02/2025","98.70","98.45","99.15","98.30","548.54K","0.36%"
"12/30/2024","98.35","99.50","99.65","98.30","691.29K","-1.11%"
"12/27/2024","99.45","98.60","99.45","98.60","688.37K","0.86%"
"12/23/2024","98.60","98.00","99.00","97.75","616.54K","0.61%"
"12/20/2024","98.00","97.95","98.35","97.40","1.92M","-0.15%"
"12/19/2024","98.15","97.55","98.85","97.50","1.01M","0.10%"
"12/18/2024","98.05","98.60","99.40","97.85","807.33K","-0.56%"
"12/17/2024","98.60","99.30","99.60","98.40","1.38M","-1.79%"
"12/16/2024","100.40","102.20","102.20","99.65","1.19M","-1.86%"
"12/13/2024","102.30","101.90","102.50","101.50","697.30K","0.29%"
"12/12/2024","102.00","100.10","102.10","100.10","1.04M","1.69%"
"12/11/2024","100.30","99.50","101.10","99.50","857.02K","0.80%"
"12/10/2024","99.50","100.50","100.80","99.50","683.00K","-1.09%"
"12/09/2024","100.60","101.60","102.00","100.10","1.02M","-0.89%"
"12/06/2024","101.50","102.50","102.70","101.50","1.02M","-0.88%"
"12/05/2024","102.40","102.40","102.70","101.30","867.09K","-0.10%"
"12/04/2024","102.50","102.50","102.60","101.60","1.16M","-0.29%"
"12/03/2024","102.80","101.80","102.90","101.80","1.03M","1.38%"
"12/02/2024","101.40","101.90","102.90","101.40","1.15M","-0.49%"
"11/29/2024","101.90","101.90","102.10","100.50","1.16M","0.99%"
"11/28/2024","100.90","100.80","101.60","100.00","761.58K","-0.59%"
"11/27/2024","101.50","100.60","102.00","100.60","893.75K","1.20%"
"11/26/2024","100.30","101.80","101.90","99.95","1.14M","-1.57%"
"11/25/2024","101.90","101.90","102.20","101.10","3.82M","0.30%"
"11/22/2024","101.60","99.75","101.90","99.75","1.01M","2.16%"
"11/21/2024","99.45","97.85","99.65","97.40","1.24M","1.79%"
"11/20/2024","97.70","96.75","98.20","96.75","1.13M","1.40%"
"11/19/2024","96.35","97.85","97.85","96.35","1.09M","-1.58%"
"11/18/2024","97.90","98.15","98.35","97.50","842.47K","-0.25%"
"11/15/2024","98.15","98.55","99.00","98.10","1.32M","-0.56%"
"11/14/2024","98.70","98.85","99.70","98.40","1.37M","-0.10%"
"11/13/2024","98.80","100.00","100.40","98.80","885.85K","-1.40%"
"11/12/2024","100.20","100.40","100.60","100.10","911.13K","-0.60%"
"11/11/2024","100.80","102.10","102.60","100.80","602.44K","-0.88%"
"11/08/2024","101.70","100.80","101.70","100.80","1.01M","1.29%"
"11/07/2024","100.40","100.20","101.10","100.20","895.98K","-0.30%"
"11/06/2024","100.70","102.00","102.70","100.40","734.31K","-1.27%"
"11/05/2024","102.00","101.40","102.60","101.20","692.14K","0.49%"
"11/04/2024","101.50","101.90","102.40","101.50","940.54K","-0.68%"
"11/01/2024","102.20","101.50","102.60","101.40","751.29K","0.49%"
"10/31/2024","101.70","102.60","103.40","101.20","1.71M","-1.26%"
"10/30/2024","103.00","103.00","104.00","101.70","1.40M","-0.19%"
"10/29/2024","103.20","104.90","106.40","103.20","1.68M","2.38%"
"10/28/2024","100.80","99.40","100.80","99.25","1.21M","1.56%"
"10/25/2024","99.25","99.05","99.65","98.30","631.29K","-0.15%"
"10/24/2024","99.40","100.70","101.20","99.40","1.10M","-1.09%"
"10/23/2024","100.50","100.90","101.20","100.40","671.80K","-0.59%"
"10/22/2024","101.10","102.40","102.60","101.10","628.28K","-1.56%"
"10/21/2024","102.70","102.40","102.90","102.20","444.24K","0.20%"
"10/18/2024","102.50","102.60","102.90","102.00","659.83K","-0.29%"
"10/17/2024","102.80","102.30","103.60","101.90","776.28K","-0.87%"
"10/16/2024","103.70","103.80","104.10","103.20","604.75K","-0.10%"
"10/15/2024","103.80","103.50","104.80","103.00","1.27M","0.68%"
"10/14/2024","103.10","102.50","103.60","102.40","706.00K","0.29%"
"10/11/2024","102.80","101.20","102.90","101.10","658.80K","1.28%"
"10/10/2024","101.50","101.80","102.00","101.00","1.23M","-0.39%"
"10/09/2024","101.90","100.30","101.90","100.10","1.29M","2.83%"
"10/08/2024","99.10","99.30","99.55","98.70","785.05K","-0.40%"
"10/07/2024","99.50","99.10","99.85","98.90","861.43K","0.61%"
"10/04/2024","98.90","98.00","98.90","97.60","787.04K","0.87%"
"10/03/2024","98.05","98.65","99.15","97.80","628.08K","-0.46%"
"10/02/2024","98.50","98.55","98.80","97.60","693.64K","-0.30%"
"10/01/2024","98.80","99.55","100.50","98.55","652.62K","-0.65%"
"09/30/2024","99.45","99.00","99.70","98.80","1.93M","0.71%"
"09/27/2024","98.75","97.35","99.10","97.00","1.13M","1.23%"
"09/26/2024","97.55","99.00","99.40","97.00","857.82K","-0.86%"
"09/25/2024","98.40","98.05","98.80","97.95","574.28K","0.20%"
"09/24/2024","98.20","98.10","98.60","96.85","1.50M","0.26%"
"09/23/2024","97.95","97.80","98.60","97.65","717.70K","0.36%"
"09/20/2024","97.60","96.75","97.60","96.75","2.97M","1.04%"
"09/19/2024","96.60","97.95","98.10","96.10","1.50M","-1.18%"
"09/18/2024","97.75","98.30","98.70","97.25","868.59K","-0.61%"
"09/17/2024","98.35","99.85","100.00","98.10","611.64K","-1.16%"
"09/16/2024","99.50","98.50","99.75","98.40","","0.86%"
"09/13/2024","98.65","99.10","99.10","98.00","494.09K","-0.50%"
"09/12/2024","99.15","100.00","100.30","98.90","1.86M","-0.35%"
"09/11/2024","99.50","99.80","100.20","98.65","980.17K","-0.20%"
"09/10/2024","99.70","99.00","99.95","98.80","927.67K","0.71%"
"09/09/2024","99.00","97.50","99.00","97.25","940.56K","1.54%"
"09/06/2024","97.50","95.95","97.70","95.95","1.15M","1.67%"
"09/05/2024","95.90","95.20","96.10","95.20","697.61K","0.84%"
"09/04/2024","95.10","93.60","95.60","93.25","766.24K","0.58%"
"09/03/2024","94.55","95.40","95.50","94.40","1.63M","-0.84%"
"09/02/2024","95.35","94.30","95.35","94.05","755.88K","1.22%"
"08/30/2024","94.20","93.25","94.20","93.20","1.76M","1.02%"
"08/29/2024","93.25","94.00","94.05","93.15","654.74K","-0.85%"
"08/28/2024","94.05","93.25","94.30","93.05","638.00K","1.02%"
"08/27/2024","93.10","92.50","93.10","92.50","743.92K","0.65%"
"08/26/2024","92.50","92.00","92.95","91.95","246.69K","0.54%"
"08/23/2024","92.00","91.85","92.55","91.50","485.17K","-0.27%"
"08/22/2024","92.25","91.45","92.25","91.15","407.60K","1.10%"
"08/21/2024","91.25","91.15","91.45","90.65","477.92K","-0.05%"
"08/20/2024","91.30","91.65","91.65","91.00","854.57K","-0.38%"
"08/19/2024","91.65","91.40","91.65","90.90","513.54K","0.22%"
"08/16/2024","91.45","91.25","91.70","91.00","629.94K","0.16%"
"08/15/2024","91.30","90.60","91.30","90.15","616.48K","0.83%"
"08/14/2024","90.55","90.60","90.85","89.95","586.27K","0.17%"
"08/13/2024","90.40","90.00","90.60","89.65","711.94K","0.50%"
"08/12/2024","89.95","90.10","90.55","89.80","453.45K","-0.06%"
"08/09/2024","90.00","90.50","90.60","89.60","450.17K","-0.22%"
"08/08/2024","90.20","90.40","90.70","89.50","654.91K","-0.33%"
"08/07/2024","90.50","89.75","90.50","89.45","948.54K","0.84%"
"08/06/2024","89.75","88.55","89.90","88.35","790.98K","1.82%"
"08/05/2024","88.15","89.60","90.25","88.15","1.03M","-2.97%"
"08/02/2024","90.85","91.05","91.40","89.50","751.13K","-0.38%"
"08/01/2024","91.20","92.20","92.20","90.50","739.60K","-0.98%"
"07/31/2024","92.10","92.00","92.65","92.00","998.51K","0.27%"
"07/30/2024","91.85","91.65","91.95","91.40","736.53K","0.38%"
"07/29/2024","91.50","90.80","91.50","90.20","632.08K","1.10%"
"07/26/2024","90.50","90.05","90.65","89.55","541.86K","0.17%"
"07/25/2024","90.35","90.30","90.45","89.20","576.31K","0.00%"
"07/24/2024","90.35","90.70","90.95","89.65","714.79K","-0.77%"
"07/23/2024","91.05","91.30","91.60","90.70","466.99K","-0.05%"
"07/22/2024","91.10","91.50","91.80","91.05","426.76K","-0.44%"
"07/19/2024","91.50","89.60","92.15","89.60","1.02M","1.78%"
"07/18/2024","89.90","89.80","90.50","89.40","1.03M","0.56%"
"07/17/2024","89.40","89.05","89.70","88.55","958.34K","0.79%"
"07/16/2024","88.70","90.35","90.35","87.35","1.42M","-1.28%"
"07/15/2024","89.85","88.55","91.00","88.45","2.00M","5.33%"
"07/12/2024","85.30","84.80","85.30","84.25","708.31K","0.59%"
"07/11/2024","84.80","85.90","85.90","84.30","838.51K","-1.11%"
"07/10/2024","85.75","85.85","86.35","85.40","842.10K","0.12%"
"07/09/2024","85.65","85.25","85.80","85.15","1.27M","0.59%"
"07/08/2024","85.15","84.20","85.15","84.15","700.60K","1.37%"
"07/05/2024","84.00","84.80","85.10","84.00","731.52K","-0.83%"
"07/04/2024","84.70","84.50","84.95","84.30","592.99K","0.12%"
"07/03/2024","84.60","84.70","84.75","83.85","890.81K","0.06%"
"07/02/2024","84.55","84.90","84.90","84.25","998.18K","-1.00%"
"07/01/2024","85.40","85.90","86.00","84.35","1.30M","-1.56%"
"06/28/2024","86.75","87.10","87.10","85.85","997.68K","-0.23%"
"06/27/2024","86.95","87.05","87.75","86.65","880.25K","0.00%"
"06/26/2024","86.95","88.55","88.55","86.40","1.31M","-1.64%"
"06/25/2024","88.40","88.25","88.55","87.65","1.39M","0.28%"
"06/24/2024","88.15","88.40","88.55","87.80","1.10M","-0.28%"
"06/21/2024","88.40","88.40","88.70","87.95","3.35M","-0.17%"
"06/20/2024","88.55","88.85","88.90","87.95","1.35M","-0.34%"
"06/19/2024","88.85","88.90","89.20","88.70","1.18M","-0.39%"
"06/18/2024","89.20","89.15","89.60","88.50","1.25M","0.06%"
"06/17/2024","89.15","90.10","90.10","88.75","961.41K","-1.16%"
"06/14/2024","90.20","89.70","90.45","89.55","1.47M","0.61%"
"06/13/2024","89.65","87.40","89.65","87.25","1.52M","2.75%"
"06/12/2024","87.25","86.60","87.45","86.35","766.63K","0.75%"
"06/11/2024","86.60","86.85","87.45","86.35","695.47K","-0.12%"
"06/10/2024","86.70","87.70","87.95","86.45","598.86K","-1.64%"
"06/07/2024","88.15","87.15","88.15","86.70","1.26M","1.15%"
"06/06/2024","87.15","85.90","87.15","85.90","1.46M","1.46%"
"06/05/2024","85.90","85.60","86.45","85.45","1.43M","0.59%"
"06/04/2024","85.40","84.90","86.25","84.90","1.52M","0.65%"
"06/03/2024","84.85","84.05","84.90","84.05","871.93K","1.56%"
"05/31/2024","83.55","84.00","84.95","83.55","4.27M","-0.54%"
"05/30/2024","84.00","83.95","84.60","83.75","1.24M","0.00%"
"05/29/2024","84.00","82.35","84.00","82.35","1.85M","2.07%"
"05/28/2024","82.30","82.50","82.70","82.10","906.93K","-0.24%"
"05/27/2024","82.50","82.55","82.60","82.15","526.17K","-0.06%"
"05/24/2024","82.55","82.15","82.65","81.95","772.90K","0.36%"
"05/23/2024","82.25","83.20","83.30","82.25","1.25M","-1.14%"
"05/22/2024","83.20","82.90","83.45","82.55","1.08M","0.24%"
"05/21/2024","83.00","83.20","83.25","82.50","1.61M","0.85%"
"05/16/2024","82.30","82.10","82.60","81.95","1.72M","0.24%"
"05/15/2024","82.10","82.20","82.80","82.00","1.66M","-0.18%"
"05/14/2024","82.25","82.10","82.65","81.90","1.09M","-0.06%"
"05/13/2024","82.30","82.75","82.80","81.95","1.04M","-0.30%"
"05/10/2024","82.55","82.55","83.15","82.10","919.51K","0.36%"
"05/08/2024","82.25","80.95","82.55","80.95","1.59M","1.92%"
"05/07/2024","80.70","80.45","80.95","80.10","1.75M","0.31%"
"05/06/2024","80.45","79.50","81.10","79.50","1.50M","0.81%"
"05/03/2024","79.80","76.70","80.65","76.70","4.15M","5.56%"
"05/02/2024","75.60","75.25","75.70","74.60","1.98M","-0.26%"
"04/30/2024","75.80","75.00","75.90","74.80","1.73M","1.27%"
"04/29/2024","74.85","74.60","75.15","74.30","1.25M","0.47%"
"04/26/2024","74.50","73.90","74.60","73.85","1.08M","1.15%"
"04/25/2024","73.65","73.20","73.90","72.35","1.48M","0.61%"
"04/24/2024","73.20","73.30","73.40","72.85","1.45M","-0.14%"
"04/23/2024","73.30","73.90","73.95","73.30","833.10K","-0.27%"
"04/22/2024","73.50","72.20","74.05","72.20","1.55M","2.23%"
"04/19/2024","71.90","73.00","73.10","71.35","1.87M","-8.99%"
"04/18/2024","79.00","79.10","79.45","78.60","2.11M","-0.06%"
"04/17/2024","79.05","77.10","79.55","77.00","1.62M","2.53%"
"04/16/2024","77.10","77.35","77.75","77.10","1.24M","-0.52%"
"04/15/2024","77.50","77.50","77.70","76.88","1.58M","-0.13%"
"04/12/2024","77.60","77.75","77.90","77.25","1.85M","0.13%"
"04/11/2024","77.50","77.35","78.00","77.30","1.66M","0.19%"
"04/10/2024","77.35","76.45","77.35","76.35","1.31M","1.58%"
"04/09/2024","76.15","75.85","76.50","75.55","1.09M","0.20%"
"04/08/2024","76.00","75.80","76.30","75.80","777.61K","0.26%"
"04/05/2024","75.80","75.80","76.00","75.35","1.10M","-0.26%"
"04/04/2024","76.00","75.65","76.10","75.55","1.19M","0.40%"
"04/03/2024","75.70","77.60","77.60","75.65","1.63M","-2.45%"
"04/02/2024","77.60","78.50","79.35","76.95","1.92M","1.38%"
"03/27/2024","76.54","76.60","76.88","76.40","777.95K","-0.08%"
"03/26/2024","76.60","76.34","76.64","75.90","615.68K","0.29%"
"03/25/2024","76.38","76.30","76.74","76.30","628.83K","0.08%"
"03/22/2024","76.32","75.72","76.58","75.56","787.75K","0.82%"
"03/21/2024","75.70","76.20","76.42","75.56","1.06M","-0.60%"
"03/20/2024","76.16","75.98","76.82","75.82","1.06M","0.24%"
"03/19/2024","75.98","76.20","76.56","75.68","835.08K","-0.16%"
"03/18/2024","76.10","75.74","76.28","75.24","884.50K","0.42%"
"03/15/2024","75.78","76.54","76.54","75.44","2.84M","-0.34%"
"03/14/2024","76.04","76.70","76.96","75.84","1.52M","-0.73%"
"03/13/2024","76.60","76.98","77.20","76.22","1.17M","-0.55%"
"03/12/2024","77.02","77.44","77.50","76.76","999.28K","-0.18%"
"03/11/2024","77.16","77.40","77.76","77.04","779.58K","-0.28%"
"03/08/2024","77.38","77.32","77.72","76.80","1.02M","0.21%"
"03/07/2024","77.22","76.90","77.26","76.32","1.24M","0.65%"
"03/06/2024","76.72","76.82","77.20","76.60","894.68K","-0.29%"
"03/05/2024","76.94","76.56","77.06","76.32","879.59K","0.55%"
"03/04/2024","76.52","76.20","76.64","75.76","660.85K","0.60%"
"03/01/2024","76.06","76.04","76.60","75.50","1.08M","0.00%"
"02/29/2024","76.06","76.50","76.62","75.90","3.10M","-0.58%"
"02/28/2024","76.50","76.16","76.72","76.04","923.88K","0.47%"
"02/27/2024","76.14","76.54","76.68","75.96","811.76K","-0.55%"
"02/26/2024","76.56","76.26","76.88","76.12","989.90K","0.47%"
"02/23/2024","76.20","75.90","76.38","75.64","669.17K","0.58%"
"02/22/2024","75.76","75.98","76.24","75.76","897.69K","-0.11%"
"02/21/2024","75.84","75.58","75.84","75.06","798.94K","0.05%"
"02/20/2024","75.80","75.54","75.80","74.80","1.11M","0.37%"
"02/19/2024","75.52","75.12","75.72","75.12","516.66K","0.69%"
"02/16/2024","75.00","75.72","75.78","74.84","1.40M","-0.85%"
"02/15/2024","75.64","76.02","76.20","75.40","767.04K","-0.26%"
"02/14/2024","75.84","76.22","77.50","75.84","697.42K","-0.42%"
"02/13/2024","76.16","76.24","76.56","75.60","862.63K","0.08%"
"02/12/2024","76.10","76.30","76.60","75.50","722.21K","-0.21%"
"02/09/2024","76.26","76.50","76.76","75.48","1.47M","-0.55%"
"02/08/2024","76.68","80.60","81.00","76.44","2.23M","-6.69%"
"02/07/2024","82.18","81.90","82.28","81.88","960.60K","0.34%"
"02/06/2024","81.90","83.16","83.24","81.60","902.98K","0.07%"
"02/05/2024","81.84","81.96","82.42","81.54","527.70K","-0.15%"
"02/02/2024","81.96","82.62","82.78","81.80","690.81K","-0.29%"
"02/01/2024","82.20","82.44","82.76","81.82","667.13K","-0.36%"
"01/31/2024","82.50","83.20","83.20","82.50","1.58M","-0.77%"
"01/30/2024","83.14","83.08","83.90","82.88","477.59K","-0.10%"
"01/29/2024","83.22","83.00","83.42","82.88","752.94K","0.14%"
"01/26/2024","83.10","82.82","83.36","82.76","587.50K","0.34%"
"01/25/2024","82.82","83.44","83.56","82.72","572.46K","-0.65%"
"01/24/2024","83.36","83.34","83.74","83.26","436.48K","0.00%"
"01/23/2024","83.36","83.56","83.62","82.90","706.24K","-0.17%"
"01/22/2024","83.50","83.50","83.80","82.98","439.42K","0.19%"
"01/19/2024","83.34","83.84","84.54","83.26","558.86K","-0.53%"
"01/18/2024","83.78","83.36","83.84","82.88","566.42K","0.14%"
"01/17/2024","83.66","83.12","83.84","82.68","727.10K","0.22%"
"01/16/2024","83.48","82.74","83.72","82.74","971.61K","0.55%"
"01/15/2024","83.02","82.90","83.12","82.64","332.03K","0.31%"
"01/12/2024","82.76","82.02","82.88","81.92","614.52K","1.17%"
"01/11/2024","81.80","82.00","82.64","81.68","702.93K","-0.24%"
"01/10/2024","82.00","81.72","82.20","81.00","701.45K","0.34%"
"01/09/2024","81.72","81.08","82.02","80.98","807.58K","0.71%"
"01/08/2024","81.14","80.42","81.28","80.24","654.14K","0.95%"
"01/05/2024","80.38","80.56","81.24","80.34","413.85K","-0.62%"
"01/04/2024","80.88","80.82","81.18","80.50","1.10M","0.05%"
"01/03/2024","80.84","79.08","81.30","79.08","1.10M","2.41%"
"01/02/2024","78.94","79.00","79.38","78.50","545.10K","0.13%"
"12/29/2023","78.84","78.50","78.94","78.50","682.60K","0.72%"
"12/28/2023","78.28","77.60","78.48","77.60","609.92K","0.72%"
"12/27/2023","77.72","77.20","78.26","77.16","677.50K","0.57%"
"12/22/2023","77.28","77.60","78.06","77.22","405.28K","-0.49%"
"12/21/2023","77.66","77.42","77.80","77.36","583.28K","0.31%"
"12/20/2023","77.42","78.04","78.06","77.42","1.35M","-0.74%"
"12/19/2023","78.00","78.00","78.62","77.46","982.93K","0.10%"
"12/18/2023","77.92","78.20","78.84","77.84","637.16K","-0.28%"
"12/15/2023","78.14","79.76","79.76","78.02","1.94M","-2.25%"
"12/14/2023","79.94","80.86","81.44","79.90","870.68K","-1.06%"
"12/13/2023","80.80","80.80","81.16","80.24","1.02M","-0.20%"
"12/12/2023","80.96","80.32","81.56","80.24","943.96K","0.57%"
"12/11/2023","80.50","79.30","80.50","78.92","1.32M","-0.49%"
"12/08/2023","80.90","80.82","81.28","80.50","746.83K","0.00%"
"12/07/2023","80.90","81.60","81.68","80.52","586.14K","-0.91%"
"12/06/2023","81.64","81.84","81.92","81.28","562.15K","-0.29%"
"12/05/2023","81.88","81.54","82.26","81.30","667.35K","0.42%"
"12/04/2023","81.54","80.38","81.88","80.38","850.77K","1.52%"
"12/01/2023","80.32","80.72","81.26","80.28","812.45K","0.85%"
"11/30/2023","79.64","79.18","79.80","78.72","6.96M","-0.35%"
"11/29/2023","79.92","80.50","80.64","79.38","1.20M","-0.52%"
"11/28/2023","80.34","79.66","80.64","79.28","733.24K","0.45%"
"11/27/2023","79.98","79.50","80.54","79.50","861.69K","0.73%"
"11/24/2023","79.40","79.04","79.58","78.80","409.32K","0.35%"
"11/23/2023","79.12","79.10","79.30","78.86","509.19K","0.00%"
"11/22/2023","79.12","78.32","79.22","78.32","759.67K","1.36%"
"11/21/2023","78.06","78.20","78.20","77.70","728.88K","-0.26%"
"11/20/2023","78.26","77.64","78.26","77.48","1.01M","0.51%"
"11/17/2023","77.86","76.62","78.56","76.28","1.36M","3.37%"
"11/16/2023","75.32","76.16","76.40","75.32","1.05M","-0.95%"
"11/15/2023","76.04","78.18","78.22","76.04","1.96M","-2.96%"
"11/14/2023","78.36","78.40","78.40","77.90","667.48K","0.05%"
"11/13/2023","78.32","78.44","78.66","77.94","426.98K","0.00%"
"11/10/2023","78.32","78.74","79.02","78.26","374.87K","-0.53%"
"11/09/2023","78.74","78.70","79.20","78.56","1.13M","-0.38%"
"11/08/2023","79.04","78.38","79.28","78.10","548.58K","0.51%"
"11/07/2023","78.64","78.18","78.64","77.70","568.02K","0.69%"
"11/06/2023","78.10","77.74","78.10","77.40","772.77K","0.46%"
"11/03/2023","77.74","78.02","78.16","77.32","624.53K","-0.56%"
"11/02/2023","78.18","77.48","78.34","77.34","577.29K","0.90%"
"11/01/2023","77.48","77.14","77.68","76.34","1.02M","0.70%"
"10/31/2023","76.94","75.76","76.94","75.72","1.45M","1.80%"
"10/30/2023","75.58","74.60","75.92","74.50","780.38K","1.59%"
"10/27/2023","74.40","74.18","75.74","73.66","1.57M","-0.51%"
"10/26/2023","74.78","80.30","80.94","73.88","1.81M","-7.86%"
"10/25/2023","81.16","80.04","81.30","80.04","694.21K","1.22%"
"10/24/2023","80.18","79.46","80.42","79.44","744.08K","0.80%"
"10/23/2023","79.54","80.06","80.28","79.24","955.03K","-0.92%"
"10/20/2023","80.28","80.28","80.92","80.06","939.87K","-0.50%"
"10/19/2023","80.68","80.64","81.38","80.52","642.86K","-0.88%"
"10/18/2023","81.40","81.66","81.70","80.80","469.56K","-0.34%"
"10/17/2023","81.68","80.42","81.78","80.12","766.53K","1.47%"
"10/16/2023","80.50","81.02","81.02","80.02","481.82K","-0.57%"
"10/13/2023","80.96","80.78","81.32","80.60","599.74K","0.02%"
"10/12/2023","80.94","80.42","81.18","80.24","1.05M","0.80%"
"10/11/2023","80.30","80.04","80.70","79.70","1.12M","0.73%"
"10/10/2023","79.72","80.52","80.92","79.00","1.13M","-0.23%"
"10/09/2023","79.90","79.84","80.32","79.52","702.33K","0.43%"
"10/06/2023","79.56","80.70","80.70","79.56","691.22K","-1.53%"
"10/05/2023","80.80","80.26","81.14","79.98","558.30K","0.95%"
"10/04/2023","80.04","79.50","80.86","79.42","829.81K","0.40%"
"10/03/2023","79.72","79.80","80.56","79.68","953.40K","0.15%"
"10/02/2023","79.60","80.00","80.52","79.52","1.81M","-0.48%"
"09/29/2023","79.98","79.98","80.70","79.82","1.84M","0.53%"
"09/28/2023","79.56","79.58","80.32","79.22","933.09K","-0.85%"
"09/27/2023","80.24","80.24","81.08","80.24","724.49K","-0.32%"
"09/26/2023","80.50","82.40","82.40","80.02","1.23M","-2.42%"
"09/25/2023","82.50","82.80","82.80","81.94","680.96K","-0.51%"
"09/22/2023","82.92","83.00","83.26","82.64","699.32K","-0.41%"
"09/21/2023","83.26","83.12","83.48","82.70","614.03K","0.07%"
"09/20/2023","83.20","83.00","83.54","83.00","500.92K","0.34%"
"09/19/2023","82.92","83.24","83.86","82.70","504.14K","-0.46%"
"09/18/2023","83.30","82.48","83.32","82.26","402.10K","0.68%"
"09/15/2023","82.74","82.26","83.84","82.26","2.74M","0.73%"
"09/14/2023","82.14","82.40","82.50","81.54","771.09K","0.02%"
"09/13/2023","82.12","81.14","82.12","81.12","813.47K","0.54%"
"09/12/2023","81.68","81.80","83.02","81.68","1.19M","-0.02%"
"09/11/2023","81.70","80.66","81.88","80.66","729.54K","1.42%"
"09/08/2023","80.56","80.04","81.14","79.84","609.24K","0.88%"
"09/07/2023","79.86","78.86","79.92","78.86","579.15K","1.04%"
"09/06/2023","79.04","79.06","79.22","78.34","700.93K","-0.08%"
"09/05/2023","79.10","79.50","79.52","78.66","806.18K","-0.78%"
"09/04/2023","79.72","80.20","80.26","79.56","423.69K","-0.60%"
"09/01/2023","80.20","81.14","81.42","80.20","702.70K","-1.33%"
"08/31/2023","81.28","81.00","81.30","80.60","2.64M","0.32%"
"08/30/2023","81.02","80.72","81.02","80.14","500.89K","0.57%"
"08/29/2023","80.56","81.32","81.44","80.52","618.09K","-0.74%"
"08/28/2023","81.16","81.00","81.24","80.82","379.22K","0.77%"
"08/25/2023","80.54","80.82","81.04","80.48","543.87K","-0.37%"
"08/24/2023","80.84","80.90","81.10","80.32","533.21K","0.47%"
"08/23/2023","80.46","79.74","80.68","79.44","1.63M","1.23%"
"08/22/2023","79.48","80.34","80.34","79.40","835.96K","-0.63%"
"08/21/2023","79.98","80.24","81.08","79.88","926.16K","-0.27%"
"08/18/2023","80.20","80.44","80.58","79.56","982.38K","-0.62%"
"08/17/2023","80.70","80.42","80.88","80.00","1.22M","0.15%"
"08/16/2023","80.58","80.06","80.60","79.94","636.87K","0.67%"
"08/15/2023","80.04","79.54","80.20","79.54","630.07K","0.45%"
"08/14/2023","79.68","79.62","79.98","79.34","499.36K","-0.03%"
"08/11/2023","79.70","79.92","80.40","79.60","496.91K","-0.42%"
"08/10/2023","80.04","79.40","80.20","79.20","519.67K","1.11%"
"08/09/2023","79.16","79.54","79.58","79.00","711.37K","-0.20%"
"08/08/2023","79.32","79.02","79.80","79.02","726.53K","0.41%"
"08/07/2023","79.00","79.00","79.12","78.62","475.60K","-0.03%"
"08/04/2023","79.02","79.82","79.82","78.76","641.12K","-0.90%"
"08/03/2023","79.74","79.88","80.08","79.50","634.29K","-0.99%"
"08/02/2023","80.54","79.96","80.82","79.94","811.53K","0.15%"
"08/01/2023","80.42","79.84","80.42","79.48","529.96K","0.42%"
"07/31/2023","80.08","80.02","80.34","79.88","1.16M","-0.35%"
"07/28/2023","80.36","80.90","80.98","80.08","438.90K","-0.96%"
"07/27/2023","81.14","80.44","81.30","80.26","727.40K","1.20%"
"07/26/2023","80.18","80.34","80.44","79.68","512.29K","-0.32%"
"07/25/2023","80.44","80.16","80.66","80.00","352.26K","0.12%"
"07/24/2023","80.34","81.14","81.20","80.10","425.13K","-1.03%"
"07/21/2023","81.18","80.70","81.18","80.22","656.74K","0.59%"
"07/20/2023","80.70","79.88","80.84","79.52","1.06M","0.82%"
"07/19/2023","80.04","80.00","80.36","79.88","643.31K","0.25%"
"07/18/2023","79.84","79.24","80.08","79.08","477.33K","0.83%"
"07/17/2023","79.18","81.40","81.66","79.04","1.05M","-1.91%"
"07/14/2023","80.72","79.40","81.38","79.08","1.58M","5.16%"
"07/13/2023","76.76","77.00","77.26","76.66","1.65M","-0.23%"
"07/12/2023","76.94","77.18","77.34","76.76","907.12K","-0.23%"
"07/11/2023","77.12","77.30","77.46","76.90","1.38M","-0.34%"
"07/10/2023","77.38","76.74","77.56","76.56","692.45K","0.73%"
"07/07/2023","76.82","77.52","77.54","76.64","790.74K","-0.95%"
"07/06/2023","77.56","78.06","78.24","77.52","929.91K","-0.41%"
"07/05/2023","77.88","77.84","78.18","77.74","1.12M","-0.36%"
"07/04/2023","78.16","77.50","78.28","77.46","536.02K","0.80%"
"07/03/2023","77.54","77.12","77.78","77.00","653.30K","0.57%"
"06/30/2023","77.10","76.72","77.20","76.40","1.25M","0.52%"
"06/29/2023","76.70","76.68","77.08","76.24","833.69K","-0.16%"
"06/28/2023","76.82","76.84","76.98","76.30","834.96K","0.39%"
"06/27/2023","76.52","76.36","76.78","75.88","843.88K","0.26%"
"06/26/2023","76.32","77.34","77.34","76.16","928.19K","-1.22%"
"06/23/2023","77.26","77.04","77.56","77.04","476.44K","0.47%"
"06/22/2023","76.90","77.56","77.56","76.48","1.03M","-0.83%"
"06/21/2023","77.54","77.16","78.08","76.52","1.11M","0.41%"
"06/20/2023","77.22","77.70","78.02","77.12","1.65M","-0.64%"
"06/19/2023","77.72","78.70","78.70","77.72","660.46K","-1.47%"
"06/16/2023","78.88","77.68","79.16","77.52","3.04M","1.70%"
"06/15/2023","77.56","76.96","77.84","76.94","1.13M","0.81%"
"06/14/2023","76.94","77.18","77.66","76.74","1.47M","-0.47%"
"06/13/2023","77.30","77.82","78.20","77.14","948.20K","-0.51%"
"06/12/2023","77.70","78.00","78.32","77.68","1.19M","-0.13%"
"06/09/2023","77.80","77.90","78.06","77.34","844.21K","0.05%"
"06/08/2023","77.76","78.20","78.30","77.46","1.19M","-0.82%"
"06/07/2023","78.40","78.78","79.10","78.32","1.33M","-0.83%"
"06/06/2023","79.06","79.42","79.50","78.78","763.70K","-0.68%"
"06/05/2023","79.60","79.26","79.60","78.92","797.10K","0.51%"
"06/02/2023","79.20","80.20","80.20","78.62","1.13M","-1.35%"
"06/01/2023","80.28","80.22","80.70","80.10","572.72K","0.53%"
"05/31/2023","79.86","80.06","80.82","79.86","4.05M","-0.72%"
"05/30/2023","80.44","81.44","81.50","80.28","696.76K","-1.13%"
"05/26/2023","81.36","81.14","81.36","80.82","867.37K","0.42%"
"05/25/2023","81.02","81.70","81.70","80.70","914.50K","-0.86%"
"05/24/2023","81.72","81.04","81.72","80.76","1.00M","0.59%"
"05/23/2023","81.24","81.84","82.14","81.20","906.17K","-1.02%"
"05/22/2023","82.08","82.90","82.90","81.50","809.25K","-0.97%"
"05/19/2023","82.88","81.30","82.88","81.22","1.19M","1.44%"
"05/16/2023","81.70","81.68","82.28","81.24","986.58K","0.15%"
"05/15/2023","81.58","81.40","82.14","81.18","655.77K","0.47%"
"05/12/2023","81.20","81.22","81.76","80.84","881.31K","-0.07%"
"05/11/2023","81.26","81.64","81.96","80.72","1.12M","-0.17%"
"05/10/2023","81.40","83.00","83.22","80.92","1.61M","0.02%"
"05/09/2023","81.38","78.00","81.38","77.80","3.51M","7.47%"
"05/08/2023","75.72","75.42","75.92","75.40","728.87K","0.34%"
"05/05/2023","75.46","76.36","76.66","75.04","576.66K","-0.71%"
"05/04/2023","76.00","76.00","76.16","75.14","666.01K","-0.86%"
"05/03/2023","76.66","76.54","77.00","76.44","1.05M","0.13%"
"05/02/2023","76.56","76.64","76.76","75.94","979.40K","-0.05%"
"04/28/2023","76.60","76.14","76.98","75.94","1.37M","0.76%"
"04/27/2023","76.02","76.10","76.58","75.90","818.27K","-0.11%"
"04/26/2023","76.10","75.30","76.18","75.04","1.26M","1.04%"
"04/25/2023","75.32","75.50","75.58","75.08","853.26K","-0.24%"
"04/24/2023","75.50","74.62","75.56","74.50","717.78K","1.32%"
"04/21/2023","74.52","74.50","74.94","74.36","1.13M","0.03%"
"04/20/2023","74.50","74.46","74.72","74.04","892.70K","-0.37%"
"04/19/2023","74.78","74.10","74.82","74.06","854.96K","1.14%"
"04/18/2023","73.94","74.02","74.32","73.66","681.34K","0.08%"
"04/17/2023","73.88","73.24","74.30","73.10","689.01K","1.01%"
"04/14/2023","73.14","73.50","73.68","72.58","1.25M","-4.17%"
"04/13/2023","76.32","77.00","77.16","76.20","1.24M","-0.75%"
"04/12/2023","76.90","77.02","77.36","76.64","1.01M","0.05%"
"04/11/2023","76.86","76.10","77.26","75.96","1.56M","0.50%"
"04/05/2023","76.48","74.64","76.48","74.56","853.89K","2.58%"
"04/04/2023","74.56","74.12","74.66","73.86","996.64K","1.08%"
"04/03/2023","73.76","74.38","74.38","73.42","938.54K","-0.67%"
"03/31/2023","74.26","73.60","74.34","73.50","1.04M","0.95%"
"03/30/2023","73.56","73.40","74.02","73.14","859.04K","0.25%"
"03/29/2023","73.38","72.70","73.44","72.64","874.01K","0.82%"
"03/28/2023","72.78","73.28","73.28","72.38","796.82K","-0.76%"
"03/27/2023","73.34","74.56","74.80","73.34","1.01M","-1.32%"
"03/24/2023","74.32","73.56","74.84","73.42","1.27M","1.01%"
"03/23/2023","73.58","73.52","73.80","73.12","877.63K","-0.11%"
"03/22/2023","73.66","73.48","73.94","72.78","896.73K","0.27%"
"03/21/2023","73.46","73.26","73.74","73.18","1.17M","0.52%"
"03/20/2023","73.08","72.10","73.14","71.88","1.48M","1.25%"
"03/17/2023","72.18","72.00","72.78","71.98","3.15M","-0.36%"
"03/16/2023","72.44","71.42","72.80","71.42","1.47M","1.17%"
"03/15/2023","71.60","70.74","71.78","70.72","1.50M","1.04%"
"03/14/2023","70.86","70.74","71.28","70.72","1.22M","-0.20%"
"03/13/2023","71.00","70.88","71.52","70.14","1.91M","0.17%"
"03/10/2023","70.88","70.06","71.38","69.86","1.20M","0.65%"
"03/09/2023","70.42","70.04","70.74","69.92","1.17M","0.60%"
"03/08/2023","70.00","69.94","70.28","69.86","1.20M","-0.11%"
"03/07/2023","70.08","69.88","70.26","69.80","809.79K","0.11%"
"03/06/2023","70.00","70.02","70.16","69.78","653.22K","0.09%"
"03/03/2023","69.94","70.02","70.22","69.68","826.27K","-0.11%"
"03/02/2023","70.02","69.34","70.06","69.14","1.25M","0.60%"
"03/01/2023","69.60","69.50","69.70","69.30","1.12M","-0.46%"
"02/28/2023","69.92","69.94","70.08","69.66","2.25M","-0.06%"
"02/27/2023","69.96","69.44","70.00","69.40","887.31K","0.69%"
"02/24/2023","69.48","69.58","69.78","69.28","976.16K","-0.14%"
"02/23/2023","69.58","70.00","70.32","69.58","711.12K","-0.74%"
"02/22/2023","70.10","69.22","70.10","69.22","1.39M","1.21%"
"02/21/2023","69.26","70.10","70.24","69.24","1.20M","-1.31%"
"02/20/2023","70.18","71.08","71.08","70.16","922.40K","-0.65%"
"02/17/2023","70.64","70.32","70.68","69.82","1.58M","1.06%"
"02/16/2023","69.90","70.26","70.50","69.78","1.67M","-0.31%"
"02/15/2023","70.12","70.00","70.96","69.58","1.63M","0.98%"
"02/14/2023","69.44","70.00","70.50","67.66","6.33M","-6.42%"
"02/13/2023","74.20","74.28","74.36","73.78","1.45M","0.19%"
"02/10/2023","74.06","74.54","74.66","73.66","1.41M","-0.83%"
"02/09/2023","74.68","74.98","75.22","74.30","1.03M","-0.35%"
"02/08/2023","74.94","74.64","75.16","74.20","979.08K","0.40%"
"02/07/2023","74.64","74.66","75.10","74.48","839.33K","-0.24%"
"02/06/2023","74.82","75.00","75.00","74.22","749.00K","0.13%"
"02/03/2023","74.72","74.50","75.16","74.48","1.06M","0.21%"
"02/02/2023","74.56","74.74","75.80","74.04","1.43M","-0.03%"
"02/01/2023","74.58","74.44","74.58","74.12","2.22M","0.22%"
"01/31/2023","74.42","74.32","75.12","74.32","1.70M","0.19%"
"01/30/2023","74.28","73.22","74.38","73.14","1.04M","1.48%"
"01/27/2023","73.20","73.36","73.50","72.82","1.09M","0.03%"
"01/26/2023","73.18","73.88","74.36","73.06","789.84K","-0.73%"
"01/25/2023","73.72","73.76","73.94","73.42","882.39K","0.08%"
"01/24/2023","73.66","73.76","73.98","73.40","791.20K","0.05%"
"01/23/2023","73.62","73.26","73.90","73.24","833.79K","0.60%"
"01/20/2023","73.18","73.00","73.66","72.92","1.17M","0.41%"
"01/19/2023","72.88","72.26","72.88","72.20","1.36M","0.00%"
"01/18/2023","72.88","73.32","73.64","72.78","1.01M","-0.63%"
"01/17/2023","73.34","72.76","73.34","72.76","1.12M","0.47%"
"01/16/2023","73.00","73.00","73.10","72.38","844.04K","-0.14%"
"01/13/2023","73.10","73.80","73.84","72.80","971.31K","-0.41%"
"01/12/2023","73.40","73.00","73.60","72.84","1.21M","0.82%"
"01/11/2023","72.80","72.52","73.16","72.26","1.23M","-0.11%"
"01/10/2023","72.88","72.94","73.40","72.66","1.41M","-0.60%"
"01/09/2023","73.32","73.72","73.80","73.02","937.34K","-0.49%"
"01/06/2023","73.68","73.08","73.72","72.62","946.65K","1.01%"
"01/05/2023","72.94","72.80","73.36","72.56","1.48M","0.25%"
"01/04/2023","72.76","71.42","72.92","71.40","1.60M","1.99%"
"01/03/2023","71.34","70.90","71.48","70.54","906.35K","0.76%"
"01/02/2023","70.80","70.94","71.12","70.68","411.65K","-0.20%"
"12/30/2022","70.94","70.86","71.20","70.64","1.01M","-0.20%"
"12/29/2022","71.08","70.24","71.08","69.72","691.85K","0.91%"
"12/28/2022","70.44","70.24","70.52","69.94","714.32K","0.26%"
"12/27/2022","70.26","70.54","70.58","70.00","599.03K","-0.26%"
"12/23/2022","70.44","70.26","70.84","70.12","748.90K","0.26%"
"12/22/2022","70.26","70.92","71.14","70.04","1.40M","-0.71%"
"12/21/2022","70.76","70.06","70.92","70.06","1.98M","0.48%"
"12/20/2022","70.42","70.36","70.72","70.12","1.29M","-0.17%"
"12/19/2022","70.54","70.60","70.70","70.40","1.40M","0.00%"
"12/16/2022","70.54","70.54","70.70","70.10","2.60M","-0.08%"
"12/15/2022","70.60","70.94","71.76","70.54","2.06M","-0.59%"
"12/14/2022","71.02","71.04","71.12","70.12","1.65M","0.03%"
"12/13/2022","71.00","69.64","71.20","69.60","2.00M","1.87%"
"12/12/2022","69.70","70.06","70.30","69.62","1.29M","-0.66%"
"12/09/2022","70.16","69.16","70.40","69.02","1.35M","1.45%"
"12/08/2022","69.16","69.68","69.98","69.16","1.90M","-0.77%"
"12/07/2022","69.70","69.46","69.78","68.60","1.96M","0.14%"
"12/06/2022","69.60","69.40","69.62","69.10","1.54M","0.29%"
"12/05/2022","69.40","69.48","69.58","69.06","1.00M","-0.60%"
"12/02/2022","69.82","69.02","69.98","68.76","1.20M","-0.03%"
"12/01/2022","69.84","70.12","70.20","69.70","1.06M","-0.17%"
"11/30/2022","69.96","69.38","70.28","69.38","4.64M","0.84%"
"11/29/2022","69.38","69.30","69.74","69.28","1.40M","0.12%"
"11/28/2022","69.30","69.18","69.48","68.92","938.96K","-0.20%"
"11/25/2022","69.44","69.52","69.74","69.18","766.57K","-0.03%"
"11/24/2022","69.46","68.46","69.58","68.46","959.48K","1.64%"
"11/23/2022","68.34","68.68","68.70","68.24","788.73K","-0.58%"
"11/22/2022","68.74","68.30","68.74","68.18","1.15M","0.94%"
"11/21/2022","68.10","68.14","68.40","67.72","1.17M","-0.23%"
"11/18/2022","68.26","67.76","68.26","67.76","798.21K","0.71%"
"11/17/2022","67.78","68.04","68.22","67.58","1.34M","-0.21%"
"11/16/2022","67.92","67.60","68.08","67.48","1.40M","0.53%"
"11/15/2022","67.56","67.66","68.26","67.48","1.45M","-0.32%"
"11/14/2022","67.78","67.60","67.98","67.08","1.28M","0.27%"
"11/11/2022","67.60","67.74","67.98","67.06","1.62M","-0.21%"
"11/10/2022","67.74","67.74","67.98","67.42","1.99M","0.00%"
"11/09/2022","67.74","67.58","67.96","67.46","2.06M","0.33%"
"11/08/2022","67.52","68.06","68.06","67.44","2.74M","-1.06%"
"11/07/2022","68.24","67.92","68.32","67.32","1.19M","0.18%"
"11/04/2022","68.12","68.24","68.38","67.76","2.42M","-0.18%"
"11/03/2022","68.24","68.44","68.70","67.78","1.46M","-0.73%"
"11/02/2022","68.74","69.10","69.20","68.44","4.93M","-0.15%"
"11/01/2022","68.84","70.20","70.20","68.80","2.44M","-1.88%"
"10/31/2022","70.16","70.50","70.80","69.72","2.38M","-0.34%"
"10/28/2022","70.40","70.52","70.70","69.30","3.06M","-1.57%"
"10/27/2022","71.52","75.00","75.00","70.44","7.97M","-7.45%"
"10/26/2022","77.28","77.86","77.86","76.80","1.27M","-0.74%"
"10/25/2022","77.86","77.62","78.28","77.36","1.26M","0.44%"
"10/24/2022","77.52","77.16","77.78","76.46","934.12K","0.75%"
"10/21/2022","76.94","77.42","77.64","76.80","929.33K","-1.08%"
"10/20/2022","77.78","78.22","78.22","77.42","935.45K","-0.46%"
"10/19/2022","78.14","77.98","78.26","77.26","966.80K","0.28%"
"10/18/2022","77.92","77.30","77.92","76.76","1.14M","1.01%"
"10/17/2022","77.14","76.08","77.28","75.96","1.42M","1.34%"
"10/14/2022","76.12","76.88","77.10","76.04","1.23M","0.32%"
"10/13/2022","75.88","76.32","76.44","75.54","1.20M","-1.12%"
"10/12/2022","76.74","77.48","77.48","76.04","1.43M","-1.08%"
"10/11/2022","77.58","76.30","77.60","76.04","1.17M","1.36%"
"10/10/2022","76.54","75.96","76.88","75.68","1.34M","0.03%"
"10/07/2022","76.52","76.62","76.62","75.66","1.70M","-0.05%"
"10/06/2022","76.56","77.00","77.66","76.26","1.36M","-0.47%"
"10/05/2022","76.92","77.80","77.82","75.88","1.71M","-2.76%"
"10/04/2022","79.10","78.04","79.10","77.80","2.68M","1.85%"
"10/03/2022","77.66","79.20","79.20","76.82","2.09M","-1.94%"
"09/30/2022","79.20","78.84","79.46","78.36","1.40M","1.05%"
"09/29/2022","78.38","77.80","78.80","77.48","1.62M","0.75%"
"09/28/2022","77.80","80.60","80.62","77.08","2.09M","-4.33%"
"09/27/2022","81.32","81.70","81.98","81.16","994.03K","0.32%"
"09/26/2022","81.06","81.82","82.40","80.40","1.16M","-0.88%"
"09/23/2022","81.78","82.44","84.10","81.68","1.49M","-0.29%"
"09/22/2022","82.02","81.50","82.22","81.14","901.07K","0.69%"
"09/21/2022","81.46","82.00","82.36","81.40","1.31M","-0.76%"
"09/20/2022","82.08","82.22","82.78","81.74","1.27M","-0.12%"
"09/19/2022","82.18","82.22","82.22","81.02","1.28M","-0.10%"
"09/16/2022","82.26","82.56","83.04","81.94","3.37M","-0.82%"
"09/15/2022","82.94","82.62","83.16","82.30","1.15M","0.53%"
"09/14/2022","82.50","83.18","83.18","82.10","1.13M","-1.39%"
"09/13/2022","83.66","82.96","84.42","82.52","1.53M","1.38%"
"09/12/2022","82.52","82.12","82.52","81.64","947.40K","0.56%"
"09/09/2022","82.06","81.92","82.42","81.36","910.25K","0.49%"
"09/08/2022","81.66","81.70","82.10","81.12","1.11M","0.15%"
"09/07/2022","81.54","81.94","81.96","80.92","1.47M","-0.66%"
"09/06/2022","82.08","82.78","83.02","82.08","1.06M","-1.06%"
"09/05/2022","82.96","83.00","83.14","82.38","911.86K","-0.50%"
"09/02/2022","83.38","83.32","83.88","83.04","1.12M","-0.31%"
"09/01/2022","83.64","83.18","83.64","82.28","1.38M","0.26%"
"08/31/2022","83.42","82.24","83.84","82.08","2.98M","1.63%"
"08/30/2022","82.08","82.52","82.80","81.94","979.26K","-0.53%"
"08/29/2022","82.52","82.82","82.82","82.16","951.28K","-0.65%"
"08/26/2022","83.06","84.42","84.42","83.06","966.20K","-1.54%"
"08/25/2022","84.36","83.98","84.98","83.60","746.33K","0.67%"
"08/24/2022","83.80","83.02","84.00","82.90","685.24K","0.46%"
"08/23/2022","83.42","84.50","84.50","83.04","921.20K","-1.46%"
"08/22/2022","84.66","84.72","85.20","84.40","1.24M","0.19%"
"08/19/2022","84.50","83.40","84.62","83.26","1.02M","1.25%"
"08/18/2022","83.46","83.42","83.80","82.86","767.79K","-0.45%"
"08/17/2022","83.84","83.26","84.14","83.20","887.72K","0.48%"
"08/16/2022","83.44","83.46","83.98","83.28","1.33M","0.07%"
"08/15/2022","83.38","83.62","83.66","83.14","927.61K","-0.14%"
"08/12/2022","83.50","83.54","83.80","83.30","877.32K","-0.17%"
"08/11/2022","83.64","84.20","84.20","83.26","892.42K","-0.43%"
"08/10/2022","84.00","82.88","84.00","82.88","1.02M","1.08%"
"08/09/2022","83.10","82.82","83.28","82.64","682.56K","0.05%"
"08/08/2022","83.06","82.22","83.06","82.14","658.64K","0.68%"
"08/05/2022","82.50","82.86","83.14","82.14","545.66K","-0.43%"
"08/04/2022","82.86","82.06","82.90","82.02","799.05K","0.70%"
"08/03/2022","82.28","82.98","83.22","82.10","1.14M","-1.11%"
"08/02/2022","83.20","82.72","83.52","82.56","1.07M","0.39%"
"08/01/2022","82.88","82.90","83.16","82.30","803.65K","-0.46%"
"07/29/2022","83.26","83.00","83.46","82.60","1.16M","0.60%"
"07/28/2022","82.76","83.00","83.00","81.86","735.59K","0.00%"
"07/27/2022","82.76","82.94","83.38","82.72","761.75K","-0.12%"
"07/26/2022","82.86","82.16","82.98","81.70","866.00K","0.75%"
"07/25/2022","82.24","81.36","82.96","81.04","1.06M","0.64%"
"07/22/2022","81.72","81.00","81.92","80.84","890.96K","0.67%"
"07/21/2022","81.18","81.38","81.78","80.32","1.22M","-0.88%"
"07/20/2022","81.90","82.80","82.82","81.42","898.62K","-0.90%"
"07/19/2022","82.64","82.54","82.82","81.98","834.65K","0.07%"
"07/18/2022","82.58","83.00","83.00","81.30","1.19M","1.37%"
"07/15/2022","81.46","81.20","81.82","80.66","1.42M","0.47%"
"07/14/2022","81.08","82.90","82.90","80.38","1.69M","-1.15%"
"07/13/2022","82.02","82.76","82.76","81.60","1.18M","-0.68%"
"07/12/2022","82.58","83.00","83.00","82.30","1.73M","-0.10%"
"07/11/2022","82.66","82.18","82.88","81.52","1.35M","1.25%"
"07/08/2022","81.64","81.98","82.56","81.32","1.43M","-0.58%"
"07/07/2022","82.12","81.94","82.12","81.14","1.71M","1.61%"
"07/06/2022","80.82","80.34","82.10","80.22","1.54M","0.85%"
"07/05/2022","80.14","81.26","81.40","79.88","1.73M","-1.16%"
"07/04/2022","81.08","79.40","81.14","79.12","1.51M","2.50%"
"07/01/2022","79.10","78.72","79.46","78.52","1.37M","0.48%"
"06/30/2022","78.72","78.10","78.80","77.78","2.10M","0.31%"
"06/29/2022","78.48","77.92","78.64","77.54","1.37M","0.59%"
"06/28/2022","78.02","76.86","78.04","76.72","1.71M","1.22%"
"06/27/2022","77.08","75.92","77.62","75.86","1.54M","2.31%"
"06/24/2022","75.34","75.32","75.60","74.96","1.07M","0.51%"
"06/23/2022","74.96","75.04","75.04","74.10","1.42M","-0.45%"
"06/22/2022","75.30","74.58","75.40","74.28","1.72M","1.21%"
"06/21/2022","74.40","75.00","75.60","74.38","745.03K","-1.43%"
"06/20/2022","75.48","74.60","75.82","74.36","971.41K","1.23%"
"06/17/2022","74.56","74.54","75.24","74.36","2.22M","-0.08%"
"06/16/2022","74.62","74.52","74.76","73.70","1.93M","0.21%"
"06/15/2022","74.46","72.94","74.46","72.88","2.60M","1.80%"
"06/14/2022","73.14","73.20","73.70","72.30","1.85M","-0.11%"
"06/13/2022","73.22","72.00","73.34","71.80","2.04M","1.64%"
"06/10/2022","72.04","72.00","72.50","71.34","2.05M","-0.30%"
"06/09/2022","72.26","72.00","72.36","71.40","1.39M","0.33%"
"06/08/2022","72.02","72.14","72.52","71.72","2.01M","-0.17%"
"06/07/2022","72.14","72.30","72.64","71.66","1.19M","-0.36%"
"06/03/2022","72.40","72.60","72.68","71.74","1.32M","-0.14%"
"06/02/2022","72.50","73.02","73.18","72.02","1.19M","-0.38%"
"06/01/2022","72.78","73.90","74.40","72.78","1.22M","-1.28%"
"05/31/2022","73.72","73.30","73.72","72.10","4.18M","0.57%"
"05/30/2022","73.30","73.64","73.78","72.90","860.42K","-0.33%"
"05/27/2022","73.54","72.62","73.60","72.48","1.21M","1.07%"
"05/25/2022","72.76","73.00","73.20","72.54","1.20M","-0.19%"
"05/24/2022","72.90","73.00","73.44","72.70","983.68K","0.00%"
"05/23/2022","72.90","73.24","73.30","72.38","1.39M","-0.44%"
"05/20/2022","73.22","72.52","73.26","72.32","1.35M","1.44%"
"05/19/2022","72.18","73.22","73.46","72.04","2.26M","-2.09%"
"05/18/2022","73.72","75.24","76.00","73.48","2.84M","-3.10%"
"05/16/2022","76.08","76.00","76.46","75.48","1.52M","0.11%"
"05/13/2022","76.00","75.40","76.06","74.74","1.61M","0.82%"
"05/12/2022","75.38","73.00","75.38","72.22","2.34M","1.34%"
"05/11/2022","74.38","75.14","75.72","74.10","1.89M","-0.99%"
"05/10/2022","75.12","75.18","76.04","74.40","1.84M","-0.27%"
"05/09/2022","75.32","75.60","76.52","75.08","1.41M","-0.63%"
"05/06/2022","75.80","74.00","76.58","73.76","2.64M","1.45%"
"05/05/2022","74.72","75.66","76.16","74.18","1.97M","0.08%"
"05/04/2022","74.66","76.08","76.24","74.36","1.74M","-2.12%"
"05/03/2022","76.28","76.18","76.82","75.80","1.28M","0.05%"
"05/02/2022","76.24","76.06","76.84","69.98","1.87M","-0.16%"
"04/29/2022","76.36","77.00","77.00","75.56","1.18M","-0.52%"
"04/28/2022","76.76","76.22","76.76","76.08","1.44M","0.95%"
"04/27/2022","76.04","77.42","77.42","76.02","1.51M","-1.83%"
"04/26/2022","77.46","76.02","78.04","75.90","1.81M","2.22%"
"04/25/2022","75.78","75.66","76.06","74.94","1.59M","-0.55%"
"04/22/2022","76.20","74.88","76.62","74.76","1.71M","1.36%"
"04/21/2022","75.18","76.26","76.30","74.78","2.05M","-4.64%"
"04/20/2022","78.84","78.20","79.22","78.06","2.10M","1.00%"
"04/19/2022","78.06","78.32","78.82","77.46","2.13M","-0.76%"
"04/13/2022","78.66","78.72","79.20","78.30","957.18K","0.00%"
"04/12/2022","78.66","79.60","79.74","78.54","1.55M","-1.38%"
"04/11/2022","79.76","82.50","82.52","79.42","2.09M","-3.04%"
"04/08/2022","82.26","82.40","82.40","81.54","1.31M","-0.24%"
"04/07/2022","82.46","80.98","82.50","80.82","1.40M","1.98%"
"04/06/2022","80.86","80.18","80.90","80.04","1.26M","0.50%"
"04/05/2022","80.46","79.56","80.46","79.50","1.15M","1.00%"
"04/04/2022","79.66","79.40","80.50","79.04","1.23M","0.38%"
"04/01/2022","79.36","78.62","79.36","78.42","1.64M","1.28%"
"03/31/2022","78.36","79.22","79.70","78.24","2.21M","-0.48%"
"03/30/2022","78.74","79.90","79.90","78.74","999.60K","-0.86%"
"03/29/2022","79.42","79.40","80.50","79.10","1.60M","0.53%"
"03/28/2022","79.00","78.90","79.12","78.46","1.21M","0.20%"
"03/25/2022","78.84","77.60","78.84","77.34","1.34M","1.76%"
"03/24/2022","77.48","77.50","77.80","76.86","1.14M","0.28%"
"03/23/2022","77.26","77.84","78.66","77.26","1.34M","-1.38%"
"03/22/2022","78.34","78.34","78.84","77.84","1.06M","-0.23%"
"03/21/2022","78.52","78.24","78.80","77.44","924.63K","0.36%"
"03/18/2022","78.24","78.58","78.58","77.80","2.89M","0.33%"
"03/17/2022","77.98","78.70","78.82","77.60","1.43M","-0.64%"
"03/16/2022","78.48","78.30","78.88","77.74","1.60M","1.08%"
"03/15/2022","77.64","78.10","78.80","76.96","1.43M","-0.51%"
"03/14/2022","78.04","76.52","78.22","75.36","1.76M","2.71%"
"03/11/2022","75.98","76.60","76.60","75.28","2.01M","-0.81%"
"03/10/2022","76.60","76.02","77.16","75.94","1.27M","1.32%"
"03/09/2022","75.60","76.20","76.34","74.96","1.87M","-0.13%"
"03/08/2022","75.70","77.00","78.10","75.44","1.74M","-2.20%"
"03/07/2022","77.40","77.90","78.02","75.06","2.20M","-1.55%"
"03/04/2022","78.62","79.38","79.68","77.70","1.62M","-1.36%"
"03/03/2022","79.70","79.70","80.24","78.10","1.99M","-0.50%"
"03/02/2022","80.10","82.34","82.86","79.34","1.86M","-3.38%"
"03/01/2022","82.90","82.54","83.54","82.02","1.54M","0.44%"
"02/28/2022","82.54","81.30","82.80","81.30","3.33M","0.36%"
"02/25/2022","82.24","82.24","82.74","81.74","1.63M","-0.07%"
"02/24/2022","82.30","82.16","82.92","81.40","1.75M","-1.48%"
"02/23/2022","83.54","82.50","83.78","82.48","701.20K","0.99%"
"02/22/2022","82.72","83.12","83.96","82.28","1.18M","-2.01%"
"02/21/2022","84.42","84.04","84.48","83.44","2.55M","0.55%"
"02/18/2022","83.96","83.12","84.28","83.06","1.71M","1.16%"
"02/17/2022","83.00","83.00","83.98","82.76","1.01M","0.41%"
"02/16/2022","82.66","85.62","85.96","82.66","2.01M","-3.21%"
"02/15/2022","85.40","84.50","85.46","84.18","1.08M","1.16%"
"02/14/2022","84.42","84.02","84.80","83.76","1.88M","-0.02%"
"02/11/2022","84.44","81.20","84.66","80.74","1.29M","0.69%"
"02/10/2022","83.86","82.60","84.00","81.50","1.28M","0.46%"
"02/09/2022","83.48","85.54","85.64","83.48","1.39M","-1.93%"
"02/08/2022","85.12","84.64","85.12","84.42","1.21M","0.73%"
"02/07/2022","84.50","83.98","84.54","83.98","893.93K","0.48%"
"02/04/2022","84.10","84.52","84.52","83.64","949.68K","0.12%"
"02/03/2022","84.00","85.04","85.52","84.00","1.40M","-2.05%"
"02/02/2022","85.76","85.42","85.92","84.64","2.83M","0.73%"
"02/01/2022","85.14","85.06","85.50","84.88","1.04M","0.40%"
"01/31/2022","84.80","85.80","85.86","84.58","1.12M","-0.33%"
"01/28/2022","85.08","84.92","85.28","84.60","958.62K","-0.26%"
"01/27/2022","85.30","84.72","85.62","84.28","1.11M","0.33%"
"01/26/2022","85.02","85.62","85.90","85.02","1.31M","-0.14%"
"01/25/2022","85.14","84.72","85.46","84.26","1.34M","0.61%"
"01/24/2022","84.62","86.24","86.44","84.36","1.31M","-2.06%"
"01/21/2022","86.40","85.68","86.66","85.32","1.08M","0.75%"
"01/20/2022","85.76","86.26","86.70","85.76","1.18M","-0.49%"
"01/19/2022","86.18","86.60","86.96","85.88","1.44M","-0.94%"
"01/18/2022","87.00","87.06","87.38","86.50","1.04M","-0.41%"
"01/17/2022","87.36","87.60","88.04","87.20","712.69K","-0.25%"
"01/14/2022","87.58","87.60","87.80","87.36","671.92K","0.09%"
"01/13/2022","87.50","86.80","87.64","86.78","727.67K","0.90%"
"01/12/2022","86.72","87.20","87.32","86.54","1.07M","-0.25%"
"01/11/2022","86.94","86.62","87.50","86.36","1.64M","0.37%"
"01/10/2022","86.62","86.64","86.88","86.20","917.77K","0.19%"
"01/07/2022","86.46","87.44","87.50","86.10","1.42M","-0.87%"
"01/06/2022","87.22","87.34","87.36","86.38","1.18M","-0.32%"
"01/05/2022","87.50","88.26","88.30","87.36","1.11M","-0.68%"
"01/04/2022","88.10","87.00","88.20","86.90","1.63M","1.38%"
"01/03/2022","86.90","88.44","88.58","86.82","719.90K","-1.65%"
"12/30/2021","88.36","88.00","88.36","87.92","608.84K","0.09%"
"12/29/2021","88.28","87.42","88.28","87.36","861.27K","1.10%"
"12/28/2021","87.32","87.50","87.50","87.18","455.57K","-0.14%"
"12/27/2021","87.44","87.00","87.48","86.76","568.90K","0.55%"
"12/23/2021","86.96","86.64","87.28","86.58","548.18K","0.56%"
"12/22/2021","86.48","86.00","86.48","85.76","1.04M","0.56%"
"12/21/2021","86.00","86.00","86.44","85.56","1.18M","0.23%"
"12/20/2021","85.80","85.20","85.88","84.74","974.53K","0.09%"
"12/17/2021","85.72","85.50","86.24","85.20","4.00M","-0.05%"
"12/16/2021","85.76","85.20","85.76","84.64","1.56M","1.01%"
"12/15/2021","84.90","86.44","87.18","84.60","1.73M","-1.69%"
"12/14/2021","86.36","86.16","86.72","86.12","866.41K","0.28%"
"12/13/2021","86.12","86.36","86.72","86.02","1.16M","-0.55%"
"12/10/2021","86.60","85.90","86.74","85.84","1.07M","0.81%"
"12/09/2021","85.90","85.96","86.20","85.54","751.41K","0.05%"
"12/08/2021","85.86","85.50","86.24","85.14","1.91M","0.77%"
"12/07/2021","85.20","84.00","85.46","83.98","2.05M","1.60%"
"12/06/2021","83.86","83.46","83.88","83.32","667.47K","0.48%"
"12/03/2021","83.46","83.96","84.00","83.14","807.89K","-0.12%"
"12/02/2021","83.56","82.14","83.56","82.14","947.79K","1.19%"
"12/01/2021","82.58","82.60","83.02","82.22","869.88K","-0.29%"
"11/30/2021","82.82","83.62","83.76","82.74","3.94M","-1.52%"
"11/29/2021","84.10","84.24","84.76","83.78","1.09M","-0.05%"
"11/26/2021","84.14","84.22","85.38","84.00","1.40M","-1.93%"
"11/25/2021","85.80","85.38","85.84","84.80","747.59K","0.78%"
"11/24/2021","85.14","85.58","86.20","84.32","1.12M","-0.63%"
"11/23/2021","85.68","85.72","86.48","85.56","1.11M","-0.19%"
"11/22/2021","85.84","86.10","86.58","85.84","1.18M","-0.23%"
"11/19/2021","86.04","85.56","86.20","84.96","1.30M","0.35%"
"11/18/2021","85.74","85.36","85.74","84.98","723.40K","0.26%"
"11/17/2021","85.52","85.50","85.58","84.90","1.31M","0.02%"
"11/16/2021","85.50","85.50","86.34","85.18","1.25M","0.00%"
"11/15/2021","85.50","85.00","85.50","84.70","1.05M","0.33%"
"11/12/2021","85.22","85.46","85.58","84.90","828.77K","-0.07%"
"11/11/2021","85.28","84.78","85.50","84.60","832.19K","0.14%"
"11/10/2021","85.16","85.28","85.40","84.22","1.12M","-0.19%"
"11/09/2021","85.32","85.34","85.62","85.04","688.36K","-0.02%"
"11/08/2021","85.34","86.06","86.14","85.30","1.17M","-1.20%"
"11/05/2021","86.38","85.54","86.50","85.50","1.23M","0.40%"
"11/04/2021","86.04","84.68","86.04","84.48","1.49M","1.51%"
"11/03/2021","84.76","84.26","84.94","83.90","1.15M","0.26%"
"11/02/2021","84.54","83.90","84.54","83.62","1.42M","0.74%"
"11/01/2021","83.92","83.40","83.92","82.18","2.46M","2.14%"
"10/29/2021","82.16","80.00","82.68","80.00","3.36M","5.17%"
"10/28/2021","78.12","78.06","78.12","76.82","1.37M","0.15%"
"10/27/2021","78.00","78.00","78.14","77.42","1.54M","0.05%"
"10/26/2021","77.96","78.26","78.28","77.34","1.07M","-0.33%"
"10/25/2021","78.22","78.16","78.54","77.50","913.33K","0.08%"
"10/22/2021","78.16","77.34","78.18","77.30","916.10K","0.85%"
"10/21/2021","77.50","78.02","78.02","77.30","798.35K","-0.64%"
"10/20/2021","78.00","77.60","78.10","77.36","1.24M","0.67%"
"10/19/2021","77.48","78.22","78.24","77.48","1.25M","-0.74%"
"10/18/2021","78.06","78.30","78.68","78.04","985.69K","-0.20%"
"10/15/2021","78.22","79.10","79.10","78.08","1.24M","-0.94%"
"10/14/2021","78.96","78.56","78.96","77.92","1.67M","1.23%"
"10/13/2021","78.00","77.82","78.50","77.66","1.36M","-0.10%"
"10/12/2021","78.08","78.04","78.18","77.56","1.31M","-0.41%"
"10/11/2021","78.40","78.02","78.40","77.68","1.10M","0.31%"
"10/08/2021","78.16","78.94","78.94","77.64","1.20M","-0.69%"
"10/07/2021","78.70","79.26","79.92","78.66","1.13M","-0.63%"
"10/06/2021","79.20","79.10","79.32","78.80","1.29M","-0.10%"
"10/05/2021","79.28","79.66","79.96","78.32","1.71M","-0.03%"
"10/04/2021","79.30","79.42","80.00","79.10","1.43M","-0.35%"
"10/01/2021","79.58","79.58","80.06","79.38","2.24M","-0.80%"
"09/30/2021","80.22","79.20","80.66","79.16","2.11M","1.80%"
"09/29/2021","78.80","79.20","79.20","78.20","1.77M","0.66%"
"09/28/2021","78.28","78.82","79.20","78.28","1.81M","-0.99%"
"09/27/2021","79.06","78.92","79.14","78.54","1.28M","0.46%"
"09/24/2021","78.70","79.40","79.62","78.54","1.52M","-0.40%"
"09/23/2021","79.02","78.00","79.14","77.88","1.48M","1.54%"
"09/22/2021","77.82","77.88","78.12","77.48","1.55M","0.10%"
"09/21/2021","77.74","77.18","77.80","76.86","1.21M","0.83%"
"09/20/2021","77.10","78.12","78.20","76.34","1.64M","-1.38%"
"09/17/2021","78.18","78.04","78.64","77.70","5.38M","0.88%"
"09/16/2021","77.50","77.82","78.40","77.34","1.89M","-0.05%"
"09/15/2021","77.54","77.26","77.94","77.06","2.74M","0.70%"
"09/14/2021","77.00","76.64","78.08","76.44","1.82M","0.65%"
"09/13/2021","76.50","76.46","77.32","76.02","1.60M","0.66%"
"09/10/2021","76.00","76.86","76.98","76.00","1.29M","-0.91%"
"09/09/2021","76.70","77.26","77.42","76.70","1.60M","-0.72%"
"09/08/2021","77.26","78.04","78.04","77.24","1.72M","-0.67%"
"09/07/2021","77.78","78.52","78.74","77.78","1.04M","-0.99%"
"09/06/2021","78.56","78.28","78.72","78.14","845.54K","0.54%"
"09/03/2021","78.14","77.90","78.94","77.90","1.40M","0.51%"
"09/02/2021","77.74","77.88","78.16","77.38","1.94M","-0.08%"
"09/01/2021","77.80","77.96","78.22","77.62","1.45M","0.15%"
"08/31/2021","77.68","78.10","78.72","77.58","2.30M","-0.54%"
"08/30/2021","78.10","78.60","78.80","77.94","721.26K","-0.71%"
"08/27/2021","78.66","78.68","78.82","78.20","1.33M","0.20%"
"08/26/2021","78.50","77.98","78.94","77.60","1.22M","0.72%"
"08/25/2021","77.94","78.90","78.90","77.94","1.28M","-0.97%"
"08/24/2021","78.70","79.00","79.26","78.30","1.10M","-0.38%"
"08/23/2021","79.00","80.16","80.16","78.92","1.37M","-1.00%"
"08/20/2021","79.80","80.26","80.30","79.50","1.20M","-0.50%"
"08/19/2021","80.20","80.14","80.26","79.44","1.18M","-0.07%"
"08/18/2021","80.26","80.80","80.82","80.10","1.06M","-0.67%"
"08/17/2021","80.80","79.80","80.80","79.72","1.14M","0.92%"
"08/16/2021","80.06","79.76","80.22","79.46","936.42K","0.48%"
"08/13/2021","79.68","80.42","80.42","79.06","1.69M","-0.97%"
"08/12/2021","80.46","80.00","80.94","79.96","1.43M","0.95%"
"08/11/2021","79.70","79.60","80.08","79.56","1.03M","0.18%"
"08/10/2021","79.56","79.82","80.20","79.56","1.16M","-0.45%"
"08/09/2021","79.92","80.00","80.10","79.62","791.43K","-0.10%"
"08/06/2021","80.00","80.10","80.22","79.82","1.09M","-0.05%"
"08/05/2021","80.04","80.62","80.96","80.04","1.01M","-0.42%"
"08/04/2021","80.38","81.14","81.28","80.38","1.05M","-0.69%"
"08/03/2021","80.94","80.40","81.72","80.40","1.29M","0.37%"
"08/02/2021","80.64","80.50","81.06","80.48","887.81K","0.42%"
"07/30/2021","80.30","79.86","80.96","79.62","2.25M","0.27%"
"07/29/2021","80.08","80.42","80.42","79.86","1.33M","-0.10%"
"07/28/2021","80.16","81.00","81.22","80.16","1.46M","-1.18%"
"07/27/2021","81.12","81.34","81.36","80.42","1.62M","-0.15%"
"07/26/2021","81.24","81.60","81.60","80.90","1.14M","-0.17%"
"07/23/2021","81.38","80.22","81.38","80.16","1.21M","1.47%"
"07/22/2021","80.20","80.78","80.82","79.92","1.43M","-0.72%"
"07/21/2021","80.78","81.78","81.94","80.44","1.95M","-0.93%"
"07/20/2021","81.54","81.52","82.48","81.30","1.87M","0.57%"
"07/19/2021","81.08","82.02","82.32","81.08","2.63M","-1.03%"
"07/16/2021","81.92","83.68","84.50","81.62","3.08M","-3.12%"
"07/15/2021","84.56","87.64","88.00","83.82","4.54M","-6.19%"
"07/14/2021","90.14","91.60","91.60","89.66","1.12M","-1.55%"
"07/13/2021","91.56","90.90","91.56","90.14","1.17M","1.40%"
"07/12/2021","90.30","89.78","90.50","89.48","1.04M","0.69%"
"07/09/2021","89.68","89.58","90.16","89.42","1.20M","0.04%"
"07/08/2021","89.64","89.16","89.94","89.16","1.20M","0.25%"
"07/07/2021","89.42","88.74","89.56","88.74","997.23K","0.90%"
"07/06/2021","88.62","88.50","88.76","88.28","804.13K","0.14%"
"07/05/2021","88.50","88.28","88.66","87.90","607.08K","-0.41%"
"07/02/2021","88.86","88.40","88.86","88.18","1.11M","0.77%"
"07/01/2021","88.18","87.90","88.46","87.74","725.23K","0.55%"
"06/30/2021","87.70","87.94","88.62","87.70","1.13M","-0.11%"
"06/29/2021","87.80","88.24","88.34","87.68","1.14M","-0.45%"
"06/28/2021","88.20","87.72","88.24","87.40","717.77K","0.78%"
"06/25/2021","87.52","87.82","87.88","87.20","840.41K","-0.43%"
"06/24/2021","87.90","88.06","88.30","87.72","1.02M","-0.20%"
"06/23/2021","88.08","88.52","88.54","87.80","1.18M","-0.68%"
"06/22/2021","88.68","87.04","88.68","86.88","1.47M","1.93%"
"06/21/2021","87.00","87.50","87.64","86.86","956.61K","-0.68%"
"06/18/2021","87.60","87.80","88.44","87.60","3.90M","-0.21%"
"06/17/2021","87.78","88.64","88.64","87.58","1.48M","-1.06%"
"06/16/2021","88.72","88.88","89.18","88.14","1.63M","0.05%"
"06/15/2021","88.68","88.46","88.80","88.36","1.56M","0.82%"
"06/14/2021","87.96","88.80","88.92","87.92","1.30M","-0.52%"
"06/11/2021","88.42","89.00","89.22","88.42","1.03M","-0.36%"
"06/10/2021","88.74","88.68","89.18","88.52","1.25M","0.41%"
"06/09/2021","88.38","88.50","88.72","87.78","944.07K","0.00%"
"06/08/2021","88.38","87.94","88.70","87.76","1.26M","0.50%"
"06/07/2021","87.94","88.10","89.02","87.94","1.61M","0.73%"
"06/04/2021","87.30","87.00","87.36","86.76","1.10M","0.74%"
"06/03/2021","86.66","86.46","86.76","85.92","983.81K","0.53%"
"06/02/2021","86.20","86.46","87.06","86.18","1.21M","-0.48%"
"06/01/2021","86.62","86.76","86.94","86.30","924.79K","-0.18%"
"05/31/2021","86.78","87.20","87.20","86.76","953.86K","-0.53%"
"05/28/2021","87.24","87.80","87.80","86.92","1.85M","-0.66%"
"05/27/2021","87.82","85.92","87.82","85.40","10.35M","2.33%"
"05/26/2021","85.82","85.00","85.92","85.00","1.24M","0.73%"
"05/25/2021","85.20","85.34","85.46","84.10","2.08M","-0.26%"
"05/21/2021","85.42","84.34","85.42","83.98","2.03M","1.33%"
"05/20/2021","84.30","83.52","84.30","83.36","1.45M","0.96%"
"05/19/2021","83.50","83.22","84.00","83.16","1.73M","0.14%"
"05/18/2021","83.38","84.08","84.36","83.02","1.81M","-0.50%"
"05/14/2021","83.80","83.74","84.40","83.00","1.36M","0.29%"
"05/12/2021","83.56","84.18","84.18","83.36","1.34M","-0.76%"
"05/11/2021","84.20","84.36","84.46","83.80","1.36M","-0.36%"
"05/10/2021","84.50","84.74","84.76","83.78","1.33M","-0.28%"
"05/07/2021","84.74","84.44","85.06","84.36","1.22M","0.55%"
"05/06/2021","84.28","84.14","84.46","83.70","2.16M","0.02%"
"05/05/2021","84.26","84.08","84.46","83.90","1.32M","-0.17%"
"05/04/2021","84.40","85.50","85.90","83.90","1.96M","-1.26%"
"05/03/2021","85.48","85.18","85.80","84.74","1.26M","0.61%"
"04/30/2021","84.96","84.50","85.24","83.86","3.22M","1.12%"
"04/29/2021","84.02","84.66","85.80","83.90","2.23M","1.72%"
"04/28/2021","82.60","83.44","83.50","82.02","2.33M","-0.79%"
"04/27/2021","83.26","83.34","83.94","83.00","1.64M","0.56%"
"04/26/2021","82.80","82.78","82.88","82.02","1.13M","0.53%"
"04/23/2021","82.36","82.72","83.18","82.30","1.38M","-0.22%"
"04/22/2021","82.54","83.22","83.48","82.54","1.51M","-0.41%"
"04/21/2021","82.88","82.30","83.18","82.20","1.16M","0.83%"
"04/20/2021","82.20","82.52","82.94","82.00","1.79M","-0.48%"
"04/19/2021","82.60","82.46","83.50","82.24","1.43M","0.66%"
"04/16/2021","82.06","81.66","82.20","81.02","2.85M","-2.54%"
"04/15/2021","84.20","84.90","84.90","84.00","2.26M","-0.24%"
"04/14/2021","84.40","85.32","85.32","84.40","1.97M","-1.08%"
"04/13/2021","85.32","85.50","85.54","84.90","1.18M","-0.21%"
"04/12/2021","85.50","86.60","86.60","85.42","1.26M","-1.22%"
"04/09/2021","86.56","86.68","87.04","86.20","1.15M","0.12%"
"04/08/2021","86.46","85.92","87.20","85.92","1.33M","0.86%"
"04/07/2021","85.72","86.70","86.70","85.72","1.61M","-1.15%"
"04/06/2021","86.72","84.80","86.72","84.64","3.02M","3.44%"
"03/31/2021","83.84","84.80","84.84","83.84","1.07M","-1.13%"
"03/30/2021","84.80","85.00","85.14","84.64","874.80K","-0.05%"
"03/29/2021","84.84","84.66","85.30","84.66","1.16M","0.52%"
"03/26/2021","84.40","84.00","84.50","83.60","1.25M","0.48%"
"03/25/2021","84.00","84.00","84.22","83.46","1.42M","-0.38%"
"03/24/2021","84.32","85.18","85.32","84.30","1.03M","-0.96%"
"03/23/2021","85.14","85.10","85.50","84.84","955.89K","0.07%"
"03/22/2021","85.08","84.74","85.28","84.30","1.54M","0.83%"
"03/19/2021","84.38","83.86","85.74","83.78","5.18M","0.38%"
"03/18/2021","84.06","84.48","84.64","83.36","2.17M","-0.69%"
"03/17/2021","84.64","83.52","84.64","83.14","2.54M","1.54%"
"03/16/2021","83.36","82.74","83.70","82.26","1.65M","0.94%"
"03/15/2021","82.58","82.32","82.60","81.62","1.28M","0.51%"
"03/12/2021","82.16","82.50","82.50","81.56","1.67M","-0.27%"
"03/11/2021","82.38","82.92","82.92","81.14","1.90M","-0.41%"
"03/10/2021","82.72","82.26","82.92","82.16","2.10M","0.76%"
"03/09/2021","82.10","82.24","82.78","81.78","2.78M","0.02%"
"03/08/2021","82.08","80.88","82.10","80.80","2.06M","1.48%"
"03/05/2021","80.88","80.76","81.28","80.32","2.34M","-0.12%"
"03/04/2021","80.98","80.86","81.20","80.44","1.90M","0.40%"
"03/03/2021","80.66","81.04","81.08","80.16","1.78M","-0.37%"
"03/02/2021","80.96","81.92","82.12","80.74","1.69M","-0.61%"
"03/01/2021","81.46","80.50","81.64","80.42","2.53M","2.00%"
"02/26/2021","79.86","79.76","80.26","79.02","2.60M","-0.10%"
"02/25/2021","79.94","80.54","80.66","79.40","1.83M","-0.50%"
"02/24/2021","80.34","79.42","80.46","79.42","2.26M","1.41%"
"02/23/2021","79.22","79.44","79.68","78.62","3.08M","0.18%"
"02/22/2021","79.08","79.24","79.44","78.38","3.46M","-0.10%"
"02/19/2021","79.16","79.12","79.82","79.08","1.89M","0.18%"
"02/18/2021","79.02","79.80","79.90","78.66","2.45M","-1.23%"
"02/17/2021","80.00","79.60","80.90","78.66","1.90M","0.63%"
"02/16/2021","79.50","80.22","80.46","79.50","2.36M","-0.87%"
"02/15/2021","80.20","81.82","81.90","80.12","2.11M","-1.06%"
"02/12/2021","81.06","81.76","83.08","80.96","2.40M","0.07%"
"02/11/2021","81.00","82.50","82.50","80.04","3.72M","-3.09%"
"02/10/2021","83.58","83.60","84.22","83.04","1.93M","0.92%"
"02/09/2021","82.82","83.38","83.58","82.82","1.72M","-0.50%"
"02/08/2021","83.24","83.94","83.96","83.04","899.50K","-0.36%"
"02/05/2021","83.54","84.18","84.38","83.46","1.61M","-0.52%"
"02/04/2021","83.98","84.98","84.98","83.70","1.30M","-0.76%"
"02/03/2021","84.62","85.02","85.32","84.54","1.24M","-0.14%"
"02/02/2021","84.74","84.60","85.36","84.04","2.26M","1.68%"
"02/01/2021","83.34","83.40","83.84","83.10","1.38M","-0.10%"
"01/29/2021","83.42","84.54","84.56","82.76","2.31M","-1.70%"
"01/28/2021","84.86","84.72","85.64","84.66","1.76M","0.19%"
"01/27/2021","84.70","85.60","86.36","84.54","2.13M","-0.54%"
"01/26/2021","85.16","85.76","86.44","85.16","1.72M","-1.02%"
"01/25/2021","86.04","84.38","86.04","84.38","1.31M","2.50%"
"01/22/2021","83.94","84.20","84.76","83.82","1.40M","-0.29%"
"01/21/2021","84.18","85.00","85.04","84.18","1.39M","-0.87%"
"01/20/2021","84.92","85.66","85.66","84.82","1.31M","-0.59%"
"01/19/2021","85.42","85.32","85.76","85.14","1.10M","0.16%"
"01/18/2021","85.28","85.40","85.80","85.10","1.08M","-0.09%"
"01/15/2021","85.36","85.18","85.86","85.10","1.37M","0.26%"
"01/14/2021","85.14","86.18","86.46","85.00","1.34M","-0.91%"
"01/13/2021","85.92","86.58","87.12","85.92","1.77M","-0.39%"
"01/12/2021","86.26","85.84","86.48","85.30","1.46M","0.94%"
"01/11/2021","85.46","85.40","85.90","85.18","1.43M","0.07%"
"01/08/2021","85.40","85.24","85.84","85.06","1.19M","0.61%"
"01/07/2021","84.88","84.90","85.14","84.30","1.28M","0.47%"
"01/06/2021","84.48","84.92","85.00","84.20","986.61K","-0.47%"
"01/05/2021","84.88","85.50","86.04","84.88","2.72M","-1.19%"
"01/04/2021","85.90","87.18","87.58","85.90","1.17M","-1.26%"
"12/30/2020","87.00","87.50","87.54","86.96","896.11K","-0.07%"
"12/29/2020","87.06","86.20","87.90","86.18","1.11M","1.02%"
"12/28/2020","86.18","85.48","86.18","85.40","636.72K","1.06%"
"12/23/2020","85.28","85.40","85.62","85.00","715.59K","0.14%"
"12/22/2020","85.16","85.32","85.40","84.78","854.65K","0.47%"
"12/21/2020","84.76","85.00","85.40","84.18","1.29M","-0.87%"
"12/18/2020","85.50","85.02","85.96","85.02","5.45M","0.90%"
"12/17/2020","84.74","85.34","85.64","84.56","1.55M","-0.49%"
"12/16/2020","85.16","84.82","85.30","83.74","2.14M","0.50%"
"12/15/2020","84.74","85.02","85.22","84.54","1.88M","-0.63%"
"12/14/2020","85.28","85.64","85.78","85.04","1.66M","-0.30%"
"12/11/2020","85.54","85.98","86.16","85.24","1.22M","-0.49%"
"12/10/2020","85.96","85.50","86.74","85.40","1.30M","0.87%"
"12/09/2020","85.22","85.18","85.46","84.82","4.37M","0.54%"
"12/08/2020","84.76","85.36","85.46","84.68","1.22M","-0.68%"
"12/07/2020","85.34","85.36","85.82","85.16","1.14M","0.12%"
"12/04/2020","85.24","85.52","86.12","85.24","1.18M","-0.33%"
"12/03/2020","85.52","86.44","86.60","85.26","1.60M","-0.74%"
"12/02/2020","86.16","86.22","86.52","85.46","1.86M","0.19%"
"12/01/2020","86.00","85.00","86.86","85.00","1.87M","0.94%"
"11/30/2020","85.20","86.48","86.48","84.70","4.15M","-0.98%"
"11/27/2020","86.04","84.40","86.14","84.20","1.21M","1.97%"
"11/26/2020","84.38","85.98","85.98","84.38","939.43K","-0.57%"
"11/25/2020","84.86","84.12","85.60","84.12","1.62M","0.98%"
"11/24/2020","84.04","85.58","85.66","84.04","1.98M","-1.73%"
"11/23/2020","85.52","87.16","87.20","85.52","1.39M","-1.70%"
"11/20/2020","87.00","86.00","87.00","86.00","1.57M","1.16%"
"11/19/2020","86.00","86.50","86.90","86.00","1.27M","-0.69%"
"11/18/2020","86.60","86.82","87.18","86.28","1.10M","-0.41%"
"11/17/2020","86.96","87.74","88.10","86.68","1.62M","-0.91%"
"11/16/2020","87.76","88.52","88.60","87.18","1.56M","-0.34%"
"11/13/2020","88.06","87.00","88.70","86.68","1.23M","0.94%"
"11/12/2020","87.24","88.66","89.16","87.24","1.57M","-1.80%"
"11/11/2020","88.84","87.68","89.24","87.26","1.67M","1.49%"
"11/10/2020","87.54","90.42","90.50","87.36","2.45M","-3.10%"
"11/09/2020","90.34","91.38","92.40","90.04","1.57M","-0.75%"
"11/06/2020","91.02","90.82","91.04","90.24","812.78K","0.33%"
"11/05/2020","90.72","91.38","91.58","90.60","1.17M","-0.74%"
"11/04/2020","91.40","89.16","91.40","88.80","1.18M","1.92%"
"11/03/2020","89.68","91.00","91.16","89.18","1.71M","-1.21%"
"11/02/2020","90.78","91.10","91.34","90.12","1.20M","0.78%"
"10/30/2020","90.08","90.34","91.48","90.04","1.51M","-1.23%"
"10/29/2020","91.20","88.00","92.04","88.00","1.76M","4.92%"
"10/28/2020","86.92","87.70","88.94","86.92","1.64M","-2.69%"
"10/27/2020","89.32","89.50","90.14","88.76","1.34M","-0.29%"
"10/26/2020","89.58","90.96","90.96","89.50","976.19K","-1.80%"
"10/23/2020","91.22","91.00","91.64","90.76","819.78K","0.33%"
"10/22/2020","90.92","92.30","92.32","90.88","899.41K","-1.39%"
"10/21/2020","92.20","93.40","93.58","92.08","954.64K","-0.75%"
"10/20/2020","92.90","93.50","93.54","92.08","1.11M","0.04%"
"10/19/2020","92.86","93.00","93.34","92.52","813.33K","-0.09%"
"10/16/2020","92.94","92.30","93.08","92.12","899.51K","0.93%"
"10/15/2020","92.08","93.00","93.12","91.74","1.21M","-1.48%"
"10/14/2020","93.46","94.04","94.24","93.04","780.90K","-0.60%"
"10/13/2020","94.02","92.98","94.30","92.76","892.60K","0.02%"
"10/12/2020","94.00","92.60","94.00","92.16","1.10M","1.40%"
"10/09/2020","92.70","92.52","92.74","92.06","647.27K","0.35%"
"10/08/2020","92.38","92.82","92.98","92.22","746.60K","-0.26%"
"10/07/2020","92.62","92.00","92.66","91.78","997.26K","0.37%"
"10/06/2020","92.28","93.00","93.20","91.56","1.23M","-0.52%"
"10/05/2020","92.76","94.00","94.44","92.74","1.13M","-0.98%"
"10/02/2020","93.68","93.78","94.02","93.46","1.05M","-0.17%"
"10/01/2020","93.84","94.48","94.64","93.52","962.08K","-0.57%"
"09/30/2020","94.38","94.20","94.94","94.00","1.63M","0.06%"
"09/29/2020","94.32","95.00","95.80","94.20","1.27M","-0.36%"
"09/28/2020","94.66","93.92","94.96","93.58","1.37M","1.22%"
"09/25/2020","93.52","92.56","94.34","92.02","1.63M","1.41%"
"09/24/2020","92.22","90.80","93.08","90.50","1.74M","0.94%"
"09/23/2020","91.36","91.36","91.80","90.80","1.04M","-0.26%"
"09/22/2020","91.60","90.20","91.68","90.20","1.17M","1.71%"
"09/21/2020","90.06","91.46","91.68","90.06","1.33M","-1.79%"
"09/18/2020","91.70","90.50","91.70","90.40","2.43M","1.19%"
"09/17/2020","90.62","91.80","92.24","90.08","1.63M","-2.68%"
"09/16/2020","93.12","92.04","93.80","92.04","1.97M","1.17%"
"09/15/2020","92.04","92.00","92.80","91.08","1.31M","0.24%"
"09/14/2020","91.82","92.14","92.52","91.82","1.08M","-0.09%"
"09/11/2020","91.90","90.74","92.16","90.74","893.80K","1.32%"
"09/10/2020","90.70","92.38","92.38","90.62","1.22M","-1.63%"
"09/09/2020","92.20","89.82","92.40","89.50","1.80M","2.60%"
"09/08/2020","89.86","89.88","89.90","89.20","977.62K","0.42%"
"09/07/2020","89.48","89.10","89.80","88.60","675.52K","0.40%"
"09/04/2020","89.12","88.62","90.00","88.10","1.15M","0.07%"
"09/03/2020","89.06","88.60","89.56","88.24","1.18M","1.14%"
"09/02/2020","88.06","91.26","91.36","88.06","1.57M","-3.51%"
"09/01/2020","91.26","89.26","91.54","89.14","1.92M","2.63%"
"08/31/2020","88.92","89.48","89.96","88.92","1.68M","-0.45%"
"08/28/2020","89.32","90.68","91.10","89.32","830.46K","-1.63%"
"08/27/2020","90.80","90.42","91.22","89.94","1.07M","0.42%"
"08/26/2020","90.42","90.00","90.42","89.70","706.01K","0.36%"
"08/25/2020","90.10","90.52","90.78","90.06","797.03K","-0.46%"
"08/24/2020","90.52","89.76","90.86","89.74","850.08K","1.34%"
"08/21/2020","89.32","89.76","90.14","89.26","840.21K","-0.22%"
"08/20/2020","89.52","89.50","90.08","89.34","721.21K","-0.60%"
"08/19/2020","90.06","89.00","90.28","88.84","772.68K","1.30%"
"08/18/2020","88.90","89.74","90.04","88.90","864.71K","-1.02%"
"08/17/2020","89.82","88.96","89.82","88.24","640.83K","0.97%"
"08/14/2020","88.96","88.78","88.96","88.22","1.48M","0.07%"
"08/13/2020","88.90","89.38","89.60","88.70","862.91K","-0.60%"
"08/12/2020","89.44","88.48","89.44","87.94","1.26M","1.08%"
"08/11/2020","88.48","88.80","89.20","88.36","1.34M","-0.36%"
"08/10/2020","88.80","89.20","89.22","88.36","742.02K","-0.45%"
"08/07/2020","89.20","88.80","89.36","88.60","1.07M","0.27%"
"08/06/2020","88.96","89.60","89.60","88.54","1.20M","-0.71%"
"08/05/2020","89.60","89.56","90.06","89.06","1.19M","0.11%"
"08/04/2020","89.50","90.50","90.60","89.00","1.12M","-0.95%"
"08/03/2020","90.36","89.10","90.36","88.84","1.27M","0.96%"
"07/31/2020","89.50","88.20","89.62","88.08","2.21M","1.59%"
"07/30/2020","88.10","89.20","89.38","87.96","1.02M","-1.03%"
"07/29/2020","89.02","87.60","89.08","87.60","698.79K","0.63%"
"07/28/2020","88.46","88.10","88.88","87.56","819.81K","0.59%"
"07/27/2020","87.94","87.70","88.46","87.12","880.59K","0.18%"
"07/24/2020","87.78","87.90","88.00","87.14","1.13M","-0.20%"
"07/23/2020","87.96","86.66","88.28","86.66","1.30M","1.78%"
"07/22/2020","86.42","85.90","87.20","85.42","1.52M","0.56%"
"07/21/2020","85.94","87.20","87.38","85.90","1.96M","-1.42%"
"07/20/2020","87.18","87.20","87.46","86.80","1.03M","0.18%"
"07/17/2020","87.02","86.64","87.30","86.28","1.47M","0.44%"
"07/16/2020","86.64","88.20","88.20","86.26","1.38M","-2.06%"
"07/15/2020","88.46","85.62","88.46","85.34","2.59M","3.63%"
"07/14/2020","85.36","84.86","86.30","84.20","2.09M","0.73%"
"07/13/2020","84.74","86.00","86.00","83.76","2.04M","-0.02%"
"07/10/2020","84.76","83.76","84.76","83.70","1.25M","0.98%"
"07/09/2020","83.94","84.44","84.54","83.78","1.22M","-0.57%"
"07/08/2020","84.42","83.80","84.74","83.80","1.14M","0.62%"
"07/07/2020","83.90","84.06","84.50","83.66","1.56M","-0.21%"
"07/06/2020","84.08","84.76","84.96","83.50","993.27K","-0.45%"
"07/03/2020","84.46","84.40","85.88","84.40","1.37M","0.21%"
"07/02/2020","84.28","84.56","85.24","84.24","1.56M","-0.26%"
"07/01/2020","84.50","84.26","84.68","83.80","1.79M","0.24%"
"06/30/2020","84.30","84.36","84.92","84.12","1.83M","0.17%"
"06/29/2020","84.16","84.50","84.92","83.86","1.61M","-0.45%"
"06/26/2020","84.54","85.60","85.80","84.32","1.88M","0.64%"
"06/25/2020","84.00","83.70","84.34","83.12","2.08M","0.33%"
"06/24/2020","83.72","84.68","85.10","83.70","1.36M","-1.09%"
"06/23/2020","84.64","84.50","85.14","84.34","1.35M","0.02%"
"06/22/2020","84.62","85.08","85.50","84.52","1.07M","-0.73%"
"06/19/2020","85.24","85.66","85.90","85.10","3.18M","0.09%"
"06/18/2020","85.16","83.96","86.34","83.68","1.95M","1.33%"
"06/17/2020","84.04","84.90","85.34","83.58","2.96M","-1.89%"
"06/16/2020","85.66","85.00","85.74","84.58","2.64M","1.35%"
"06/15/2020","84.52","85.50","86.50","84.52","2.32M","-1.47%"
"06/12/2020","85.78","85.18","86.64","85.00","2.36M","1.06%"
"06/11/2020","84.88","84.00","85.90","84.00","2.62M","0.35%"
"06/10/2020","84.58","85.30","85.76","83.98","2.50M","-0.75%"
"06/09/2020","85.22","85.34","87.70","84.84","3.46M","0.05%"
"06/08/2020","85.18","85.20","85.60","83.92","3.26M","0.28%"
"06/05/2020","84.94","86.10","86.62","84.86","2.40M","-1.30%"
"06/04/2020","86.06","85.34","86.80","84.70","2.64M","0.75%"
"06/03/2020","85.42","84.40","85.50","83.84","2.75M","1.67%"
"06/02/2020","84.02","87.50","87.50","83.72","2.95M","-3.80%"
"05/29/2020","87.34","85.90","87.50","84.92","4.79M","1.96%"
"05/28/2020","85.66","83.44","86.50","83.16","2.37M","3.11%"
"05/27/2020","83.08","86.20","86.22","82.80","2.95M","-3.57%"
"05/26/2020","86.16","85.76","86.94","85.06","2.38M","0.80%"
"05/25/2020","85.48","85.58","85.58","84.72","796.12K","0.80%"
"05/22/2020","84.80","85.10","85.58","84.42","1.96M","-1.05%"
"05/20/2020","85.70","86.48","86.72","85.70","1.89M","-0.90%"
"05/19/2020","86.48","86.00","87.10","85.00","2.24M","1.24%"
"05/18/2020","85.42","85.50","86.30","84.78","1.45M","0.26%"
"05/15/2020","85.20","86.34","86.76","84.20","1.77M","-0.65%"
"05/14/2020","85.76","87.18","87.46","85.76","2.03M","-1.74%"
"05/13/2020","87.28","86.62","87.58","86.06","2.17M","0.34%"
"05/12/2020","86.98","84.40","87.06","84.24","2.61M","3.20%"
"05/11/2020","84.28","84.80","84.98","83.54","2.35M","-0.68%"
"05/08/2020","84.86","84.52","85.76","84.52","1.33M","0.62%"
"05/07/2020","84.34","84.92","85.64","84.06","2.06M","-0.87%"
"05/06/2020","85.08","87.20","87.86","84.72","2.79M","-2.25%"
"05/05/2020","87.04","92.00","92.00","86.28","3.06M","-6.09%"
"05/04/2020","92.68","91.40","93.92","91.08","1.92M","-0.06%"
"04/30/2020","92.74","94.48","95.16","92.68","3.17M","-1.65%"
"04/29/2020","94.30","95.24","95.62","93.52","2.29M","-1.40%"
"04/28/2020","95.64","94.34","95.64","93.84","2.86M","1.70%"
"04/27/2020","94.04","93.20","94.28","93.00","1.48M","1.27%"
"04/24/2020","92.86","95.32","95.90","92.54","2.90M","-3.33%"
"04/23/2020","96.06","96.44","97.14","95.04","1.62M","-0.83%"
"04/22/2020","96.86","96.16","96.86","95.08","2.56M","0.71%"
"04/21/2020","96.18","94.32","96.76","94.32","2.53M","1.41%"
"04/20/2020","94.84","93.88","94.84","91.56","2.10M","0.02%"
"04/17/2020","94.82","95.00","96.60","93.40","3.93M","-1.00%"
"04/16/2020","95.78","96.60","97.02","94.38","4.05M","-0.04%"
"04/15/2020","95.82","92.02","95.98","92.02","3.23M","3.84%"
"04/14/2020","92.28","91.92","92.92","90.84","4.34M","3.01%"
"04/08/2020","89.58","92.00","92.00","89.58","2.32M","-1.84%"
"04/07/2020","91.26","94.14","94.24","91.10","3.18M","-1.77%"
"04/06/2020","92.90","92.58","92.98","91.28","2.79M","1.31%"
"04/03/2020","91.70","89.82","91.94","89.10","2.83M","2.53%"
"04/02/2020","89.44","92.98","96.06","88.84","3.19M","-3.75%"
"04/01/2020","92.92","87.60","92.92","87.02","3.94M","4.38%"
"03/31/2020","89.02","91.36","92.80","85.84","6.13M","-3.32%"
"03/30/2020","92.08","85.90","92.08","83.98","3.40M","7.44%"
"03/27/2020","85.70","89.68","89.68","84.78","3.05M","-4.50%"
"03/26/2020","89.74","85.00","89.74","85.00","2.65M","5.21%"
"03/25/2020","85.30","84.42","86.06","83.80","2.56M","2.06%"
"03/24/2020","83.58","84.60","84.90","81.10","3.05M","2.10%"
"03/23/2020","81.86","83.00","84.50","81.26","2.96M","-4.37%"
"03/20/2020","85.60","87.48","89.00","82.92","3.43M","-1.74%"
"03/19/2020","87.12","83.56","87.16","83.02","4.67M","-0.25%"
"03/18/2020","87.34","86.24","87.34","81.64","4.85M","0.07%"
"03/17/2020","87.28","82.84","88.28","82.72","6.01M","7.17%"
"03/16/2020","81.44","77.84","81.96","77.32","5.90M","1.27%"
"03/13/2020","80.42","77.10","82.52","77.10","5.81M","5.73%"
"03/12/2020","76.06","80.54","80.54","75.00","5.26M","-7.65%"
"03/11/2020","82.36","81.00","82.92","79.22","3.93M","1.70%"
"03/10/2020","80.98","80.00","84.18","79.72","3.31M","1.15%"
"03/09/2020","80.06","79.30","82.44","79.30","3.49M","-2.65%"
"03/06/2020","82.24","84.20","84.78","82.16","2.39M","-4.28%"
"03/05/2020","85.92","85.80","86.18","84.52","2.23M","0.51%"
"03/04/2020","85.48","82.10","85.64","82.10","4.01M","2.62%"
"03/03/2020","83.30","82.00","83.74","81.14","3.08M","3.61%"
"03/02/2020","80.40","81.80","82.44","80.14","2.98M","1.49%"
"02/28/2020","79.22","80.80","81.50","79.16","4.66M","-3.58%"
"02/27/2020","82.16","82.60","84.14","82.16","1.95M","-2.56%"
"02/26/2020","84.32","84.16","85.22","82.74","2.58M","-0.33%"
"02/25/2020","84.60","85.00","85.78","84.30","1.72M","-0.07%"
"02/24/2020","84.66","86.00","86.10","84.50","2.12M","-2.20%"
"02/21/2020","86.56","87.14","87.14","86.16","2.07M","-0.67%"
"02/20/2020","87.14","88.42","88.70","86.92","1.22M","-1.74%"
"02/19/2020","88.68","87.58","88.94","87.58","1.30M","1.23%"
"02/18/2020","87.60","87.38","87.84","87.00","1.45M","0.23%"
"02/17/2020","87.40","88.40","88.64","87.28","1.17M","-1.24%"
"02/14/2020","88.50","87.42","88.60","86.94","1.43M","1.70%"
"02/13/2020","87.02","87.40","87.78","86.82","1.68M","-0.87%"
"02/12/2020","87.78","87.38","88.08","86.98","1.59M","0.41%"
"02/11/2020","87.42","86.86","87.70","86.66","1.72M","0.64%"
"02/10/2020","86.86","88.20","88.26","86.38","1.48M","-1.59%"
"02/07/2020","88.26","89.50","90.52","87.04","2.68M","-2.86%"
"02/06/2020","90.86","91.60","92.90","90.12","2.14M","-0.63%"
"02/05/2020","91.44","90.26","91.58","90.02","1.83M","1.46%"
"02/04/2020","90.12","89.30","90.62","89.30","1.55M","0.99%"
"02/03/2020","89.24","88.70","90.42","88.70","1.55M","0.27%"
"01/31/2020","89.00","89.06","89.88","88.84","1.54M","-0.27%"
"01/30/2020","89.24","89.52","90.48","89.06","1.18M","-0.38%"
"01/29/2020","89.58","88.46","90.14","88.44","1.13M","1.36%"
"01/28/2020","88.38","88.10","88.64","87.76","1.03M","0.25%"
"01/27/2020","88.16","88.54","88.74","87.76","1.24M","-0.65%"
"01/24/2020","88.74","87.78","88.82","87.78","1.32M","1.16%"
"01/23/2020","87.72","86.94","87.96","86.94","1.43M","0.80%"
"01/22/2020","87.02","86.74","88.18","86.74","1.49M","-0.21%"
"01/21/2020","87.20","87.50","87.50","86.54","897.62K","-0.18%"
"01/20/2020","87.36","87.12","88.00","87.12","768.20K","-0.21%"
"01/17/2020","87.54","86.26","87.86","86.26","1.29M","0.85%"
"01/16/2020","86.80","87.38","87.94","86.24","1.17M","-0.89%"
"01/15/2020","87.58","87.50","87.86","87.28","1.29M","-0.05%"
"01/14/2020","87.62","87.34","88.22","87.20","1.15M","-0.34%"
"01/13/2020","87.92","87.30","88.52","86.98","1.16M","0.59%"
"01/10/2020","87.40","87.08","87.80","86.78","1.00M","0.37%"
"01/09/2020","87.08","86.14","87.64","85.42","1.87M","-0.73%"
"01/08/2020","87.72","88.86","89.10","87.66","1.58M","-2.40%"
"01/07/2020","89.88","89.48","90.28","89.38","1.39M","0.83%"
"01/06/2020","89.14","89.42","89.54","88.56","1.15M","-0.62%"
"01/03/2020","89.70","89.90","89.90","88.96","841.61K","-0.29%"
"01/02/2020","89.96","88.96","90.22","88.90","797.79K","1.12%"
"12/30/2019","88.96","89.52","89.82","88.94","998.29K","-0.71%"
"12/27/2019","89.60","89.94","90.06","89.18","1.02M","-0.71%"
"12/23/2019","90.24","90.10","90.60","89.50","660.57K","0.20%"
"12/20/2019","90.06","89.06","90.06","88.84","2.45M","0.99%"
"12/19/2019","89.18","88.70","89.36","88.64","1.98M","0.43%"
"12/18/2019","88.80","87.46","88.96","87.46","1.69M","1.12%"
"12/17/2019","87.82","89.16","89.58","87.72","1.90M","-1.72%"
"12/16/2019","89.36","88.10","89.44","88.08","1.74M","1.45%"
"12/13/2019","88.08","89.42","89.42","87.58","1.77M","-1.54%"
"12/12/2019","89.46","90.50","91.06","89.46","1.52M","-1.15%"
"12/11/2019","90.50","91.38","91.98","89.96","1.73M","-0.68%"
"12/10/2019","91.12","91.20","91.38","90.10","1.45M","-0.31%"
"12/09/2019","91.40","90.70","91.52","90.22","1.44M","0.77%"
"12/06/2019","90.70","90.46","90.94","90.10","1.12M","-0.33%"
"12/05/2019","91.00","90.62","91.10","90.40","1.02M","0.42%"
"12/04/2019","90.62","90.04","90.64","89.80","1.48M","0.58%"
"12/03/2019","90.10","88.70","90.24","88.50","2.10M","1.62%"
"12/02/2019","88.66","89.24","89.54","88.60","1.62M","-0.67%"
"11/29/2019","89.26","88.60","89.26","88.22","1.61M","0.65%"
"11/28/2019","88.68","88.70","89.22","88.42","946.54K","-0.36%"
"11/27/2019","89.00","87.80","89.10","87.80","1.30M","1.27%"
"11/26/2019","87.88","88.18","88.30","86.96","8.94M","-0.34%"
"11/25/2019","88.18","87.68","88.18","87.12","1.02M","0.78%"
"11/22/2019","87.50","87.22","87.66","86.86","1.20M","0.07%"
"11/21/2019","87.44","88.14","88.76","87.18","1.70M","-1.58%"
"11/20/2019","88.84","87.96","88.88","87.46","1.62M","0.95%"
"11/19/2019","88.00","86.74","88.08","86.68","1.83M","1.45%"
"11/18/2019","86.74","86.58","87.08","85.74","1.79M","-0.46%"
"11/15/2019","87.14","85.62","87.14","85.34","1.64M","1.40%"
"11/14/2019","85.94","87.00","87.62","85.34","1.86M","-1.67%"
"11/13/2019","87.40","86.50","88.10","86.48","1.64M","0.55%"
"11/12/2019","86.92","87.12","87.58","85.86","1.89M","-0.50%"
"11/11/2019","87.36","86.78","87.52","86.40","1.37M","0.07%"
"11/08/2019","87.30","87.00","87.54","86.50","1.35M","-0.73%"
"11/07/2019","87.94","88.44","88.52","87.24","1.36M","-0.52%"
"11/06/2019","88.40","87.60","88.52","87.22","1.32M","1.14%"
"11/05/2019","87.40","87.96","87.98","87.06","1.39M","-1.04%"
"11/04/2019","88.32","87.98","88.36","87.08","1.11M","0.39%"
"11/01/2019","87.98","88.44","88.80","87.64","987.15K","-0.41%"
"10/31/2019","88.34","87.48","89.42","87.48","2.19M","0.98%"
"10/30/2019","87.48","85.96","87.64","85.90","1.19M","1.30%"
"10/29/2019","86.36","86.00","86.44","85.22","1.07M","0.35%"
"10/28/2019","86.06","85.40","86.16","84.74","1.34M","0.65%"
"10/25/2019","85.50","84.00","85.50","84.00","1.38M","-0.09%"
"10/24/2019","85.58","85.78","86.22","84.06","1.48M","0.05%"
"10/23/2019","85.54","85.56","86.02","84.96","1.60M","-0.63%"
"10/22/2019","86.08","84.88","86.18","84.62","1.14M","0.75%"
"10/21/2019","85.44","84.90","85.62","84.50","1.59M","0.64%"
"10/18/2019","84.90","84.60","85.98","84.60","2.23M","0.69%"
"10/17/2019","84.32","83.64","84.90","83.60","1.73M","0.81%"
"10/16/2019","83.64","84.60","85.06","83.20","1.59M","-1.11%"
"10/15/2019","84.58","83.92","84.76","83.92","1.56M","0.79%"
"10/14/2019","83.92","84.80","84.80","83.70","1.09M","-1.06%"
"10/11/2019","84.82","85.50","85.64","84.54","1.25M","-0.66%"
"10/10/2019","85.38","85.28","85.74","85.00","1.65M","-0.02%"
"10/09/2019","85.40","86.00","86.30","85.10","2.01M","-1.16%"
"10/08/2019","86.40","86.44","86.82","86.00","1.35M","-0.44%"
"10/07/2019","86.78","83.00","86.78","83.00","1.97M","1.21%"
"10/04/2019","85.74","83.14","85.88","83.00","1.92M","3.10%"
"10/03/2019","83.16","82.96","84.00","82.96","1.33M","-0.41%"
"10/02/2019","83.50","84.00","85.20","83.42","1.93M","-1.63%"
"10/01/2019","84.88","82.94","85.48","82.94","2.07M","2.56%"
"09/30/2019","82.76","82.28","83.10","81.64","2.07M","0.36%"
"09/27/2019","82.46","84.00","84.50","82.46","1.37M","-1.60%"
"09/26/2019","83.80","83.10","83.98","82.74","1.43M","0.53%"
"09/25/2019","83.36","82.52","83.40","82.14","1.53M","0.92%"
"09/24/2019","82.60","81.84","83.52","81.54","1.41M","1.20%"
"09/23/2019","81.62","81.64","82.08","81.14","1.62M","-0.02%"
"09/20/2019","81.64","80.30","81.66","80.24","3.28M","1.67%"
"09/19/2019","80.30","80.50","80.66","79.56","1.64M","-0.45%"
"09/18/2019","80.66","79.60","80.66","79.32","1.87M","1.33%"
"09/17/2019","79.60","78.20","79.66","77.70","1.37M","1.53%"
"09/16/2019","78.40","78.52","79.34","78.28","1.55M","-0.48%"
"09/13/2019","78.78","79.30","79.56","78.14","1.69M","-0.88%"
"09/12/2019","79.48","80.00","80.14","78.40","2.24M","-0.67%"
"09/11/2019","80.02","79.60","80.04","78.48","2.55M","0.05%"
"09/10/2019","79.98","80.52","80.52","79.26","1.62M","-0.79%"
"09/09/2019","80.62","81.74","82.14","80.58","1.25M","-1.68%"
"09/06/2019","82.00","82.00","82.46","81.30","1.71M","-0.24%"
"09/05/2019","82.20","82.52","83.44","81.76","2.13M","-0.41%"
"09/04/2019","82.54","83.04","83.52","82.38","993.63K","-0.60%"
"09/03/2019","83.04","83.46","83.60","82.62","1.19M","-0.48%"
"09/02/2019","83.44","83.52","83.82","82.92","614.08K","-0.10%"
"08/30/2019","83.52","82.90","83.94","82.90","1.21M","0.65%"
"08/29/2019","82.98","82.66","83.90","82.66","1.24M","0.36%"
"08/28/2019","82.68","83.00","83.30","81.98","1.61M","-0.39%"
"08/27/2019","83.00","82.16","83.00","81.42","2.97M","1.02%"
"08/26/2019","82.16","81.24","82.62","80.22","1.70M","0.91%"
"08/23/2019","81.42","79.72","81.42","79.72","2.08M","2.13%"
"08/22/2019","79.72","79.46","80.46","79.12","1.24M","-0.15%"
"08/21/2019","79.84","78.82","80.26","78.30","1.11M","1.29%"
"08/20/2019","78.82","79.10","79.90","78.54","1.03M","-0.20%"
"08/19/2019","78.98","80.88","80.88","78.50","1.05M","-1.37%"
"08/16/2019","80.08","77.58","80.08","77.12","2.66M","3.14%"
"08/15/2019","77.64","77.60","78.02","76.00","1.31M","0.03%"
"08/14/2019","77.62","77.66","78.32","77.36","1.52M","0.00%"
"08/13/2019","77.62","77.18","78.32","77.16","1.43M","-0.18%"
"08/12/2019","77.76","78.34","78.82","77.54","948.24K","-0.74%"
"08/09/2019","78.34","77.12","78.34","77.12","1.42M","1.42%"
"08/08/2019","77.24","76.48","77.44","76.32","1.04M","1.05%"
"08/07/2019","76.44","76.00","76.64","75.64","1.28M","1.03%"
"08/06/2019","75.66","75.36","76.20","74.92","1.31M","0.24%"
"08/05/2019","75.48","76.50","76.90","75.34","1.49M","-1.80%"
"08/02/2019","76.86","76.20","77.90","76.20","1.34M","0.23%"
"08/01/2019","76.68","75.28","76.90","75.28","1.20M","1.59%"
"07/31/2019","75.48","75.74","75.78","74.86","2.01M","-0.50%"
"07/30/2019","75.86","76.42","76.84","75.78","1.08M","-0.73%"
"07/29/2019","76.42","76.06","76.50","75.70","1.22M","0.82%"
"07/26/2019","75.80","76.00","76.76","75.80","1.37M","-0.21%"
"07/25/2019","75.96","76.06","76.80","75.72","1.16M","-0.13%"
"07/24/2019","76.06","77.32","77.78","75.94","1.62M","-1.50%"
"07/23/2019","77.22","76.90","77.58","76.78","1.19M","0.68%"
"07/22/2019","76.70","76.88","77.38","76.32","1.26M","-0.44%"
"07/19/2019","77.04","76.34","77.14","76.34","1.33M","1.16%"
"07/18/2019","76.16","75.96","76.58","75.78","1.13M","0.21%"
"07/17/2019","76.00","75.76","76.36","75.34","1.48M","0.00%"
"07/16/2019","76.00","76.34","76.46","75.50","1.76M","-0.39%"
"07/15/2019","76.30","76.44","76.64","75.64","1.49M","-0.39%"
"07/12/2019","76.60","77.82","78.54","75.92","1.90M","-2.15%"
"07/11/2019","78.28","78.32","78.96","77.90","1.44M","0.00%"
"07/10/2019","78.28","78.34","78.34","77.44","1.22M","-0.23%"
"07/09/2019","78.46","77.58","78.66","77.56","1.30M","-0.78%"
"07/08/2019","79.08","78.06","79.08","78.06","1.21M","1.62%"
"07/05/2019","77.82","79.00","79.44","77.82","1.46M","-1.44%"
"07/04/2019","78.96","78.02","79.24","78.00","1.22M","1.20%"
"07/03/2019","78.02","76.34","78.02","76.34","1.71M","1.48%"
"07/02/2019","76.88","75.84","77.04","74.78","1.92M","0.58%"
"07/01/2019","76.44","76.00","76.64","75.92","1.59M","1.00%"
"06/28/2019","75.68","75.80","76.40","75.48","2.84M","-0.29%"
"06/27/2019","75.90","76.14","76.76","75.66","1.59M","-0.45%"
"06/26/2019","76.24","76.76","77.64","75.94","1.94M","-0.34%"
"06/25/2019","76.50","76.78","77.12","76.26","1.59M","-0.36%"
"06/24/2019","76.78","76.00","77.18","76.00","1.18M","0.29%"
"06/21/2019","76.56","76.14","76.70","76.14","2.33M","0.24%"
"06/20/2019","76.38","76.86","77.10","76.34","1.30M","0.10%"
"06/19/2019","76.30","76.28","76.80","75.96","1.81M","0.63%"
"06/18/2019","75.82","75.44","76.12","75.16","1.61M","0.45%"
"06/17/2019","75.48","76.40","76.40","75.48","1.54M","-0.87%"
"06/14/2019","76.14","75.90","76.78","75.56","1.99M","0.40%"
"06/13/2019","75.84","75.80","76.16","75.08","1.71M","0.05%"
"06/12/2019","75.80","74.76","76.26","74.60","1.87M","-0.32%"
"06/11/2019","76.04","77.02","77.20","75.74","1.98M","-1.17%"
"06/07/2019","76.94","76.68","77.56","76.40","1.42M","0.73%"
"06/06/2019","76.38","76.06","77.24","75.96","1.54M","0.71%"
"06/05/2019","75.84","76.60","77.20","75.84","1.62M","-0.60%"
"06/04/2019","76.30","75.86","76.58","74.76","1.97M","0.08%"
"06/03/2019","76.24","75.56","76.24","74.86","1.75M","0.63%"
"05/31/2019","75.76","75.36","75.90","74.88","2.33M","-0.18%"
"05/29/2019","75.90","75.26","76.12","75.06","2.13M","0.66%"
"05/28/2019","75.40","75.48","75.80","74.82","5.76M","-0.03%"
"05/27/2019","75.42","75.74","75.80","74.36","1.13M","-0.21%"
"05/24/2019","75.58","75.16","76.32","74.94","1.65M","0.75%"
"05/23/2019","75.02","75.80","75.96","75.02","1.66M","-1.13%"
"05/22/2019","75.88","75.46","76.18","75.44","1.30M","0.50%"
"05/21/2019","75.50","75.50","76.00","75.08","1.74M","0.00%"
"05/20/2019","75.50","74.94","75.50","74.22","1.79M","0.75%"
"05/16/2019","74.94","75.50","75.50","74.06","4.15M","-0.66%"
"05/15/2019","75.44","74.66","75.50","74.44","2.29M","1.02%"
"05/14/2019","74.68","74.82","74.84","74.28","2.79M","0.05%"
"05/13/2019","74.64","74.50","74.94","74.12","2.20M","-0.27%"
"05/10/2019","74.84","74.00","74.84","73.76","2.54M","0.92%"
"05/09/2019","74.16","72.96","74.32","72.90","3.09M","1.48%"
"05/08/2019","73.08","72.48","73.60","71.70","2.47M","0.44%"
"05/07/2019","72.76","70.04","72.76","70.04","3.04M","5.79%"
"05/06/2019","68.78","68.80","68.98","68.06","1.45M","-0.41%"
"05/03/2019","69.06","68.58","69.44","68.14","1.43M","0.85%"
"05/02/2019","68.48","68.00","68.56","67.60","2.14M","1.24%"
"04/30/2019","67.64","67.52","68.06","67.38","1.82M","-0.15%"
"04/29/2019","67.74","67.02","67.74","66.76","1.27M","1.56%"
"04/26/2019","66.70","66.20","67.08","65.86","1.52M","-3.14%"
"04/25/2019","68.86","69.48","69.70","68.48","1.78M","-0.55%"
"04/24/2019","69.24","67.18","69.50","67.18","3.49M","4.28%"
"04/23/2019","66.40","66.20","66.68","65.58","2.03M","0.06%"
"04/17/2019","66.36","66.94","67.20","65.46","2.07M","-1.25%"
"04/16/2019","67.20","66.70","67.34","66.70","1.20M","0.87%"
"04/15/2019","66.62","65.62","66.66","65.62","1.04M","1.77%"
"04/12/2019","65.46","66.22","66.56","65.12","2.15M","-1.00%"
"04/11/2019","66.12","66.08","66.48","65.84","2.30M","0.09%"
"04/10/2019","66.06","66.30","66.58","65.78","1.89M","-0.33%"
"04/09/2019","66.28","66.92","66.94","66.00","1.52M","-1.05%"
"04/08/2019","66.98","66.82","67.06","66.44","1.26M","0.27%"
"04/05/2019","66.80","66.60","66.94","66.06","1.39M","0.30%"
"04/04/2019","66.60","67.48","67.58","66.02","1.34M","-1.57%"
"04/03/2019","67.66","66.78","67.66","66.30","1.64M","1.41%"
"04/02/2019","66.72","66.36","66.94","66.06","1.71M","0.82%"
"04/01/2019","66.18","66.44","66.54","65.88","1.17M","-0.03%"
"03/29/2019","66.20","65.70","66.36","65.16","2.57M","0.82%"
"03/28/2019","65.66","64.90","66.46","64.82","1.78M","0.77%"
"03/27/2019","65.16","65.18","65.52","64.16","2.81M","-1.78%"
"03/26/2019","66.34","66.70","66.76","66.18","1.16M","-0.24%"
"03/25/2019","66.50","66.42","66.62","65.68","1.11M","-0.66%"
"03/22/2019","66.94","67.24","67.62","66.84","1.42M","-0.42%"
"03/21/2019","67.22","66.76","67.36","66.64","988.17K","0.72%"
"03/20/2019","66.74","67.54","67.60","66.74","1.16M","-0.83%"
"03/19/2019","67.30","67.10","67.66","66.74","1.95M","0.45%"
"03/18/2019","67.00","68.14","68.24","66.32","1.71M","-2.16%"
"03/15/2019","68.48","68.34","68.86","68.18","2.53M","0.06%"
"03/14/2019","68.44","67.70","68.66","67.56","1.49M","1.15%"
"03/13/2019","67.66","68.10","68.24","67.40","1.36M","-0.62%"
"03/12/2019","68.08","68.00","68.26","67.88","1.06M","0.77%"
"03/11/2019","67.56","68.50","68.50","67.26","1.03M","-1.20%"
"03/08/2019","68.38","68.00","68.56","67.92","1.05M","0.56%"
"03/07/2019","68.00","68.00","68.56","67.52","1.86M","0.15%"
"03/06/2019","67.90","68.42","68.52","67.66","1.01M","-0.26%"
"03/05/2019","68.08","68.38","68.44","67.80","1.06M","-0.35%"
"03/04/2019","68.32","68.04","68.60","68.04","1.15M","0.47%"
"03/01/2019","68.00","68.14","68.28","67.60","2.18M","0.86%"
"02/28/2019","67.42","68.00","68.20","67.02","1.86M","-1.17%"
"02/27/2019","68.22","69.24","69.24","68.22","921.53K","-1.16%"
"02/26/2019","69.02","69.20","69.30","68.86","941.35K","-0.35%"
"02/25/2019","69.26","69.60","69.80","68.88","1.10M","0.73%"
"02/22/2019","68.76","69.26","69.26","68.72","1.08M","-0.52%"
"02/21/2019","69.12","68.22","69.12","68.06","1.40M","2.01%"
"02/20/2019","67.76","67.36","68.18","67.22","1.07M","0.15%"
"02/19/2019","67.66","67.04","67.66","66.92","904.74K","0.95%"
"02/18/2019","67.02","67.74","67.80","67.02","1.32M","-0.98%"
"02/15/2019","67.68","66.92","67.68","66.76","1.40M","1.32%"
"02/14/2019","66.80","67.30","67.72","66.64","1.79M","-0.62%"
"02/13/2019","67.22","66.30","67.64","66.30","1.80M","0.06%"
"02/12/2019","67.18","67.00","67.44","66.66","1.66M","0.72%"
"02/11/2019","66.70","66.70","67.36","66.64","1.12M","0.30%"
"02/08/2019","66.50","67.02","67.36","66.42","1.97M","-1.22%"
"02/07/2019","67.32","67.12","67.32","65.40","1.37M","-0.36%"
"02/06/2019","67.56","67.68","68.58","67.40","2.06M","-2.85%"
"02/05/2019","69.54","69.06","69.78","68.78","1.14M","0.64%"
"02/04/2019","69.10","69.32","69.34","68.90","997.10K","0.20%"
"02/01/2019","68.96","68.26","69.24","68.14","1.16M","1.56%"
"01/31/2019","67.90","69.28","69.88","67.90","3.04M","-2.13%"
"01/30/2019","69.38","69.12","69.38","68.62","1.50M","0.09%"
"01/29/2019","69.32","68.70","69.32","68.32","1.51M","0.90%"
"01/28/2019","68.70","68.06","68.76","67.76","1.35M","0.85%"
"01/25/2019","68.12","70.66","70.78","67.88","2.27M","-3.76%"
"01/24/2019","70.78","70.52","70.98","70.46","1.08M","0.28%"
"01/23/2019","70.58","70.80","70.82","70.14","1.07M","-0.48%"
"01/22/2019","70.92","70.38","71.12","70.38","1.23M","0.62%"
"01/21/2019","70.48","70.68","70.80","70.36","571.47K","-0.37%"
"01/18/2019","70.74","69.50","70.96","69.30","1.65M","2.11%"
"01/17/2019","69.28","68.98","69.80","68.90","1.08M","0.14%"
"01/16/2019","69.18","69.08","69.56","68.86","1.76M","0.23%"
"01/15/2019","69.02","69.48","69.72","68.92","1.03M","0.03%"
"01/14/2019","69.00","69.70","69.74","68.74","1.00M","-1.00%"
"01/11/2019","69.70","70.16","70.16","69.42","1.33M","0.32%"
"01/10/2019","69.48","68.68","69.52","68.50","1.31M","1.02%"
"01/09/2019","68.78","68.90","68.92","68.50","940.06K","0.35%"
"01/08/2019","68.54","68.48","68.86","68.04","1.22M","-0.12%"
"01/07/2019","68.62","68.62","68.82","68.28","1.30M","0.06%"
"01/04/2019","68.58","67.88","68.58","67.30","1.61M","1.60%"
"01/03/2019","67.50","67.72","67.72","66.64","1.53M","0.75%"
"01/02/2019","67.00","67.66","67.98","66.96","1.29M","-1.53%"
"12/28/2018","68.04","67.22","68.48","67.22","1.49M","1.40%"
"12/27/2018","67.10","69.94","69.94","67.00","1.37M","-4.09%"
"12/21/2018","69.96","69.98","70.14","69.24","2.77M","0.00%"
"12/20/2018","69.96","70.26","70.64","69.58","1.45M","-1.46%"
"12/19/2018","71.00","70.72","71.08","70.00","1.77M","0.42%"
"12/18/2018","70.70","70.50","70.90","69.70","1.86M","0.34%"
"12/17/2018","70.46","70.58","71.14","69.92","1.61M","0.66%"
"12/14/2018","70.00","70.30","70.68","68.64","1.67M","0.26%"
"12/13/2018","69.82","70.90","70.90","69.32","1.01M","-0.80%"
"12/12/2018","70.38","70.00","70.90","69.80","1.54M","1.27%"
"12/11/2018","69.50","68.12","69.60","68.12","1.35M","2.54%"
"12/10/2018","67.78","68.50","69.16","67.78","1.31M","-2.28%"
"12/07/2018","69.36","69.02","69.92","68.88","1.30M","1.40%"
"12/06/2018","68.40","70.00","70.22","68.34","1.65M","-2.65%"
"12/05/2018","70.26","71.00","71.54","70.26","960.36K","-1.73%"
"12/04/2018","71.50","71.06","71.74","70.90","1.50M","0.48%"
"12/03/2018","71.16","71.64","71.74","71.00","1.65M","0.23%"
"11/30/2018","71.00","70.70","71.10","69.98","2.90M","-0.08%"
"11/29/2018","71.06","71.10","71.56","70.48","1.07M","0.14%"
"11/28/2018","70.96","71.32","71.38","70.42","1.60M","-0.17%"
"11/27/2018","71.08","71.12","71.58","70.74","1.08M","0.20%"
"11/26/2018","70.94","70.70","71.20","70.48","887.31K","0.85%"
"11/23/2018","70.34","70.34","70.46","69.72","772.20K","-0.17%"
"11/22/2018","70.46","71.66","72.40","70.10","1.42M","-1.51%"
"11/21/2018","71.54","70.88","71.54","70.34","976.29K","0.87%"
"11/20/2018","70.92","71.40","71.60","70.64","1.10M","-0.89%"
"11/19/2018","71.56","72.26","72.32","71.42","1.27M","-1.00%"
"11/16/2018","72.28","71.98","72.36","71.80","1.68M","0.64%"
"11/15/2018","71.82","73.34","73.34","71.60","1.10M","-2.10%"
"11/14/2018","73.36","72.06","73.40","72.06","1.65M","1.41%"
"11/13/2018","72.34","72.00","72.70","71.90","1.35M","0.39%"
"11/12/2018","72.06","72.48","72.56","71.64","901.03K","-0.47%"
"11/09/2018","72.40","71.38","72.46","71.12","1.02M","1.43%"
"11/08/2018","71.38","71.30","71.90","71.04","1.70M","0.76%"
"11/07/2018","70.84","70.72","71.06","70.60","1.41M","0.23%"
"11/06/2018","70.68","71.16","71.16","70.38","940.17K","-0.65%"
"11/05/2018","71.14","71.34","71.50","71.02","970.79K","-0.48%"
"11/02/2018","71.48","71.68","71.92","71.00","1.13M","-0.11%"
"11/01/2018","71.56","72.60","72.60","71.16","1.60M","-1.62%"
"10/31/2018","72.74","71.80","73.16","70.68","3.10M","2.77%"
"10/30/2018","70.78","71.00","71.00","69.82","1.36M","-0.23%"
"10/29/2018","70.94","70.64","71.26","70.42","1.33M","1.05%"
"10/26/2018","70.20","71.02","71.34","69.82","1.90M","-1.15%"
"10/25/2018","71.02","67.62","71.12","67.60","2.65M","5.15%"
"10/24/2018","67.54","67.08","67.78","66.80","1.46M","1.56%"
"10/23/2018","66.50","66.26","66.82","66.00","1.96M","-0.09%"
"10/22/2018","66.56","67.40","68.42","66.50","1.49M","0.39%"
"10/19/2018","66.30","66.12","66.56","65.58","1.67M","0.45%"
"10/18/2018","66.00","66.50","67.10","65.34","2.89M","-1.96%"
"10/17/2018","67.32","68.10","68.14","67.24","943.16K","-0.80%"
"10/16/2018","67.86","67.04","67.86","66.74","898.45K","1.43%"
"10/15/2018","66.90","67.20","67.52","66.86","950.88K","-0.36%"
"10/12/2018","67.14","67.14","67.36","66.78","1.01M","0.21%"
"10/11/2018","67.00","67.00","67.62","66.70","1.89M","-1.53%"
"10/10/2018","68.04","68.58","69.02","68.02","1.10M","-0.85%"
"10/09/2018","68.62","68.46","68.78","67.60","1.79M","0.65%"
"10/08/2018","68.18","68.38","68.82","67.94","1.24M","0.38%"
"10/05/2018","67.92","68.30","68.36","67.60","1.89M","0.09%"
"10/04/2018","67.86","69.96","70.18","67.86","1.44M","-3.25%"
"10/03/2018","70.14","69.50","71.26","69.50","1.75M","1.18%"
"10/02/2018","69.32","69.02","69.42","67.56","2.00M","0.93%"
"10/01/2018","68.68","69.08","69.48","68.66","1.47M","-0.12%"
"09/28/2018","68.76","69.58","69.60","68.70","1.57M","-1.26%"
"09/27/2018","69.64","69.08","69.78","69.08","1.24M","0.58%"
"09/26/2018","69.24","69.86","69.86","69.20","1.56M","-0.55%"
"09/25/2018","69.62","69.60","69.90","69.14","1.55M","0.03%"
"09/24/2018","69.60","70.04","70.26","69.26","1.51M","-1.00%"
"09/21/2018","70.30","69.76","70.68","69.42","3.23M","1.30%"
"09/20/2018","69.40","68.74","69.52","68.54","1.68M","1.11%"
"09/19/2018","68.64","68.00","70.10","67.76","2.87M","-0.64%"
"09/18/2018","69.08","68.80","69.16","68.68","1.22M","0.64%"
"09/17/2018","68.64","67.90","68.74","67.72","1.03M","1.06%"
"09/14/2018","67.92","68.00","68.18","67.68","1.62M","0.18%"
"09/13/2018","67.80","68.16","68.18","67.76","1.46M","-0.15%"
"09/12/2018","67.90","68.16","68.26","67.80","1.32M","-0.38%"
"09/11/2018","68.16","68.40","68.46","67.98","1.42M","-0.35%"
"09/10/2018","68.40","68.46","68.66","68.22","1.23M","-0.15%"
"09/07/2018","68.50","68.84","68.84","68.08","1.49M","-0.29%"
"09/06/2018","68.70","68.12","68.92","67.98","1.50M","0.59%"
"09/05/2018","68.30","68.62","68.76","68.18","3.21M","-0.73%"
"09/04/2018","68.80","69.06","69.66","68.46","1.07M","-0.49%"
"09/03/2018","69.14","68.80","69.40","68.66","1.47M","0.20%"
"08/31/2018","69.00","68.30","69.58","68.22","4.06M","0.06%"
"08/30/2018","68.96","70.00","70.14","68.20","1.90M","-2.10%"
"08/29/2018","70.44","70.58","70.80","70.00","1.36M","-0.11%"
"08/28/2018","70.52","70.84","71.14","70.42","1.13M","-0.11%"
"08/27/2018","70.60","70.60","70.92","70.44","693.03K","-0.37%"
"08/24/2018","70.86","70.70","70.90","70.34","856.80K","0.17%"
"08/23/2018","70.74","71.36","71.64","70.72","1.06M","-0.90%"
"08/22/2018","71.38","70.90","71.58","70.90","959.49K","0.31%"
"08/21/2018","71.16","71.00","71.48","70.86","1.02M","0.20%"
"08/20/2018","71.02","70.86","71.82","70.86","1.76M","0.51%"
"08/17/2018","70.66","70.24","70.80","70.08","1.36M","0.54%"
"08/16/2018","70.28","69.66","70.28","69.60","1.11M","0.98%"
"08/15/2018","69.60","70.48","70.50","69.24","1.27M","-1.28%"
"08/14/2018","70.50","69.98","70.58","69.80","1.52M","0.71%"
"08/13/2018","70.00","69.86","70.00","69.20","1.47M","0.00%"
"08/10/2018","70.00","69.50","70.46","69.48","1.61M","0.23%"
"08/09/2018","69.84","69.60","69.88","69.12","1.15M","0.37%"
"08/08/2018","69.58","69.22","69.58","68.92","1.23M","0.84%"
"08/07/2018","69.00","68.82","69.10","68.58","1.73M","0.29%"
"08/06/2018","68.80","69.48","69.56","68.62","1.27M","-0.66%"
"08/03/2018","69.26","69.60","69.64","68.76","1.25M","-0.26%"
"08/02/2018","69.44","69.50","69.86","69.24","1.58M","-0.06%"
"08/01/2018","69.48","69.04","69.60","68.92","1.47M","0.70%"
"07/31/2018","69.00","69.44","69.46","68.64","1.79M","-0.26%"
"07/30/2018","69.18","69.34","69.90","69.04","1.04M","-0.43%"
"07/27/2018","69.48","68.98","69.48","68.64","1.55M","1.25%"
"07/26/2018","68.62","68.68","68.96","68.00","1.23M","0.12%"
"07/25/2018","68.54","68.00","68.58","67.68","1.80M","0.50%"
"07/24/2018","68.20","68.10","68.74","67.62","2.05M","-0.03%"
"07/23/2018","68.22","68.02","68.48","67.70","1.93M","-0.06%"
"07/20/2018","68.26","68.02","68.68","67.80","2.19M","0.68%"
"07/19/2018","67.80","67.34","68.06","66.92","2.16M","0.65%"
"07/18/2018","67.36","66.30","67.62","66.08","2.14M","1.78%"
"07/17/2018","66.18","66.20","67.40","66.00","2.82M","0.30%"
"07/16/2018","65.98","66.16","66.90","64.82","4.22M","0.52%"
"07/13/2018","65.64","73.00","73.82","64.60","7.86M","-10.16%"
"07/12/2018","73.06","72.14","73.30","72.14","1.53M","1.14%"
"07/11/2018","72.24","72.56","72.76","72.10","1.57M","-1.04%"
"07/10/2018","73.00","72.12","73.10","71.86","1.84M","1.28%"
"07/09/2018","72.08","72.18","72.24","71.72","1.78M","0.06%"
"07/06/2018","72.04","71.64","72.56","71.64","2.01M","0.70%"
"07/05/2018","71.54","71.20","71.86","70.70","1.68M","0.51%"
"07/04/2018","71.18","71.56","71.90","71.18","856.92K","-0.59%"
"07/03/2018","71.60","71.40","71.86","70.88","1.64M","0.42%"
"07/02/2018","71.30","70.98","71.60","70.84","1.87M","-0.14%"
"06/29/2018","71.40","72.02","73.06","71.40","3.13M","-0.64%"
"06/28/2018","71.86","72.82","73.14","71.84","1.71M","-1.35%"
"06/27/2018","72.84","72.10","73.12","72.10","1.98M","1.03%"
"06/26/2018","72.10","72.18","72.92","71.70","1.65M","-0.17%"
"06/25/2018","72.22","73.14","73.50","72.16","1.39M","-1.23%"
"06/22/2018","73.12","73.46","73.84","73.12","1.37M","-0.57%"
"06/21/2018","73.54","73.54","73.92","73.20","1.58M","0.00%"
"06/20/2018","73.54","73.88","74.44","73.42","1.27M","-0.05%"
"06/19/2018","73.58","74.00","74.34","73.50","1.62M","-0.86%"
"06/18/2018","74.22","75.28","75.28","74.04","1.54M","-1.54%"
"06/15/2018","75.38","73.18","75.38","72.94","4.24M","3.03%"
"06/14/2018","73.16","73.86","74.00","73.04","2.37M","-1.14%"
"06/13/2018","74.00","74.50","75.34","74.00","1.69M","-0.75%"
"06/12/2018","74.56","74.40","74.96","74.04","1.52M","0.46%"
"06/11/2018","74.22","74.20","74.96","74.00","1.53M","-0.11%"
"06/08/2018","74.30","74.00","74.66","73.70","1.41M","0.24%"
"06/07/2018","74.12","74.48","74.82","74.10","1.33M","-0.08%"
"06/06/2018","74.18","74.42","74.90","74.02","1.32M","0.00%"
"06/05/2018","74.18","74.78","74.78","74.06","1.58M","-0.72%"
"06/04/2018","74.72","74.60","74.94","74.34","889.72K","0.78%"
"06/01/2018","74.14","73.60","74.34","73.60","1.50M","0.46%"
"05/31/2018","73.80","76.16","76.28","73.68","5.23M","-2.79%"
"05/30/2018","75.92","75.30","76.62","74.90","2.56M","0.69%"
"05/29/2018","75.40","75.68","75.98","75.00","2.56M","-0.53%"
"05/28/2018","75.80","74.26","75.80","74.20","1.92M","2.07%"
"05/25/2018","74.26","73.70","74.58","73.70","2.04M","0.16%"
"05/24/2018","74.14","73.36","74.40","73.36","2.07M","0.90%"
"05/23/2018","73.48","73.88","74.28","73.30","3.40M","-0.43%"
"05/22/2018","73.80","74.56","74.56","73.46","2.44M","-0.59%"
"05/18/2018","74.24","74.00","74.56","73.20","2.83M","0.38%"
"05/16/2018","73.96","73.86","74.36","73.58","2.44M","0.35%"
"05/15/2018","73.70","74.52","74.58","73.66","2.37M","-0.49%"
"05/14/2018","74.06","74.28","74.60","73.70","1.93M","0.03%"
"05/11/2018","74.04","74.12","75.00","73.80","2.40M","-0.11%"
"05/09/2018","74.12","75.14","75.20","73.94","2.55M","-1.51%"
"05/08/2018","75.26","74.66","75.26","74.24","2.91M","1.10%"
"05/07/2018","74.44","73.66","74.74","73.60","1.59M","1.47%"
"05/04/2018","73.36","73.80","74.24","73.32","2.11M","-0.46%"
"05/03/2018","73.70","74.00","74.22","73.50","2.17M","-0.41%"
"05/02/2018","74.00","74.46","74.54","73.52","3.12M","-0.46%"
"04/30/2018","74.34","73.96","75.08","73.48","4.07M","0.79%"
"04/27/2018","73.76","75.04","75.30","73.60","2.83M","-1.73%"
"04/26/2018","75.06","75.34","75.42","74.40","3.51M","0.00%"
"04/25/2018","75.06","80.44","80.48","74.20","5.33M","-7.74%"
"04/24/2018","81.36","81.42","81.72","81.16","1.18M","0.15%"
"04/23/2018","81.24","81.56","81.56","80.90","1.36M","-0.61%"
"04/20/2018","81.74","82.04","82.04","81.26","3.08M","-0.32%"
"04/19/2018","82.00","81.92","82.34","81.24","1.51M","0.49%"
"04/18/2018","81.60","80.90","81.86","80.80","2.49M","0.62%"
"04/17/2018","81.10","80.96","81.20","80.80","1.50M","0.02%"
"04/16/2018","81.08","81.20","81.46","80.84","1.21M","0.27%"
"04/13/2018","80.86","81.60","81.60","80.32","1.91M","-3.37%"
"04/12/2018","83.68","83.66","83.96","83.18","1.46M","-0.02%"
"04/11/2018","83.70","84.70","84.72","83.42","2.06M","-1.18%"
"04/10/2018","84.70","83.76","84.76","83.16","3.12M","1.75%"
"04/09/2018","83.24","82.48","83.24","81.84","2.33M","0.70%"
"04/06/2018","82.66","83.96","84.04","81.00","3.44M","-4.20%"
"04/05/2018","86.28","86.22","86.42","85.68","1.33M","0.89%"
"04/04/2018","85.52","86.30","86.30","84.16","2.33M","-1.00%"
"04/03/2018","86.38","83.92","86.50","83.66","3.76M","2.66%"
"03/28/2018","84.14","84.60","84.88","82.86","1.83M","-0.54%"
"03/27/2018","84.60","83.98","84.70","83.96","2.99M","1.27%"
"03/26/2018","83.54","84.08","84.08","82.94","1.46M","-0.43%"
"03/23/2018","83.90","83.60","84.22","82.32","1.71M","-0.12%"
"03/22/2018","84.00","84.26","84.50","83.68","1.42M","-0.71%"
"03/21/2018","84.60","84.80","84.84","84.06","1.43M","-0.12%"
"03/20/2018","84.70","84.48","84.88","84.44","1.17M","-0.02%"
"03/19/2018","84.72","85.04","85.14","84.14","1.12M","-0.33%"
"03/16/2018","85.00","85.40","85.82","84.92","2.45M","-0.47%"
"03/15/2018","85.40","85.64","85.76","84.96","1.51M","-0.09%"
"03/14/2018","85.48","85.40","85.80","85.06","1.58M","0.02%"
"03/13/2018","85.46","86.12","86.24","85.42","1.29M","-0.35%"
"03/12/2018","85.76","86.42","86.54","85.50","1.01M","-0.23%"
"03/09/2018","85.96","85.82","86.16","85.54","1.25M","0.16%"
"03/08/2018","85.82","85.20","85.82","84.60","1.95M","0.54%"
"03/07/2018","85.36","84.98","85.54","84.78","1.84M","-0.05%"
"03/06/2018","85.40","85.62","86.02","85.20","1.32M","0.31%"
"03/05/2018","85.14","84.78","85.18","84.66","1.25M","0.38%"
"03/02/2018","84.82","85.44","85.84","84.78","1.50M","-0.96%"
"03/01/2018","85.64","86.08","86.40","85.08","1.43M","-1.13%"
"02/28/2018","86.62","85.70","86.82","85.52","2.11M","0.91%"
"02/27/2018","85.84","85.72","86.26","85.54","1.23M","0.14%"
"02/26/2018","85.72","85.78","86.50","85.62","992.19K","-0.07%"
"02/23/2018","85.78","84.64","85.78","84.64","1.37M","1.39%"
"02/22/2018","84.60","85.08","85.08","83.74","1.32M","-1.24%"
"02/21/2018","85.66","84.40","85.78","84.38","1.50M","1.30%"
"02/20/2018","84.56","84.20","85.06","84.20","1.40M","0.09%"
"02/19/2018","84.48","85.46","85.50","84.40","754.41K","-1.15%"
"02/16/2018","85.46","85.02","85.46","84.82","1.31M","0.54%"
"02/15/2018","85.00","84.00","85.14","83.86","1.70M","0.95%"
"02/14/2018","84.20","84.86","85.50","83.90","1.84M","-1.52%"
"02/13/2018","85.50","85.32","86.14","84.70","2.12M","0.21%"
"02/12/2018","85.32","83.24","85.40","82.78","2.35M","2.80%"
"02/09/2018","83.00","82.64","83.20","82.08","2.04M","-0.46%"
"02/08/2018","83.38","80.70","84.44","80.70","3.84M","5.09%"
"02/07/2018","79.34","78.24","79.34","77.80","2.69M","2.40%"
"02/06/2018","77.48","77.00","78.30","76.50","2.66M","-2.27%"
"02/05/2018","79.28","79.50","79.78","78.80","1.44M","-0.85%"
"02/02/2018","79.96","80.52","80.82","79.82","1.77M","-1.24%"
"02/01/2018","80.96","80.80","80.96","80.42","2.07M","0.92%"
"01/31/2018","80.22","79.78","81.38","79.78","2.48M","0.22%"
"01/30/2018","80.04","80.16","80.48","79.70","1.60M","0.05%"
"01/29/2018","80.00","80.50","80.68","80.00","1.35M","-0.77%"
"01/26/2018","80.62","80.60","81.20","80.36","1.39M","0.02%"
"01/25/2018","80.60","81.62","81.64","80.52","1.37M","-1.47%"
"01/24/2018","81.80","82.08","82.10","81.46","1.08M","-0.37%"
"01/23/2018","82.10","82.00","82.10","81.58","1.42M","0.29%"
"01/22/2018","81.86","81.36","81.86","81.28","1.20M","0.37%"
"01/19/2018","81.56","80.50","81.56","80.30","1.76M","1.09%"
"01/18/2018","80.68","81.60","81.62","80.52","1.72M","-1.08%"
"01/17/2018","81.56","81.00","81.68","80.92","1.77M","0.02%"
"01/16/2018","81.54","81.78","81.78","81.20","1.21M","0.10%"
"01/15/2018","81.46","81.64","82.04","81.18","1.52M","-0.22%"
"01/12/2018","81.64","82.44","82.46","81.40","1.95M","-0.87%"
"01/11/2018","82.36","82.66","82.70","82.12","1.98M","-0.17%"
"01/10/2018","82.50","83.70","84.40","82.42","2.49M","-3.17%"
"01/09/2018","85.20","86.10","86.10","84.80","1.61M","-1.05%"
"01/08/2018","86.10","85.56","86.18","85.16","1.26M","0.68%"
"01/05/2018","85.52","84.74","85.94","84.74","1.25M","0.92%"
"01/04/2018","84.74","86.06","86.10","84.52","1.97M","-1.28%"
"01/03/2018","85.84","86.22","86.64","85.54","1.25M","-0.26%"
"01/02/2018","86.06","86.94","87.12","85.86","804.00K","-1.14%"
"12/29/2017","87.05","86.85","87.30","86.55","564.71K","0.06%"
"12/28/2017","87.00","86.50","87.30","86.30","788.42K","0.58%"
"12/27/2017","86.50","86.35","86.75","86.10","1.86M","0.17%"
"12/22/2017","86.35","86.05","86.45","85.70","944.15K","0.41%"
"12/21/2017","86.00","86.00","86.20","85.65","1.14M","0.00%"
"12/20/2017","86.00","86.25","86.75","85.70","1.37M","-0.69%"
"12/19/2017","86.60","86.45","86.85","85.90","1.68M","0.23%"
"12/18/2017","86.40","85.00","86.50","84.75","1.96M","1.77%"
"12/15/2017","84.90","84.80","85.45","84.15","3.14M","-0.18%"
"12/14/2017","85.05","84.45","85.90","84.20","2.04M","0.35%"
"12/13/2017","84.75","84.75","85.25","84.45","1.37M","-0.24%"
"12/12/2017","84.95","84.70","84.95","84.40","1.24M","0.30%"
"12/11/2017","84.70","83.40","84.95","83.40","2.03M","1.56%"
"12/08/2017","83.40","83.75","83.75","82.90","1.64M","0.00%"
"12/07/2017","83.40","83.90","84.60","83.20","1.54M","-0.60%"
"12/06/2017","83.90","83.00","84.00","82.60","1.38M","0.54%"
"12/05/2017","83.45","83.45","83.80","83.10","1.29M","-0.06%"
"12/04/2017","83.50","84.10","84.10","83.10","1.37M","-0.30%"
"12/01/2017","83.75","83.20","83.75","82.60","1.19M","0.42%"
"11/30/2017","83.40","82.95","83.60","82.45","2.21M","0.48%"
"11/29/2017","83.00","83.30","83.60","82.60","1.36M","-0.95%"
"11/28/2017","83.80","82.15","83.80","81.65","1.65M","2.07%"
"11/27/2017","82.10","82.35","82.85","81.95","921.57K","-0.61%"
"11/24/2017","82.60","83.05","83.10","82.55","781.56K","-0.48%"
"11/23/2017","83.00","83.00","83.50","82.80","1.05M","0.00%"
"11/22/2017","83.00","82.60","83.35","82.55","1.90M","0.55%"
"11/21/2017","82.55","82.25","82.70","81.65","967.36K","0.36%"
"11/20/2017","82.25","81.20","82.45","80.90","1.21M","1.17%"
"11/17/2017","81.30","81.80","82.25","81.00","1.55M","-0.37%"
"11/16/2017","81.60","81.20","81.60","80.35","1.58M","0.99%"
"11/15/2017","80.80","80.20","81.05","80.20","1.69M","0.56%"
"11/14/2017","80.35","80.10","80.65","79.80","956.85K","-0.06%"
"11/13/2017","80.40","80.20","80.45","79.50","1.09M","0.25%"
"11/10/2017","80.20","79.85","80.20","79.15","1.25M","0.19%"
"11/09/2017","80.05","80.50","80.50","79.65","2.52M","-0.56%"
"11/08/2017","80.50","80.30","80.50","79.70","1.57M","0.88%"
"11/07/2017","79.80","80.00","80.10","79.25","1.53M","-0.13%"
"11/06/2017","79.90","80.05","80.30","79.50","1.19M","0.06%"
"11/03/2017","79.85","79.75","79.90","79.15","1.25M","0.38%"
"11/02/2017","79.55","80.15","80.25","79.35","1.73M","-0.69%"
"11/01/2017","80.10","80.20","80.40","79.45","1.20M","0.19%"
"10/31/2017","79.95","80.00","80.25","79.75","1.33M","-0.31%"
"10/30/2017","80.20","80.00","80.20","79.60","1.90M","0.44%"
"10/27/2017","79.85","78.75","80.05","78.70","2.04M","1.65%"
"10/26/2017","78.55","78.50","78.70","77.90","2.40M","-5.30%"
"10/25/2017","82.95","83.95","83.95","82.10","2.98M","-1.01%"
"10/24/2017","83.80","84.55","84.60","83.30","1.37M","-0.83%"
"10/23/2017","84.50","84.95","85.00","84.35","1.49M","-0.53%"
"10/20/2017","84.95","84.95","85.10","84.10","1.81M","0.53%"
"10/19/2017","84.50","84.00","84.85","83.95","1.97M","0.18%"
"10/18/2017","84.35","84.00","84.60","83.50","1.42M","-0.12%"
"10/17/2017","84.45","84.80","85.15","83.85","1.22M","-0.35%"
"10/16/2017","84.75","85.10","85.25","84.35","1.44M","-0.41%"
"10/13/2017","85.10","84.30","85.20","84.00","1.86M","1.19%"
"10/12/2017","84.10","83.60","84.35","83.00","2.03M","0.78%"
"10/11/2017","83.45","83.80","83.95","82.60","1.98M","-0.36%"
"10/10/2017","83.75","83.00","83.75","82.75","1.37M","0.78%"
"10/09/2017","83.10","82.70","83.60","82.70","2.39M","0.48%"
"10/06/2017","82.70","83.65","83.95","82.00","2.16M","-1.08%"
"10/05/2017","83.60","82.00","83.60","82.00","2.18M","2.08%"
"10/04/2017","81.90","81.60","82.15","81.40","1.37M","0.00%"
"10/03/2017","81.90","82.35","82.35","81.50","1.19M","-0.43%"
"10/02/2017","82.25","82.25","82.95","82.15","2.21M","0.67%"
"09/29/2017","81.70","80.20","81.80","80.10","2.03M","1.62%"
"09/28/2017","80.40","79.95","80.40","79.80","1.62M","0.63%"
"09/27/2017","79.90","79.80","79.95","79.40","1.43M","0.31%"
"09/26/2017","79.65","79.90","80.15","79.25","1.52M","-0.13%"
"09/25/2017","79.75","79.20","79.80","79.00","756.66K","0.44%"
"09/22/2017","79.40","79.00","79.60","78.90","967.96K","0.51%"
"09/21/2017","79.00","78.85","79.25","78.75","1.30M","-0.06%"
"09/20/2017","79.05","79.15","79.35","78.85","1.06M","-0.25%"
"09/19/2017","79.25","79.45","79.45","78.85","1.22M","-0.63%"
"09/18/2017","79.75","80.00","80.25","79.60","786.34K","0.00%"
"09/15/2017","79.75","79.35","79.95","79.15","1.87M","0.31%"
"09/14/2017","79.50","79.35","79.55","79.05","1.15M","0.19%"
"09/13/2017","79.35","78.45","79.50","78.45","1.43M","1.15%"
"09/12/2017","78.45","79.20","79.35","78.45","1.56M","-0.95%"
"09/11/2017","79.20","79.00","79.45","78.90","1.10M","0.51%"
"09/08/2017","78.80","78.95","79.15","78.25","1.29M","-0.06%"
"09/07/2017","78.85","79.15","79.50","78.50","1.53M","-0.32%"
"09/06/2017","79.10","80.00","80.40","79.05","1.68M","-1.13%"
"09/05/2017","80.00","80.25","81.10","79.25","2.11M","-0.12%"
"09/04/2017","80.10","80.40","80.60","80.00","799.73K","-0.68%"
"09/01/2017","80.65","80.00","80.95","79.95","1.50M","1.26%"
"08/31/2017","79.65","79.50","80.35","78.65","6.42M","0.25%"
"08/30/2017","79.45","79.45","79.45","78.90","1.40M","0.44%"
"08/29/2017","79.10","79.35","79.45","78.50","1.32M","-0.50%"
"08/28/2017","79.50","79.80","79.90","79.30","675.36K","-0.31%"
"08/25/2017","79.75","80.65","80.80","79.70","964.26K","-1.05%"
"08/24/2017","80.60","80.45","80.90","80.45","836.53K","0.06%"
"08/23/2017","80.55","81.10","81.10","80.40","1.15M","-0.56%"
"08/22/2017","81.00","80.85","81.35","80.85","979.26K","0.31%"
"08/21/2017","80.75","81.05","81.30","80.65","1.14M","-0.12%"
"08/18/2017","80.85","82.15","82.25","80.85","1.61M","-1.58%"
"08/17/2017","82.15","82.50","82.90","82.10","946.23K","-0.84%"
"08/16/2017","82.85","82.90","83.15","82.60","866.11K","0.18%"
"08/15/2017","82.70","82.10","82.90","82.10","997.61K","0.67%"
"08/14/2017","82.15","81.50","82.45","81.45","819.53K","0.80%"
"08/11/2017","81.50","81.35","81.90","81.20","1.01M","-0.31%"
"08/10/2017","81.75","82.70","82.70","81.60","731.00K","-0.85%"
"08/09/2017","82.45","82.25","82.60","82.10","938.06K","-0.30%"
"08/08/2017","82.70","82.95","83.05","82.25","958.81K","-0.30%"
"08/07/2017","82.95","82.35","82.95","82.35","1.07M","0.73%"
"08/04/2017","82.35","81.85","82.40","81.70","1.20M","0.30%"
"08/03/2017","82.10","81.75","82.20","81.30","1.06M","0.61%"
"08/02/2017","81.60","81.65","81.90","81.10","1.07M","-0.18%"
"08/01/2017","81.75","81.15","82.30","81.15","1.16M","0.93%"
"07/31/2017","81.00","81.90","81.95","81.00","1.74M","-0.98%"
"07/28/2017","81.80","81.70","82.20","81.15","1.35M","-0.12%"
"07/27/2017","81.90","82.00","82.10","81.45","1.06M","0.12%"
"07/26/2017","81.80","81.00","82.00","81.00","1.07M","0.99%"
"07/25/2017","81.00","80.50","81.55","80.35","1.49M","0.25%"
"07/24/2017","80.80","82.00","82.00","80.75","1.32M","-1.34%"
"07/21/2017","81.90","82.80","83.10","81.85","1.58M","-0.91%"
"07/20/2017","82.65","82.70","83.00","81.95","1.52M","0.18%"
"07/19/2017","82.50","83.20","83.85","82.25","1.55M","-0.48%"
"07/18/2017","82.90","83.90","84.40","82.90","1.81M","-1.43%"
"07/17/2017","84.10","86.00","86.35","84.05","2.18M","-2.27%"
"07/14/2017","86.05","85.75","86.45","85.25","1.86M","-0.17%"
"07/13/2017","86.20","84.40","86.60","84.30","1.77M","1.53%"
"07/12/2017","84.90","84.20","85.00","84.00","2.17M","0.83%"
"07/11/2017","84.20","85.55","85.70","84.20","1.44M","-1.81%"
"07/10/2017","85.75","86.00","86.65","85.45","2.19M","1.96%"
"07/07/2017","84.10","84.25","84.45","83.90","846.52K","-0.24%"
"07/06/2017","84.30","84.65","85.15","83.85","1.35M","-0.53%"
"07/05/2017","84.75","84.35","84.75","83.80","1.02M","0.53%"
"07/04/2017","84.30","84.45","84.80","83.90","1.00M","0.06%"
"07/03/2017","84.25","84.85","84.90","83.95","1.02M","-0.71%"
"06/30/2017","84.85","84.10","84.85","83.85","1.57M","1.07%"
"06/29/2017","83.95","84.55","85.00","83.95","1.55M","-0.59%"
"06/28/2017","84.45","84.30","84.50","83.55","1.88M","-0.06%"
"06/27/2017","84.50","84.95","85.00","84.15","1.06M","-0.47%"
"06/26/2017","84.90","84.75","85.45","84.60","1.07M","0.59%"
"06/23/2017","84.40","85.05","85.05","84.00","1.21M","-0.35%"
"06/22/2017","84.70","85.25","85.25","84.65","1.30M","-0.88%"
"06/21/2017","85.45","86.90","86.90","85.35","1.58M","-1.67%"
"06/20/2017","86.90","85.60","87.10","85.60","1.86M","1.46%"
"06/19/2017","85.65","85.70","86.15","85.35","994.35K","-0.06%"
"06/16/2017","85.70","85.00","85.95","84.95","3.00M","0.88%"
"06/15/2017","84.95","84.55","85.35","84.20","2.20M","0.35%"
"06/14/2017","84.65","84.40","85.25","84.35","1.13M","0.53%"
"06/13/2017","84.20","84.35","84.55","83.95","1.02M","-0.24%"
"06/12/2017","84.40","84.75","84.95","83.95","1.14M","-0.24%"
"06/09/2017","84.60","85.10","85.15","84.15","1.16M","-0.41%"
"06/08/2017","84.95","85.40","85.70","84.75","1.60M","-0.59%"
"06/07/2017","85.45","85.50","85.75","85.10","1.16M","-0.12%"
"06/06/2017","85.55","85.40","85.80","85.00","1.18M","-0.06%"
"06/02/2017","85.60","85.65","85.95","85.20","1.46M","-0.06%"
"06/01/2017","85.65","85.10","85.95","84.20","2.69M","1.42%"
"05/31/2017","84.45","85.25","86.45","84.45","8.96M","-1.11%"
"05/30/2017","85.40","85.40","85.55","84.30","1.25M","0.00%"
"05/29/2017","85.40","85.10","85.65","85.00","851.15K","0.06%"
"05/26/2017","85.35","85.40","85.90","85.00","1.78M","-0.06%"
"05/24/2017","85.40","84.00","85.40","84.00","2.03M","1.18%"
"05/23/2017","84.40","84.45","84.75","84.10","1.48M","-0.06%"
"05/22/2017","84.45","84.85","85.10","84.20","1.66M","-0.47%"
"05/19/2017","84.85","83.20","85.00","83.20","2.72M","1.98%"
"05/18/2017","83.20","82.80","83.55","82.65","3.46M","0.54%"
"05/16/2017","82.75","82.40","82.75","81.70","2.12M","0.91%"
"05/15/2017","82.00","81.35","82.45","81.35","2.16M","0.86%"
"05/12/2017","81.30","81.00","81.35","80.75","1.03M","0.37%"
"05/11/2017","81.00","81.75","81.75","80.65","1.57M","-0.67%"
"05/10/2017","81.55","80.55","82.40","80.55","3.10M","1.24%"
"05/09/2017","80.55","81.00","81.00","79.75","2.47M","1.38%"
"05/08/2017","79.45","79.50","80.10","79.15","1.56M","-0.13%"
"05/05/2017","79.55","78.70","79.55","78.40","1.43M","0.70%"
"05/04/2017","79.00","78.45","79.15","78.05","1.51M","1.02%"
"05/03/2017","78.20","78.25","78.75","78.00","1.30M","-0.06%"
"05/02/2017","78.25","77.75","78.45","77.75","3.55M","0.64%"
"04/28/2017","77.75","77.80","78.00","77.40","2.40M","-0.06%"
"04/27/2017","77.80","76.70","77.85","76.35","1.65M","1.50%"
"04/26/2017","76.65","76.30","76.75","75.90","2.10M","0.72%"
"04/25/2017","76.10","75.25","76.55","75.20","1.76M","1.20%"
"04/24/2017","75.20","75.25","75.50","74.60","2.57M","0.87%"
"04/21/2017","74.55","74.40","75.00","73.85","2.94M","-3.18%"
"04/20/2017","77.00","76.60","77.35","76.60","1.81M","0.39%"
"04/19/2017","76.70","76.75","77.25","76.55","2.51M","-0.52%"
"04/18/2017","77.10","76.60","77.55","76.55","2.56M","0.78%"
"04/12/2017","76.50","76.85","77.10","76.30","1.22M","-0.65%"
"04/11/2017","77.00","77.15","77.70","76.85","1.79M","-0.06%"
"04/10/2017","77.05","76.85","77.10","76.55","1.09M","0.33%"
"04/07/2017","76.80","76.60","77.15","76.30","1.65M","0.72%"
"04/06/2017","76.25","76.25","76.50","75.30","1.50M","-0.13%"
"04/05/2017","76.35","76.25","76.50","75.45","1.60M","-0.20%"
"04/04/2017","76.50","76.80","77.05","76.25","1.13M","-0.65%"
"04/03/2017","77.00","77.25","77.45","76.75","1.56M","0.13%"
"03/31/2017","76.90","76.50","77.00","76.00","1.73M","0.59%"
"03/30/2017","76.45","76.60","76.75","75.90","1.49M","-0.20%"
"03/29/2017","76.60","76.60","76.80","76.10","1.23M","0.33%"
"03/28/2017","76.35","76.25","76.85","75.85","1.60M","0.39%"
"03/27/2017","76.05","76.00","76.40","75.70","1.21M","-0.52%"
"03/24/2017","76.45","76.35","76.65","76.10","1.18M","0.26%"
"03/23/2017","76.25","76.75","76.95","75.90","1.88M","-0.97%"
"03/22/2017","77.00","78.00","78.25","76.65","1.85M","-1.66%"
"03/21/2017","78.30","78.10","78.35","78.00","1.36M","0.26%"
"03/20/2017","78.10","77.40","78.45","77.40","2.66M","0.64%"
"03/17/2017","77.60","77.60","77.75","77.30","1.97M","0.19%"
"03/16/2017","77.45","77.30","77.70","76.60","3.25M","0.45%"
"03/15/2017","77.10","77.10","77.45","76.90","1.97M","0.19%"
"03/14/2017","76.95","76.75","77.15","76.65","1.63M","0.39%"
"03/13/2017","76.65","75.60","76.65","75.60","1.34M","0.92%"
"03/10/2017","75.95","75.15","75.95","75.15","1.81M","1.27%"
"03/09/2017","75.00","75.75","75.75","75.00","1.44M","-0.53%"
"03/08/2017","75.40","75.15","75.75","74.75","2.22M","0.07%"
"03/07/2017","75.35","75.20","75.45","74.90","1.56M","0.07%"
"03/06/2017","75.30","75.65","75.95","75.20","1.03M","0.33%"
"03/03/2017","75.05","75.05","75.50","75.00","1.24M","-0.60%"
"03/02/2017","75.50","75.30","75.75","75.20","1.59M","0.53%"
"03/01/2017","75.10","74.05","75.30","73.95","2.51M","1.83%"
"02/28/2017","73.75","73.90","74.45","73.60","5.09M","-0.27%"
"02/27/2017","73.95","75.50","75.50","73.85","1.83M","-1.73%"
"02/24/2017","75.25","75.55","75.60","74.90","1.43M","-0.46%"
"02/23/2017","75.60","75.95","75.95","75.35","1.41M","-0.26%"
"02/22/2017","75.80","75.80","75.85","75.40","1.91M","0.07%"
"02/21/2017","75.75","75.55","75.75","75.15","1.71M","0.46%"
"02/20/2017","75.40","75.70","75.90","75.40","1.53M","0.07%"
"02/17/2017","75.35","74.25","75.50","74.15","2.57M","1.48%"
"02/16/2017","74.25","74.75","74.80","73.75","1.79M","-0.34%"
"02/15/2017","74.50","75.50","75.50","74.35","2.32M","-0.93%"
"02/14/2017","75.20","75.45","75.75","74.95","4.21M","0.13%"
"02/13/2017","75.10","75.00","75.10","74.00","2.79M","0.54%"
"02/10/2017","74.70","76.15","76.25","73.40","3.95M","-1.71%"
"02/09/2017","76.00","79.00","79.00","75.20","4.37M","-5.59%"
"02/08/2017","80.50","79.15","80.50","78.65","2.00M","1.83%"
"02/07/2017","79.05","78.35","79.05","78.30","1.07M","0.64%"
"02/06/2017","78.55","78.55","78.55","78.05","1.58M","0.13%"
"02/03/2017","78.45","77.75","78.55","77.75","1.24M","0.97%"
"02/02/2017","77.70","77.60","78.05","77.30","1.53M","0.32%"
"02/01/2017","77.45","77.10","78.20","76.80","2.29M","0.72%"
"01/31/2017","76.90","77.00","77.75","76.85","1.94M","-0.13%"
"01/30/2017","77.00","77.15","77.40","77.00","1.09M","-0.52%"
"01/27/2017","77.40","77.40","77.90","76.95","1.32M","-0.06%"
"01/26/2017","77.45","77.55","77.70","77.00","1.49M","-0.13%"
"01/25/2017","77.55","77.95","78.45","77.45","1.73M","-0.58%"
"01/24/2017","78.00","77.85","78.30","77.20","1.52M","0.19%"
"01/23/2017","77.85","77.45","77.85","77.05","1.81M","0.32%"
"01/20/2017","77.60","77.65","77.90","77.25","2.02M","-0.06%"
"01/19/2017","77.65","76.15","77.65","76.00","2.13M","2.17%"
"01/18/2017","76.00","75.60","76.45","75.00","1.53M","0.93%"
"01/17/2017","75.30","75.85","75.85","75.05","1.74M","-0.86%"
"01/16/2017","75.95","76.00","76.55","75.90","1.52M","-0.13%"
"01/13/2017","76.05","77.00","77.25","75.80","1.48M","-1.04%"
"01/12/2017","76.85","77.30","77.45","76.75","3.06M","-0.84%"
"01/11/2017","77.50","77.00","77.65","76.60","1.51M","0.65%"
"01/10/2017","77.00","77.70","77.80","77.00","1.88M","-0.71%"
"01/09/2017","77.55","77.75","77.90","77.05","1.27M","-0.06%"
"01/06/2017","77.60","77.60","77.75","77.25","852.12K","0.00%"
"01/05/2017","77.60","77.60","78.20","77.15","2.10M","-0.32%"
"01/04/2017","77.85","77.90","78.00","77.30","1.22M","-0.13%"
"01/03/2017","77.95","78.60","78.85","77.25","2.17M","-1.08%"
"01/02/2017","78.80","78.05","78.80","78.05","508.88K","0.77%"
"12/30/2016","78.20","77.85","78.85","77.85","1.15M","0.39%"
"12/29/2016","77.90","77.00","78.00","77.00","675.90K","0.65%"
"12/28/2016","77.40","77.65","77.75","76.85","993.19K","-0.39%"
"12/27/2016","77.70","77.45","77.90","77.45","529.18K","0.32%"
"12/23/2016","77.45","76.95","77.75","76.90","1.19M","0.65%"
"12/22/2016","76.95","76.20","77.45","75.90","1.65M","0.98%"
"12/21/2016","76.20","76.10","76.60","75.80","2.71M","-0.26%"
"12/20/2016","76.40","76.70","77.15","76.00","1.55M","-0.39%"
"12/19/2016","76.70","76.50","77.00","76.35","2.59M","0.26%"
"12/16/2016","76.50","76.00","76.90","76.00","3.13M","0.20%"
"12/15/2016","76.35","76.75","77.35","76.05","2.48M","-1.74%"
"12/14/2016","77.70","77.85","78.00","77.20","1.64M","-0.32%"
"12/13/2016","77.95","78.05","78.65","77.90","2.08M","-0.45%"
"12/12/2016","78.30","77.80","78.35","77.45","2.16M","0.64%"
"12/09/2016","77.80","76.50","78.40","76.50","1.83M","1.77%"
"12/08/2016","76.45","75.75","76.45","75.50","1.46M","0.92%"
"12/07/2016","75.75","76.50","76.50","75.60","1.28M","-0.33%"
"12/06/2016","76.00","75.55","76.15","75.55","1.33M","0.40%"
"12/05/2016","75.70","75.25","76.20","75.15","1.26M","0.46%"
"12/02/2016","75.35","75.00","75.50","74.95","1.82M","0.13%"
"12/01/2016","75.25","75.65","75.65","74.80","2.22M","-0.86%"
"11/30/2016","75.90","76.25","77.55","75.90","2.71M","-0.85%"
"11/29/2016","76.55","76.40","76.90","76.00","1.23M","0.13%"
"11/28/2016","76.45","76.65","76.65","75.75","861.82K","-0.26%"
"11/25/2016","76.65","75.80","76.85","75.80","786.33K","0.99%"
"11/24/2016","75.90","76.15","76.50","75.80","618.84K","-0.78%"
"11/23/2016","76.50","75.75","76.60","75.65","1.46M","0.79%"
"11/22/2016","75.90","76.25","76.50","75.85","1.68M","-0.39%"
"11/21/2016","76.20","76.10","76.20","75.25","1.05M","0.53%"
"11/18/2016","75.80","75.75","76.30","75.50","2.06M","0.13%"
"11/17/2016","75.70","74.85","76.15","74.50","2.96M","1.20%"
"11/16/2016","74.80","75.10","75.75","74.60","2.51M","-0.33%"
"11/15/2016","75.05","74.30","75.10","74.15","1.83M","1.01%"
"11/14/2016","74.30","76.15","76.45","74.10","1.64M","-2.17%"
"11/11/2016","75.95","75.55","77.10","75.25","1.95M","0.13%"
"11/10/2016","75.85","78.30","78.60","75.80","2.43M","-2.63%"
"11/09/2016","77.90","76.95","78.25","76.70","2.10M","-1.27%"
"11/08/2016","78.90","78.95","79.20","78.60","1.12M","0.00%"
"11/07/2016","78.90","79.40","79.50","78.50","1.59M","0.83%"
"11/04/2016","78.25","79.20","79.35","78.15","1.29M","-1.01%"
"11/03/2016","79.05","79.25","79.85","78.90","1.25M","-0.32%"
"11/02/2016","79.30","79.70","80.45","79.30","1.50M","-0.87%"
"11/01/2016","80.00","79.05","82.50","79.00","3.30M","2.50%"
"10/31/2016","78.05","78.55","78.70","78.05","2.08M","-0.70%"
"10/28/2016","78.60","78.65","78.75","77.85","1.48M","0.00%"
"10/27/2016","78.60","78.65","79.00","78.20","1.51M","-0.06%"
"10/26/2016","78.65","79.85","80.00","78.55","1.46M","-1.26%"
"10/25/2016","79.65","79.60","80.15","79.45","1.23M","0.06%"
"10/24/2016","79.60","80.60","80.70","79.40","1.25M","-0.69%"
"10/21/2016","80.15","79.80","80.85","79.70","1.62M","0.56%"
"10/20/2016","79.70","80.45","80.85","79.40","2.51M","-0.56%"
"10/19/2016","80.15","79.60","80.25","79.20","2.09M","0.75%"
"10/18/2016","79.55","79.95","80.20","79.45","1.80M","-0.81%"
"10/17/2016","80.20","80.05","80.35","79.70","1.50M","-0.56%"
"10/14/2016","80.65","80.65","81.20","80.45","1.64M","-0.12%"
"10/13/2016","80.75","80.55","81.10","80.30","1.70M","0.19%"
"10/12/2016","80.60","81.25","81.60","80.50","1.70M","-0.98%"
"10/11/2016","81.40","80.90","81.90","80.75","2.11M","0.56%"
"10/10/2016","80.95","80.40","81.95","80.25","1.77M","0.62%"
"10/07/2016","80.45","82.00","82.10","80.35","1.68M","-1.59%"
"10/06/2016","81.75","81.35","82.20","80.90","2.08M","0.25%"
"10/05/2016","81.55","81.85","82.85","81.45","2.18M","-2.22%"
"10/04/2016","83.40","82.55","83.55","82.35","2.07M","1.21%"
"10/03/2016","82.40","83.00","83.35","82.30","2.55M","-0.24%"
"09/30/2016","82.60","81.70","82.80","81.60","4.43M","0.18%"
"09/29/2016","82.45","82.50","83.15","82.20","2.08M","0.30%"
"09/28/2016","82.20","82.80","82.90","81.80","2.09M","-0.72%"
"09/27/2016","82.80","81.90","82.80","81.30","2.54M","1.16%"
"09/26/2016","81.85","81.85","82.65","81.40","2.46M","-0.91%"
"09/23/2016","82.60","80.95","82.80","80.55","2.85M","1.98%"
"09/22/2016","81.00","79.20","81.45","79.10","2.13M","2.66%"
"09/21/2016","78.90","79.75","79.85","78.90","2.13M","-1.19%"
"09/20/2016","79.85","77.95","80.05","77.75","3.09M","2.70%"
"09/19/2016","77.75","77.20","78.15","77.05","1.85M","0.97%"
"09/16/2016","77.00","74.90","77.75","74.90","4.31M","3.98%"
"09/15/2016","74.05","74.60","74.70","74.05","1.57M","-0.80%"
"09/14/2016","74.65","74.90","75.35","74.65","1.22M","-0.27%"
"09/13/2016","74.85","75.30","75.60","74.65","1.34M","-0.86%"
"09/12/2016","75.50","76.20","76.20","75.15","2.02M","-1.82%"
"09/09/2016","76.90","77.95","78.90","76.85","2.75M","-1.09%"
"09/08/2016","77.75","78.20","78.80","77.60","1.32M","-0.26%"
"09/07/2016","77.95","77.70","78.10","77.45","3.26M","0.39%"
"09/06/2016","77.65","77.85","78.10","77.35","962.38K","-0.32%"
"09/05/2016","77.90","77.95","78.60","77.75","860.54K","-0.06%"
"09/02/2016","77.95","76.50","77.95","76.30","1.38M","2.16%"
"09/01/2016","76.30","76.50","76.70","75.70","1.50M","0.00%"
"08/31/2016","76.30","76.50","76.90","76.30","1.74M","-0.72%"
"08/30/2016","76.85","76.35","76.85","76.30","1.17M","0.85%"
"08/29/2016","76.20","76.00","76.35","75.85","459.08K","0.07%"
"08/26/2016","76.15","76.30","76.60","75.75","932.93K","-0.33%"
"08/25/2016","76.40","75.80","76.45","75.45","1.58M","0.73%"
"08/24/2016","75.85","76.30","76.70","75.75","1.01M","-0.98%"
"08/23/2016","76.60","76.35","76.65","75.85","994.42K","0.59%"
"08/22/2016","76.15","75.85","76.25","75.15","1.02M","0.33%"
"08/19/2016","75.90","74.50","75.95","74.25","1.04M","1.67%"
"08/18/2016","74.65","75.00","75.40","74.20","1.09M","-0.33%"
"08/17/2016","74.90","76.50","76.75","74.80","1.17M","-1.71%"
"08/16/2016","76.20","76.25","76.50","75.50","819.03K","-0.20%"
"08/15/2016","76.35","76.70","77.05","76.05","889.87K","-0.65%"
"08/12/2016","76.85","77.30","77.30","76.60","705.84K","-0.19%"
"08/11/2016","77.00","76.25","77.15","76.15","755.75K","0.79%"
"08/10/2016","76.40","77.30","77.60","76.25","759.68K","-1.16%"
"08/09/2016","77.30","76.45","77.40","76.25","962.97K","1.05%"
"08/08/2016","76.50","76.80","77.30","76.35","983.05K","-1.61%"
"08/05/2016","77.75","77.15","77.95","77.10","824.26K","0.78%"
"08/04/2016","77.15","76.70","77.20","76.25","810.98K","0.39%"
"08/03/2016","76.85","77.50","77.50","76.60","963.38K","-1.09%"
"08/02/2016","77.70","78.45","78.45","77.50","1.07M","-0.77%"
"08/01/2016","78.30","79.00","79.55","78.10","1.06M","0.00%"
"07/29/2016","78.30","77.70","78.35","77.55","1.72M","1.36%"
"07/28/2016","77.25","77.55","77.85","77.15","1.56M","-0.39%"
"07/27/2016","77.55","77.35","78.10","77.30","1.69M","1.24%"
"07/26/2016","76.60","76.70","76.95","76.30","894.03K","0.46%"
"07/25/2016","76.25","76.60","77.10","76.25","788.07K","-0.72%"
"07/22/2016","76.80","76.35","76.85","75.80","1.63M","0.39%"
"07/21/2016","76.50","77.80","77.80","76.15","1.49M","-1.73%"
"07/20/2016","77.85","77.55","78.35","77.40","799.34K","0.26%"
"07/19/2016","77.65","77.60","77.75","76.90","1.14M","0.06%"
"07/18/2016","77.60","78.55","79.20","77.10","1.40M","-0.70%"
"07/15/2016","78.15","76.45","78.55","76.10","2.35M","4.20%"
"07/14/2016","75.00","74.95","75.45","74.75","1.12M","-0.13%"
"07/13/2016","75.10","75.10","75.25","74.45","796.58K","0.20%"
"07/12/2016","74.95","75.05","75.65","74.85","1.22M","-0.20%"
"07/11/2016","75.10","74.30","75.20","74.00","1.11M","1.42%"
"07/08/2016","74.05","74.10","74.25","73.40","1.19M","-0.13%"
"07/07/2016","74.15","73.10","74.20","72.90","1.43M","1.92%"
"07/06/2016","72.75","72.80","73.30","72.45","1.19M","-0.55%"
"07/05/2016","73.15","73.90","74.00","72.80","1.13M","-1.01%"
"07/04/2016","73.90","74.65","75.05","73.90","912.51K","-0.94%"
"07/01/2016","74.60","74.10","74.75","74.00","1.42M","1.02%"
"06/30/2016","73.85","74.10","74.30","73.40","1.86M","0.20%"
"06/29/2016","73.70","72.05","74.10","72.05","1.81M","2.72%"
"06/28/2016","71.75","71.65","72.25","71.50","2.01M","2.14%"
"06/27/2016","70.25","70.90","71.70","70.25","2.03M","-2.50%"
"06/24/2016","72.05","70.70","72.40","69.95","2.22M","-1.23%"
"06/23/2016","72.95","73.15","73.70","72.70","1.69M","0.00%"
"06/22/2016","72.95","74.35","74.50","72.95","2.32M","0.48%"
"06/21/2016","72.60","72.50","72.75","72.15","1.16M","0.28%"
"06/20/2016","72.40","71.40","72.80","71.30","1.61M","2.70%"
"06/17/2016","70.50","71.25","71.25","70.40","2.32M","0.07%"
"06/16/2016","70.45","71.25","71.65","70.20","2.16M","-2.36%"
"06/15/2016","72.15","71.75","72.70","71.55","1.73M","1.41%"
"06/14/2016","71.15","71.45","72.10","71.15","1.47M","-1.45%"
"06/13/2016","72.20","72.15","73.00","71.95","1.86M","-1.10%"
"06/10/2016","73.00","74.30","74.50","72.75","1.60M","-2.08%"
"06/09/2016","74.55","74.70","75.30","74.45","1.51M","-0.20%"
"06/08/2016","74.70","75.45","75.45","74.65","1.28M","-0.86%"
"06/07/2016","75.35","75.25","75.45","74.80","1.42M","0.07%"
"06/06/2016","75.30","75.05","75.40","74.85","1.22M","0.33%"
"06/03/2016","75.05","75.30","75.55","74.90","1.89M","-0.46%"
"06/02/2016","75.40","75.80","75.85","74.75","2.18M","-0.20%"
"06/01/2016","75.55","75.75","76.20","75.35","2.41M","-0.20%"
"05/31/2016","75.70","76.95","77.30","75.70","6.97M","-1.69%"
"05/30/2016","77.00","76.45","77.00","76.20","799.47K","0.92%"
"05/27/2016","76.30","76.35","76.60","76.10","1.24M","-0.26%"
"05/26/2016","76.50","75.75","76.50","75.55","1.86M","0.99%"
"05/25/2016","75.75","76.40","76.60","75.75","1.66M","-0.26%"
"05/24/2016","75.95","74.70","76.00","74.65","1.89M","1.67%"
"05/23/2016","74.70","74.50","75.35","74.45","1.55M","-0.20%"
"05/20/2016","74.85","74.55","75.00","74.25","1.84M","1.35%"
"05/19/2016","73.85","74.50","74.95","73.85","2.60M","-1.14%"
"05/18/2016","74.70","75.30","75.40","74.35","2.80M","-0.27%"
"05/13/2016","74.90","76.00","76.10","74.90","1.85M","-0.47%"
"05/12/2016","75.25","75.20","75.75","74.75","1.91M","-0.07%"
"05/11/2016","75.30","75.40","75.65","75.00","1.92M","-0.07%"
"05/10/2016","75.35","75.20","75.75","75.05","2.57M","0.47%"
"05/09/2016","75.00","74.15","75.10","74.10","2.09M","0.87%"
"05/06/2016","74.35","73.55","74.55","73.55","2.54M","0.54%"
"05/04/2016","73.95","72.30","74.80","71.80","3.40M","3.50%"
"05/03/2016","71.45","72.00","72.50","70.25","2.19M","0.56%"
"05/02/2016","71.05","70.25","71.30","70.20","1.79M","1.07%"
"04/29/2016","70.30","69.70","70.60","69.70","1.89M","0.21%"
"04/28/2016","70.15","69.75","70.35","69.55","2.01M","0.50%"
"04/27/2016","69.80","69.85","70.50","69.50","2.16M","0.29%"
"04/26/2016","69.60","69.50","70.00","69.25","1.78M","1.02%"
"04/25/2016","68.90","68.70","69.15","68.00","1.37M","0.51%"
"04/22/2016","68.55","68.65","69.40","68.55","1.54M","-0.44%"
"04/21/2016","68.85","70.05","70.05","68.70","2.65M","-2.13%"
"04/20/2016","70.35","70.70","70.90","70.05","1.68M","-0.57%"
"04/19/2016","70.75","70.25","71.00","70.10","1.77M","0.78%"
"04/18/2016","70.20","69.45","70.25","69.40","1.29M","0.50%"
"04/15/2016","69.85","70.60","70.60","69.85","1.91M","-3.66%"
"04/14/2016","72.50","72.75","72.95","72.00","1.88M","0.21%"
"04/13/2016","72.35","72.90","72.90","71.90","1.61M","0.28%"
"04/12/2016","72.15","71.80","72.30","71.35","1.58M","0.56%"
"04/11/2016","71.75","71.50","71.75","70.70","2.30M","0.14%"
"04/08/2016","71.65","73.10","73.90","71.10","2.66M","-2.25%"
"04/07/2016","73.30","73.90","74.40","73.30","1.61M","-1.61%"
"04/06/2016","74.50","74.25","75.00","73.80","1.39M","0.34%"
"04/05/2016","74.25","74.20","74.55","74.10","1.05M","-0.40%"
"04/04/2016","74.55","74.25","75.15","74.00","1.05M","0.61%"
"04/01/2016","74.10","74.25","74.60","73.55","1.64M","-1.13%"
"03/31/2016","74.95","75.20","75.80","74.80","1.68M","-0.99%"
"03/30/2016","75.70","75.35","75.75","74.65","1.64M","0.80%"
"03/29/2016","75.10","76.45","79.55","74.70","2.33M","-0.99%"
"03/23/2016","75.85","74.95","75.85","74.95","460.79K","1.13%"
"03/22/2016","75.00","74.30","75.10","73.90","1.51M","0.47%"
"03/21/2016","74.65","74.40","74.90","74.20","811.88K","0.00%"
"03/18/2016","74.65","72.75","74.95","72.60","2.45M","0.34%"
"03/17/2016","74.40","74.25","74.55","73.35","2.17M","0.47%"
"03/16/2016","74.05","73.65","74.05","73.35","1.83M","0.61%"
"03/15/2016","73.60","73.20","73.65","72.70","1.22M","0.14%"
"03/14/2016","73.50","72.50","73.50","72.25","1.83M","1.73%"
"03/11/2016","72.25","72.30","72.80","72.05","1.59M","0.07%"
"03/10/2016","72.20","72.30","72.85","71.85","2.50M","0.00%"
"03/09/2016","72.20","71.55","72.50","71.40","1.72M","0.42%"
"03/08/2016","71.90","71.60","72.00","71.40","2.08M","0.21%"
"03/07/2016","71.75","72.10","72.40","71.60","1.46M","-0.35%"
"03/04/2016","72.00","72.40","72.40","71.60","2.43M","0.28%"
"03/03/2016","71.80","72.15","72.15","71.45","1.59M","-0.21%"
"03/02/2016","71.95","73.80","73.80","71.70","1.91M","-1.84%"
"03/01/2016","73.30","72.00","73.45","71.90","2.49M","2.02%"
"02/29/2016","71.85","72.00","72.00","71.05","1.96M","-0.21%"
"02/26/2016","72.00","71.65","72.90","71.50","1.72M","0.28%"
"02/25/2016","71.80","71.95","72.15","70.85","2.35M","1.06%"
"02/24/2016","71.05","71.15","71.50","70.60","2.13M","-0.42%"
"02/23/2016","71.35","71.70","71.80","71.15","2.36M","-0.56%"
"02/22/2016","71.75","70.80","72.15","70.55","2.18M","1.99%"
"02/19/2016","70.35","71.30","71.80","70.35","2.73M","-1.61%"
"02/18/2016","71.50","71.65","72.15","70.55","2.28M","-0.07%"
"02/17/2016","71.55","70.05","71.75","70.05","2.47M","2.36%"
"02/16/2016","69.90","70.90","71.40","69.90","2.05M","-0.29%"
"02/15/2016","70.10","69.30","71.00","69.10","2.82M","3.55%"
"02/12/2016","67.70","68.15","68.15","67.15","2.39M","1.04%"
"02/11/2016","67.00","66.30","67.60","66.30","1.67M","-1.11%"
"02/10/2016","67.75","67.85","68.65","67.25","1.83M","0.59%"
"02/09/2016","67.35","67.40","68.20","67.00","2.40M","0.60%"
"02/08/2016","66.95","68.35","68.75","66.80","2.46M","-2.97%"
"02/05/2016","69.00","68.30","69.25","68.10","2.32M","0.95%"
"02/04/2016","68.35","70.15","70.30","67.75","2.48M","-2.15%"
"02/03/2016","69.85","70.20","70.75","69.50","2.64M","0.07%"
"02/02/2016","69.80","70.20","70.50","69.65","2.45M","-0.71%"
"02/01/2016","70.30","69.95","70.55","69.60","2.72M","0.29%"
"01/29/2016","70.10","69.30","70.10","68.35","2.11M","1.74%"
"01/28/2016","68.90","68.90","69.40","68.50","1.82M","0.07%"
"01/27/2016","68.85","68.70","69.05","68.20","1.53M","0.29%"
"01/26/2016","68.65","67.15","68.70","66.90","1.85M","1.25%"
"01/25/2016","67.80","67.75","68.55","67.70","1.52M","0.30%"
"01/22/2016","67.60","66.80","68.00","66.60","2.38M","2.74%"
"01/21/2016","65.80","65.25","66.40","65.25","1.96M","0.61%"
"01/20/2016","65.40","66.15","67.05","65.40","2.35M","-3.68%"
"01/19/2016","67.90","66.60","67.90","66.40","1.90M","3.27%"
"01/18/2016","65.75","66.20","66.85","65.40","1.39M","-0.68%"
"01/15/2016","66.20","66.20","67.20","65.35","2.37M","-0.08%"
"01/14/2016","66.25","67.50","67.50","65.95","2.24M","-2.93%"
"01/13/2016","68.25","67.05","68.35","67.05","2.28M","2.79%"
"01/12/2016","66.40","65.00","66.90","64.65","1.79M","1.22%"
"01/11/2016","65.60","66.30","66.50","65.30","1.53M","-1.43%"
"01/08/2016","66.55","67.15","67.40","66.50","1.34M","-0.37%"
"01/07/2016","66.80","67.25","67.25","66.25","1.44M","-2.12%"
"01/06/2016","68.25","68.95","69.20","68.10","1.10M","-0.87%"
"01/05/2016","68.85","68.90","69.10","68.35","1.25M","0.36%"
"01/04/2016","68.60","69.60","69.60","68.35","1.49M","-2.14%"
"12/30/2015","70.10","69.70","70.70","69.45","1.14M","0.43%"
"12/29/2015","69.80","69.00","69.95","68.60","576.60K","0.79%"
"12/28/2015","69.25","69.30","69.55","69.05","332.68K","-0.07%"
"12/23/2015","69.30","68.30","69.30","68.30","998.31K","1.91%"
"12/22/2015","68.00","68.50","68.70","67.50","1.30M","-1.02%"
"12/21/2015","68.70","68.15","69.00","67.95","1.35M","0.37%"
"12/18/2015","68.45","69.10","69.85","68.15","2.07M","-1.79%"
"12/17/2015","69.70","69.85","70.30","69.55","2.09M","0.29%"
"12/16/2015","69.50","69.85","70.05","68.85","1.77M","-1.42%"
"12/15/2015","70.50","68.35","70.90","68.35","3.45M","1.66%"
"12/14/2015","69.35","69.95","70.10","69.25","1.56M","-0.07%"
"12/11/2015","69.40","69.95","70.30","69.00","1.56M","-0.72%"
"12/10/2015","69.90","70.45","70.45","69.50","1.90M","-1.06%"
"12/09/2015","70.65","70.95","71.55","70.45","1.91M","-0.21%"
"12/08/2015","70.80","71.35","71.90","70.75","1.74M","-0.91%"
"12/07/2015","71.45","70.60","71.70","70.40","1.29M","1.85%"
"12/04/2015","70.15","70.05","70.40","69.50","2.02M","0.14%"
"12/03/2015","70.05","70.75","71.55","70.05","1.40M","-1.48%"
"12/02/2015","71.10","70.85","71.40","70.45","1.21M","0.35%"
"12/01/2015","70.85","70.80","71.00","70.45","1.42M","0.35%"
"11/30/2015","70.60","70.30","70.80","69.80","3.08M","0.36%"
"11/27/2015","70.35","70.60","70.70","69.95","1.35M","-0.71%"
"11/26/2015","70.85","70.75","71.45","70.55","1.05M","-0.28%"
"11/25/2015","71.05","70.65","71.10","70.45","1.36M","0.57%"
"11/24/2015","70.65","70.95","71.15","70.05","1.35M","-0.35%"
"11/23/2015","70.90","71.50","71.55","70.85","995.16K","-0.98%"
"11/20/2015","71.60","71.30","72.00","70.70","1.03M","0.63%"
"11/19/2015","71.15","70.20","71.30","70.00","1.56M","1.35%"
"11/18/2015","70.20","70.40","70.65","70.15","1.02M","-0.43%"
"11/17/2015","70.50","70.45","70.80","70.35","1.32M","0.71%"
"11/16/2015","70.00","69.10","70.30","69.00","1.20M","0.57%"
"11/13/2015","69.60","70.15","70.50","69.50","2.38M","-0.78%"
"11/12/2015","70.15","70.05","70.75","69.90","1.32M","-0.14%"
"11/11/2015","70.25","69.80","70.45","69.70","763.94K","0.64%"
"11/10/2015","69.80","69.55","70.10","69.10","1.97M","0.14%"
"11/09/2015","69.70","69.70","70.10","69.40","1.38M","0.22%"
"11/06/2015","69.55","69.60","70.20","69.35","1.27M","-0.93%"
"11/05/2015","70.20","69.90","70.95","69.75","1.59M","0.72%"
"11/04/2015","69.70","69.20","70.00","69.00","2.09M","1.31%"
"11/03/2015","68.80","68.40","69.15","68.30","1.56M","0.15%"
"11/02/2015","68.70","71.50","72.00","68.35","3.15M","-4.91%"
"10/30/2015","72.25","70.10","72.25","70.10","2.82M","2.05%"
"10/29/2015","70.80","70.00","70.90","69.50","1.78M","1.14%"
"10/28/2015","70.00","69.55","70.05","69.55","1.46M","0.86%"
"10/27/2015","69.40","70.00","70.05","68.90","1.75M","-0.57%"
"10/26/2015","69.80","69.80","70.15","69.40","1.68M","0.36%"
"10/23/2015","69.55","69.00","69.90","68.85","1.70M","1.46%"
"10/22/2015","68.55","67.95","68.65","67.75","1.51M","1.03%"
"10/21/2015","67.85","67.35","67.95","67.05","1.22M","1.04%"
"10/20/2015","67.15","66.90","67.20","66.65","1.21M","0.83%"
"10/19/2015","66.60","66.00","67.15","65.85","994.59K","0.76%"
"10/16/2015","66.10","66.45","66.65","65.80","1.52M","-0.45%"
"10/15/2015","66.40","65.60","66.45","65.50","1.63M","0.84%"
"10/14/2015","65.85","65.50","65.95","65.35","1.66M","0.30%"
"10/13/2015","65.65","64.40","65.90","64.30","2.21M","1.78%"
"10/12/2015","64.50","64.10","64.50","63.75","1.03M","0.55%"
"10/09/2015","64.15","64.65","64.85","64.05","1.52M","-0.39%"
"10/08/2015","64.40","64.40","64.75","64.05","1.32M","-0.23%"
"10/07/2015","64.55","65.25","65.35","64.35","1.57M","-0.77%"
"10/06/2015","65.05","64.85","65.05","64.35","1.73M","0.46%"
"10/05/2015","64.75","63.85","64.75","63.60","2.20M","2.86%"
"10/02/2015","62.95","63.35","63.85","62.65","1.22M","-0.55%"
"10/01/2015","63.30","63.40","63.95","62.95","1.51M","0.32%"
"09/30/2015","63.10","62.65","63.10","62.30","1.96M","2.02%"
"09/29/2015","61.85","61.45","62.20","61.05","1.59M","-0.24%"
"09/28/2015","62.00","62.85","63.05","61.95","1.24M","-1.35%"
"09/25/2015","62.85","62.90","63.10","62.50","1.60M","1.29%"
"09/24/2015","62.05","61.90","62.60","61.85","2.01M","0.00%"
"09/23/2015","62.05","62.40","62.80","61.95","1.62M","-0.56%"
"09/22/2015","62.40","62.95","63.10","61.80","1.21M","-1.03%"
"09/21/2015","63.05","62.20","63.20","62.05","1.90M","0.80%"
"09/18/2015","62.55","62.50","62.60","61.45","3.75M","-0.40%"
"09/17/2015","62.80","62.55","63.10","62.50","1.75M","0.80%"
"09/16/2015","62.30","61.00","62.45","61.00","1.65M","2.38%"
"09/15/2015","60.85","60.50","60.90","60.10","3.67M","0.58%"
"09/14/2015","60.50","60.40","61.30","60.10","1.81M","-0.33%"
"09/11/2015","60.70","61.35","61.80","60.15","4.47M","-0.82%"
"09/10/2015","61.20","61.40","61.90","61.15","1.67M","-1.05%"
"09/09/2015","61.85","61.85","62.55","61.70","3.10M","1.39%"
"09/08/2015","61.00","60.55","61.55","60.45","2.22M","0.91%"
"09/07/2015","60.45","61.30","61.90","60.30","1.89M","-0.08%"
"09/04/2015","60.50","61.10","61.60","60.35","2.91M","-0.82%"
"09/03/2015","61.00","60.70","61.40","60.35","2.05M","1.41%"
"09/02/2015","60.15","60.45","60.85","60.10","1.86M","-0.08%"
"09/01/2015","60.20","60.60","60.90","59.80","1.86M","-1.31%"
"08/31/2015","61.00","60.45","61.05","60.25","2.18M","0.83%"
"08/28/2015","60.50","60.00","60.75","59.55","2.64M","0.83%"
"08/27/2015","60.00","60.05","60.80","59.50","2.59M","0.25%"
"08/26/2015","59.85","59.60","60.50","58.55","3.06M","0.08%"
"08/25/2015","59.80","58.05","60.20","57.75","2.54M","2.84%"
"08/24/2015","58.15","58.90","59.50","57.00","3.54M","-4.04%"
"08/21/2015","60.60","61.15","61.30","60.60","1.61M","-2.34%"
"08/20/2015","62.05","62.15","62.70","62.00","2.73M","-1.51%"
"08/19/2015","63.00","63.50","63.85","62.80","2.07M","-1.49%"
"08/18/2015","63.95","63.75","63.95","63.40","1.38M","0.31%"
"08/17/2015","63.75","64.05","64.15","63.60","1.35M","-0.23%"
"08/14/2015","63.90","63.90","64.20","63.50","1.53M","-0.31%"
"08/13/2015","64.10","63.95","64.50","63.70","3.24M","1.02%"
"08/12/2015","63.45","64.25","64.25","63.30","2.33M","-1.63%"
"08/11/2015","64.50","65.60","65.70","64.40","1.73M","-1.83%"
"08/10/2015","65.70","65.30","65.70","64.85","1.28M","0.69%"
"08/07/2015","65.25","66.00","66.00","65.15","1.16M","-0.99%"
"08/06/2015","65.90","66.70","66.70","65.80","1.61M","-1.20%"
"08/05/2015","66.70","67.00","67.20","66.60","1.64M","-0.22%"
"08/04/2015","66.85","66.50","67.05","66.30","1.65M","0.83%"
"08/03/2015","66.30","65.25","66.40","65.25","975.57K","1.69%"
"07/31/2015","65.20","65.40","65.50","64.85","1.31M","-0.31%"
"07/30/2015","65.40","65.20","65.60","65.10","885.51K","0.15%"
"07/29/2015","65.30","65.00","65.30","64.50","1.51M","0.54%"
"07/28/2015","64.95","64.25","65.10","64.00","1.72M","1.64%"
"07/27/2015","63.90","65.25","65.25","63.90","1.51M","-2.44%"
"07/24/2015","65.50","66.05","66.35","65.25","1.19M","-0.76%"
"07/23/2015","66.00","66.60","66.75","65.80","1.24M","-0.68%"
"07/22/2015","66.45","66.15","66.65","66.05","1.74M","0.15%"
"07/21/2015","66.35","66.40","66.90","66.20","1.22M","-0.08%"
"07/20/2015","66.40","65.60","66.65","65.55","1.11M","1.22%"
"07/17/2015","65.60","66.00","66.35","65.50","1.53M","0.15%"
"07/16/2015","65.50","65.70","66.00","65.35","1.61M","0.61%"
"07/15/2015","65.10","65.45","65.70","65.05","1.60M","-0.15%"
"07/14/2015","65.20","65.30","65.55","64.90","1.68M","0.31%"
"07/13/2015","65.00","65.00","65.70","64.65","2.07M","0.70%"
"07/10/2015","64.55","64.90","65.45","64.55","2.62M","0.08%"
"07/09/2015","64.50","63.15","64.90","62.90","1.78M","2.63%"
"07/08/2015","62.85","62.15","63.40","61.95","2.03M","1.05%"
"07/07/2015","62.20","62.40","62.60","61.80","1.31M","-0.32%"
"07/06/2015","62.40","61.95","62.40","61.50","1.25M","0.08%"
"07/03/2015","62.35","62.95","62.95","61.95","1.13M","0.40%"
"07/02/2015","62.10","62.45","62.45","61.70","1.31M","-0.16%"
"07/01/2015","62.20","62.10","62.35","61.55","2.12M","0.81%"
"06/30/2015","61.70","62.55","62.75","61.50","2.70M","-1.59%"
"06/29/2015","62.70","61.75","62.70","61.50","1.79M","-1.49%"
"06/26/2015","63.65","63.40","63.75","62.80","1.82M","0.16%"
"06/25/2015","63.55","62.20","63.55","62.05","2.47M","1.68%"
"06/24/2015","62.50","62.15","62.50","61.80","2.73M","0.64%"
"06/23/2015","62.10","62.00","62.60","61.85","1.86M","0.40%"
"06/22/2015","61.85","62.00","62.00","61.45","1.90M","0.41%"
"06/19/2015","61.60","61.90","62.00","61.00","2.14M","-0.32%"
"06/18/2015","61.80","60.75","61.85","60.30","2.32M","1.48%"
"06/17/2015","60.90","61.00","61.40","60.60","1.37M","-0.33%"
"06/16/2015","61.10","60.95","61.15","60.15","1.37M","0.58%"
"06/15/2015","60.75","61.15","61.35","60.55","1.34M","-1.38%"
"06/12/2015","61.60","61.50","61.95","61.50","2.09M","-0.56%"
"06/11/2015","61.95","62.05","62.25","61.65","1.64M","0.00%"
"06/10/2015","61.95","61.95","62.15","61.50","2.68M","-0.88%"
"06/09/2015","62.50","61.45","62.50","60.90","2.17M","1.46%"
"06/08/2015","61.60","61.65","61.65","61.00","1.39M","-0.08%"
"06/05/2015","61.65","61.30","61.70","61.10","1.92M","-0.16%"
"06/04/2015","61.75","61.45","61.75","60.85","1.96M","0.41%"
"06/03/2015","61.50","61.30","62.05","61.20","2.03M","-0.16%"
"06/02/2015","61.60","61.95","62.00","61.15","1.94M","0.16%"
"06/01/2015","61.50","61.20","61.60","60.95","1.37M","0.99%"
"05/29/2015","60.90","61.50","61.60","60.75","2.14M","-1.14%"
"05/28/2015","61.60","61.25","61.65","61.10","1.65M","0.90%"
"05/27/2015","61.05","60.15","61.30","60.15","1.61M","1.58%"
"05/26/2015","60.10","61.40","61.45","60.00","1.27M","-1.72%"
"05/22/2015","61.15","61.10","61.35","60.30","1.25M","1.07%"
"05/21/2015","60.50","60.65","60.80","60.05","1.45M","-0.66%"
"05/20/2015","60.90","60.90","61.40","60.75","1.38M","0.00%"
"05/19/2015","60.90","60.60","61.40","60.60","1.36M","0.74%"
"05/18/2015","60.45","60.15","60.80","60.15","1.83M","0.50%"
"05/15/2015","60.15","61.70","61.70","60.10","1.90M","-1.31%"
"05/13/2015","60.95","60.35","61.50","60.25","2.75M","1.25%"
"05/12/2015","60.20","59.95","60.40","59.35","2.23M","-0.08%"
"05/11/2015","60.25","60.65","61.00","59.95","1.81M","-0.66%"
"05/08/2015","60.65","60.50","61.30","60.00","2.55M","0.50%"
"05/07/2015","60.35","59.10","60.50","58.65","3.90M","4.50%"
"05/06/2015","57.75","57.60","58.85","57.60","2.08M","-1.45%"
"05/05/2015","58.60","58.90","59.60","58.25","1.76M","-1.60%"
"05/04/2015","59.55","59.15","59.95","59.15","1.71M","0.76%"
"04/30/2015","59.10","58.45","59.15","57.80","2.11M","1.20%"
"04/29/2015","58.40","59.05","59.85","58.40","1.33M","-1.52%"
"04/28/2015","59.30","60.05","60.35","58.85","1.68M","-1.66%"
"04/27/2015","60.30","60.55","61.50","59.45","1.87M","-0.33%"
"04/24/2015","60.50","60.70","61.00","60.25","1.43M","-0.25%"
"04/23/2015","60.65","60.95","61.20","59.70","1.95M","0.17%"
"04/22/2015","60.55","60.80","61.25","60.15","1.47M","-0.98%"
"04/21/2015","61.15","62.45","62.45","60.85","2.32M","-0.57%"
"04/20/2015","61.50","61.50","61.70","60.90","2.07M","0.24%"
"04/17/2015","61.35","62.00","62.00","60.40","2.47M","-4.59%"
"04/16/2015","64.30","64.90","64.90","63.50","2.14M","-1.00%"
"04/15/2015","64.95","64.60","64.95","64.10","2.02M","0.54%"
"04/14/2015","64.60","64.50","65.25","64.10","1.42M","0.16%"
"04/13/2015","64.50","64.75","65.10","64.40","1.72M","-0.39%"
"04/10/2015","64.75","64.50","64.95","63.85","1.83M","0.86%"
"04/09/2015","64.20","64.10","64.50","63.80","1.69M","0.00%"
"04/08/2015","64.20","64.95","65.15","63.60","2.05M","-1.98%"
"04/07/2015","65.50","64.80","66.00","63.40","3.09M","7.11%"
"04/01/2015","61.15","60.55","61.40","60.05","848.66K","0.33%"
"03/31/2015","60.95","61.25","61.65","60.60","1.82M","0.16%"
"03/30/2015","60.85","61.00","61.40","60.80","1.22M","0.33%"
"03/27/2015","60.65","59.85","60.65","59.80","1.25M","1.51%"
"03/26/2015","59.75","60.30","60.55","59.15","1.48M","-1.48%"
"03/25/2015","60.65","61.40","61.50","60.15","1.46M","-1.22%"
"03/24/2015","61.40","61.15","61.95","61.05","1.62M","-0.24%"
"03/23/2015","61.55","61.00","61.60","60.75","1.03M","0.49%"
"03/20/2015","61.25","61.40","61.40","60.75","2.29M","-0.24%"
"03/19/2015","61.40","62.90","62.90","60.85","2.08M","-2.15%"
"03/18/2015","62.75","62.10","62.85","62.05","2.03M","1.37%"
"03/17/2015","61.90","62.40","62.90","61.50","1.57M","-0.56%"
"03/16/2015","62.25","61.05","62.30","61.05","1.44M","1.97%"
"03/13/2015","61.05","60.65","61.10","59.85","1.65M","0.66%"
"03/12/2015","60.65","60.35","60.80","60.15","1.59M","0.66%"
"03/11/2015","60.25","59.20","60.65","59.20","2.11M","1.26%"
"03/10/2015","59.50","60.80","61.20","58.60","2.25M","-2.30%"
"03/09/2015","60.90","61.45","61.60","60.05","1.49M","-0.81%"
"03/06/2015","61.40","61.45","61.70","61.15","1.37M","-0.49%"
"03/05/2015","61.70","61.00","61.95","60.95","852.11K","1.48%"
"03/04/2015","60.80","61.30","61.50","60.10","1.27M","-1.22%"
"03/03/2015","61.55","60.50","62.20","60.30","1.34M","2.24%"
"03/02/2015","60.20","60.20","60.75","59.85","1.29M","0.00%"
"02/27/2015","60.20","61.45","61.45","59.35","2.33M","-2.35%"
"02/26/2015","61.65","61.00","61.85","61.00","1.02M","0.98%"
"02/25/2015","61.05","59.90","61.05","59.85","949.96K","1.67%"
"02/24/2015","60.05","60.50","60.55","59.60","922.37K","-0.41%"
"02/23/2015","60.30","59.95","60.30","59.40","1.18M","1.52%"
"02/20/2015","59.40","60.10","60.15","58.90","1.04M","-0.92%"
"02/19/2015","59.95","59.10","60.00","58.95","1.77M","1.18%"
"02/18/2015","59.25","59.40","60.30","59.10","1.64M","-0.17%"
"02/17/2015","59.35","59.15","59.35","58.85","1.08M","-0.25%"
"02/16/2015","59.50","59.45","59.55","59.10","683.27K","0.25%"
"02/13/2015","59.35","58.90","59.45","58.70","1.14M","0.59%"
"02/12/2015","59.00","58.95","59.35","58.65","1.40M","-0.42%"
"02/11/2015","59.25","58.95","59.25","58.30","1.90M","0.42%"
"02/10/2015","59.00","57.90","59.25","57.70","1.34M","1.37%"
"02/09/2015","58.20","58.15","58.60","57.80","1.38M","-0.34%"
"02/06/2015","58.40","59.50","59.50","58.15","2.27M","-1.27%"
"02/05/2015","59.15","57.30","60.00","57.30","3.44M","3.86%"
"02/04/2015","56.95","57.05","57.05","55.55","2.05M","-0.52%"
"02/03/2015","57.25","57.00","57.50","56.80","1.80M","0.35%"
"02/02/2015","57.05","57.20","57.40","56.70","1.39M","-0.09%"
"01/30/2015","57.10","57.25","57.45","56.85","1.74M","0.44%"
"01/29/2015","56.85","56.70","56.85","56.30","1.35M","0.00%"
"01/28/2015","56.85","56.55","56.95","56.45","1.71M","0.71%"
"01/27/2015","56.45","56.80","57.50","56.05","2.28M","0.00%"
"01/26/2015","56.45","55.90","56.45","55.25","1.55M","0.98%"
"01/23/2015","55.90","54.60","55.95","54.60","2.27M","3.14%"
"01/22/2015","54.20","53.55","54.20","52.80","1.56M","1.31%"
"01/21/2015","53.50","53.30","53.85","52.90","1.35M","0.94%"
"01/20/2015","53.00","54.00","54.00","52.65","1.40M","-2.12%"
"01/19/2015","54.15","52.45","54.15","52.25","1.99M","3.64%"
"01/16/2015","52.25","52.55","53.05","51.85","2.62M","-0.48%"
"01/15/2015","52.50","52.60","52.95","51.45","2.00M","0.67%"
"01/14/2015","52.15","51.60","52.40","51.30","1.87M","0.77%"
"01/13/2015","51.75","51.75","52.35","51.60","1.84M","0.29%"
"01/12/2015","51.60","51.25","52.05","50.95","1.09M","1.08%"
"01/09/2015","51.05","51.25","51.35","50.80","1.07M","-0.39%"
"01/08/2015","51.25","51.40","51.45","50.85","1.43M","1.28%"
"01/07/2015","50.60","50.05","50.95","49.80","1.22M","1.61%"
"01/06/2015","49.80","49.92","50.10","48.73","2.55M","-0.24%"
"01/05/2015","49.92","50.95","51.45","49.83","1.88M","-2.40%"
"01/02/2015","51.15","51.05","51.40","50.30","711.46K","0.00%"
"12/30/2014","51.15","51.90","51.95","50.55","1.14M","-0.97%"
"12/29/2014","51.65","52.50","52.50","51.60","621.06K","-1.15%"
"12/23/2014","52.25","51.70","52.25","51.60","1.17M","1.26%"
"12/22/2014","51.60","51.25","51.80","51.20","1.35M","1.47%"
"12/19/2014","50.85","51.75","51.75","50.05","2.42M","-0.68%"
"12/18/2014","51.20","49.64","51.25","49.36","2.61M","4.55%"
"12/17/2014","48.97","47.51","48.97","47.51","3.61M","3.09%"
"12/16/2014","47.50","48.60","48.60","46.98","4.99M","-2.70%"
"12/15/2014","48.82","49.15","49.50","48.60","2.38M","-1.39%"
"12/12/2014","49.51","50.05","50.20","49.35","2.42M","-1.77%"
"12/11/2014","50.40","50.55","50.80","50.20","1.02M","-0.79%"
"12/10/2014","50.80","50.25","51.10","50.05","1.06M","1.09%"
"12/09/2014","50.25","50.65","51.05","50.05","1.68M","-1.76%"
"12/08/2014","51.15","51.55","51.80","50.70","818.11K","-1.45%"
"12/05/2014","51.90","51.55","52.00","51.30","1.07M","0.58%"
"12/04/2014","51.60","52.05","52.40","51.25","1.31M","-0.77%"
"12/03/2014","52.00","52.75","53.60","52.00","1.34M","-0.95%"
"12/02/2014","52.50","52.35","53.40","52.35","1.85M","0.86%"
"12/01/2014","52.05","52.15","52.50","51.65","1.47M","-0.29%"
"11/28/2014","52.20","53.35","53.55","52.20","1.96M","-1.97%"
"11/27/2014","53.25","53.55","53.80","52.95","833.62K","-0.84%"
"11/26/2014","53.70","53.95","54.50","53.60","1.24M","-0.46%"
"11/25/2014","53.95","53.50","53.95","53.00","2.10M","0.94%"
"11/24/2014","53.45","53.75","53.95","53.35","1.01M","0.00%"
"11/21/2014","53.45","54.15","54.45","53.15","1.74M","-1.11%"
"11/20/2014","54.05","54.40","54.50","53.45","1.19M","-0.18%"
"11/19/2014","54.15","53.60","54.50","53.45","1.22M","1.03%"
"11/18/2014","53.60","53.35","54.60","53.35","2.06M","0.47%"
"11/17/2014","53.35","52.90","53.35","52.70","1.08M","0.00%"
"11/14/2014","53.35","53.20","53.45","53.00","1.15M","0.38%"
"11/13/2014","53.15","52.80","53.50","52.70","1.45M","0.66%"
"11/12/2014","52.80","53.30","53.40","52.60","1.25M","-1.12%"
"11/11/2014","53.40","53.00","53.50","52.95","896.89K","1.14%"
"11/10/2014","52.80","52.85","53.25","52.65","1.32M","0.28%"
"11/07/2014","52.65","52.85","53.10","52.40","2.23M","-0.47%"
"11/06/2014","52.90","52.20","53.40","52.05","1.93M","1.54%"
"11/05/2014","52.10","51.65","52.15","51.65","1.91M","0.48%"
"11/04/2014","51.85","51.30","52.00","51.05","2.14M","1.67%"
"11/03/2014","51.00","51.50","51.75","50.55","1.97M","-1.07%"
"10/31/2014","51.55","51.50","51.55","50.15","3.22M","2.08%"
"10/30/2014","50.50","52.65","52.65","49.01","5.58M","-5.87%"
"10/29/2014","53.65","53.20","53.65","52.65","1.18M","1.04%"
"10/28/2014","53.10","52.10","53.10","52.05","932.81K","2.21%"
"10/27/2014","51.95","52.95","52.95","51.65","1.22M","-0.48%"
"10/24/2014","52.20","52.55","52.85","52.05","1.36M","-0.67%"
"10/23/2014","52.55","52.00","52.55","51.40","1.68M","0.77%"
"10/22/2014","52.15","51.30","52.15","51.00","2.01M","2.25%"
"10/21/2014","51.00","50.45","51.55","50.10","2.80M","0.99%"
"10/20/2014","50.50","50.95","51.10","50.25","2.04M","-0.69%"
"10/17/2014","50.85","50.35","51.25","50.10","2.53M","1.50%"
"10/16/2014","50.10","52.35","53.10","50.10","3.05M","-4.11%"
"10/15/2014","52.25","53.90","54.00","51.80","2.13M","-2.79%"
"10/14/2014","53.75","52.55","53.95","52.45","1.66M","2.19%"
"10/13/2014","52.60","52.85","53.10","52.20","1.22M","-1.41%"
"10/10/2014","53.35","53.75","54.20","52.65","1.87M","-0.56%"
"10/09/2014","53.65","55.35","55.35","53.65","1.50M","-1.92%"
"10/08/2014","54.70","54.50","55.35","54.00","2.91M","0.09%"
"10/07/2014","54.65","56.00","56.00","54.05","1.34M","-2.41%"
"10/06/2014","56.00","56.05","56.35","55.30","1.94M","0.63%"
"10/03/2014","55.65","56.25","56.65","55.55","1.30M","-0.54%"
"10/02/2014","55.95","57.55","57.65","55.85","1.24M","-2.95%"
"10/01/2014","57.65","58.10","58.40","57.60","705.77K","-0.77%"
"09/30/2014","58.10","57.60","58.25","57.60","1.12M","0.52%"
"09/29/2014","57.80","57.85","58.10","57.35","522.25K","0.70%"
"09/26/2014","57.40","56.90","57.60","56.50","518.86K","0.70%"
"09/25/2014","57.00","58.05","58.05","56.90","828.29K","-1.72%"
"09/24/2014","58.00","58.05","58.20","57.75","955.40K","0.00%"
"09/23/2014","58.00","58.80","59.00","58.00","1.69M","-1.36%"
"09/22/2014","58.80","58.65","59.10","58.45","883.59K","0.09%"
"09/19/2014","58.75","59.00","59.15","58.30","1.27M","0.26%"
"09/18/2014","58.60","58.50","59.00","58.35","1.18M","0.43%"
"09/17/2014","58.35","58.15","58.90","57.95","905.19K","0.60%"
"09/16/2014","58.00","57.90","58.40","57.75","860.33K","0.52%"
"09/15/2014","57.70","57.60","58.80","57.50","1.74M","0.09%"
"09/12/2014","57.65","57.30","57.85","56.85","1.47M","0.61%"
"09/11/2014","57.30","56.80","57.30","56.55","935.80K","1.06%"
"09/10/2014","56.70","56.45","56.70","56.05","965.28K","0.80%"
"09/09/2014","56.25","56.75","56.75","56.25","1.42M","-0.35%"
"09/08/2014","56.45","55.50","56.45","55.35","849.18K","1.35%"
"09/05/2014","55.70","56.35","56.50","55.70","724.71K","-1.15%"
"09/04/2014","56.35","56.00","56.50","55.75","1.83M","0.00%"
"09/03/2014","56.35","56.90","57.05","56.25","1.32M","-0.62%"
"09/02/2014","56.70","56.35","56.70","56.05","772.29K","0.80%"
"09/01/2014","56.25","56.20","57.15","56.20","829.80K","0.45%"
"08/29/2014","56.00","56.15","56.55","55.60","1.28M","0.18%"
"08/28/2014","55.90","55.60","56.00","55.50","663.37K","-0.18%"
"08/27/2014","56.00","55.80","56.20","55.70","1.21M","0.90%"
"08/26/2014","55.50","55.90","56.00","55.20","1.08M","-0.80%"
"08/25/2014","55.95","55.85","56.00","55.60","370.07K","1.36%"
"08/22/2014","55.20","55.65","55.65","55.00","628.34K","-0.63%"
"08/21/2014","55.55","55.65","55.75","55.30","1.09M","0.09%"
"08/20/2014","55.50","55.00","55.95","54.85","1.15M","0.73%"
"08/19/2014","55.10","54.80","55.20","54.35","1.15M","0.55%"
"08/18/2014","54.80","54.60","55.15","54.60","926.61K","0.55%"
"08/15/2014","54.50","54.50","54.65","54.15","641.31K","0.46%"
"08/14/2014","54.25","54.40","54.50","53.80","1.11M","0.18%"
"08/13/2014","54.15","53.90","54.30","53.75","1.37M","0.74%"
"08/12/2014","53.75","55.00","55.00","53.75","1.05M","-1.74%"
"08/11/2014","54.70","54.60","55.40","54.50","1.05M","1.39%"
"08/08/2014","53.95","54.80","55.05","53.80","1.87M","-1.91%"
"08/07/2014","55.00","55.90","55.90","54.90","1.04M","-0.90%"
"08/06/2014","55.50","56.40","56.40","55.30","1.49M","-1.77%"
"08/05/2014","56.50","57.25","57.30","56.25","805.11K","-0.70%"
"08/04/2014","56.90","56.90","57.25","56.60","701.14K","0.71%"
"08/01/2014","56.50","57.15","57.50","56.50","887.94K","-1.31%"
"07/31/2014","57.25","58.15","58.15","56.85","1.43M","-1.04%"
"07/30/2014","57.85","57.85","58.10","57.65","1.03M","0.52%"
"07/29/2014","57.55","57.20","57.65","56.70","1.28M","1.14%"
"07/28/2014","56.90","57.30","57.30","56.60","788.75K","-0.18%"
"07/25/2014","57.00","57.65","57.65","56.80","1.01M","-1.13%"
"07/24/2014","57.65","58.15","58.35","57.65","746.45K","-0.60%"
"07/23/2014","58.00","57.70","58.20","57.70","1.34M","0.61%"
"07/22/2014","57.65","56.80","57.65","56.70","1.94M","2.31%"
"07/21/2014","56.35","56.65","56.70","56.10","1.09M","0.27%"
"07/18/2014","56.20","56.00","56.90","55.90","2.04M","0.27%"
"07/17/2014","56.05","56.80","56.95","55.55","1.66M","0.09%"
"07/16/2014","56.00","55.90","56.20","55.80","905.76K","0.54%"
"07/15/2014","55.70","55.80","56.45","55.55","1.11M","0.09%"
"07/14/2014","55.65","54.55","55.70","54.40","840.97K","2.96%"
"07/11/2014","54.05","53.80","54.20","53.75","529.52K","0.46%"
"07/10/2014","53.80","54.75","54.75","53.55","857.47K","-1.91%"
"07/09/2014","54.85","55.00","55.00","54.30","703.56K","-0.09%"
"07/08/2014","54.90","55.25","55.45","54.90","887.63K","-0.18%"
"07/07/2014","55.00","54.95","55.20","54.60","384.60K","0.09%"
"07/04/2014","54.95","55.40","55.45","54.90","605.40K","-0.45%"
"07/03/2014","55.20","55.25","55.35","54.80","1.37M","0.45%"
"07/02/2014","54.95","55.10","55.30","54.40","1.30M","0.27%"
"07/01/2014","54.80","54.85","55.35","54.70","1.55M","0.27%"
"06/30/2014","54.65","54.05","54.85","54.05","999.62K","1.30%"
"06/27/2014","53.95","54.25","54.65","53.75","1.31M","-1.10%"
"06/26/2014","54.55","54.05","54.80","53.90","2.05M","1.30%"
"06/25/2014","53.85","53.75","54.00","52.95","2.14M","0.09%"
"06/24/2014","53.80","53.90","54.20","53.40","626.91K","-0.19%"
"06/23/2014","53.90","53.95","54.20","53.80","679.23K","0.09%"
"06/20/2014","53.85","54.25","54.25","53.80","2.21M","-0.28%"
"06/19/2014","54.00","53.95","54.10","53.65","1.11M","0.93%"
"06/18/2014","53.50","53.50","53.65","53.20","1.23M","0.66%"
"06/17/2014","53.15","53.80","53.85","52.90","920.20K","-0.93%"
"06/16/2014","53.65","53.70","53.85","53.35","645.66K","-0.46%"
"06/13/2014","53.90","54.60","54.65","53.70","1.06M","-1.37%"
"06/12/2014","54.65","54.85","55.00","54.35","595.81K","-0.18%"
"06/11/2014","54.75","55.20","55.45","54.40","1.05M","-0.18%"
"06/10/2014","54.85","54.00","55.35","54.00","1.55M","1.57%"
"06/06/2014","54.00","54.20","54.35","53.55","993.82K","-0.09%"
"06/05/2014","54.05","53.00","54.20","52.80","2.61M","2.27%"
"06/04/2014","52.85","52.90","53.35","52.45","912.45K","-0.47%"
"06/03/2014","53.10","53.30","53.35","52.75","1.10M","-0.47%"
"06/02/2014","53.35","53.20","53.35","52.85","1.27M","0.85%"
"05/30/2014","52.90","52.30","53.30","52.10","3.89M","1.63%"
"05/28/2014","52.05","52.35","52.70","51.70","961.13K","-0.57%"
"05/27/2014","52.35","52.30","52.55","51.70","893.00K","0.10%"
"05/26/2014","52.30","52.75","53.15","52.30","704.61K","-0.85%"
"05/23/2014","52.75","52.50","53.05","52.15","1.18M","0.48%"
"05/22/2014","52.50","52.25","52.60","52.00","772.25K","0.77%"
"05/21/2014","52.10","52.35","52.40","51.80","1.16M","-0.19%"
"05/20/2014","52.20","52.80","52.85","51.65","1.07M","-0.95%"
"05/19/2014","52.70","52.45","53.35","52.30","1.31M","0.48%"
"05/16/2014","52.45","52.30","52.50","52.00","1.83M","0.67%"
"05/15/2014","52.10","52.15","52.35","51.70","1.84M","0.58%"
"05/14/2014","51.80","51.55","51.80","51.25","1.29M","0.58%"
"05/13/2014","51.50","51.45","51.90","51.05","1.21M","0.29%"
"05/12/2014","51.35","51.00","51.35","50.75","1.74M","1.18%"
"05/09/2014","50.75","49.49","50.85","49.30","1.96M","3.51%"
"05/08/2014","49.03","49.89","49.89","47.87","2.28M","0.55%"
"05/07/2014","48.76","48.94","49.06","48.33","2.19M","-0.06%"
"05/06/2014","48.79","49.49","49.67","48.45","1.33M","0.08%"
"05/05/2014","48.75","48.87","49.03","48.41","696.51K","-0.51%"
"05/02/2014","49.00","49.10","49.45","48.56","1.84M","-0.18%"
"04/30/2014","49.09","50.00","50.05","48.52","2.34M","-2.11%"
"04/29/2014","50.15","49.50","50.15","49.07","1.46M","1.31%"
"04/28/2014","49.50","49.47","49.67","48.74","1.19M","-0.42%"
"04/25/2014","49.71","49.62","49.77","49.36","796.16K","0.08%"
"04/24/2014","49.67","49.50","49.78","49.35","1.17M","0.32%"
"04/23/2014","49.51","49.46","49.80","49.08","1.05M","0.00%"
"04/22/2014","49.51","48.75","49.54","48.70","1.27M","1.79%"
"04/16/2014","48.64","48.79","48.84","48.31","557.68K","0.83%"
"04/15/2014","48.24","47.88","48.60","47.85","1.23M","0.90%"
"04/14/2014","47.81","46.92","47.88","46.92","1.03M","1.64%"
"04/11/2014","47.04","47.89","48.02","47.04","1.57M","-6.94%"
"04/10/2014","50.55","50.70","50.80","50.20","2.90M","0.20%"
"04/09/2014","50.45","49.90","50.45","49.75","1.01M","1.33%"
"04/08/2014","49.79","50.10","50.35","49.16","1.31M","-0.62%"
"04/07/2014","50.10","50.55","51.10","50.05","829.20K","-1.76%"
"04/04/2014","51.00","50.75","51.00","50.60","669.47K","0.99%"
"04/03/2014","50.50","51.05","51.20","50.50","711.89K","-1.17%"
"04/02/2014","51.10","51.25","51.65","51.00","1.02M","0.10%"
"04/01/2014","51.05","50.90","51.25","50.70","832.61K","0.00%"
"03/31/2014","51.05","51.15","51.50","50.55","1.22M","-0.20%"
"03/28/2014","51.15","50.80","51.15","50.70","777.64K","1.19%"
"03/27/2014","50.55","50.90","51.00","50.30","863.75K","-0.88%"
"03/26/2014","51.00","49.97","51.00","49.80","1.20M","2.20%"
"03/25/2014","49.90","49.46","50.10","49.39","1.20M","0.83%"
"03/24/2014","49.49","49.23","50.05","49.23","1.49M","0.53%"
"03/21/2014","49.23","48.77","49.39","48.77","2.00M","1.93%"
"03/20/2014","48.30","48.40","48.40","47.70","1.33M","-0.70%"
"03/19/2014","48.64","48.89","48.94","48.22","1.78M","-0.73%"
"03/18/2014","49.00","48.51","49.10","48.16","899.35K","0.66%"
"03/17/2014","48.68","48.53","48.77","48.16","758.25K","0.16%"
"03/14/2014","48.60","48.21","48.69","47.97","1.58M","0.54%"
"03/13/2014","48.34","48.85","48.92","48.34","1.60M","-1.37%"
"03/12/2014","49.01","49.00","49.10","48.80","935.05K","-0.41%"
"03/11/2014","49.21","49.08","49.34","48.90","1.23M","0.16%"
"03/10/2014","49.13","48.84","49.54","48.65","1.45M","0.47%"
"03/07/2014","48.90","48.49","48.90","48.33","1.12M","1.26%"
"03/06/2014","48.29","48.39","48.50","48.22","513.97K","0.25%"
"03/05/2014","48.17","47.82","48.50","47.70","1.28M","1.05%"
"03/04/2014","47.67","47.06","47.89","47.06","965.29K","1.43%"
"03/03/2014","47.00","47.32","47.58","46.82","1.72M","-0.84%"
"02/28/2014","47.40","47.20","47.69","47.18","1.28M","0.47%"
"02/27/2014","47.18","47.35","47.59","46.98","834.51K","0.08%"
"02/26/2014","47.14","46.98","47.45","46.98","1.05M","0.34%"
"02/25/2014","46.98","47.15","47.60","46.98","1.15M","-0.36%"
"02/24/2014","47.15","47.10","47.31","46.82","1.24M","0.11%"
"02/21/2014","47.10","46.91","47.18","46.86","1.27M","0.96%"
"02/20/2014","46.65","46.45","47.00","46.30","1.52M","0.00%"
"02/19/2014","46.65","47.07","47.28","46.55","1.44M","-0.96%"
"02/18/2014","47.10","47.18","47.20","46.60","924.48K","0.08%"
"02/17/2014","47.06","46.85","47.22","46.72","786.71K","0.86%"
"02/14/2014","46.66","46.52","46.85","46.37","1.56M","0.97%"
"02/13/2014","46.21","46.21","46.40","46.00","1.25M","0.00%"
"02/12/2014","46.21","46.10","46.55","46.00","1.27M","0.24%"
"02/11/2014","46.10","46.40","46.54","45.97","1.59M","-0.47%"
"02/10/2014","46.32","46.40","46.72","46.31","2.24M","0.04%"
"02/07/2014","46.30","46.25","46.72","45.82","3.52M","0.13%"
"02/06/2014","46.24","47.65","47.81","46.24","2.76M","-3.06%"
"02/05/2014","47.70","48.62","48.63","47.70","1.30M","-0.50%"
"02/04/2014","47.94","48.17","48.17","47.67","1.00M","-0.70%"
"02/03/2014","48.28","48.75","49.01","48.28","929.75K","-0.96%"
"01/31/2014","48.75","48.81","49.27","48.57","1.46M","0.29%"
"01/30/2014","48.61","48.64","48.95","48.30","838.60K","-0.18%"
"01/29/2014","48.70","49.37","49.50","48.49","2.06M","-0.77%"
"01/28/2014","49.08","48.92","49.50","48.80","1.35M","0.41%"
"01/27/2014","48.88","49.56","49.60","48.79","1.74M","-2.16%"
"01/24/2014","49.96","50.20","50.25","49.33","1.60M","-0.58%"
"01/23/2014","50.25","49.79","50.45","49.71","1.73M","0.92%"
"01/22/2014","49.79","49.89","50.40","49.79","1.67M","0.38%"
"01/21/2014","49.60","49.10","49.94","49.07","1.51M","1.37%"
"01/20/2014","48.93","49.00","49.43","48.89","705.44K","-0.35%"
"01/17/2014","49.10","47.25","49.17","47.09","3.03M","4.45%"
"01/16/2014","47.01","46.39","47.07","46.24","1.56M","1.75%"
"01/15/2014","46.20","46.26","46.51","45.90","1.23M","0.04%"
"01/14/2014","46.18","46.10","46.45","45.93","956.12K","-0.17%"
"01/13/2014","46.26","46.50","46.65","46.17","810.27K","-0.15%"
"01/10/2014","46.33","46.04","46.73","45.98","1.51M","0.70%"
"01/09/2014","46.01","46.11","46.12","45.82","1.34M","-0.48%"
"01/08/2014","46.23","46.50","46.50","46.00","1.21M","-0.09%"
"01/07/2014","46.27","46.47","46.60","45.97","770.97K","-0.47%"
"01/06/2014","46.49","46.57","46.93","46.25","743.81K","-0.09%"
"01/03/2014","46.53","46.53","46.60","46.03","1.39M","-0.24%"
"01/02/2014","46.64","47.55","47.55","46.57","955.73K","-1.44%"
"12/30/2013","47.32","47.12","47.56","47.01","1.14M","0.30%"
"12/27/2013","47.18","47.00","47.25","46.91","591.65K","0.62%"
"12/23/2013","46.89","46.35","46.89","46.35","902.34K","0.82%"
"12/20/2013","46.51","46.09","46.51","45.90","1.41M","1.11%"
"12/19/2013","46.00","46.00","46.37","45.83","1.23M","0.46%"
"12/18/2013","45.79","46.35","46.40","45.65","1.01M","-0.89%"
"12/17/2013","46.20","45.82","46.20","45.76","965.35K","0.83%"
"12/16/2013","45.82","45.80","46.11","45.52","972.57K","-0.37%"
"12/13/2013","45.99","46.07","46.31","45.97","1.31M","-0.02%"
"12/12/2013","46.00","46.67","46.67","45.97","1.35M","-1.60%"
"12/11/2013","46.75","47.02","47.09","46.12","1.58M","-0.32%"
"12/10/2013","46.90","47.24","47.54","46.61","1.12M","-0.49%"
"12/09/2013","47.13","46.95","47.28","46.72","1.03M","0.75%"
"12/06/2013","46.78","46.82","47.05","46.60","1.17M","-0.15%"
"12/05/2013","46.85","46.18","46.96","46.18","1.14M","1.38%"
"12/04/2013","46.21","46.92","47.00","45.87","1.08M","-1.41%"
"12/03/2013","46.87","47.30","47.38","46.60","995.25K","-1.01%"
"12/02/2013","47.35","47.78","47.86","47.35","801.51K","-0.69%"
"11/29/2013","47.68","47.60","47.76","47.53","987.94K","-0.02%"
"11/28/2013","47.69","48.00","48.10","47.45","747.98K","-0.60%"
"11/27/2013","47.98","47.85","48.20","47.75","1.14M","0.61%"
"11/26/2013","47.69","47.80","48.15","47.45","1.33M","-0.50%"
"11/25/2013","47.93","47.46","48.10","47.46","944.19K","0.99%"
"11/22/2013","47.46","47.55","47.80","47.34","1.01M","-0.08%"
"11/21/2013","47.50","47.41","48.15","47.41","2.59M","0.19%"
"11/20/2013","47.41","47.17","47.53","47.04","1.35M","0.92%"
"11/19/2013","46.98","47.64","47.68","46.95","1.76M","-1.41%"
"11/18/2013","47.65","47.84","47.85","47.53","1.20M","0.13%"
"11/15/2013","47.59","47.80","47.90","47.49","669.63K","-0.29%"
"11/14/2013","47.73","47.65","47.98","47.62","1.55M","0.48%"
"11/13/2013","47.50","47.65","47.70","47.30","1.02M","-0.48%"
"11/12/2013","47.73","47.65","47.78","47.37","1.72M","-0.21%"
"11/11/2013","47.83","47.70","48.00","47.65","745.10K","0.57%"
"11/08/2013","47.56","47.75","47.89","47.41","1.24M","-0.61%"
"11/07/2013","47.85","47.85","47.95","47.48","1.89M","0.29%"
"11/06/2013","47.71","46.83","47.71","46.70","2.36M","1.51%"
"11/05/2013","47.00","47.80","47.98","46.75","2.64M","-1.57%"
"11/04/2013","47.75","48.13","48.20","47.73","1.83M","-0.13%"
"11/01/2013","47.81","48.50","48.66","47.77","1.97M","-0.91%"
"10/31/2013","48.25","48.44","48.59","48.12","6.20M","-0.41%"
"10/30/2013","48.45","48.00","49.65","47.47","5.31M","4.85%"
"10/29/2013","46.21","46.30","46.68","46.14","1.93M","0.46%"
"10/28/2013","46.00","46.77","46.85","46.00","2.02M","-1.54%"
"10/25/2013","46.72","46.92","47.28","46.46","2.43M","0.00%"
"10/24/2013","46.72","46.25","46.78","46.00","2.28M","1.02%"
"10/23/2013","46.25","45.21","46.25","45.21","2.17M","2.30%"
"10/22/2013","45.21","44.99","45.22","44.89","1.78M","0.62%"
"10/21/2013","44.93","44.69","45.09","44.57","2.00M","0.85%"
"10/18/2013","44.55","44.20","44.70","44.19","872.15K","0.70%"
"10/17/2013","44.24","44.30","44.44","44.13","1.48M","-0.02%"
"10/16/2013","44.25","44.01","44.30","43.95","3.14M","0.00%"
"10/15/2013","44.25","44.21","44.70","44.13","1.57M","0.11%"
"10/14/2013","44.20","44.06","44.32","43.94","2.43M","0.05%"
"10/11/2013","44.18","43.72","44.30","43.70","1.43M","0.55%"
"10/10/2013","43.94","43.50","43.97","43.50","947.92K","1.06%"
"10/09/2013","43.48","43.50","43.66","43.28","1.65M","-0.73%"
"10/08/2013","43.80","43.74","43.99","43.73","1.71M","0.00%"
"10/07/2013","43.80","43.95","43.95","43.50","1.21M","-0.34%"
"10/04/2013","43.95","43.97","44.09","43.95","1.97M","-0.23%"
"10/03/2013","44.05","44.01","44.17","43.91","1.24M","-0.07%"
"10/02/2013","44.08","44.21","44.21","43.76","3.75M","0.11%"
"10/01/2013","44.03","43.76","44.22","43.70","1.69M","0.53%"
"09/30/2013","43.80","43.92","44.09","43.64","1.95M","-0.11%"
"09/27/2013","43.85","44.56","44.63","43.58","2.44M","-1.39%"
"09/26/2013","44.47","44.84","45.40","44.27","2.49M","-0.96%"
"09/25/2013","44.90","44.62","45.09","44.29","1.88M","1.17%"
"09/24/2013","44.38","44.55","44.76","44.38","1.47M","-0.76%"
"09/23/2013","44.72","45.00","45.11","44.52","1.38M","-0.62%"
"09/20/2013","45.00","44.99","45.36","44.98","2.33M","0.00%"
"09/19/2013","45.00","45.30","45.85","44.93","1.57M","-0.29%"
"09/18/2013","45.13","44.94","45.13","44.94","841.14K","0.22%"
"09/17/2013","45.03","44.77","45.16","44.77","968.65K","0.40%"
"09/16/2013","44.85","44.57","44.91","44.57","718.54K","0.95%"
"09/13/2013","44.43","45.00","45.05","44.38","1.87M","-1.38%"
"09/12/2013","45.05","45.70","45.80","45.00","1.07M","-1.29%"
"09/11/2013","45.64","44.94","45.66","44.86","1.29M","1.54%"
"09/10/2013","44.95","45.26","45.48","44.88","1.97M","-0.64%"
"09/09/2013","45.24","45.01","45.30","44.88","835.85K","0.53%"
"09/06/2013","45.00","45.01","45.25","44.88","1.28M","0.00%"
"09/05/2013","45.00","45.15","45.33","44.90","1.27M","0.00%"
"09/04/2013","45.00","44.76","45.03","44.44","1.25M","0.51%"
"09/03/2013","44.77","44.50","44.77","44.32","1.31M","0.67%"
"09/02/2013","44.47","44.17","44.53","44.07","1.30M","0.70%"
"08/30/2013","44.16","44.16","44.40","43.98","1.93M","0.36%"
"08/29/2013","44.00","44.66","44.70","43.93","2.23M","-1.46%"
"08/28/2013","44.65","44.62","44.77","44.32","1.58M","0.04%"
"08/27/2013","44.63","44.86","45.02","44.60","2.04M","-0.53%"
"08/26/2013","44.87","44.98","45.18","44.75","488.09K","-0.20%"
"08/23/2013","44.96","45.00","45.07","44.71","3.29M","-0.09%"
"08/22/2013","45.00","44.87","45.25","44.87","1.75M","0.69%"
"08/21/2013","44.69","45.21","45.33","44.69","1.39M","-0.58%"
"08/20/2013","44.95","45.35","45.50","44.90","1.62M","-0.93%"
"08/19/2013","45.37","45.30","45.54","45.11","848.32K","0.13%"
"08/16/2013","45.31","45.40","45.64","45.22","1.24M","-0.22%"
"08/15/2013","45.41","45.91","46.07","45.32","1.41M","-1.07%"
"08/14/2013","45.90","46.64","46.64","45.36","2.42M","-1.57%"
"08/13/2013","46.63","46.04","46.64","46.02","1.73M","2.01%"
"08/12/2013","45.71","46.23","46.41","45.71","1.36M","-1.12%"
"08/09/2013","46.23","46.75","46.75","46.21","794.45K","-0.90%"
"08/08/2013","46.65","46.20","46.65","46.14","1.13M","1.44%"
"08/07/2013","45.99","45.79","46.19","45.64","1.03M","0.44%"
"08/06/2013","45.79","45.81","46.08","45.79","1.21M","-0.07%"
"08/05/2013","45.82","46.50","46.50","45.77","911.40K","-1.25%"
"08/02/2013","46.40","46.21","46.50","46.01","1.32M","1.40%"
"08/01/2013","45.76","45.63","46.14","45.22","1.69M","0.28%"
"07/31/2013","45.63","45.89","46.10","45.63","2.02M","-0.59%"
"07/30/2013","45.90","45.54","46.33","45.42","2.15M","1.68%"
"07/29/2013","45.14","45.29","45.70","44.89","1.63M","-0.31%"
"07/26/2013","45.28","45.88","46.01","45.10","1.77M","-1.33%"
"07/25/2013","45.89","46.27","46.51","45.76","1.25M","-0.80%"
"07/24/2013","46.26","46.20","46.44","45.55","2.20M","-0.52%"
"07/23/2013","46.50","46.96","47.20","46.04","1.94M","-0.96%"
"07/22/2013","46.95","47.10","47.20","46.86","2.17M","-0.32%"
"07/19/2013","47.10","46.80","47.72","46.70","3.73M","0.68%"
"07/18/2013","46.78","50.60","50.60","46.60","5.94M","-10.81%"
"07/17/2013","52.45","52.45","52.60","51.95","1.24M","0.10%"
"07/16/2013","52.40","52.15","52.60","52.00","902.21K","0.38%"
"07/15/2013","52.20","52.25","52.60","51.80","508.46K","0.00%"
"07/12/2013","52.20","52.50","52.75","51.95","811.56K","-0.48%"
"07/11/2013","52.45","51.90","52.45","51.85","1.63M","1.16%"
"07/10/2013","51.85","51.40","51.85","51.40","1.00M","0.97%"
"07/09/2013","51.35","51.45","51.75","51.30","1.13M","-0.29%"
"07/08/2013","51.50","50.95","51.50","50.90","1.27M","1.18%"
"07/05/2013","50.90","51.40","51.45","50.85","975.01K","-1.17%"
"07/04/2013","51.50","50.50","51.50","50.50","1.09M","2.28%"
"07/03/2013","50.35","50.55","50.85","50.10","1.10M","0.00%"
"07/02/2013","50.35","51.00","51.00","50.00","1.08M","-0.30%"
"07/01/2013","50.50","49.76","50.50","49.50","1.19M","1.49%"
"06/28/2013","49.76","49.96","50.30","49.74","1.37M","-0.38%"
"06/27/2013","49.95","49.27","50.25","49.27","1.42M","1.83%"
"06/26/2013","49.05","48.35","49.41","48.23","1.46M","1.07%"
"06/25/2013","48.53","48.31","48.55","47.50","1.44M","2.73%"
"06/24/2013","47.24","48.43","48.48","47.24","1.42M","-2.48%"
"06/21/2013","48.44","48.68","48.71","48.15","1.77M","-1.00%"
"06/20/2013","48.93","49.00","49.07","48.48","2.01M","-0.35%"
"06/19/2013","49.10","49.30","49.35","48.90","976.62K","0.02%"
"06/18/2013","49.09","49.35","49.50","48.97","1.97M","-0.22%"
"06/17/2013","49.20","48.80","49.45","48.72","1.39M","0.82%"
"06/14/2013","48.80","49.34","49.77","48.69","1.28M","-1.19%"
"06/13/2013","49.39","48.91","49.43","48.64","1.17M","-0.02%"
"06/12/2013","49.40","48.40","49.65","48.37","1.38M","2.70%"
"06/11/2013","48.10","49.69","49.69","48.10","1.78M","-3.04%"
"06/10/2013","49.61","49.94","50.10","49.56","930.27K","-0.42%"
"06/07/2013","49.82","49.85","50.15","49.04","1.35M","-0.24%"
"06/06/2013","49.94","49.17","50.50","49.15","1.29M","1.57%"
"06/05/2013","49.17","49.03","49.77","49.02","1.19M","-0.67%"
"06/04/2013","49.50","49.83","49.87","49.29","1.39M","0.16%"
"06/03/2013","49.42","49.42","50.05","49.07","1.17M","-0.46%"
"05/31/2013","49.65","49.95","50.20","49.33","2.42M","-1.00%"
"05/30/2013","50.15","50.45","51.00","50.05","1.42M","-1.57%"
"05/29/2013","50.95","51.25","51.25","50.30","1.04M","-0.59%"
"05/28/2013","51.25","51.25","51.65","51.10","919.37K","0.20%"
"05/27/2013","51.15","50.90","51.40","50.90","388.22K","0.49%"
"05/24/2013","50.90","51.00","51.35","50.70","1.34M","0.00%"
"05/23/2013","50.90","51.45","51.45","49.64","2.13M","-1.74%"
"05/22/2013","51.80","51.70","52.10","51.60","965.41K","-0.29%"
"05/21/2013","51.95","52.00","52.05","51.75","1.43M","0.10%"
"05/16/2013","51.90","51.50","51.90","51.45","1.46M","0.87%"
"05/15/2013","51.45","51.05","51.75","51.00","1.28M","0.98%"
"05/14/2013","50.95","51.50","51.60","50.45","1.23M","-0.39%"
"05/13/2013","51.15","51.00","51.50","50.90","1.06M","-0.10%"
"05/10/2013","51.20","51.55","51.70","50.90","2.04M","0.00%"
"05/08/2013","51.20","51.00","51.35","50.65","831.32K","0.39%"
"05/07/2013","51.00","50.60","51.20","50.60","1.12M","0.99%"
"05/06/2013","50.50","50.80","50.95","50.30","755.41K","0.60%"
"05/03/2013","50.20","49.76","50.40","49.46","1.83M","1.50%"
"05/02/2013","49.46","51.50","51.60","49.34","2.39M","-4.70%"
"04/30/2013","51.90","50.85","52.55","50.85","2.36M","1.86%"
"04/29/2013","50.95","51.00","51.10","50.50","1.20M","-0.10%"
"04/26/2013","51.00","51.45","51.50","50.75","1.29M","-0.78%"
"04/25/2013","51.40","49.86","51.80","49.86","2.16M","3.13%"
"04/24/2013","49.84","49.58","50.15","49.31","2.31M","1.20%"
"04/23/2013","49.25","49.18","49.48","48.93","1.78M","0.18%"
"04/22/2013","49.16","49.22","49.49","49.01","1.39M","-0.04%"
"04/19/2013","49.18","48.83","49.54","48.48","2.20M","-3.00%"
"04/18/2013","50.70","49.96","50.70","49.42","1.65M","2.20%"
"04/17/2013","49.61","49.98","50.50","49.55","2.45M","1.06%"
"04/16/2013","49.09","49.08","49.55","48.64","2.31M","-1.19%"
"04/15/2013","49.68","49.65","49.84","49.00","2.21M","-0.08%"
"04/12/2013","49.72","49.50","49.85","49.19","1.94M","0.89%"
"04/11/2013","49.28","49.00","49.60","48.94","1.90M","0.78%"
"04/10/2013","48.90","48.45","48.90","48.31","1.61M","1.24%"
"04/09/2013","48.30","48.16","48.43","47.95","1.34M","0.62%"
"04/08/2013","48.00","48.15","48.36","47.85","1.06M","0.10%"
"04/05/2013","47.95","48.30","48.30","47.77","2.13M","-0.72%"
"04/04/2013","48.30","48.41","48.41","48.19","1.78M","-0.21%"
"04/03/2013","48.40","48.20","48.50","48.05","2.16M","0.83%"
"04/02/2013","48.00","47.88","48.23","47.54","3.16M","2.78%"
"03/27/2013","46.70","47.64","47.64","46.56","927.34K","-1.60%"
"03/26/2013","47.46","47.52","47.68","47.32","1.28M","0.13%"
"03/25/2013","47.40","48.00","48.00","47.40","1.40M","-0.42%"
"03/22/2013","47.60","47.99","48.23","47.50","1.88M","-0.81%"
"03/21/2013","47.99","48.30","48.38","47.81","1.56M","0.02%"
"03/20/2013","47.98","47.80","48.14","47.80","1.54M","0.40%"
"03/19/2013","47.79","48.29","48.46","47.78","1.40M","-0.54%"
"03/18/2013","48.05","47.68","48.05","47.29","1.48M","0.15%"
"03/15/2013","47.98","47.50","48.19","47.44","3.74M","1.07%"
"03/14/2013","47.47","46.95","47.55","46.89","2.67M","1.47%"
"03/13/2013","46.78","47.00","47.00","46.66","1.70M","-0.26%"
"03/12/2013","46.90","46.79","47.05","46.73","2.10M","0.02%"
"03/11/2013","46.89","47.03","47.04","46.80","1.09M","0.21%"
"03/08/2013","46.79","47.10","47.10","46.71","1.19M","0.00%"
"03/07/2013","46.79","47.25","47.27","46.71","1.23M","-0.99%"
"03/06/2013","47.26","47.75","47.75","47.26","906.11K","-0.61%"
"03/05/2013","47.55","47.60","47.78","47.10","1.62M","1.17%"
"03/04/2013","47.00","46.90","47.29","46.82","990.55K","-0.02%"
"03/01/2013","47.01","47.02","47.22","46.88","1.21M","0.04%"
"02/28/2013","46.99","47.55","47.59","46.99","2.33M","-0.57%"
"02/27/2013","47.26","47.33","47.57","47.01","1.01M","-0.51%"
"02/26/2013","47.50","47.10","47.59","47.10","1.42M","-0.65%"
"02/25/2013","47.81","48.28","48.36","47.81","928.01K","0.19%"
"02/22/2013","47.72","47.66","48.20","47.50","1.81M","0.55%"
"02/21/2013","47.46","48.14","48.23","47.45","1.47M","-1.86%"
"02/20/2013","48.36","47.96","48.47","47.90","1.44M","0.83%"
"02/19/2013","47.96","47.29","48.00","47.29","1.16M","1.46%"
"02/18/2013","47.27","47.00","47.58","46.99","945.51K","0.15%"
"02/15/2013","47.20","47.10","47.26","46.90","1.25M","0.45%"
"02/14/2013","46.99","47.80","47.85","46.99","1.07M","-1.49%"
"02/13/2013","47.70","47.07","47.70","47.01","1.50M","1.79%"
"02/12/2013","46.86","46.85","46.91","46.60","1.67M","0.43%"
"02/11/2013","46.66","46.50","46.81","46.45","1.05M","-0.41%"
"02/08/2013","46.85","47.30","47.55","46.47","1.87M","-1.58%"
"02/07/2013","47.60","48.90","48.90","47.43","1.64M","-0.50%"
"02/06/2013","47.84","48.23","48.62","47.84","1.86M","-0.54%"
"02/05/2013","48.10","48.07","48.29","47.84","2.07M","-0.27%"
"02/04/2013","48.23","48.75","48.75","48.11","1.01M","-1.07%"
"02/01/2013","48.75","48.20","48.75","48.20","882.91K","1.14%"
"01/31/2013","48.20","48.69","48.69","48.20","3.07M","-1.01%"
"01/30/2013","48.69","48.70","48.82","48.35","953.85K","-0.02%"
"01/29/2013","48.70","48.35","48.70","48.21","1.05M","0.97%"
"01/28/2013","48.23","48.44","48.93","48.23","1.36M","-0.39%"
"01/25/2013","48.42","47.99","48.45","47.90","2.54M","0.87%"
"01/24/2013","48.00","47.83","48.02","47.80","2.42M","0.33%"
"01/23/2013","47.84","48.03","48.39","47.80","1.91M","-0.89%"
"01/22/2013","48.27","48.13","48.35","48.02","1.56M","-0.04%"
"01/21/2013","48.29","48.47","48.50","48.04","684.56K","-0.14%"
"01/18/2013","48.36","48.50","48.55","48.18","1.33M","-0.41%"
"01/17/2013","48.56","48.49","48.56","48.07","1.38M","0.12%"
"01/16/2013","48.50","48.88","48.88","48.30","2.13M","-0.59%"
"01/15/2013","48.79","48.75","49.06","48.29","3.68M","-0.53%"
"01/14/2013","49.05","48.65","49.05","48.55","2.06M","0.82%"
"01/11/2013","48.65","48.60","48.78","48.53","2.26M","0.10%"
"01/10/2013","48.60","49.26","49.26","48.53","2.25M","-0.82%"
"01/09/2013","49.00","49.20","49.50","48.80","1.42M","-0.31%"
"01/08/2013","49.15","48.76","49.25","48.76","1.54M","0.20%"
"01/07/2013","49.05","49.50","49.70","48.92","914.66K","-0.89%"
"01/04/2013","49.49","49.72","49.72","49.06","1.06M","-0.06%"
"01/03/2013","49.52","49.70","49.98","49.20","969.76K","-0.32%"
"01/02/2013","49.68","49.00","49.68","49.00","1.76M","2.43%"
"12/28/2012","48.50","49.05","49.27","48.21","1.04M","-1.32%"
"12/27/2012","49.15","49.00","49.23","48.94","774.50K","0.35%"
"12/21/2012","48.98","47.82","49.00","47.82","1.89M","1.07%"
"12/20/2012","48.46","48.07","48.54","47.92","2.16M","0.75%"
"12/19/2012","48.10","48.00","48.39","47.79","1.40M","0.21%"
"12/18/2012","48.00","47.62","48.00","47.55","2.50M","1.37%"
"12/17/2012","47.35","47.79","47.80","47.22","1.07M","-0.63%"
"12/14/2012","47.65","47.80","47.85","47.48","1.65M","0.74%"
"12/13/2012","47.30","47.75","47.75","47.25","1.94M","-1.19%"
"12/12/2012","47.87","47.75","47.99","47.50","1.57M","0.27%"
"12/11/2012","47.74","46.99","47.74","46.90","1.69M","1.68%"
"12/10/2012","46.95","46.99","46.99","46.62","798.48K","0.47%"
"12/07/2012","46.73","46.70","46.90","46.46","1.24M","0.78%"
"12/06/2012","46.37","46.23","46.68","46.12","1.33M","0.30%"
"12/05/2012","46.23","46.05","46.24","45.77","1.15M","0.57%"
"12/04/2012","45.97","45.80","46.13","45.75","1.05M","-0.20%"
"12/03/2012","46.06","46.00","46.15","45.84","835.24K","-0.09%"
"11/30/2012","46.10","46.48","46.48","45.81","1.83M","-0.43%"
"11/29/2012","46.30","45.79","46.36","45.60","1.42M","1.87%"
"11/28/2012","45.45","45.56","45.85","45.45","1.31M","-0.66%"
"11/27/2012","45.75","45.74","46.07","45.74","1.05M","-0.17%"
"11/26/2012","45.83","46.03","46.28","45.83","1.29M","-0.84%"
"11/23/2012","46.22","46.11","46.33","46.00","741.96K","-0.04%"
"11/22/2012","46.24","45.26","46.24","45.26","807.95K","1.03%"
"11/21/2012","45.77","46.00","46.16","45.57","1.09M","-1.12%"
"11/20/2012","46.29","45.86","46.29","45.55","2.27M","0.87%"
"11/19/2012","45.89","45.16","45.95","45.01","1.18M","1.32%"
"11/16/2012","45.29","45.57","45.57","45.03","952.13K","0.27%"
"11/15/2012","45.17","45.30","45.30","44.95","1.77M","-0.73%"
"11/14/2012","45.50","45.35","45.64","45.26","855.41K","0.13%"
"11/13/2012","45.44","45.37","45.57","45.22","1.02M","-0.50%"
"11/12/2012","45.67","45.55","45.75","45.42","1.02M","-0.17%"
"11/09/2012","45.75","45.37","45.75","45.34","1.67M","0.66%"
"11/08/2012","45.45","45.61","45.90","45.44","1.43M","-0.42%"
"11/07/2012","45.64","45.95","45.99","45.58","1.75M","-0.67%"
"11/06/2012","45.95","45.75","45.99","45.50","1.16M","0.44%"
"11/05/2012","45.75","45.85","45.94","45.48","1.38M","-0.76%"
"11/02/2012","46.10","45.79","46.19","45.60","2.07M","0.55%"
"11/01/2012","45.85","45.11","45.98","44.86","2.17M","1.66%"
"10/31/2012","45.10","45.31","46.48","44.80","6.31M","0.31%"
"10/30/2012","44.96","45.05","45.19","44.84","736.93K","-0.20%"
"10/29/2012","45.05","45.03","45.43","44.87","1.04M","-0.55%"
"10/26/2012","45.30","45.08","45.54","44.89","1.50M","-0.24%"
"10/25/2012","45.41","45.31","45.56","45.24","1.68M","0.80%"
"10/24/2012","45.05","45.20","45.35","44.84","1.77M","0.04%"
"10/23/2012","45.03","46.30","46.30","45.00","1.67M","-2.64%"
"10/22/2012","46.25","46.59","46.64","46.21","886.09K","-0.32%"
"10/19/2012","46.40","46.88","46.92","46.27","1.11M","-0.90%"
"10/18/2012","46.82","47.00","47.26","46.82","1.65M","-0.36%"
"10/17/2012","46.99","47.00","47.00","46.59","1.83M","0.30%"
"10/16/2012","46.85","47.09","47.50","46.65","2.43M","0.21%"
"10/15/2012","46.75","46.10","47.94","45.95","6.70M","3.41%"
"10/12/2012","45.21","45.09","45.36","44.98","1.36M","0.00%"
"10/11/2012","45.21","45.00","45.36","44.94","1.68M","0.56%"
"10/10/2012","44.96","45.11","45.22","44.81","1.35M","-0.33%"
"10/09/2012","45.11","45.00","45.37","44.75","2.13M","0.45%"
"10/08/2012","44.91","45.30","45.46","44.85","1.20M","-0.42%"
"10/05/2012","45.10","44.82","45.10","44.50","2.68M","1.49%"
"10/04/2012","44.44","44.50","44.79","44.24","2.33M","0.45%"
"10/03/2012","44.24","44.09","44.24","43.75","1.81M","0.73%"
"10/02/2012","43.92","44.38","44.38","43.82","1.49M","-0.30%"
"10/01/2012","44.05","43.69","44.20","43.52","1.72M","1.24%"
"09/28/2012","43.51","43.79","44.20","43.51","1.93M","-1.58%"
"09/27/2012","44.21","44.84","44.84","43.90","1.43M","0.00%"
"09/26/2012","44.21","44.50","44.60","44.10","1.43M","-1.07%"
"09/25/2012","44.69","44.91","44.99","44.46","1.54M","-0.20%"
"09/24/2012","44.78","44.77","45.10","44.44","1.35M","-0.31%"
"09/21/2012","44.92","44.75","45.19","44.61","2.66M","1.13%"
"09/20/2012","44.42","44.40","44.83","44.31","1.93M","-0.36%"
"09/19/2012","44.58","44.95","44.95","44.32","1.68M","-0.49%"
"09/18/2012","44.80","44.26","44.80","44.20","1.85M","1.08%"
"09/17/2012","44.32","44.10","44.45","44.10","1.33M","-0.18%"
"09/14/2012","44.40","44.00","44.40","43.44","2.61M","2.16%"
"09/13/2012","43.46","43.10","43.47","43.07","983.52K","0.28%"
"09/12/2012","43.34","43.25","43.46","43.12","1.16M","0.32%"
"09/11/2012","43.20","43.36","43.42","43.07","902.58K","-0.37%"
"09/10/2012","43.36","43.89","43.89","43.28","869.83K","-0.50%"
"09/07/2012","43.58","42.92","43.58","42.92","1.75M","1.54%"
"09/06/2012","42.92","42.45","42.99","42.43","1.99M","1.23%"
"09/05/2012","42.40","42.65","42.68","42.21","1.62M","-0.09%"
"09/04/2012","42.44","43.32","43.35","42.43","1.39M","-1.96%"
"09/03/2012","43.29","42.80","43.29","42.68","1.11M","1.10%"
"08/31/2012","42.82","43.05","43.06","42.66","1.49M","-0.07%"
"08/30/2012","42.85","43.13","43.25","42.85","1.67M","-0.40%"
"08/29/2012","43.02","42.75","43.12","42.60","1.87M","0.63%"
"08/28/2012","42.75","43.10","43.19","42.69","1.38M","-0.81%"
"08/27/2012","43.10","43.00","43.16","42.81","581.23K","0.47%"
"08/24/2012","42.90","43.20","43.20","42.71","887.07K","-0.23%"
"08/23/2012","43.00","42.86","43.37","42.86","1.80M","0.47%"
"08/22/2012","42.80","43.00","43.03","42.75","1.89M","-0.70%"
"08/21/2012","43.10","42.96","43.17","42.84","2.73M","0.70%"
"08/20/2012","42.80","42.73","43.88","42.25","3.04M","-0.49%"
"08/17/2012","43.01","42.09","43.13","42.04","2.04M","2.53%"
"08/16/2012","41.95","41.93","42.14","41.68","1.86M","0.05%"
"08/15/2012","41.93","42.00","42.02","41.54","845.65K","0.07%"
"08/14/2012","41.90","42.32","42.32","41.63","816.96K","-0.12%"
"08/13/2012","41.95","42.34","42.45","41.85","798.72K","-0.45%"
"08/10/2012","42.14","42.77","42.77","41.91","1.17M","-1.43%"
"08/09/2012","42.75","43.04","43.10","42.45","1.53M","0.40%"
"08/08/2012","42.58","43.00","43.26","42.58","1.44M","-1.34%"
"08/07/2012","43.16","43.30","43.52","43.00","1.82M","-0.53%"
"08/06/2012","43.39","42.85","43.48","42.53","1.11M","1.74%"
"08/03/2012","42.65","42.07","42.84","42.07","1.26M","1.55%"
"08/02/2012","42.00","42.94","42.98","42.00","1.76M","-1.66%"
"08/01/2012","42.71","43.00","43.18","42.69","780.22K","-1.00%"
"07/31/2012","43.14","43.20","43.20","42.76","1.40M","-0.14%"
"07/30/2012","43.20","43.18","43.36","42.64","1.28M","0.61%"
"07/27/2012","42.94","42.99","43.00","42.18","1.18M","0.73%"
"07/26/2012","42.63","41.71","42.76","41.41","1.89M","2.60%"
"07/25/2012","41.55","41.40","41.92","41.27","2.26M","0.36%"
"07/24/2012","41.40","41.12","41.49","41.06","1.69M","0.78%"
"07/23/2012","41.08","41.50","41.66","41.02","3.87M","-1.72%"
"07/20/2012","41.80","42.13","42.13","41.63","4.43M","-3.78%"
"07/19/2012","43.44","42.51","43.70","42.40","1.87M","1.02%"
"07/18/2012","43.00","43.00","43.07","42.70","1.28M","0.47%"
"07/17/2012","42.80","42.83","43.11","42.63","1.22M","-0.37%"
"07/16/2012","42.96","42.90","43.07","42.73","876.93K","-0.16%"
"07/13/2012","43.03","42.88","43.11","42.68","1.40M","1.10%"
"07/12/2012","42.56","42.85","42.98","42.41","1.06M","-0.70%"
"07/11/2012","42.86","43.17","43.40","42.70","1.37M","-1.08%"
"07/10/2012","43.33","42.58","43.47","42.58","1.24M","0.88%"
"07/09/2012","42.95","43.03","43.15","42.55","2.12M","-0.05%"
"07/06/2012","42.97","43.27","43.45","42.97","1.29M","-0.53%"
"07/05/2012","43.20","43.31","43.45","42.80","1.35M","-0.23%"
"07/04/2012","43.30","43.44","43.44","42.85","2.10M","-0.32%"
"07/03/2012","43.44","43.38","43.44","42.85","1.81M","0.72%"
"07/02/2012","43.13","43.60","43.60","42.82","1.70M","0.16%"
"06/29/2012","43.06","42.10","43.06","42.10","1.97M","2.92%"
"06/28/2012","41.84","42.00","42.10","41.53","2.17M","0.22%"
"06/27/2012","41.75","41.35","41.75","41.12","4.13M","1.09%"
"06/26/2012","41.30","41.70","41.71","41.18","2.64M","-0.46%"
"06/25/2012","41.49","41.91","42.82","41.33","2.97M","-1.14%"
"06/22/2012","41.97","41.68","42.49","41.68","1.94M","-0.80%"
"06/21/2012","42.31","42.47","42.47","41.89","2.64M","-0.56%"
"06/20/2012","42.55","42.50","42.60","42.11","1.84M","0.07%"
"06/19/2012","42.52","42.00","42.52","41.73","1.69M","1.36%"
"06/18/2012","41.95","41.84","42.15","41.45","2.13M","0.84%"
"06/15/2012","41.60","41.25","41.61","41.15","4.87M","1.00%"
"06/14/2012","41.19","41.44","41.44","40.69","2.50M","-0.07%"
"06/13/2012","41.22","41.68","42.08","41.08","2.30M","-1.43%"
"06/12/2012","41.82","41.19","41.82","41.19","2.00M","1.28%"
"06/11/2012","41.29","42.00","42.48","41.29","2.35M","-0.51%"
"06/08/2012","41.50","41.40","41.65","41.02","2.38M","-0.07%"
"06/07/2012","41.53","41.08","41.87","41.08","2.56M","1.02%"
"06/06/2012","41.11","40.50","41.27","40.47","3.06M","1.96%"
"06/05/2012","40.32","40.15","40.54","40.06","1.30M","0.60%"
"06/04/2012","40.08","40.00","40.28","39.61","2.12M","-0.55%"
"06/01/2012","40.30","41.50","41.50","40.00","2.45M","-2.54%"
"05/31/2012","41.35","41.80","41.80","41.15","2.93M","-0.31%"
"05/30/2012","41.48","41.60","41.70","41.26","3.02M","-0.26%"
"05/29/2012","41.59","41.37","41.76","41.16","2.40M","0.82%"
"05/25/2012","41.25","41.00","41.33","40.81","1.31M","0.61%"
"05/24/2012","41.00","40.81","41.10","40.60","2.12M","0.29%"
"05/23/2012","40.88","41.42","41.54","40.73","3.18M","-1.90%"
"05/22/2012","41.67","41.22","41.67","40.99","2.67M","1.68%"
"05/21/2012","40.98","40.31","41.06","40.31","1.92M","1.16%"
"05/18/2012","40.51","40.00","40.83","39.66","3.38M","0.10%"
"05/16/2012","40.47","40.31","40.56","39.95","2.14M","0.15%"
"05/15/2012","40.41","40.43","40.51","40.10","1.81M","0.70%"
"05/14/2012","40.13","40.63","40.69","39.92","2.02M","-1.69%"
"05/11/2012","40.82","40.38","40.82","40.09","1.94M","0.99%"
"05/10/2012","40.42","40.23","40.42","39.62","3.76M","1.40%"
"05/09/2012","39.86","40.00","40.16","39.21","3.00M","0.35%"
"05/08/2012","39.72","40.60","40.69","39.71","3.48M","-2.12%"
"05/07/2012","40.58","40.50","40.73","40.04","2.20M","0.69%"
"05/04/2012","40.30","41.29","41.30","40.13","2.77M","-1.95%"
"05/03/2012","41.10","41.38","41.50","40.83","3.27M","-0.36%"
"05/02/2012","41.25","42.65","42.65","41.25","7.81M","-1.88%"
"04/30/2012","42.04","42.00","42.29","41.91","2.30M","-0.24%"
"04/27/2012","42.14","42.16","42.29","41.87","3.18M","-0.05%"
"04/26/2012","42.16","42.00","42.25","41.78","1.61M","0.72%"
"04/25/2012","41.86","42.08","42.33","41.77","1.81M","0.02%"
"04/24/2012","41.85","41.51","41.85","41.40","7.13M","1.31%"
"04/23/2012","41.31","41.82","41.82","40.99","2.57M","-1.22%"
"04/20/2012","41.82","42.40","42.51","41.50","2.42M","-6.36%"
"04/19/2012","44.66","44.00","45.15","44.00","2.81M","1.25%"
"04/18/2012","44.11","45.04","45.26","44.05","2.20M","-1.72%"
"04/17/2012","44.88","42.80","45.00","42.80","4.63M","4.06%"
"04/16/2012","43.13","42.98","43.28","42.80","2.36M","0.35%"
"04/13/2012","42.98","43.36","43.40","42.88","3.38M","-0.67%"
"04/12/2012","43.27","43.10","43.37","42.78","2.78M","0.98%"
"04/11/2012","42.85","42.75","42.99","42.49","3.90M","0.23%"
"04/10/2012","42.75","43.12","43.58","42.75","4.47M","-1.97%"
"04/04/2012","43.61","44.58","44.70","43.52","1.18M","-2.44%"
"04/03/2012","44.70","45.12","45.14","44.70","1.51M","-0.73%"
"04/02/2012","45.03","45.02","45.19","44.67","1.89M","-0.07%"
"03/30/2012","45.06","45.00","45.34","44.69","2.77M","0.13%"
"03/29/2012","45.00","45.21","45.50","44.79","2.41M","-1.21%"
"03/28/2012","45.55","45.70","45.99","45.27","1.73M","0.11%"
"03/27/2012","45.50","45.67","46.00","45.50","1.50M","-0.42%"
"03/26/2012","45.69","45.73","45.83","45.41","1.83M","0.42%"
"03/23/2012","45.50","45.07","45.52","45.01","1.72M","1.00%"
"03/22/2012","45.05","45.50","45.50","44.89","2.22M","-0.97%"
"03/21/2012","45.49","45.95","45.95","45.30","1.70M","-0.24%"
"03/20/2012","45.60","46.40","46.40","45.50","1.79M","-1.49%"
"03/19/2012","46.29","46.00","46.31","45.80","1.69M","0.63%"
"03/16/2012","46.00","46.19","46.31","45.92","2.35M","-0.63%"
"03/15/2012","46.29","46.10","46.47","46.08","2.72M","0.54%"
"03/14/2012","46.04","46.40","46.44","46.03","2.80M","-0.15%"
"03/13/2012","46.11","45.60","46.29","45.60","1.54M","1.10%"
"03/12/2012","45.61","45.30","45.92","45.30","1.21M","0.02%"
"03/09/2012","45.60","45.16","45.92","45.16","1.86M","0.42%"
"03/08/2012","45.41","44.83","45.63","44.83","1.80M","1.54%"
"03/07/2012","44.72","44.70","45.10","44.55","1.64M","0.00%"
"03/06/2012","44.72","46.02","46.10","44.70","3.15M","-2.78%"
"03/05/2012","46.00","46.14","46.20","45.60","1.53M","-0.33%"
"03/02/2012","46.15","46.35","46.42","45.92","1.25M","-0.60%"
"03/01/2012","46.43","46.05","46.53","45.95","1.59M","-0.11%"
"02/29/2012","46.48","46.29","46.60","46.23","2.06M","0.54%"
"02/28/2012","46.23","46.32","46.42","45.72","2.32M","-0.17%"
"02/27/2012","46.31","46.50","46.56","46.13","1.94M","-0.79%"
"02/24/2012","46.68","46.75","46.88","46.33","1.96M","-0.04%"
"02/23/2012","46.70","46.70","46.89","46.56","1.95M","0.00%"
"02/22/2012","46.70","46.44","46.70","46.10","2.84M","0.99%"
"02/21/2012","46.24","46.77","46.77","46.07","1.82M","-0.45%"
"02/20/2012","46.45","46.90","46.99","46.40","2.18M","-0.04%"
"02/17/2012","46.47","46.30","46.83","46.18","2.48M","0.87%"
"02/16/2012","46.07","45.53","46.13","45.42","2.13M","0.59%"
"02/15/2012","45.80","45.53","45.90","45.03","2.78M","1.44%"
"02/14/2012","45.15","44.73","45.40","44.73","3.30M","0.80%"
"02/13/2012","44.79","45.41","45.60","44.78","3.57M","-1.43%"
"02/10/2012","45.44","45.24","45.69","45.13","3.06M","-0.13%"
"02/09/2012","45.50","46.50","46.50","44.40","8.08M","-4.31%"
"02/08/2012","47.55","47.77","48.25","47.50","2.32M","-1.06%"
"02/07/2012","48.06","48.84","48.84","47.34","2.12M","-0.35%"
"02/06/2012","48.23","48.50","48.54","48.07","1.55M","-0.56%"
"02/03/2012","48.50","48.09","48.50","47.74","2.33M","1.40%"
"02/02/2012","47.83","48.50","48.50","47.65","1.88M","-1.22%"
"02/01/2012","48.42","47.75","48.50","47.75","2.23M","1.83%"
"01/31/2012","47.55","47.10","47.70","46.89","3.06M","1.65%"
"01/30/2012","46.78","46.72","46.97","46.55","988.76K","-0.04%"
"01/27/2012","46.80","46.80","47.28","46.74","1.21M","-0.89%"
"01/26/2012","47.22","46.55","47.22","46.29","1.75M","2.12%"
"01/25/2012","46.24","46.00","46.43","45.97","1.39M","0.54%"
"01/24/2012","45.99","46.00","46.17","45.70","1.24M","-0.67%"
"01/23/2012","46.30","46.24","46.65","46.11","1.34M","0.13%"
"01/20/2012","46.24","46.49","46.50","46.12","2.26M","-0.30%"
"01/19/2012","46.38","45.78","46.60","45.76","2.91M","1.58%"
"01/18/2012","45.66","45.00","45.66","44.74","1.84M","1.58%"
"01/17/2012","44.95","44.52","45.14","44.52","2.11M","0.33%"
"01/16/2012","44.80","44.00","44.80","43.36","1.63M","1.54%"
"01/13/2012","44.12","45.01","45.21","44.12","1.78M","-1.76%"
"01/12/2012","44.91","44.49","45.00","44.49","1.88M","0.97%"
"01/11/2012","44.48","44.50","44.69","44.21","1.92M","-0.25%"
"01/10/2012","44.59","44.20","44.62","44.16","1.94M","1.04%"
"01/09/2012","44.13","44.62","44.65","44.11","1.75M","-1.12%"
"01/06/2012","44.63","44.95","44.99","44.34","1.08M","-0.16%"
"01/05/2012","44.70","44.26","44.90","44.26","1.42M","0.99%"
"01/04/2012","44.26","44.98","45.09","44.26","1.75M","-1.62%"
"01/03/2012","44.99","45.00","45.00","44.66","1.59M","0.20%"
"01/02/2012","44.90","44.65","44.90","44.37","793.18K","0.56%"
"12/30/2011","44.65","44.09","44.66","44.06","753.41K","1.25%"
"12/29/2011","44.10","43.90","44.29","43.76","970.38K","0.46%"
"12/28/2011","43.90","44.44","44.56","43.90","967.97K","-1.15%"
"12/27/2011","44.41","44.00","44.47","44.00","633.83K","1.05%"
"12/23/2011","43.95","43.13","43.95","43.13","1.15M","2.09%"
"12/22/2011","43.05","42.78","43.25","42.78","1.40M","0.82%"
"12/21/2011","42.70","43.67","43.93","42.62","1.85M","-2.22%"
"12/20/2011","43.67","42.00","43.67","41.90","2.21M","3.80%"
"12/19/2011","42.07","41.97","42.46","41.82","1.74M","-0.09%"
"12/16/2011","42.11","42.78","42.78","41.91","2.30M","0.48%"
"12/15/2011","41.91","41.75","42.08","41.50","3.40M","0.38%"
"12/14/2011","41.75","42.48","42.48","41.65","3.86M","-1.02%"
"12/13/2011","42.18","42.00","42.42","41.72","2.76M","0.43%"
"12/12/2011","42.00","42.72","42.89","42.00","1.76M","-1.41%"
"12/09/2011","42.60","42.40","42.82","41.67","3.30M","-0.12%"
"12/08/2011","42.65","43.51","43.94","42.57","2.66M","-1.39%"
"12/07/2011","43.25","44.40","44.56","43.18","3.50M","-1.39%"
"12/06/2011","43.86","44.00","44.67","43.84","1.83M","-1.44%"
"12/05/2011","44.50","44.20","44.67","44.00","1.76M","1.30%"
"12/02/2011","43.93","43.89","44.12","43.58","2.06M","0.37%"
"12/01/2011","43.77","44.46","44.46","43.46","2.33M","-0.43%"
"11/30/2011","43.96","41.10","44.11","41.06","5.37M","5.44%"
"11/29/2011","41.69","41.32","41.84","40.98","2.40M","0.82%"
"11/28/2011","41.35","40.74","41.44","40.37","2.74M","2.76%"
"11/25/2011","40.24","39.69","40.33","39.10","2.00M","1.67%"
"11/24/2011","39.58","39.80","40.13","39.39","2.09M","0.61%"
"11/23/2011","39.34","40.00","40.70","39.34","4.70M","-2.86%"
"11/22/2011","40.50","40.62","40.98","40.45","1.89M","-0.02%"
"11/21/2011","40.51","41.00","41.00","40.48","3.86M","-1.20%"
"11/18/2011","41.00","40.87","41.16","40.68","2.86M","0.49%"
"11/17/2011","40.80","41.81","41.98","40.80","3.76M","-2.28%"
"11/16/2011","41.75","41.98","42.63","41.69","1.95M","-0.83%"
"11/15/2011","42.10","42.50","42.50","41.75","1.74M","-0.73%"
"11/14/2011","42.41","42.75","42.85","42.12","1.93M","-0.49%"
"11/11/2011","42.62","41.47","42.62","41.14","2.26M","4.08%"
"11/10/2011","40.95","40.58","41.78","40.50","3.80M","-1.56%"
"11/09/2011","41.60","43.28","43.39","41.10","5.34M","-2.69%"
"11/08/2011","42.75","43.69","43.69","42.75","3.84M","-1.93%"
"11/07/2011","43.59","43.49","44.00","42.70","3.70M","0.21%"
"11/04/2011","43.50","44.77","44.82","42.55","4.65M","-11.76%"
"11/03/2011","49.30","47.60","49.44","47.60","4.10M","2.09%"
"11/02/2011","48.29","48.05","48.60","47.57","2.61M","0.29%"
"11/01/2011","48.15","47.74","48.41","46.90","4.09M","-0.72%"
"10/31/2011","48.50","48.60","48.98","48.41","2.94M","-0.57%"
"10/28/2011","48.78","49.25","49.25","48.22","2.55M","0.16%"
"10/27/2011","48.70","49.55","49.76","47.53","7.72M","-1.40%"
"10/26/2011","49.39","49.65","50.15","49.14","3.82M","-0.78%"
"10/25/2011","49.78","50.00","50.20","49.25","3.16M","-0.64%"
"10/24/2011","50.10","49.85","50.10","49.40","2.72M","0.95%"
"10/21/2011","49.63","49.10","49.65","48.68","2.85M","2.10%"
"10/20/2011","48.61","47.90","49.08","47.45","3.83M","0.89%"
"10/19/2011","48.18","48.20","48.86","48.00","3.10M","0.17%"
"10/18/2011","48.10","47.76","48.36","47.50","2.94M","0.63%"
"10/17/2011","47.80","47.95","48.62","47.32","3.37M","0.00%"
"10/14/2011","47.80","47.15","47.88","46.88","2.47M","2.44%"
"10/13/2011","46.66","47.30","47.38","46.52","2.20M","-1.06%"
"10/12/2011","47.16","45.75","47.32","45.67","2.95M","2.63%"
"10/11/2011","45.95","46.10","46.30","45.60","2.22M","-0.56%"
"10/10/2011","46.21","45.75","46.39","45.35","2.61M","2.19%"
"10/07/2011","45.22","46.09","46.09","45.00","2.37M","-0.70%"
"10/06/2011","45.54","43.62","45.62","43.62","3.69M","4.02%"
"10/05/2011","43.78","43.34","43.82","42.83","4.21M","2.29%"
"10/04/2011","42.80","43.61","43.89","42.56","5.62M","-2.01%"
"10/03/2011","43.68","44.37","44.97","43.58","3.81M","-3.04%"
"09/30/2011","45.05","45.20","45.34","44.12","4.47M","-0.44%"
"09/29/2011","45.25","45.20","46.19","45.18","2.76M","-1.01%"
"09/28/2011","45.71","45.70","46.38","45.23","2.77M","-0.31%"
"09/27/2011","45.85","46.34","46.34","45.50","3.36M","2.25%"
"09/26/2011","44.84","44.02","45.37","44.02","3.50M","-0.58%"
"09/23/2011","45.10","46.20","46.49","44.15","2.82M","-1.12%"
"09/22/2011","45.61","46.15","46.23","45.20","4.23M","-3.47%"
"09/21/2011","47.25","47.88","47.94","46.96","2.42M","-0.65%"
"09/20/2011","47.56","46.50","47.56","46.50","3.23M","2.35%"
"09/19/2011","46.47","46.50","46.95","46.18","3.34M","-1.27%"
"09/16/2011","47.07","48.30","48.43","47.07","5.69M","-1.49%"
"09/15/2011","47.78","46.52","49.15","46.50","10.40M","3.42%"
"09/14/2011","46.20","42.60","46.77","42.60","10.55M","10.55%"
"09/13/2011","41.79","42.20","42.39","41.25","3.20M","-0.07%"
"09/12/2011","41.82","42.45","42.50","41.73","2.88M","-1.95%"
"09/09/2011","42.65","43.43","43.67","42.62","2.13M","-2.47%"
"09/08/2011","43.73","43.30","43.85","43.05","2.61M","1.06%"
"09/07/2011","43.27","42.71","43.29","42.40","2.58M","3.27%"
"09/06/2011","41.90","41.95","42.71","41.64","3.48M","-0.12%"
"09/05/2011","41.95","43.54","43.54","41.95","2.42M","-4.29%"
"09/02/2011","43.83","44.63","44.65","43.63","2.21M","-2.40%"
"09/01/2011","44.91","45.26","45.26","44.03","2.97M","0.22%"
"08/31/2011","44.81","44.28","44.95","43.89","4.02M","1.15%"
"08/30/2011","44.30","45.20","45.33","43.70","2.32M","-0.94%"
"08/29/2011","44.72","44.50","44.94","44.34","1.42M","1.59%"
"08/26/2011","44.02","43.68","44.07","42.74","1.72M","0.20%"
"08/25/2011","43.93","44.80","45.01","43.74","2.19M","-1.06%"
"08/24/2011","44.40","43.43","44.64","43.19","3.30M","2.71%"
"08/23/2011","43.23","43.32","44.38","43.23","3.54M","0.49%"
"08/22/2011","43.02","42.07","43.67","41.84","2.76M","1.34%"
"08/19/2011","42.45","42.92","43.28","41.30","3.55M","-1.05%"
"08/18/2011","42.90","44.90","44.90","42.83","3.65M","-4.88%"
"08/17/2011","45.10","44.73","45.35","44.15","2.77M","0.49%"
"08/16/2011","44.88","45.56","45.56","44.40","3.16M","-1.69%"
"08/15/2011","45.65","45.90","45.93","44.83","2.22M","1.20%"
"08/12/2011","45.11","43.74","45.11","42.59","3.15M","3.89%"
"08/11/2011","43.42","43.53","43.93","42.01","4.13M","1.95%"
"08/10/2011","42.59","44.09","44.87","42.10","4.07M","-0.51%"
"08/09/2011","42.81","42.00","43.11","40.60","6.01M","1.04%"
"08/08/2011","42.37","44.00","45.09","42.25","5.65M","-5.11%"
"08/05/2011","44.65","43.50","46.15","43.30","6.57M","-0.42%"
"08/04/2011","44.84","48.99","49.10","44.81","4.92M","-6.58%"
"08/03/2011","48.00","48.60","49.02","47.80","3.39M","-2.22%"
"08/02/2011","49.09","49.40","49.95","48.85","4.03M","-1.82%"
"08/01/2011","50.00","51.60","51.60","50.00","2.28M","-1.38%"
"07/29/2011","50.70","51.35","51.40","50.55","1.92M","-1.93%"
"07/28/2011","51.70","50.25","51.70","50.25","1.66M","1.77%"
"07/27/2011","50.80","51.50","51.75","50.80","1.54M","-1.93%"
"07/26/2011","51.80","51.70","51.80","51.05","1.84M","1.47%"
"07/25/2011","51.05","51.00","51.70","50.90","1.42M","-0.39%"
"07/22/2011","51.25","51.05","51.70","50.90","1.38M","0.89%"
"07/21/2011","50.80","50.85","50.85","49.99","2.27M","1.20%"
"07/20/2011","50.20","49.41","51.20","49.16","3.05M","2.12%"
"07/19/2011","49.16","48.50","49.36","48.45","2.65M","1.42%"
"07/18/2011","48.47","49.00","49.10","48.47","1.53M","-1.42%"
"07/15/2011","49.17","48.98","49.26","48.59","1.33M","-0.55%"
"07/14/2011","49.44","50.15","50.25","49.35","1.39M","-1.22%"
"07/13/2011","50.05","48.50","50.45","48.46","2.69M","2.39%"
"07/12/2011","48.88","49.00","49.36","48.20","2.79M","-1.69%"
"07/11/2011","49.72","50.10","50.40","49.63","2.08M","-1.25%"
"07/08/2011","50.35","51.60","51.75","50.10","2.59M","-2.61%"
"07/07/2011","51.70","51.60","51.85","51.10","2.19M","0.19%"
"07/06/2011","51.60","51.85","51.85","51.20","1.84M","-0.48%"
"07/05/2011","51.85","51.00","51.85","50.65","2.34M","0.48%"
"07/04/2011","51.60","51.35","51.70","51.00","1.35M","0.29%"
"07/01/2011","51.45","51.40","51.70","50.60","2.60M","0.29%"
"06/30/2011","51.30","50.25","51.35","50.10","3.30M","2.40%"
"06/29/2011","50.10","49.57","50.25","49.21","3.24M","2.20%"
"06/28/2011","49.02","49.11","49.64","49.02","1.93M","-0.28%"
"06/27/2011","49.16","49.47","49.47","48.39","1.88M","0.18%"
"06/24/2011","49.07","49.87","50.20","48.91","2.26M","-0.79%"
"06/23/2011","49.46","49.76","50.20","49.07","2.63M","-0.86%"
"06/22/2011","49.89","50.05","50.50","49.69","1.98M","-0.91%"
"06/21/2011","50.35","49.21","50.35","49.21","3.23M","2.44%"
"06/20/2011","49.15","48.80","49.20","48.32","2.72M","0.27%"
"06/17/2011","49.02","48.50","49.29","47.75","2.88M","1.28%"
"06/16/2011","48.40","48.04","48.70","47.71","3.01M","-0.33%"
"06/15/2011","48.56","49.60","49.70","48.47","1.95M","-2.00%"
"06/14/2011","49.55","49.84","49.94","49.25","1.97M","-0.04%"
"06/10/2011","49.57","50.30","50.30","49.53","2.59M","-0.86%"
"06/09/2011","50.00","49.60","50.40","49.50","4.35M","1.05%"
"06/08/2011","49.48","50.25","50.50","48.35","4.31M","-1.83%"
"06/07/2011","50.40","50.15","50.60","50.10","3.94M","0.30%"
"06/06/2011","50.25","50.15","50.50","50.05","1.87M","-0.40%"
"06/03/2011","50.45","50.20","50.80","50.15","3.22M","0.30%"
"06/01/2011","50.30","50.20","50.55","50.20","2.86M","-0.10%"
"05/31/2011","50.35","50.00","50.45","49.74","3.37M","1.10%"
"05/30/2011","49.80","49.76","49.99","49.61","1.14M","0.61%"
"05/27/2011","49.50","49.17","49.79","49.17","3.11M","1.02%"
"05/26/2011","49.00","50.00","50.00","48.90","2.35M","-0.55%"
"05/25/2011","49.27","49.00","49.47","48.75","2.42M","-0.26%"
"05/24/2011","49.40","50.10","50.65","49.30","2.53M","-1.40%"
"05/23/2011","50.10","50.25","50.55","50.00","2.08M","-1.47%"
"05/20/2011","50.85","51.00","51.35","50.80","1.47M","-0.68%"
"05/19/2011","51.20","51.65","51.65","50.75","1.75M","-0.19%"
"05/18/2011","51.30","51.00","51.35","50.80","1.43M","0.10%"
"05/16/2011","51.25","51.20","51.30","50.65","1.01M","0.00%"
"05/13/2011","51.25","51.55","51.75","50.85","1.09M","-0.68%"
"05/12/2011","51.60","51.30","51.70","51.10","1.20M","-0.39%"
"05/11/2011","51.80","51.80","52.00","51.40","1.48M","0.00%"
"05/10/2011","51.80","51.25","51.95","51.25","1.29M","0.68%"
"05/09/2011","51.45","52.40","52.40","51.10","2.20M","-1.63%"
"05/06/2011","52.30","51.50","52.30","50.85","2.48M","1.95%"
"05/05/2011","51.30","50.50","51.60","50.05","2.97M","-0.19%"
"05/04/2011","51.40","52.50","52.55","51.10","2.54M","-2.10%"
"05/03/2011","52.50","52.95","52.95","52.30","2.46M","-0.57%"
"05/02/2011","52.80","53.20","53.35","52.80","1.27M","-0.66%"
"04/29/2011","53.15","53.10","53.20","52.85","1.78M","0.38%"
"04/28/2011","52.95","53.20","53.25","52.70","1.82M","0.09%"
"04/27/2011","52.90","52.90","53.05","52.10","1.61M","0.00%"
"04/26/2011","52.90","52.70","53.20","52.00","2.94M","-1.12%"
"04/20/2011","53.50","51.85","53.50","51.85","1.16M","3.28%"
"04/19/2011","51.80","51.45","51.90","51.25","1.55M","1.07%"
"04/18/2011","51.25","52.00","52.25","51.05","2.12M","-1.44%"
"04/15/2011","52.00","52.00","52.30","51.50","3.76M","-4.24%"
"04/14/2011","54.30","54.70","54.90","54.20","2.96M","-1.27%"
"04/13/2011","55.00","54.05","55.00","53.85","3.29M","1.57%"
"04/12/2011","54.15","54.50","54.60","53.70","2.53M","-1.10%"
"04/11/2011","54.75","54.50","54.95","54.30","2.62M","0.46%"
"04/08/2011","54.50","54.30","54.50","53.95","2.00M","0.93%"
"04/07/2011","54.00","54.00","54.25","53.85","1.94M","0.00%"
"04/06/2011","54.00","53.75","54.00","53.55","1.67M","0.09%"
"04/05/2011","53.95","53.60","53.95","53.45","1.39M","0.09%"
"04/04/2011","53.90","53.80","54.00","53.45","1.72M","0.37%"
"04/01/2011","53.70","53.40","54.00","53.35","2.46M","0.19%"
"03/31/2011","53.60","53.75","54.20","53.35","1.98M","-0.74%"
"03/30/2011","54.00","53.70","54.00","53.65","2.38M","0.75%"
"03/29/2011","53.60","53.70","53.70","53.05","1.25M","0.37%"
"03/28/2011","53.40","53.30","53.85","52.85","1.99M","-0.09%"
"03/25/2011","53.45","52.70","53.80","52.70","3.96M","1.23%"
"03/24/2011","52.80","51.90","52.80","51.65","2.38M","1.34%"
"03/23/2011","52.10","51.65","52.10","51.20","1.67M","0.97%"
"03/22/2011","51.60","52.30","52.70","51.55","1.91M","-1.53%"
"03/21/2011","52.40","52.20","52.50","51.90","2.51M","1.35%"
"03/18/2011","51.70","50.40","51.70","50.40","3.27M","2.68%"
"03/17/2011","50.35","50.45","50.70","50.00","3.57M","0.20%"
"03/16/2011","50.25","50.70","50.85","49.92","4.42M","0.50%"
"03/15/2011","50.00","49.31","50.55","49.08","6.09M","-0.70%"
"03/14/2011","50.35","50.35","50.70","49.83","3.89M","-0.69%"
"03/11/2011","50.70","50.90","50.90","49.99","3.74M","-1.17%"
"03/10/2011","51.30","51.40","51.55","51.00","2.55M","-0.10%"
"03/09/2011","51.35","50.95","51.55","50.65","2.69M","0.98%"
"03/08/2011","50.85","50.95","51.10","50.50","1.67M","0.39%"
"03/07/2011","50.65","50.45","51.10","50.20","2.72M","0.30%"
"03/04/2011","50.50","50.60","51.05","49.95","3.98M","-0.30%"
"03/03/2011","50.65","50.60","50.70","50.35","2.65M","0.60%"
"03/02/2011","50.35","50.90","51.10","50.35","3.47M","-1.37%"
"03/01/2011","51.05","51.00","51.35","50.80","2.94M","0.10%"
"02/28/2011","51.00","50.80","51.45","50.75","3.34M","-0.39%"
"02/25/2011","51.20","50.15","51.20","50.00","3.28M","2.20%"
"02/24/2011","50.10","50.10","50.40","49.95","3.77M","-0.60%"
"02/23/2011","50.40","51.20","51.30","50.25","3.70M","-2.33%"
"02/22/2011","51.60","51.20","52.00","50.45","2.59M","0.19%"
"02/21/2011","51.50","52.25","52.30","51.50","1.80M","-1.44%"
"02/18/2011","52.25","52.65","52.80","52.20","1.88M","-0.67%"
"02/17/2011","52.60","53.05","53.10","52.35","2.81M","-0.75%"
"02/16/2011","53.00","52.70","53.00","52.50","2.07M","0.28%"
"02/15/2011","52.85","52.40","52.85","52.20","3.01M","1.15%"
"02/14/2011","52.25","52.85","52.85","52.05","3.78M","0.00%"
"02/11/2011","52.25","52.00","52.30","51.75","2.65M","0.58%"
"02/10/2011","51.95","52.05","52.20","51.65","4.52M","-1.70%"
"02/09/2011","52.85","53.25","53.30","52.40","3.12M","-0.66%"
"02/08/2011","53.20","53.50","53.60","52.70","2.50M","-0.37%"
"02/07/2011","53.40","52.95","53.55","52.65","3.01M","1.33%"
"02/04/2011","52.70","52.80","53.05","52.45","2.18M","0.09%"
"02/03/2011","52.65","53.05","53.80","52.45","5.17M","-0.66%"
"02/02/2011","53.00","53.90","54.35","53.00","7.45M","1.44%"
"02/01/2011","52.25","52.05","52.50","51.80","5.78M","0.48%"
"01/31/2011","52.00","52.95","53.00","51.30","5.83M","-1.79%"
"01/28/2011","52.95","52.75","53.20","52.50","4.53M","0.28%"
"01/27/2011","52.80","53.05","53.20","52.75","3.05M","-0.28%"
"01/26/2011","52.95","53.40","53.55","52.90","3.68M","-0.19%"
"01/25/2011","53.05","53.50","53.90","53.05","3.47M","-0.66%"
"01/24/2011","53.40","53.80","53.90","52.80","3.35M","0.00%"
"01/21/2011","53.40","54.30","54.30","53.30","3.72M","-0.56%"
"01/20/2011","53.70","54.30","54.50","53.60","2.93M","-1.65%"
"01/19/2011","54.60","55.30","55.55","54.45","3.46M","-0.73%"
"01/18/2011","55.00","54.90","55.45","54.80","3.80M","0.82%"
"01/17/2011","54.55","55.80","56.10","54.55","2.73M","-2.24%"
"01/14/2011","55.80","56.45","56.45","55.05","3.70M","-0.89%"
"01/13/2011","56.30","57.40","57.40","56.20","4.05M","-1.49%"
"01/12/2011","57.15","57.45","57.45","56.80","4.69M","0.26%"
"01/11/2011","57.00","56.85","57.10","56.00","6.62M","-0.70%"
"01/10/2011","57.40","57.50","58.80","57.10","7.51M","2.68%"
"01/07/2011","55.90","56.00","56.25","55.45","1.64M","-0.18%"
"01/06/2011","56.00","56.50","56.80","55.90","3.03M","-0.62%"
"01/05/2011","56.35","56.00","56.55","55.25","2.18M","1.17%"
"01/04/2011","55.70","57.00","57.25","55.70","3.19M","-2.28%"
"01/03/2011","57.00","57.10","57.55","56.85","1.77M","0.53%"
"12/30/2010","56.70","57.00","57.00","56.50","1.31M","-0.53%"
"12/29/2010","57.00","56.95","57.20","56.80","553.78K","0.09%"
"12/28/2010","56.95","56.90","57.00","56.60","557.49K","0.09%"
"12/27/2010","56.90","56.75","56.90","56.40","441.51K","0.00%"
"12/23/2010","56.90","57.00","57.10","56.75","1.02M","-0.18%"
"12/22/2010","57.00","56.55","57.00","56.45","2.10M","0.44%"
"12/21/2010","56.75","55.70","56.75","55.70","2.27M","1.25%"
"12/20/2010","56.05","56.25","56.40","55.65","1.62M","-0.18%"
"12/17/2010","56.15","56.20","56.40","55.70","2.18M","0.00%"
"12/16/2010","56.15","55.55","56.25","55.40","3.36M","1.45%"
"12/15/2010","55.35","55.25","55.40","54.75","1.81M","0.45%"
"12/14/2010","55.10","55.35","55.35","54.75","2.05M","-0.18%"
"12/13/2010","55.20","54.20","55.25","54.20","2.39M","1.56%"
"12/10/2010","54.35","55.00","55.00","53.90","4.07M","-0.37%"
"12/09/2010","54.55","55.65","55.65","54.25","2.28M","-0.73%"
"12/08/2010","54.95","54.85","54.95","54.10","3.53M","0.73%"
"12/07/2010","54.55","54.90","55.30","54.40","3.23M","-0.27%"
"12/06/2010","54.70","53.70","54.75","53.10","2.74M","1.77%"
"12/03/2010","53.75","54.00","54.45","53.40","2.70M","-0.46%"
"12/02/2010","54.00","52.90","54.00","52.60","3.51M","1.50%"
"12/01/2010","53.20","52.25","53.20","51.90","5.46M","2.11%"
"11/30/2010","52.10","52.30","53.20","51.70","3.52M","-0.95%"
"11/29/2010","52.60","54.00","54.50","52.00","3.13M","-2.14%"
"11/26/2010","53.75","54.20","54.45","53.75","2.82M","-1.65%"
"11/25/2010","54.65","55.00","55.10","53.90","2.36M","-0.36%"
"11/24/2010","54.85","55.30","55.30","54.45","2.79M","0.46%"
"11/23/2010","54.60","56.85","56.85","54.60","3.22M","-4.13%"
"11/22/2010","56.95","57.50","57.50","56.30","2.28M","0.00%"
"11/19/2010","56.95","56.65","57.10","56.15","2.00M","0.89%"
"11/18/2010","56.45","55.70","56.50","55.65","2.33M","1.99%"
"11/17/2010","55.35","55.50","55.75","54.80","1.90M","-0.36%"
"11/16/2010","55.55","56.80","57.00","55.45","2.68M","-2.46%"
"11/15/2010","56.95","56.75","57.25","56.75","2.16M","0.09%"
"11/12/2010","56.90","56.70","57.20","56.60","3.44M","-1.13%"
"11/11/2010","57.55","56.10","57.65","56.00","4.76M","2.77%"
"11/10/2010","56.00","56.65","56.75","56.00","2.45M","-1.23%"
"11/09/2010","56.70","56.75","56.85","56.50","3.99M","0.27%"
"11/08/2010","56.55","56.70","56.85","56.35","2.24M","0.00%"
"11/05/2010","56.55","56.50","56.70","56.05","2.93M","0.09%"
"11/04/2010","56.50","57.00","57.00","56.10","4.65M","0.98%"
"11/03/2010","55.95","57.00","57.10","55.95","3.06M","-1.58%"
"11/02/2010","56.85","57.00","57.00","56.55","4.66M","0.26%"
"11/01/2010","56.70","56.50","57.10","56.10","4.10M","0.00%"
"10/29/2010","56.70","56.80","56.90","56.00","3.96M","0.62%"
"10/28/2010","56.35","56.55","56.80","55.85","3.51M","-0.27%"
"10/27/2010","56.50","56.80","57.35","56.40","3.87M","-1.22%"
"10/26/2010","57.20","56.50","57.75","56.25","4.48M","1.24%"
"10/25/2010","56.50","56.60","56.75","56.15","3.02M","0.71%"
"10/22/2010","56.10","56.05","56.55","55.80","1.56M","0.00%"
"10/21/2010","56.10","55.90","56.20","55.80","4.41M","0.09%"
"10/20/2010","56.05","55.60","56.05","55.60","1.93M","0.27%"
"10/19/2010","55.90","56.00","56.50","55.60","2.67M","-0.53%"
"10/18/2010","56.20","55.85","56.90","55.85","1.96M","-0.35%"
"10/15/2010","56.40","56.75","56.75","56.10","1.95M","-0.09%"
"10/14/2010","56.45","56.15","56.60","55.75","3.58M","1.07%"
"10/13/2010","55.85","55.70","55.95","55.25","3.89M","0.81%"
"10/12/2010","55.40","55.35","55.60","54.75","2.37M","0.27%"
"10/11/2010","55.25","55.00","55.40","54.90","2.13M","0.45%"
"10/08/2010","55.00","55.70","55.80","54.50","2.74M","-0.90%"
"10/07/2010","55.50","55.70","55.70","54.85","2.20M","0.18%"
"10/06/2010","55.40","56.45","56.60","55.15","2.94M","-0.98%"
"10/05/2010","55.95","55.20","56.00","54.95","2.72M","1.73%"
"10/04/2010","55.00","55.00","55.40","54.85","2.46M","0.00%"
"10/01/2010","55.00","54.50","55.20","54.10","2.54M","1.48%"
"09/30/2010","54.20","54.10","54.95","54.00","2.34M","-0.82%"
"09/29/2010","54.65","54.55","55.00","54.15","2.18M","0.00%"
"09/28/2010","54.65","54.00","54.90","53.10","2.52M","0.83%"
"09/27/2010","54.20","54.00","54.75","54.00","1.47M","0.18%"
"09/24/2010","54.10","53.45","54.30","52.90","1.95M","1.41%"
"09/23/2010","53.35","53.80","54.20","52.70","1.38M","-0.65%"
"09/22/2010","53.70","54.50","54.65","53.55","1.93M","-1.47%"
"09/21/2010","54.50","53.50","54.50","53.50","2.47M","1.30%"
"09/20/2010","53.80","53.90","53.90","53.30","1.31M","0.28%"
"09/17/2010","53.65","53.35","53.90","53.30","2.36M","0.56%"
"09/16/2010","53.35","53.70","53.70","53.10","2.10M","0.00%"
"09/15/2010","53.35","53.75","53.75","53.15","1.62M","-0.09%"
"09/14/2010","53.40","53.65","53.65","52.65","2.32M","-0.19%"
"09/13/2010","53.50","53.95","53.95","53.10","1.82M","0.19%"
"09/10/2010","53.40","53.15","53.80","53.00","2.28M","0.47%"
"09/09/2010","53.15","53.00","53.65","52.65","2.33M","0.47%"
"09/08/2010","52.90","52.00","53.00","51.65","3.83M","-0.47%"
"09/07/2010","53.15","53.75","53.95","52.60","2.57M","-1.30%"
"09/06/2010","53.85","54.65","54.75","53.75","1.71M","-0.46%"
"09/03/2010","54.10","54.25","54.70","53.80","2.66M","0.93%"
"09/02/2010","53.60","53.60","54.30","53.20","2.56M","0.00%"
"09/01/2010","53.60","53.00","53.65","52.50","4.76M","1.61%"
"08/31/2010","52.75","50.80","53.00","50.40","6.42M","3.13%"
"08/30/2010","51.15","50.35","52.30","50.35","3.69M","4.39%"
"08/27/2010","49.00","48.14","49.20","48.03","2.10M","1.37%"
"08/26/2010","48.34","48.07","48.99","47.90","2.37M","1.62%"
"08/25/2010","47.57","48.70","49.40","46.97","3.79M","-2.42%"
"08/24/2010","48.75","49.79","49.79","48.11","2.48M","-2.60%"
"08/23/2010","50.05","50.40","50.45","49.65","1.65M","-0.79%"
"08/20/2010","50.45","50.00","50.65","49.40","2.77M","0.70%"
"08/19/2010","50.10","51.45","51.60","50.10","2.16M","-2.72%"
"08/18/2010","51.50","51.50","51.80","50.90","1.49M","0.00%"
"08/17/2010","51.50","50.45","51.50","50.15","2.15M","2.79%"
"08/16/2010","50.10","49.54","50.30","49.54","1.25M","0.80%"
"08/13/2010","49.70","50.05","50.40","49.18","1.59M","-0.32%"
"08/12/2010","49.86","50.00","51.05","49.11","2.55M","-0.87%"
"08/11/2010","50.30","51.05","51.15","50.20","2.75M","-1.66%"
"08/10/2010","51.15","52.05","52.05","50.80","2.74M","-1.73%"
"08/09/2010","52.05","52.40","52.45","51.80","2.53M","0.48%"
"08/06/2010","51.80","51.90","52.20","51.10","2.72M","0.39%"
"08/05/2010","51.60","51.80","52.25","51.20","2.34M","-0.10%"
"08/04/2010","51.65","51.50","51.75","50.75","1.70M","0.29%"
"08/03/2010","51.50","51.85","51.90","50.60","2.90M","-0.48%"
"08/02/2010","51.75","50.85","51.75","50.40","2.37M","2.68%"
"07/30/2010","50.40","51.15","51.20","49.53","2.30M","-1.18%"
"07/29/2010","51.00","51.45","51.75","50.80","2.56M","-0.39%"
"07/28/2010","51.20","51.20","51.40","50.45","2.37M","0.10%"
"07/27/2010","51.15","50.95","51.40","50.20","2.96M","1.19%"
"07/26/2010","50.55","50.95","50.95","49.73","1.95M","0.20%"
"07/23/2010","50.45","50.00","51.10","49.83","2.90M","1.20%"
"07/22/2010","49.85","49.40","49.93","48.80","3.73M","2.01%"
"07/21/2010","48.87","48.40","49.08","47.72","3.57M","2.50%"
"07/20/2010","47.68","48.05","48.84","47.60","3.58M","0.10%"
"07/19/2010","47.63","47.60","48.11","47.30","1.65M","-0.67%"
"07/16/2010","47.95","48.52","49.15","47.90","2.69M","-1.07%"
"07/15/2010","48.47","48.00","49.19","47.49","4.36M","0.81%"
"07/14/2010","48.08","48.10","48.40","47.82","3.50M","-0.02%"
"07/13/2010","48.09","47.50","48.10","47.00","3.10M","1.37%"
"07/12/2010","47.44","46.69","47.53","46.55","2.85M","1.37%"
"07/09/2010","46.80","46.28","46.98","45.80","2.78M","1.30%"
"07/08/2010","46.20","46.15","46.80","45.17","3.61M","0.65%"
"07/07/2010","45.90","44.43","45.90","44.14","3.89M","3.15%"
"07/06/2010","44.50","43.17","44.84","42.97","5.89M","4.39%"
"07/05/2010","42.63","43.01","43.38","42.39","3.71M","-0.86%"
"07/02/2010","43.00","41.62","43.15","41.12","5.88M","4.78%"
"07/01/2010","41.04","41.41","42.27","40.00","2.98M","-2.15%"
"06/30/2010","41.94","42.12","42.52","41.39","3.11M","-0.43%"
"06/29/2010","42.12","43.44","43.46","41.89","3.58M","-4.12%"
"06/28/2010","43.93","44.21","44.39","43.30","3.30M","-0.30%"
"06/25/2010","44.06","44.68","45.11","44.05","2.58M","-1.30%"
"06/24/2010","44.64","46.43","46.43","44.31","3.44M","-3.56%"
"06/23/2010","46.29","46.50","47.00","46.11","3.31M","-1.53%"
"06/22/2010","47.01","47.50","47.80","46.73","2.95M","-1.80%"
"06/21/2010","47.87","48.96","48.96","47.58","2.54M","-0.48%"
"06/18/2010","48.10","48.03","48.35","47.53","2.50M","0.31%"
"06/17/2010","47.95","48.04","48.28","47.62","2.80M","-0.52%"
"06/16/2010","48.20","48.82","48.86","47.30","2.87M","0.00%"
"06/15/2010","48.20","47.17","48.30","47.05","3.10M","1.73%"
"06/14/2010","47.38","46.75","47.41","46.63","2.66M","2.38%"
"06/11/2010","46.28","46.94","46.98","45.70","3.66M","-0.62%"
"06/10/2010","46.57","45.62","46.71","45.46","3.43M","1.24%"
"06/09/2010","46.00","45.74","46.00","44.99","2.29M","1.86%"
"06/08/2010","45.16","45.02","45.60","44.58","3.32M","0.36%"
"06/07/2010","45.00","44.20","45.24","44.11","3.31M","-0.09%"
"06/04/2010","45.04","46.16","46.48","44.43","3.20M","-2.43%"
"06/03/2010","46.16","45.55","46.33","45.54","2.24M","2.35%"
"06/02/2010","45.10","44.70","45.17","44.30","3.34M","0.47%"
"06/01/2010","44.89","44.98","45.00","44.05","2.74M","0.02%"
"05/31/2010","44.88","44.72","45.50","44.72","1.74M","-0.49%"
"05/28/2010","45.10","45.00","45.30","44.77","3.54M","0.27%"
"05/27/2010","44.98","44.63","45.36","44.29","3.95M","1.08%"
"05/26/2010","44.50","44.23","44.80","43.90","4.71M","1.74%"
"05/25/2010","43.74","44.40","44.40","43.43","4.32M","-0.50%"
"05/24/2010","43.96","45.02","45.02","43.96","","-2.07%"
"05/21/2010","44.89","44.41","45.08","43.51","4.38M","1.31%"
"05/20/2010","44.31","45.96","46.50","43.64","3.40M","-3.23%"
"05/19/2010","45.79","46.27","46.78","45.50","2.86M","-2.43%"
"05/18/2010","46.93","47.44","47.47","46.70","2.36M","1.03%"
"05/14/2010","46.45","49.00","49.00","46.45","3.81M","-4.97%"
"05/13/2010","48.88","48.88","48.88","48.88","","0.35%"
"05/12/2010","48.71","47.87","49.18","47.55","3.20M","1.29%"
"05/11/2010","48.09","47.40","48.40","47.32","3.21M","0.46%"
"05/10/2010","47.87","46.11","48.20","46.10","4.51M","4.93%"
"05/07/2010","45.62","46.00","46.85","44.00","4.28M","-2.33%"
"05/06/2010","46.71","47.00","48.00","46.60","4.64M","-1.70%"
"05/05/2010","47.52","48.10","48.79","47.30","3.73M","-1.31%"
"05/04/2010","48.15","49.76","49.80","48.10","3.88M","-2.83%"
"05/03/2010","49.55","50.00","50.00","48.72","2.19M","-0.50%"
"04/30/2010","49.80","50.65","50.75","49.65","2.67M","-0.99%"
"04/29/2010","50.30","49.89","50.40","49.35","2.62M","1.51%"
"04/28/2010","49.55","50.00","50.60","49.25","4.71M","-1.88%"
"04/27/2010","50.50","51.30","51.55","50.50","6.59M","-0.39%"
"04/26/2010","50.70","50.75","51.25","50.55","3.07M","0.30%"
"04/23/2010","50.55","51.10","51.20","50.55","4.06M","-4.53%"
"04/22/2010","52.95","52.50","53.35","52.45","3.64M","0.09%"
"04/21/2010","52.90","53.25","53.45","52.20","4.69M","0.00%"
"04/20/2010","52.90","52.20","53.00","51.70","4.27M","3.22%"
"04/19/2010","51.25","51.35","52.10","50.85","3.28M","-1.44%"
"04/16/2010","52.00","52.25","52.80","51.80","2.78M","-1.42%"
"04/15/2010","52.75","53.00","53.30","52.40","6.27M","0.48%"
"04/14/2010","52.50","52.45","52.75","52.00","3.63M","0.96%"
"04/13/2010","52.00","52.00","52.60","51.75","2.67M","-0.19%"
"04/12/2010","52.10","52.00","52.40","51.90","1.92M","0.39%"
"04/09/2010","51.90","51.70","52.25","51.60","2.96M","1.27%"
"04/08/2010","51.25","51.65","51.90","51.20","2.50M","-0.97%"
"04/07/2010","51.75","51.85","52.25","51.50","3.60M","-0.19%"
"04/06/2010","51.85","53.80","54.10","51.70","5.46M","-1.33%"
"03/31/2010","52.55","50.40","52.55","50.25","2.92M","3.75%"
"03/30/2010","50.65","50.75","50.95","50.40","1.01M","0.00%"
"03/29/2010","50.65","50.85","50.90","50.50","703.45K","-0.30%"
"03/26/2010","50.80","51.00","51.15","50.70","2.34M","-0.20%"
"03/25/2010","50.90","50.80","51.20","50.50","5.47M","0.00%"
"03/24/2010","50.90","51.00","51.45","50.60","2.29M","0.10%"
"03/23/2010","50.85","50.20","50.85","50.15","1.38M","1.29%"
"03/22/2010","50.20","50.50","50.50","49.67","1.99M","-0.59%"
"03/19/2010","50.50","50.50","50.55","50.20","2.27M","0.80%"
"03/18/2010","50.10","50.15","50.45","49.86","2.00M","-0.50%"
"03/17/2010","50.35","50.95","51.10","50.20","1.99M","-1.08%"
"03/16/2010","50.90","50.00","51.00","49.94","2.24M","2.15%"
"03/15/2010","49.83","50.35","50.40","49.63","1.48M","-0.64%"
"03/12/2010","50.15","50.80","51.00","50.15","3.49M","-0.69%"
"03/11/2010","50.50","50.90","51.15","50.35","2.93M","-1.66%"
"03/10/2010","51.35","49.99","51.60","49.75","2.22M","2.60%"
"03/09/2010","50.05","50.25","50.60","49.33","3.12M","-0.69%"
"03/08/2010","50.40","50.95","50.95","50.10","1.41M","-0.30%"
"03/05/2010","50.55","51.10","51.30","49.84","4.27M","0.10%"
"03/04/2010","50.50","49.46","50.75","48.98","5.34M","2.35%"
"03/03/2010","49.34","48.36","49.50","48.36","3.48M","2.03%"
"03/02/2010","48.36","47.75","48.48","47.20","2.73M","1.11%"
"03/01/2010","47.83","47.00","47.83","46.68","2.55M","3.30%"
"02/26/2010","46.30","46.20","46.47","45.62","2.25M","1.78%"
"02/25/2010","45.49","46.22","46.80","45.49","2.34M","-1.73%"
"02/24/2010","46.29","47.00","47.09","46.00","2.75M","-1.47%"
"02/23/2010","46.98","48.70","48.70","46.98","3.58M","-2.75%"
"02/22/2010","48.31","48.80","48.80","48.26","1.77M","-0.33%"
"02/19/2010","48.47","48.00","48.55","47.94","2.77M","0.46%"
"02/18/2010","48.25","47.50","48.67","47.24","4.38M","1.69%"
"02/17/2010","47.45","47.50","47.85","47.00","3.79M","0.96%"
"02/16/2010","47.00","47.32","47.90","46.50","3.05M","-0.25%"
"02/15/2010","47.12","48.59","48.59","47.12","2.42M","-2.16%"
"02/12/2010","48.16","49.00","49.38","47.75","3.50M","-0.41%"
"02/11/2010","48.36","49.12","49.37","47.35","4.49M","-0.29%"
"02/10/2010","48.50","50.30","50.70","48.50","5.33M","-5.92%"
"02/09/2010","51.55","50.60","51.65","50.20","2.94M","1.98%"
"02/08/2010","50.55","52.05","52.50","50.55","3.17M","-2.60%"
"02/05/2010","51.90","52.95","53.00","51.50","3.87M","-1.14%"
"02/04/2010","52.50","54.30","54.70","52.50","2.74M","-2.96%"
"02/03/2010","54.10","54.30","54.65","54.00","1.86M","0.00%"
"02/02/2010","54.10","53.35","54.30","53.35","1.63M","1.41%"
"02/01/2010","53.35","53.85","53.95","53.15","1.47M","-0.84%"
"01/29/2010","53.80","53.25","54.00","52.60","2.78M","1.70%"
"01/28/2010","52.90","53.40","54.15","52.50","2.23M","-0.38%"
"01/27/2010","53.10","53.40","53.70","52.75","4.47M","-0.93%"
"01/26/2010","53.60","53.50","54.20","53.00","3.85M","-0.37%"
"01/25/2010","53.80","54.00","54.95","53.75","1.53M","-1.19%"
"01/22/2010","54.45","54.75","55.25","53.85","2.81M","-0.73%"
"01/21/2010","54.85","55.50","55.50","54.85","3.71M","-0.09%"
"01/20/2010","54.90","56.85","56.90","54.90","2.65M","-3.17%"
"01/19/2010","56.70","56.40","57.00","56.40","2.07M","0.27%"
"01/18/2010","56.55","56.70","56.80","56.20","1.11M","-0.18%"
"01/15/2010","56.65","57.35","57.60","56.50","3.85M","-1.82%"
"01/14/2010","57.70","57.10","57.70","56.75","3.80M","1.23%"
"01/13/2010","57.00","56.40","57.60","56.40","3.66M","0.44%"
"01/12/2010","56.75","58.10","58.20","56.55","4.13M","-1.48%"
"01/11/2010","57.60","56.75","58.15","56.75","4.97M","2.22%"
"01/08/2010","56.35","56.40","57.25","56.30","3.42M","0.36%"
"01/07/2010","56.15","57.05","57.20","55.90","2.92M","-1.40%"
"01/06/2010","56.95","57.20","57.60","56.70","2.97M","-0.44%"
"01/05/2010","57.20","58.15","58.15","57.15","3.25M","-1.29%"
"01/04/2010","57.95","57.30","58.00","57.20","3.57M","1.93%"
"12/30/2009","56.85","57.60","57.70","56.85","1.64M","-1.39%"
"12/29/2009","57.65","56.50","58.00","56.50","2.88M","2.22%"
"12/28/2009","56.40","56.10","56.55","56.00","1.12M","0.80%"
"12/23/2009","55.95","56.20","56.40","55.35","1.30M","0.27%"
"12/22/2009","55.80","55.40","56.15","55.20","2.27M","0.54%"
"12/21/2009","55.50","55.45","56.20","55.00","2.16M","0.54%"
"12/18/2009","55.20","56.00","56.50","55.10","2.82M","-0.99%"
"12/17/2009","55.75","56.20","56.80","55.75","3.95M","-1.06%"
"12/16/2009","56.35","55.75","56.85","55.75","3.25M","0.54%"
"12/15/2009","56.05","55.15","56.05","55.00","3.37M","1.63%"
"12/14/2009","55.15","55.05","55.35","54.55","1.86M","0.27%"
"12/11/2009","55.00","55.50","55.85","54.75","2.87M","-0.81%"
"12/10/2009","55.45","53.90","55.45","53.40","3.69M","3.36%"
"12/09/2009","53.65","54.20","54.45","53.55","3.35M","-1.20%"
"12/08/2009","54.30","53.70","54.30","53.10","3.55M","0.84%"
"12/07/2009","53.85","53.50","54.20","53.40","3.09M","1.13%"
"12/04/2009","53.25","52.45","53.40","52.05","2.84M","1.62%"
"12/03/2009","52.40","53.60","53.60","52.20","3.48M","-0.85%"
"12/02/2009","52.85","52.50","53.30","52.50","3.46M","0.67%"
"12/01/2009","52.50","52.90","53.30","52.20","5.66M","0.57%"
"11/30/2009","52.20","54.00","54.30","51.90","8.36M","-3.15%"
"11/27/2009","53.90","53.20","54.40","52.65","3.62M","-0.09%"
"11/26/2009","53.95","55.05","55.30","53.95","1.82M","-2.00%"
"11/25/2009","55.05","55.50","55.95","54.50","1.53M","-0.63%"
"11/24/2009","55.40","55.00","56.75","54.90","3.15M","0.18%"
"11/23/2009","55.30","54.30","55.50","54.30","1.96M","2.22%"
"11/20/2009","54.10","54.40","54.90","53.60","2.19M","-0.09%"
"11/19/2009","54.15","54.40","55.10","54.15","2.50M","-1.19%"
"11/18/2009","54.80","55.40","56.20","54.50","2.40M","-0.72%"
"11/17/2009","55.20","54.10","56.00","54.10","3.67M","1.38%"
"11/16/2009","54.45","53.80","54.65","53.70","2.03M","1.78%"
"11/13/2009","53.50","53.40","54.10","52.60","1.94M","-0.28%"
"11/12/2009","53.65","53.60","54.50","53.55","1.86M","0.09%"
"11/11/2009","53.60","53.45","54.75","53.40","2.64M","0.75%"
"11/10/2009","53.20","53.50","54.30","53.00","2.47M","-0.56%"
"11/09/2009","53.50","52.75","53.65","52.60","2.11M","2.10%"
"11/06/2009","52.40","53.65","53.70","51.70","2.26M","-1.13%"
"11/05/2009","53.00","52.50","53.50","51.55","2.02M","0.28%"
"11/04/2009","52.85","52.95","53.10","51.75","1.73M","0.96%"
"11/03/2009","52.35","52.10","52.35","51.20","2.08M","-0.38%"
"11/02/2009","52.55","53.00","53.10","50.85","3.17M","-1.22%"
"10/30/2009","53.20","54.35","54.65","52.50","4.21M","-0.37%"
"10/29/2009","53.40","51.00","53.55","50.90","2.99M","4.71%"
"10/28/2009","51.00","53.30","53.35","50.55","4.96M","-3.86%"
"10/27/2009","53.05","53.70","54.10","52.00","3.41M","-1.21%"
"10/26/2009","53.70","54.65","55.15","53.60","2.02M","-1.74%"
"10/23/2009","54.65","55.75","55.80","54.65","2.23M","-0.82%"
"10/22/2009","55.10","55.25","55.40","54.50","1.98M","-1.34%"
"10/21/2009","55.85","56.70","56.75","55.05","2.52M","-1.41%"
"10/20/2009","56.65","57.10","57.20","55.65","2.34M","-0.61%"
"10/19/2009","57.00","56.50","57.25","56.30","1.62M","0.88%"
"10/16/2009","56.50","57.10","57.45","55.90","4.53M","-0.18%"
"10/15/2009","56.60","56.50","57.30","56.20","6.48M","0.71%"
"10/14/2009","56.20","55.80","56.40","55.65","2.96M","1.90%"
"10/13/2009","55.15","55.20","55.35","54.55","2.12M","-0.18%"
"10/12/2009","55.25","55.30","55.65","55.00","2.98M","0.00%"
"10/09/2009","55.25","55.75","55.85","54.60","3.29M","-1.16%"
"10/08/2009","55.90","56.00","56.10","54.90","3.08M","1.54%"
"10/07/2009","55.05","55.35","55.75","54.60","2.75M","-1.70%"
"10/06/2009","56.00","55.70","56.00","54.40","5.52M","1.82%"
"10/05/2009","55.00","52.55","55.00","52.10","5.57M","5.67%"
"10/02/2009","52.05","53.50","53.60","51.80","3.24M","-3.88%"
"10/01/2009","54.15","54.55","55.55","54.05","3.25M","-0.55%"
"09/30/2009","54.45","54.25","55.10","53.60","3.90M","0.83%"
"09/29/2009","54.00","54.00","54.35","53.45","3.63M","0.37%"
"09/28/2009","53.80","52.65","53.90","51.80","2.10M","1.80%"
"09/25/2009","52.85","53.00","53.40","52.35","2.39M","-0.28%"
"09/24/2009","53.00","54.00","54.05","53.00","2.70M","-2.03%"
"09/23/2009","54.10","55.20","55.60","53.70","2.39M","-1.99%"
"09/22/2009","55.20","54.60","55.65","54.45","2.50M","1.38%"
"09/21/2009","54.45","55.45","55.85","52.55","3.23M","-2.33%"
"09/18/2009","55.75","54.20","56.20","54.15","6.94M","1.73%"
"09/17/2009","54.80","55.00","55.05","53.85","4.72M","1.95%"
"09/16/2009","53.75","54.40","54.65","53.20","5.14M","-0.09%"
"09/15/2009","53.80","51.00","53.90","50.95","9.89M","6.43%"
"09/14/2009","50.55","49.29","50.90","48.77","2.83M","1.24%"
"09/11/2009","49.93","50.10","50.60","49.50","3.16M","0.28%"
"09/10/2009","49.79","49.75","50.50","49.35","2.87M","0.28%"
"09/09/2009","49.65","48.54","50.15","48.07","6.99M","2.16%"
"09/08/2009","48.60","48.55","49.18","48.16","1.67M","0.21%"
"09/07/2009","48.50","48.22","48.50","48.03","1.79M","2.15%"
"09/04/2009","47.48","47.90","48.18","47.20","1.18M","-0.44%"
"09/03/2009","47.69","47.06","47.90","46.71","1.91M","1.64%"
"09/02/2009","46.92","48.02","48.20","46.77","2.41M","-2.25%"
"09/01/2009","48.00","48.34","48.62","47.42","3.21M","-0.41%"
"08/31/2009","48.20","48.39","48.57","47.80","1.97M","-1.13%"
"08/28/2009","48.75","47.90","49.00","47.84","2.24M","2.31%"
"08/27/2009","47.65","48.65","49.12","47.55","1.81M","-2.08%"
"08/26/2009","48.66","49.20","49.85","48.60","2.32M","-1.90%"
"08/25/2009","49.60","49.30","49.85","49.10","2.59M","0.20%"
"08/24/2009","49.50","49.18","49.81","49.10","2.15M","1.23%"
"08/21/2009","48.90","47.75","49.20","47.60","2.95M","1.88%"
"08/20/2009","48.00","47.60","48.10","47.55","2.48M","1.16%"
"08/19/2009","47.45","47.51","47.60","46.90","1.53M","-0.42%"
"08/18/2009","47.65","47.75","47.97","47.25","1.54M","0.27%"
"08/17/2009","47.52","47.80","47.95","46.90","2.66M","-1.06%"
"08/14/2009","48.03","48.92","49.40","47.54","3.29M","-1.36%"
"08/13/2009","48.69","49.15","49.75","48.38","2.85M","-0.98%"
"08/12/2009","49.17","47.94","49.17","47.66","5.18M","1.51%"
"08/11/2009","48.44","48.50","50.20","48.03","6.17M","0.48%"
"08/10/2009","48.21","48.53","48.70","47.72","1.87M","-1.51%"
"08/07/2009","48.95","48.25","49.00","47.15","2.72M","0.37%"
"08/06/2009","48.77","49.61","49.83","48.20","4.02M","-1.57%"
"08/05/2009","49.55","48.70","50.11","48.65","4.81M","1.95%"
"08/04/2009","48.60","49.80","50.00","48.31","2.63M","-2.27%"
"08/03/2009","49.73","48.74","49.90","48.60","3.24M","2.45%"
"07/31/2009","48.54","48.45","48.54","47.37","3.28M","0.19%"
"07/30/2009","48.45","47.90","48.50","47.70","2.42M","1.15%"
"07/29/2009","47.90","47.10","48.00","46.00","1.79M","0.95%"
"07/28/2009","47.45","49.50","49.60","47.11","2.78M","-3.95%"
"07/27/2009","49.40","49.06","49.46","48.94","2.69M","1.29%"
"07/24/2009","48.77","48.50","49.52","48.21","2.96M","-0.10%"
"07/23/2009","48.82","48.74","48.93","47.66","2.26M","0.41%"
"07/22/2009","48.62","48.50","48.86","47.90","1.92M","0.08%"
"07/21/2009","48.58","47.81","48.58","47.60","2.33M","2.14%"
"07/20/2009","47.56","47.45","47.85","47.10","1.34M","0.98%"
"07/17/2009","47.10","46.82","47.25","46.64","1.82M","1.64%"
"07/16/2009","46.34","46.73","47.05","46.20","2.61M","0.19%"
"07/15/2009","46.25","44.69","46.25","44.69","2.84M","3.63%"
"07/14/2009","44.63","44.70","44.70","44.03","2.34M","0.63%"
"07/13/2009","44.35","43.90","44.50","43.40","1.98M","0.80%"
"07/10/2009","44.00","44.80","45.35","43.97","1.57M","-1.68%"
"07/09/2009","44.75","45.42","45.63","44.62","1.59M","-0.69%"
"07/08/2009","45.06","44.99","46.39","44.79","1.66M","0.13%"
"07/07/2009","45.00","45.86","46.14","44.75","2.62M","-0.22%"
"07/06/2009","45.10","46.80","46.80","45.10","1.69M","-3.22%"
"07/03/2009","46.60","46.20","46.75","45.65","1.11M","0.43%"
"07/02/2009","46.40","47.45","47.50","46.20","1.88M","-2.62%"
"07/01/2009","47.65","47.30","47.75","46.75","2.30M","2.03%"
"06/30/2009","46.70","47.45","47.65","46.40","1.82M","-1.16%"
"06/29/2009","47.25","46.65","47.40","46.50","2.64M","1.72%"
"06/26/2009","46.45","46.70","47.00","46.15","1.88M","0.87%"
"06/25/2009","46.05","46.05","46.75","45.65","2.99M","0.33%"
"06/24/2009","45.90","46.20","46.20","45.15","2.64M","0.66%"
"06/23/2009","45.60","43.85","46.30","43.80","3.58M","2.59%"
"06/22/2009","44.45","46.85","47.00","44.35","3.86M","-6.12%"
"06/19/2009","47.35","46.50","47.60","46.35","3.11M","2.16%"
"06/18/2009","46.35","46.80","47.05","45.70","3.66M","0.22%"
"06/17/2009","46.25","47.40","47.75","46.05","4.47M","-3.65%"
"06/16/2009","48.00","47.50","48.55","47.35","4.11M","1.37%"
"06/15/2009","47.35","48.55","48.60","47.35","3.11M","-2.87%"
"06/12/2009","48.75","50.30","50.60","48.65","3.08M","-3.27%"
"06/11/2009","50.40","50.10","50.90","49.60","4.27M","1.00%"
"06/10/2009","49.90","49.50","50.40","49.25","3.00M","1.84%"
"06/09/2009","49.00","48.85","49.50","48.70","2.43M","1.45%"
"06/08/2009","48.30","49.80","49.85","48.10","3.11M","-2.33%"
"06/05/2009","49.45","50.00","50.20","48.60","5.56M","-1.49%"
"06/04/2009","50.20","50.80","51.40","49.75","4.00M","-1.38%"
"06/03/2009","50.90","52.70","52.70","50.80","4.87M","-2.49%"
"06/02/2009","52.20","52.00","52.50","51.00","4.32M","1.36%"
"05/29/2009","51.50","50.20","51.50","50.20","5.99M","3.52%"
"05/28/2009","49.75","49.40","50.10","49.15","2.48M","-1.09%"
"05/27/2009","50.30","51.10","51.90","49.65","3.35M","-1.57%"
"05/26/2009","51.10","50.70","51.80","49.65","4.01M","-0.97%"
"05/25/2009","51.60","52.30","52.30","51.10","3.05M","-1.34%"
"05/22/2009","52.30","51.10","52.40","50.70","3.76M","0.58%"
"05/20/2009","52.00","50.30","52.30","50.10","5.04M","3.79%"
"05/19/2009","50.10","49.00","50.80","48.70","4.86M","3.51%"
"05/18/2009","48.40","47.95","48.45","47.50","2.93M","0.21%"
"05/15/2009","48.30","48.55","49.05","47.65","3.39M","0.21%"
"05/14/2009","48.20","46.80","48.45","46.75","2.78M","2.01%"
"05/13/2009","47.25","48.10","48.25","46.55","3.55M","-0.63%"
"05/12/2009","47.55","47.85","48.90","47.30","2.80M","-1.55%"
"05/11/2009","48.30","48.80","49.00","47.80","3.85M","-1.63%"
"05/08/2009","49.10","48.15","49.10","48.15","4.25M","3.15%"
"05/07/2009","47.60","49.50","50.70","47.60","11.03M","-1.65%"
"05/06/2009","48.40","47.40","50.10","47.30","11.14M","-3.59%"
"05/05/2009","50.20","51.40","51.90","49.70","6.29M","-2.33%"
"05/04/2009","51.40","48.20","51.40","48.00","6.22M","7.64%"
"04/30/2009","47.75","47.45","48.15","47.00","5.68M","1.60%"
"04/29/2009","47.00","45.75","47.00","45.75","5.50M","2.51%"
"04/28/2009","45.85","46.30","46.40","45.45","2.43M","-1.29%"
"04/27/2009","46.45","46.50","46.65","45.75","2.44M","-0.54%"
"04/24/2009","46.70","47.25","47.40","46.05","2.62M","-3.81%"
"04/23/2009","48.55","47.75","49.15","47.75","2.46M","0.21%"
"04/22/2009","48.45","48.40","48.70","46.95","3.20M","1.04%"
"04/21/2009","47.95","46.45","48.05","46.30","2.52M","2.35%"
"04/20/2009","46.85","48.50","48.65","46.60","3.48M","-3.30%"
"04/17/2009","48.45","47.00","48.45","47.00","4.67M","2.76%"
"04/16/2009","47.15","46.40","47.25","46.05","4.66M","2.50%"
"04/15/2009","46.00","44.80","46.35","44.60","3.88M","1.55%"
"04/14/2009","45.30","45.55","45.55","43.70","5.40M","3.90%"
"04/08/2009","43.60","45.00","45.10","43.60","2.21M","-3.33%"
"04/07/2009","45.10","46.70","47.10","45.10","2.87M","-2.91%"
"04/06/2009","46.45","47.70","48.30","46.35","2.78M","-0.54%"
"04/03/2009","46.70","48.70","49.10","46.55","3.81M","-4.69%"
"04/02/2009","49.00","46.90","49.00","46.70","2.86M","3.05%"
"04/01/2009","47.55","46.30","47.90","45.70","4.03M","2.92%"
"03/31/2009","46.20","44.60","46.90","44.60","4.97M","4.88%"
"03/30/2009","44.05","45.90","46.25","44.05","3.02M","-4.86%"
"03/27/2009","46.30","47.40","48.15","46.30","3.13M","-3.74%"
"03/26/2009","48.10","46.85","48.30","46.50","4.63M","3.89%"
"03/25/2009","46.30","46.25","46.70","45.75","3.04M","0.11%"
"03/24/2009","46.25","47.00","47.00","45.45","3.32M","0.00%"
"03/23/2009","46.25","45.60","46.35","45.30","2.72M","2.78%"
"03/20/2009","45.00","44.35","45.50","44.05","2.64M","-0.33%"
"03/19/2009","45.15","44.15","45.15","44.00","3.13M","4.63%"
"03/18/2009","43.15","45.00","45.30","42.60","3.00M","-3.03%"
"03/17/2009","44.50","44.50","45.20","44.00","2.83M","0.23%"
"03/16/2009","44.40","45.35","45.60","44.00","2.05M","-0.22%"
"03/13/2009","44.50","45.00","45.50","44.35","2.79M","1.37%"
"03/12/2009","43.90","44.00","44.75","43.00","2.83M","-1.13%"
"03/11/2009","44.40","44.45","45.60","43.70","3.12M","0.34%"
"03/10/2009","44.25","41.80","44.40","40.90","4.43M","5.73%"
"03/09/2009","41.85","41.10","41.85","39.65","3.59M","3.33%"
"03/06/2009","40.50","39.90","41.60","39.65","3.86M","1.38%"
"03/05/2009","39.95","41.30","41.45","39.60","2.80M","-4.88%"
"03/04/2009","42.00","39.00","42.00","38.75","3.70M","8.95%"
"03/03/2009","38.55","40.30","40.55","38.40","3.81M","-4.58%"
"03/02/2009","40.40","41.35","41.35","39.65","3.65M","-4.27%"
"02/27/2009","42.20","42.60","42.75","41.50","2.66M","-2.09%"
"02/26/2009","43.10","42.20","43.10","41.55","2.53M","4.11%"
"02/25/2009","41.40","43.40","43.80","40.95","3.28M","-3.72%"
"02/24/2009","43.00","41.40","43.35","40.30","3.88M","3.37%"
"02/23/2009","41.60","43.10","43.70","41.30","2.70M","-2.46%"
"02/20/2009","42.65","44.65","45.25","42.60","3.80M","-6.88%"
"02/19/2009","45.80","44.50","45.80","43.60","4.95M","2.58%"
"02/18/2009","44.65","45.00","45.10","43.30","4.85M","-1.87%"
"02/17/2009","45.50","48.25","48.25","45.50","3.11M","-5.60%"
"02/16/2009","48.20","48.00","48.60","47.50","1.51M","0.42%"
"02/13/2009","48.00","48.75","48.85","46.80","3.70M","0.31%"
"02/12/2009","47.85","48.85","49.30","47.40","3.26M","-2.64%"
"02/11/2009","49.15","47.60","49.35","47.55","2.57M","1.76%"
"02/10/2009","48.30","49.20","49.95","48.30","4.71M","-2.42%"
"02/09/2009","49.50","47.65","49.50","47.45","3.42M","3.13%"
"02/06/2009","48.00","48.10","48.45","47.30","3.20M","0.31%"
"02/05/2009","47.85","46.80","48.65","46.50","3.73M","1.48%"
"02/04/2009","47.15","46.35","47.70","45.55","3.44M","2.28%"
"02/03/2009","46.10","44.40","46.10","43.90","3.27M","4.54%"
"02/02/2009","44.10","45.75","45.80","44.05","3.39M","-4.65%"
"01/30/2009","46.25","46.60","47.40","45.70","3.86M","-1.28%"
"01/29/2009","46.85","47.10","47.60","46.35","2.93M","-1.37%"
"01/28/2009","47.50","47.10","48.00","46.75","3.07M","2.04%"
"01/27/2009","46.55","47.00","47.25","46.05","3.20M","-0.21%"
"01/26/2009","46.65","45.10","47.00","44.65","3.39M","2.30%"
"01/23/2009","45.60","44.95","45.65","42.90","3.46M","1.90%"
"01/22/2009","44.75","45.80","46.40","44.40","2.31M","0.56%"
"01/21/2009","44.50","44.15","45.60","41.60","5.00M","-1.11%"
"01/20/2009","45.00","45.10","45.45","43.95","2.45M","0.56%"
"01/19/2009","44.75","47.00","47.30","44.50","2.99M","-2.72%"
"01/16/2009","46.00","44.70","46.00","44.60","4.25M","5.02%"
"01/15/2009","43.80","44.00","44.40","42.20","4.95M","1.04%"
"01/14/2009","43.35","46.70","46.85","42.65","3.58M","-4.83%"
"01/13/2009","45.55","44.90","46.00","44.15","3.26M","0.89%"
"01/12/2009","45.15","47.25","47.35","45.15","3.97M","-5.15%"
"01/09/2009","47.60","46.70","47.75","45.75","4.04M","3.03%"
"01/08/2009","46.20","45.80","47.00","44.90","4.89M","-0.96%"
"01/07/2009","46.65","49.65","49.85","46.50","4.07M","-6.61%"
"01/06/2009","49.95","48.20","51.00","48.05","5.36M","2.36%"
"01/05/2009","48.80","50.00","50.40","46.65","4.21M","-1.01%"
"01/02/2009","49.30","45.65","49.30","45.65","2.66M","8.47%"